hospital_id,hospital_name,city,state,hospital_type,ownership,emergency_services,hospital_rating
154035,4C HEALTH,LOGANSPORT,IN,Psychiatric,Voluntary non-profit - Private,No,Not Available
05015F,60th Medical Group (Travis AFB),Travis AFB,CA,Acute Care - Department of Defense,Department of Defense,Yes,Not Available
02013F,673rd Medical Group (Joint Base Elmendorf-Richardson),JBER,AK,Acute Care - Department of Defense,Department of Defense,Yes,Not Available
25039F,81st Medical Group (Keesler AFB),Biloxi,MS,Acute Care - Department of Defense,Department of Defense,Yes,Not Available
36006F,88th Medical Group (Wright-Patterson AFB),Wright-Patterson AFB,OH,Acute Care - Department of Defense,Department of Defense,Yes,Not Available
10021F,96th Medical Group (Eglin AFB),Eglin AFB,FL,Acute Care - Department of Defense,Department of Defense,Yes,Not Available
29001F,99th Medical Group (Nellis AFB),Nellis AFB,NV,Acute Care - Department of Defense,Department of Defense,Yes,Not Available
421301,ABBEVILLE AREA MEDICAL CENTER,ABBEVILLE,SC,Critical Access Hospitals,Voluntary non-profit - Other,Yes,Not Available
190034,ABBEVILLE GENERAL HOSPITAL,ABBEVILLE,LA,Acute Care Hospitals,Government - Hospital District or Authority,Yes,3
240057,ABBOTT NORTHWESTERN HOSPITAL,MINNEAPOLIS,MN,Acute Care Hospitals,Voluntary non-profit - Private,Yes,4
141322,ABRAHAM LINCOLN MEMORIAL HOSPITAL,LINCOLN,IL,Critical Access Hospitals,Voluntary non-profit - Private,Yes,4
030094,ABRAZO ARROWHEAD HOSPITAL,GLENDALE,AZ,Acute Care Hospitals,Proprietary,Yes,2
030030,ABRAZO CENTRAL CAMPUS,PHOENIX,AZ,Acute Care Hospitals,Physician,Yes,2
030083,ABRAZO SCOTTSDALE CAMPUS,PHOENIX,AZ,Acute Care Hospitals,Proprietary,Yes,3
030110,ABRAZO WEST CAMPUS,GOODYEAR,AZ,Acute Care Hospitals,Proprietary,Yes,2
191322,ABROM KAPLAN MEMORIAL HOSPITAL,KAPLAN,LA,Critical Access Hospitals,Voluntary non-profit - Private,Yes,Not Available
190044,ACADIA GENERAL HOSPITAL,CROWLEY,LA,Acute Care Hospitals,Voluntary non-profit - Private,Yes,3
191319,ACADIA ST LANDRY,CHURCH POINT,LA,Critical Access Hospitals,Government - Hospital District or Authority,Yes,Not Available
190318,ACADIAN MEDICAL CENTER,EUNICE,LA,Acute Care Hospitals,Proprietary,Yes,3
364050,"ACCESS HOSPITAL DAYTON, LLC",DAYTON,OH,Psychiatric,Voluntary non-profit - Private,No,Not Available
390163,ACMH HOSPITAL,KITTANNING,PA,Acute Care Hospitals,Voluntary non-profit - Private,Yes,3
670102,"AD HOSPITAL EAST, LLC",HOUSTON,TX,Acute Care Hospitals,Proprietary,Yes,Not Available
174022,ADAIR ACUTE CARE AT OSAWATOMIE STATE HOSPITAL,OSAWATOMIE,KS,Psychiatric,Government - State,No,Not Available
161310,ADAIR COUNTY MEMORIAL HOSPITAL,GREENFIELD,IA,Critical Access Hospitals,Government - Local,Yes,Not Available
361326,ADAMS COUNTY REGIONAL MEDICAL CENTER,SEAMAN,OH,Critical Access Hospitals,Government - Local,Yes,3
151330,ADAMS MEMORIAL HOSPITAL,DECATUR,IN,Critical Access Hospitals,Government - Local,Yes,Not Available
220062,ADCARE HOSPITAL OF WORCESTER INC,WORCESTER,MA,Acute Care Hospitals,Proprietary,No,Not Available
361331,ADENA FAYETTE MEDICAL CENTER,WASHINGTON CH,OH,Critical Access Hospitals,Government - Local,Yes,3
361334,ADENA PIKE MEDICAL CENTER,WAVERLY,OH,Critical Access Hospitals,Voluntary non-profit - Private,Yes,Not Available
360159,ADENA REGIONAL MEDICAL CENTER,CHILLICOTHE,OH,Acute Care Hospitals,Voluntary non-profit - Private,Yes,3
330079,ADIRONDACK MEDICAL CENTER - SARANAC LAKE,SARANAC LAKE,NY,Acute Care Hospitals,Voluntary non-profit - Other,Yes,4
670321,ADVANCED DALLAS HOSPITALS AND CLINICS,DALLAS,TX,Acute Care Hospitals,Proprietary,Yes,Not Available
390323,ADVANCED SURGICAL HOSPITAL,WASHINGTON,PA,Acute Care Hospitals,Physician,No,Not Available
341322,ADVENT HEALTH POLK,COLUMBUS,NC,Critical Access Hospitals,Voluntary non-profit - Private,Yes,4
060103,ADVENTHEALTH AVISTA,LOUISVILLE,CO,Acute Care Hospitals,Voluntary non-profit - Church,No,4
060125,ADVENTHEALTH CASTLE ROCK,CASTLE ROCK,CO,Acute Care Hospitals,Voluntary non-profit - Private,Yes,5
450152,ADVENTHEALTH CENTRAL TEXAS,KILLEEN,TX,Acute Care Hospitals,Voluntary non-profit - Church,Yes,3
100211,ADVENTHEALTH DADE CITY,DADE CITY,FL,Acute Care Hospitals,Proprietary,No,4
100068,ADVENTHEALTH DAYTONA BEACH,DAYTONA BEACH,FL,Acute Care Hospitals,Voluntary non-profit - Church,Yes,5
100045,ADVENTHEALTH DELAND,DELAND,FL,Acute Care Hospitals,Voluntary non-profit - Church,Yes,4
100072,ADVENTHEALTH FISH MEMORIAL,ORANGE CITY,FL,Acute Care Hospitals,Voluntary non-profit - Church,Yes,5
110023,ADVENTHEALTH GORDON,CALHOUN,GA,Acute Care Hospitals,Voluntary non-profit - Church,No,3
100137,ADVENTHEALTH HEART OF FLORIDA,DAVENPORT,FL,Acute Care Hospitals,Proprietary,Yes,3
340023,ADVENTHEALTH HENDERSONVILLE,HENDERSONVILLE,NC,Acute Care Hospitals,Voluntary non-profit - Private,Yes,5
100099,ADVENTHEALTH LAKE WALES,LAKE WALES,FL,Acute Care Hospitals,Proprietary,Yes,2
110050,ADVENTHEALTH MURRAY,CHATSWORTH,GA,Acute Care Hospitals,Voluntary non-profit - Private,No,5
100014,ADVENTHEALTH NEW SMYRNA BEACH,NEW SMYRNA BEACH,FL,Acute Care Hospitals,Voluntary non-profit - Church,Yes,4
100055,ADVENTHEALTH NORTH PINELLAS,TARPON SPRINGS,FL,Acute Care Hospitals,Voluntary non-profit - Other,Yes,4
100062,ADVENTHEALTH OCALA,OCALA,FL,Acute Care Hospitals,Government - Hospital District or Authority,Yes,4
100007,ADVENTHEALTH ORLANDO,ORLANDO,FL,Acute Care Hospitals,Voluntary non-profit - Private,Yes,3
170014,ADVENTHEALTH OTTAWA,OTTAWA,KS,Acute Care Hospitals,Government - Local,No,3
100363,ADVENTHEALTH PALM COAST PARKWAY,PALM COAST,FL,Acute Care Hospitals,Voluntary non-profit - Private,Yes,4
110168,ADVENTHEALTH REDMOND,ROME,GA,Acute Care Hospitals,Proprietary,No,4
100364,ADVENTHEALTH RIVERVIEW,RIVERVIEW,FL,Acute Care Hospitals,Voluntary non-profit - Private,Yes,Not Available
451323,ADVENTHEALTH ROLLINS BROOK,LAMPASAS,TX,Critical Access Hospitals,Voluntary non-profit - Church,Yes,4
100109,ADVENTHEALTH SEBRING,SEBRING,FL,Acute Care Hospitals,Voluntary non-profit - Private,Yes,3
170104,ADVENTHEALTH SHAWNEE MISSION,SHAWNEE MISSION,KS,Acute Care Hospitals,Voluntary non-profit - Private,Yes,3
170208,"ADVENTHEALTH SOUTH OVERLAND PARK, INC",OVERLAND PARK,KS,Acute Care Hospitals,Voluntary non-profit - Private,Yes,4
100173,ADVENTHEALTH TAMPA,TAMPA,FL,Acute Care Hospitals,Voluntary non-profit - Private,Yes,3
100057,ADVENTHEALTH WATERMAN,TAVARES,FL,Acute Care Hospitals,Voluntary non-profit - Church,No,4
101300,ADVENTHEALTH WAUCHULA,WAUCHULA,FL,Critical Access Hospitals,Voluntary non-profit - Private,Yes,Not Available
100319,ADVENTHEALTH WESLEY CHAPEL,WESLEY CHAPEL,FL,Acute Care Hospitals,Voluntary non-profit - Private,Yes,5
050133,ADVENTIST HEALTH AND RIDEOUT,MARYSVILLE,CA,Acute Care Hospitals,Government - Federal,Yes,2
050455,ADVENTIST HEALTH BAKERSFIELD,BAKERSFIELD,CA,Acute Care Hospitals,Voluntary non-profit - Private,Yes,2
120006,ADVENTIST HEALTH CASTLE,KAILUA,HI,Acute Care Hospitals,Voluntary non-profit - Church,Yes,4
051317,ADVENTIST HEALTH CLEARLAKE,CLEARLAKE,CA,Critical Access Hospitals,Voluntary non-profit - Private,Yes,2
050608,ADVENTIST HEALTH DELANO,DELANO,CA,Acute Care Hospitals,Proprietary,Yes,2
050121,ADVENTIST HEALTH HANFORD,HANFORD,CA,Acute Care Hospitals,Voluntary non-profit - Church,Yes,3
051310,ADVENTIST HEALTH HOWARD MEMORIAL,WILLITS,CA,Critical Access Hospitals,Voluntary non-profit - Private,No,5
050336,ADVENTIST HEALTH LODI MEMORIAL,LODI,CA,Acute Care Hospitals,Voluntary non-profit - Other,Yes,3
051325,ADVENTIST HEALTH MENDOCINO COAST,FORT BRAGG,CA,Critical Access Hospitals,Voluntary non-profit - Private,Yes,3
380060,ADVENTIST HEALTH PORTLAND,PORTLAND,OR,Acute Care Hospitals,Voluntary non-profit - Church,Yes,4
050192,ADVENTIST HEALTH REEDLEY,REEDLEY,CA,Acute Care Hospitals,Voluntary non-profit - Private,No,Not Available
050506,ADVENTIST HEALTH SIERRA VISTA,SAN LUIS OBISPO,CA,Acute Care Hospitals,Proprietary,Yes,3
050236,ADVENTIST HEALTH SIMI VALLEY,SIMI VALLEY,CA,Acute Care Hospitals,Voluntary non-profit - Private,Yes,2
050335,ADVENTIST HEALTH SONORA,SONORA,CA,Acute Care Hospitals,Voluntary non-profit - Church,No,3
050013,ADVENTIST HEALTH ST HELENA,SAINT HELENA,CA,Acute Care Hospitals,Voluntary non-profit - Private,Yes,4
051301,ADVENTIST HEALTH TEHACHAPI VALLEY,TEHACHAPI,CA,Critical Access Hospitals,Voluntary non-profit - Private,Yes,3
381317,ADVENTIST HEALTH TILLAMOOK,TILLAMOOK,OR,Critical Access Hospitals,Voluntary non-profit - Church,Yes,4
050784,ADVENTIST HEALTH TULARE,TULARE,CA,Acute Care Hospitals,Voluntary non-profit - Private,Yes,3
050633,ADVENTIST HEALTH TWIN CITIES,TEMPLETON,CA,Acute Care Hospitals,Proprietary,Yes,2
050301,ADVENTIST HEALTH UKIAH VALLEY,UKIAH,CA,Acute Care Hospitals,Voluntary non-profit - Private,Yes,4
054074,ADVENTIST HEALTH VALLEJO,VALLEJO,CA,Psychiatric,Voluntary non-profit - Private,No,Not Available
050103,ADVENTIST HEALTH WHITE MEMORIAL,LOS ANGELES,CA,Acute Care Hospitals,Voluntary non-profit - Church,No,3
050350,ADVENTIST HEALTH WHITE MEMORIAL MONTEBELLO,MONTEBELLO,CA,Acute Care Hospitals,Voluntary non-profit - Private,Yes,3
210060,ADVENTIST HEALTHCARE FORT WASHINGTON MEDICAL CTR,FORT WASHINGTON,MD,Acute Care Hospitals,Voluntary non-profit - Other,Yes,4
210057,ADVENTIST HEALTHCARE SHADY GROVE MEDICAL CENTER,ROCKVILLE,MD,Acute Care Hospitals,Voluntary non-profit - Private,Yes,2
210016,ADVENTIST HEALTHCARE WHITE OAK MEDICAL CENTER,SILVER SPRING,MD,Acute Care Hospitals,Voluntary non-profit - Private,Yes,3
140208,ADVOCATE CHRIST HOSPITAL & MEDICAL CENTER,OAK LAWN,IL,Acute Care Hospitals,Voluntary non-profit - Church,Yes,3
140202,ADVOCATE CONDELL MEDICAL CENTER,LIBERTYVILLE,IL,Acute Care Hospitals,Voluntary non-profit - Private,Yes,4
140288,ADVOCATE GOOD SAMARITAN HOSPITAL,DOWNERS GROVE,IL,Acute Care Hospitals,Voluntary non-profit - Private,Yes,4
140291,ADVOCATE GOOD SHEPHERD HOSPITAL,BARRINGTON,IL,Acute Care Hospitals,Voluntary non-profit - Private,Yes,5
140182,ADVOCATE ILLINOIS MASONIC MEDICAL CENTER,CHICAGO,IL,Acute Care Hospitals,Voluntary non-profit - Private,Yes,3
140223,ADVOCATE LUTHERAN GENERAL HOSPITAL,PARK RIDGE,IL,Acute Care Hospitals,Voluntary non-profit - Church,Yes,4
140030,ADVOCATE SHERMAN HOSPITAL,ELGIN,IL,Acute Care Hospitals,Voluntary non-profit - Private,Yes,4
140048,ADVOCATE TRINITY HOSPITAL,CHICAGO,IL,Acute Care Hospitals,Voluntary non-profit - Church,Yes,2
144009,"AERIES HEALTHCARE OF ILLINOIS, INC., DBA RIVEREDGE HOSPITAL",FOREST PARK,IL,Psychiatric,Proprietary,No,Not Available
440185,AFFILIATE OF VITRUVIAN HEALTH,CLEVELAND,TN,Acute Care Hospitals,Proprietary,Yes,2
034041,AGAVE RIDGE BEHAVIORAL HOSPITAL,MESA,AZ,Psychiatric,Proprietary,No,Not Available
050226,AHMC ANAHEIM REGIONAL MEDICAL CENTER,ANAHEIM,CA,Acute Care Hospitals,Voluntary non-profit - Private,Yes,4
050289,AHMC SETON MEDICAL CENTER,DALY CITY,CA,Acute Care Hospitals,Voluntary non-profit - Church,Yes,1
390333,"AHN EMERUS WESTMORELAND, LLC",GREENSBURG,PA,Acute Care Hospitals,Proprietary,Yes,Not Available
390334,AHN WEXFORD HOSPITAL,WEXFORD,PA,Acute Care Hospitals,Voluntary non-profit - Private,Yes,5
310115,AHS HOSPITAL CORP,HACKETTSTOWN,NJ,Acute Care Hospitals,Voluntary non-profit - Private,Yes,4
420082,AIKEN REGIONAL MEDICAL CENTER,AIKEN,SC,Acute Care Hospitals,Proprietary,Yes,2
363303,AKRON CHILDREN'S HOSPITAL,AKRON,OH,Childrens,Voluntary non-profit - Private,No,Not Available
360027,AKRON GENERAL MEDICAL CENTER,AKRON,OH,Acute Care Hospitals,Voluntary non-profit - Private,Yes,5
340070,ALAMANCE REGIONAL MEDICAL CENTER,BURLINGTON,NC,Acute Care Hospitals,Voluntary non-profit - Private,Yes,3
050211,ALAMEDA HOSPITAL,ALAMEDA,CA,Acute Care Hospitals,Government - Hospital District or Authority,Yes,4
020026,ALASKA NATIVE MEDICAL CENTER,ANCHORAGE,AK,Acute Care Hospitals,Government - Federal,Yes,2
024002,ALASKA PSYCHIATRIC INSTITUTE,ANCHORAGE,AK,Psychiatric,Government - State,No,Not Available
020017,ALASKA REGIONAL HOSPITAL,ANCHORAGE,AK,Acute Care Hospitals,Proprietary,Yes,1
330013,ALBANY MEDICAL CENTER HOSPITAL,ALBANY,NY,Acute Care Hospitals,Voluntary non-profit - Private,Yes,1
33009F,ALBANY VA MEDICAL CENTER,ALBANY,NY,Acute Care - Veterans Administration,Veterans Health Administration,Yes,2
074015,ALBERT J SOLNIT CHILDREN'S CENTER - SOUTH CAMPUS,MIDDLETOWN,CT,Psychiatric,Government - State,No,Not Available
190319,ALEXANDRIA HOSPITAL,ALEXANDRIA,LA,Acute Care Hospitals,Proprietary,Yes,Not Available
19043F,ALEXANDRIA VA MEDICAL CENTER,PINEVILLE,LA,Acute Care - Veterans Administration,Veterans Health Administration,No,Not Available
144031,ALEXIAN BROTHERS BEHAVIORAL HLTH HOSP,HOFFMAN ESTATES,IL,Psychiatric,Voluntary non-profit - Church,No,Not Available
140258,ALEXIAN BROTHERS MEDICAL CENTER 1,ELK GROVE VILLAGE,IL,Acute Care Hospitals,Voluntary non-profit - Private,Yes,3
050281,ALHAMBRA HOSPITAL MEDICAL CENTER,ALHAMBRA,CA,Acute Care Hospitals,Proprietary,No,4
301305,ALICE PECK DAY MEMORIAL HOSPITAL,LEBANON,NH,Critical Access Hospitals,Voluntary non-profit - Private,Yes,4
054158,"ALISO RIDGE BEHAVIORAL HEALTH, LLC",ALISO VIEJO,CA,Psychiatric,Proprietary,No,Not Available
341320,ALLEGHANY  MEMORIAL HOSPITAL,SPARTA,NC,Critical Access Hospitals,Voluntary non-profit - Private,Yes,Not Available
390050,ALLEGHENY GENERAL HOSPITAL,PITTSBURGH,PA,Acute Care Hospitals,Voluntary non-profit - Private,Yes,3
390032,ALLEGHENY VALLEY HOSPITAL,NATRONA,PA,Acute Care Hospitals,Voluntary non-profit - Private,Yes,4
454101,ALLEGIANCE BEHAVIORAL HEALTH CENTER OF PLAINVIEW,PLAINVIEW,TX,Psychiatric,Proprietary,No,Not Available
252013,ALLEGIANCE SPECIALTY HOSPITAL OF GREENVILLE,GREENVILLE,MS,Long-term,Proprietary,No,Not Available
171373,ALLEN COUNTY REGIONAL HOSPITAL,IOLA,KS,Critical Access Hospitals,Government - Local,Yes,4
160110,ALLEN HOSPITAL,WATERLOO,IA,Acute Care Hospitals,Voluntary non-profit - Private,Yes,3
190133,ALLEN PARISH HOSPITAL,KINDER,LA,Acute Care Hospitals,Government - Hospital District or Authority,Yes,Not Available
421300,ALLENDALE COUNTY HOSPITAL,FAIRFAX,SC,Critical Access Hospitals,Government - Local,Yes,Not Available
360131,ALLIANCE COMMUNITY HOSPITAL,ALLIANCE,OH,Acute Care Hospitals,Voluntary non-profit - Private,Yes,4
250151,ALLIANCE HEALTH CENTER,MERIDIAN,MS,Acute Care Hospitals,Proprietary,No,Not Available
250174,"ALLIANCE HEALTHCARE SYSTEM, INC",HOLLY SPRINGS,MS,Acute Care Hospitals,Proprietary,No,Not Available
370014,ALLIANCEHEALTH DURANT,DURANT,OK,Acute Care Hospitals,Proprietary,Yes,1
371326,ALLIANCEHEALTH MADILL,MADILL,OK,Critical Access Hospitals,Voluntary non-profit - Other,Yes,Not Available
370002,ALLIANCEHEALTH WOODWARD,WOODWARD,OK,Acute Care Hospitals,Proprietary,Yes,3
240071,ALLINA HEALTH FARIBAULT MEDICAL CENTER,FARIBAULT,MN,Acute Care Hospitals,Voluntary non-profit - Private,Yes,3
240038,ALLINA UNITED HOSPITAL,SAINT PAUL,MN,Acute Care Hospitals,Voluntary non-profit - Private,Yes,3
240030,ALOMERE HEALTH,ALEXANDRIA,MN,Acute Care Hospitals,Government - Local,Yes,4
050043,ALTA BATES SUMMIT MEDICAL CENTER,OAKLAND,CA,Acute Care Hospitals,Voluntary non-profit - Private,Yes,5
050305,ALTA BATES SUMMIT MEDICAL CENTER - ALTA BATES CAMP,BERKELEY,CA,Acute Care Hospitals,Voluntary non-profit - Private,Yes,4
321312,ALTA VISTA REGIONAL HOSPITAL,LAS VEGAS,NM,Critical Access Hospitals,Proprietary,Yes,Not Available
140002,ALTON MEMORIAL HOSPITAL,ALTON,IL,Acute Care Hospitals,Voluntary non-profit - Private,Yes,4
144016,ALTON MENTAL HEALTH CENTER,ALTON,IL,Psychiatric,Government - State,No,Not Available
350019,ALTRU HOSPITAL,GRAND FORKS,ND,Acute Care Hospitals,Government - Local,Yes,3
670135,"ALTUS HOUSTON HOSPITAL, LP",HOUSTON,TX,Acute Care Hospitals,Proprietary,Yes,Not Available
670134,ALTUS LUMBERTON HOSPITAL,LUMBERTON,TX,Acute Care Hospitals,Proprietary,Yes,Not Available
054075,ALVARADO PARKWAY INSTITUTE BEHAVIORAL HEALTH SYSTE,LA MESA,CA,Psychiatric,Voluntary non-profit - Private,No,Not Available
171382,AMBERWELL ATCHISON ASSOCIATION,ATCHISON,KS,Critical Access Hospitals,Voluntary non-profit - Private,Yes,Not Available
460023,AMERICAN FORK HOSPITAL,AMERICAN FORK,UT,Acute Care Hospitals,Voluntary non-profit - Private,Yes,4
521308,AMERY HOSPITAL & CLINIC,AMERY,WI,Critical Access Hospitals,Voluntary non-profit - Private,Yes,2
140117,AMITA HEALTH RESURRECTION MEDICAL CENTER,CHICAGO,IL,Acute Care Hospitals,Voluntary non-profit - Church,Yes,3
050854,"ANAHEIM COMMUNITY HOSPITAL, LLC",ANAHEIM,CA,Acute Care Hospitals,Proprietary,No,Not Available
050744,ANAHEIM GLOBAL MEDICAL CENTER,ANAHEIM,CA,Acute Care Hospitals,Proprietary,No,2
314005,ANCORA PSYCH HOSP,HAMMONTON,NJ,Psychiatric,Voluntary non-profit - Other,No,Not Available
010036,ANDALUSIA HEALTH,ANDALUSIA,AL,Acute Care Hospitals,Proprietary,Yes,2
171316,ANDERSON COUNTY HOSPITAL,GARNETT,KS,Critical Access Hospitals,Voluntary non-profit - Private,Yes,Not Available
140289,ANDERSON HOSPITAL,MARYVILLE,IL,Acute Care Hospitals,Voluntary non-profit - Private,Yes,3
250104,ANDERSON REGIONAL MEDICAL CENTER,MERIDIAN,MS,Acute Care Hospitals,Voluntary non-profit - Private,Yes,2
250081,ANDERSON REGIONAL MEDICAL CENTER SOUTH CAMPUS,MERIDIAN,MS,Acute Care Hospitals,Proprietary,Yes,Not Available
144021,ANDREW MCFARLAND MENTAL HLTH CTR,SPRINGFIELD,IL,Psychiatric,Government - State,No,Not Available
301310,ANDROSCOGGIN VALLEY HOSPITAL,BERLIN,NH,Critical Access Hospitals,Voluntary non-profit - Private,Yes,2
341326,ANGEL MEDICAL CENTER,FRANKLIN,NC,Critical Access Hospitals,Voluntary non-profit - Private,Yes,2
060117,"ANIMAS SURGICAL HOSPITAL, LLC",DURANGO,CO,Acute Care Hospitals,Physician,Yes,Not Available
420027,ANMED HEALTH,ANDERSON,SC,Acute Care Hospitals,Voluntary non-profit - Private,Yes,4
143300,ANN & ROBERT H LURIE CHILDRENS HOSPITAL OF CHICAGO,CHICAGO,IL,Childrens,Voluntary non-profit - Private,Yes,Not Available
220029,ANNA JAQUES HOSPITAL,NEWBURYPORT,MA,Acute Care Hospitals,Voluntary non-profit - Private,Yes,3
281314,ANNIE JEFFREY MEMORIAL COUNTY HEALTH CENTER,OSCEOLA,NE,Critical Access Hospitals,Government - Local,Yes,Not Available
244002,ANOKA METRO REGIONAL TREATMENT CENTER,ANOKA,MN,Psychiatric,Government - State,No,Not Available
670781,ANSON GENERAL HOSPITAL,ANSON,TX,Rural Emergency Hospital,Government - Hospital District or Authority,Yes,Not Available
281326,ANTELOPE MEMORIAL HOSPITAL,NELIGH,NE,Critical Access Hospitals,Voluntary non-profit - Private,Yes,Not Available
050056,ANTELOPE VALLEY HOSPITAL,LANCASTER,CA,Acute Care Hospitals,Government - Hospital District or Authority,Yes,1
194105,"APOLLO BEHAVIORAL HEALTH HOSPITAL, L L C",BATON ROUGE,LA,Psychiatric,Proprietary,No,Not Available
364015,APPALACHIAN BEHAVIORAL HEALTH CARE,ATHENS,OH,Psychiatric,Proprietary,No,Not Available
344034,APPALACHIAN REGIONAL BEHAVIORAL HEALTHCARE,LINVILLE,NC,Psychiatric,Voluntary non-profit - Private,No,Not Available
241341,APPLETON AREA HEALTH,APPLETON,MN,Critical Access Hospitals,Government - Local,Yes,Not Available
110071,APPLING HEALTHCARE,BAXLEY,GA,Acute Care Hospitals,Government - Hospital District or Authority,Yes,Not Available
501319,ARBOR HEALTH MORTON HOSPITAL,MORTON,WA,Critical Access Hospitals,Government - Hospital District or Authority,Yes,Not Available
224013,ARBOUR HOSPITAL,BOSTON,MA,Psychiatric,Proprietary,No,Not Available
224018,ARBOUR HUMAN RESOURCE INSTITUTE,BROOKLINE,MA,Psychiatric,Proprietary,No,Not Available
224021,ARBOUR-FULLER HOSPITAL,SOUTH ATTLEBORO,MA,Psychiatric,Proprietary,No,Not Available
371328,ARBUCKLE MEMORIAL HOSPITAL,SULPHUR,OK,Critical Access Hospitals,Government - Local,Yes,4
111332,ARCHBOLD BROOKS,QUITMAN,GA,Critical Access Hospitals,Government - Hospital District or Authority,Yes,Not Available
110038,ARCHBOLD MEMORIAL HOSPITAL,THOMASVILLE,GA,Acute Care Hospitals,Voluntary non-profit - Private,Yes,2
111331,ARCHBOLD MITCHELL,CAMILLA,GA,Critical Access Hospitals,Government - Hospital District or Authority,Yes,Not Available
181305,ARH OUR LADY OF THE WAY,MARTIN,KY,Critical Access Hospitals,Voluntary non-profit - Private,Yes,Not Available
030112,ARIZONA ORTHOPEDIC AND SURGICAL SPECIALTY HOSPITAL,PHOENIX,AZ,Acute Care Hospitals,Proprietary,No,Not Available
030107,ARIZONA SPINE AND JOINT HOSPITAL,MESA,AZ,Acute Care Hospitals,Physician,No,Not Available
034021,ARIZONA STATE HOSPITAL,PHOENIX,AZ,Psychiatric,Government - State,No,Not Available
043300,ARKANSAS CHILDREN'S HOSPITAL,LITTLE ROCK,AR,Childrens,Voluntary non-profit - Private,Yes,Not Available
043301,"ARKANSAS CHILDREN'S NORTHWEST, INC",SPRINGDALE,AR,Childrens,Voluntary non-profit - Private,Yes,Not Available
040134,"ARKANSAS HEART HOSPITAL, LLC",LITTLE ROCK,AR,Acute Care Hospitals,Proprietary,Yes,3
040161,ARKANSAS HEART HOSPITAL-ENCORE,BRYANT,AR,Acute Care Hospitals,Proprietary,Yes,2
040039,ARKANSAS METHODIST MEDICAL CENTER,PARAGOULD,AR,Acute Care Hospitals,Voluntary non-profit - Private,Yes,2
044011,ARKANSAS STATE HOSPITAL,LITTLE ROCK,AR,Psychiatric,Government - State,Yes,Not Available
040147,ARKANSAS SURGICAL HOSPITAL,NO LITTLE ROCK,AR,Acute Care Hospitals,Physician,Yes,Not Available
061336,ARKANSAS VALLEY REGIONAL MEDICAL CENTER,LAJUNA,CO,Critical Access Hospitals,Voluntary non-profit - Private,Yes,Not Available
330090,ARNOT OGDEN MEDICAL CENTER,ELMIRA,NY,Acute Care Hospitals,Voluntary non-profit - Private,Yes,2
364036,ARROWHEAD BEHAVIORAL HEALTH,MAUMEE,OH,Psychiatric,Proprietary,No,Not Available
050245,ARROWHEAD REGIONAL MEDICAL CENTER,COLTON,CA,Acute Care Hospitals,Government - Local,Yes,2
320030,ARTESIA GENERAL HOSPITAL,ARTESIA,NM,Acute Care Hospitals,Voluntary non-profit - Private,Yes,Not Available
380005,ASANTE ASHLAND COMMUNITY HOSPITAL,ASHLAND,OR,Acute Care Hospitals,Government - Local,Yes,Not Available
380018,ASANTE ROGUE REGIONAL MEDICAL CENTER,MEDFORD,OR,Acute Care Hospitals,Voluntary non-profit - Private,Yes,4
380002,ASANTE THREE RIVERS MEDICAL CENTER,GRANTS PASS,OR,Acute Care Hospitals,Voluntary non-profit - Other,Yes,3
670056,ASCENSION  SETON HAYS,KYLE,TX,Acute Care Hospitals,Voluntary non-profit - Private,Yes,3
520096,ASCENSION ALL SAINTS HOSPITAL,RACINE,WI,Acute Care Hospitals,Voluntary non-profit - Church,Yes,2
231328,ASCENSION BORGESS ALLEGAN HOSPITAL,ALLEGAN,MI,Critical Access Hospitals,Voluntary non-profit - Private,Yes,Not Available
231315,ASCENSION BORGESS LEE HOSPITAL,DOWAGIAC,MI,Critical Access Hospitals,Voluntary non-profit - Church,Yes,Not Available
521317,ASCENSION CALUMET HOSPITAL,CHILTON,WI,Critical Access Hospitals,Voluntary non-profit - Private,Yes,Not Available
520051,ASCENSION COLUMBIA ST MARYS HOSPITAL MILWAUKEE,MILWAUKEE,WI,Acute Care Hospitals,Voluntary non-profit - Church,Yes,3
230197,ASCENSION GENESYS HOSPITAL,GRAND BLANC,MI,Acute Care Hospitals,Voluntary non-profit - Church,Yes,3
520009,ASCENSION NE WISCONSIN - ST ELIZABETH CAMPUS,APPLETON,WI,Acute Care Hospitals,Voluntary non-profit - Private,Yes,4
450042,ASCENSION PROVIDENCE,WACO,TX,Acute Care Hospitals,Voluntary non-profit - Private,Yes,2
230019,"ASCENSION PROVIDENCE HOSPITAL, SOUTHFIELD AND NOVI",SOUTHFIELD,MI,Acute Care Hospitals,Voluntary non-profit - Church,Yes,4
230254,ASCENSION PROVIDENCE ROCHESTER HOSPITAL,ROCHESTER,MI,Acute Care Hospitals,Voluntary non-profit - Private,Yes,3
230241,ASCENSION RIVER DISTRICT HOSPITAL,EAST CHINA,MI,Acute Care Hospitals,Government - Hospital District or Authority,Yes,3
100026,ASCENSION SACRED HEART BAY,PANAMA CITY,FL,Acute Care Hospitals,Voluntary non-profit - Private,Yes,3
100313,ASCENSION SACRED HEART GULF,PORT SAINT JOE,FL,Acute Care Hospitals,Voluntary non-profit - Private,Yes,3
444030,ASCENSION SAINT THOMAS BEHAVIORAL HEALTH HOSPITAL,NASHVILLE,TN,Psychiatric,Proprietary,No,Not Available
440082,ASCENSION SAINT THOMAS HOSPITAL,NASHVILLE,TN,Acute Care Hospitals,Voluntary non-profit - Private,Yes,3
441303,ASCENSION SAINT THOMAS THREE RIVERS,WAVERLY,TN,Critical Access Hospitals,Voluntary non-profit - Private,Yes,Not Available
520136,ASCENSION SE WISCONSIN HOSPITAL,MILWAUKEE,WI,Acute Care Hospitals,Voluntary non-profit - Church,Yes,5
450865,ASCENSION SETON  SOUTHWEST,AUSTIN,TX,Acute Care Hospitals,Voluntary non-profit - Private,Yes,Not Available
670043,ASCENSION SETON CEDAR PARK,CEDAR PARK,TX,Acute Care Hospitals,Voluntary non-profit - Other,Yes,3
451371,ASCENSION SETON EDGAR B DAVIS,LULING,TX,Critical Access Hospitals,Voluntary non-profit - Private,Yes,Not Available
451365,ASCENSION SETON HIGHLAND LAKES,BURNET,TX,Critical Access Hospitals,Voluntary non-profit - Private,Yes,5
450056,ASCENSION SETON MEDICAL CENTER AUSTIN,AUSTIN,TX,Acute Care Hospitals,Voluntary non-profit - Private,Yes,3
450867,ASCENSION SETON NORTHWEST,AUSTIN,TX,Acute Care Hospitals,Voluntary non-profit - Private,Yes,4
670041,ASCENSION SETON WILLIAMSON,ROUND ROCK,TX,Acute Care Hospitals,Voluntary non-profit - Private,Yes,4
520078,ASCENSION ST FRANCIS HOSPITAL,MILWAUKEE,WI,Acute Care Hospitals,Voluntary non-profit - Private,Yes,3
370235,ASCENSION ST JOHN BROKEN ARROW,BROKEN ARROW,OK,Acute Care Hospitals,Voluntary non-profit - Private,Yes,4
370018,ASCENSION ST JOHN JANE PHILLIPS,BARTLESVILLE,OK,Acute Care Hospitals,Voluntary non-profit - Private,Yes,3
370114,ASCENSION ST JOHN MEDICAL CENTER,TULSA,OK,Acute Care Hospitals,Voluntary non-profit - Private,Yes,3
371305,ASCENSION ST JOHN NOWATA,NOWATA,OK,Critical Access Hospitals,Voluntary non-profit - Private,Yes,Not Available
371312,ASCENSION ST JOHN SAPULPA,SAPULPA,OK,Critical Access Hospitals,Voluntary non-profit - Private,Yes,Not Available
150088,ASCENSION ST VINCENT ANDERSON,ANDERSON,IN,Acute Care Hospitals,Voluntary non-profit - Private,Yes,2
150157,ASCENSION ST VINCENT CARMEL,CARMEL,IN,Acute Care Hospitals,Voluntary non-profit - Private,Yes,3
151309,ASCENSION ST VINCENT CLAY,BRAZIL,IN,Critical Access Hospitals,Voluntary non-profit - Private,Yes,Not Available
150100,ASCENSION ST VINCENT EVANSVILLE,EVANSVILLE,IN,Acute Care Hospitals,Voluntary non-profit - Private,Yes,4
150181,ASCENSION ST VINCENT FISHERS,FISHERS,IN,Acute Care Hospitals,Voluntary non-profit - Private,Yes,4
150084,ASCENSION ST VINCENT HOSPITAL,INDIANAPOLIS,IN,Acute Care Hospitals,Voluntary non-profit - Church,Yes,2
151303,ASCENSION ST VINCENT JENNINGS,NORTH VERNON,IN,Critical Access Hospitals,Voluntary non-profit - Church,Yes,Not Available
150010,ASCENSION ST VINCENT KOKOMO,KOKOMO,IN,Acute Care Hospitals,Voluntary non-profit - Church,Yes,4
151308,ASCENSION ST VINCENT MERCY,ELWOOD,IN,Critical Access Hospitals,Voluntary non-profit - Church,Yes,Not Available
151301,ASCENSION ST VINCENT RANDOLPH,WINCHESTER,IN,Critical Access Hospitals,Voluntary non-profit - Private,Yes,Not Available
151314,ASCENSION ST VINCENT SALEM,SALEM,IN,Critical Access Hospitals,Voluntary non-profit - Private,Yes,Not Available
151325,ASCENSION ST VINCENT WARRICK,BOONVILLE,IN,Critical Access Hospitals,Voluntary non-profit - Private,Yes,Not Available
151307,ASCENSION ST VINCENT WILLIAMSPORT,WILLIAMSPORT,IN,Critical Access Hospitals,Voluntary non-profit - Church,Yes,Not Available
100321,ASCENSION ST VINCENT'S CLAY COUNTY,MIDDLEBURG,FL,Acute Care Hospitals,Voluntary non-profit - Private,Yes,3
100040,ASCENSION ST VINCENT'S RIVERSIDE,JACKSONVILLE,FL,Acute Care Hospitals,Voluntary non-profit - Private,Yes,3
100307,ASCENSION ST VINCENT'S SOUTHSIDE,JACKSONVILLE,FL,Acute Care Hospitals,Voluntary non-profit - Private,Yes,4
100361,ASCENSION ST VINCENT'S ST JOHNS COUNTY,ST. JOHNS,FL,Acute Care Hospitals,Voluntary non-profit - Private,Yes,4
170142,"ASCENSION VIA CHRISTI HOSPITAL MANHATTAN, INC",MANHATTAN,KS,Acute Care Hospitals,Voluntary non-profit - Private,Yes,4
170122,"ASCENSION VIA CHRISTI HOSPITALS WICHITA, INC.",WICHITA,KS,Acute Care Hospitals,Voluntary non-profit - Private,Yes,2
520214,ASCENSION WISCONSIN HOSP MENOMONEE FALLS CAMPUS,MENOMONEE FALLS,WI,Acute Care Hospitals,Proprietary,Yes,Not Available
170194,ASCENTIST HOSPITAL LLC,LEAWOOD,KS,Acute Care Hospitals,Proprietary,No,Not Available
400127,ASEM,SAN JUAN,PR,Acute Care Hospitals,Government - State,Yes,Not Available
341325,ASHE MEMORIAL HOSPITAL,JEFFERSON,NC,Critical Access Hospitals,Voluntary non-profit - Private,Yes,3
34036F,ASHEVILLE-OTEEN VA MEDICAL CENTER,ASHEVILLE,NC,Acute Care - Veterans Administration,Veterans Health Administration,Yes,4
171304,ASHLAND HEALTH CENTER,ASHLAND,KS,Critical Access Hospitals,Voluntary non-profit - Other,Yes,Not Available
041323,ASHLEY COUNTY MEDICAL CENTER,CROSSETT,AR,Critical Access Hospitals,Voluntary non-profit - Private,Yes,4
351322,ASHLEY MEDICAL CENTER,ASHLEY,ND,Critical Access Hospitals,Voluntary non-profit - Private,Yes,Not Available
460030,ASHLEY REGIONAL MEDICAL CENTER,VERNAL,UT,Acute Care Hospitals,Proprietary,Yes,4
360125,ASHTABULA COUNTY MEDICAL CENTER,ASHTABULA,OH,Acute Care Hospitals,Voluntary non-profit - Private,Yes,3
400004,"ASOCIACION HOSPITAL DEL MAESTRO, INC",SAN JUAN,PR,Acute Care Hospitals,Voluntary non-profit - Private,Yes,Not Available
464014,ASPEN GROVE BEHAVIORAL HOSPITAL,OREM,UT,Psychiatric,Proprietary,No,Not Available
314023,ASPEN HILLS HEALTHCARE CENTER,PEMBERTON,NJ,Psychiatric,Proprietary,No,Not Available
061324,ASPEN VALLEY HOSPITAL,ASPEN,CO,Critical Access Hospitals,Government - Hospital District or Authority,Yes,Not Available
104067,ASPIRE HEALTH PARTNERS,ORLANDO,FL,Psychiatric,Voluntary non-profit - Private,No,Not Available
670093,ASPIRE HOSPITAL,CONROE,TX,Acute Care Hospitals,Physician,No,Not Available
520041,ASPIRUS DIVINE SAVIOR HOSPITAL,PORTAGE,WI,Acute Care Hospitals,Voluntary non-profit - Private,Yes,3
521300,ASPIRUS EAGLE RIVER HOSPITAL,EAGLE RIVER,WI,Critical Access Hospitals,Voluntary non-profit - Private,Yes,Not Available
231318,"ASPIRUS IRON RIVER HOSPITAL & CLINICS, INC",IRON RIVER,MI,Critical Access Hospitals,Voluntary non-profit - Other,Yes,Not Available
231333,ASPIRUS IRONWOOD HOSPITAL,IRONWOOD,MI,Critical Access Hospitals,Voluntary non-profit - Private,Yes,Not Available
231319,ASPIRUS KEWEENAW HOSPITAL AND CLINICS,LAURIUM,MI,Critical Access Hospitals,Voluntary non-profit - Private,Yes,Not Available
521324,"ASPIRUS MEDFORD HOSPITAL & CLINICS, INC",MEDFORD,WI,Critical Access Hospitals,Voluntary non-profit - Private,Yes,Not Available
521339,ASPIRUS MERRILL HOSPITAL,MERRILL,WI,Critical Access Hospitals,Voluntary non-profit - Church,Yes,Not Available
520019,ASPIRUS RHINELANDER HOSPITAL,RHINELANDER,WI,Acute Care Hospitals,Voluntary non-profit - Private,Yes,3
520033,ASPIRUS RIVERVIEW HOSPITAL & CLINICS INC,WISCONSIN RAPIDS,WI,Acute Care Hospitals,Voluntary non-profit - Private,Yes,3
521311,ASPIRUS STANLEY HOSPITAL,STANLEY,WI,Critical Access Hospitals,Voluntary non-profit - Private,Yes,Not Available
520002,"ASPIRUS STEVENS POINT HOSPITAL & CLINICS, INC.",STEVENS POINT,WI,Acute Care Hospitals,Voluntary non-profit - Church,Yes,4
521313,ASPIRUS TOMAHAWK HOSPITAL,TOMAHAWK,WI,Critical Access Hospitals,Voluntary non-profit - Private,Yes,Not Available
520030,ASPIRUS WAUSAU HOSPITAL,WAUSAU,WI,Acute Care Hospitals,Proprietary,Yes,4
190779,ASSUMPTION COMMUNITY HOSPITAL,NAPOLEONVILLE,LA,Rural Emergency Hospital,Voluntary non-profit - Private,Yes,Not Available
364056,ASSURANCE HEALTH CINCINNATI LLC,CINCINNATI,OH,Psychiatric,Voluntary non-profit - Private,Yes,Not Available
364059,ASSURANCE HEALTH HUDSON LLC,HUDSON,OH,Psychiatric,Proprietary,No,Not Available
154064,ASSURANCE HEALTH PSYCHIATRIC HOSPITAL,INDIANAPOLIS,IN,Psychiatric,Proprietary,No,Not Available
364066,ASSURANCE HEALTH TOLEDO LLC,SYLVANIA,OH,Psychiatric,Proprietary,No,Not Available
241354,ASTERA HEALTH,WADENA,MN,Critical Access Hospitals,Voluntary non-profit - Other,Yes,3
501330,ASTRIA SUNNYSIDE HOSPITAL,SUNNYSIDE,WA,Critical Access Hospitals,Voluntary non-profit - Other,Yes,2
500037,ASTRIA TOPPENISH HOSPITAL,TOPPENISH,WA,Acute Care Hospitals,Voluntary non-profit - Private,Yes,Not Available
010079,ATHENS LIMESTONE HOSPITAL,ATHENS,AL,Acute Care Hospitals,Government - Hospital District or Authority,Yes,2
221303,ATHOL MEMORIAL HOSPITAL,ATHOL,MA,Critical Access Hospitals,Voluntary non-profit - Private,Yes,2
113300,ATHUR M BLANK HOSPITAL,ATLANTA,GA,Childrens,Voluntary non-profit - Private,Yes,Not Available
210061,ATLANTIC GENERAL HOSPITAL,BERLIN,MD,Acute Care Hospitals,Voluntary non-profit - Private,Yes,3
310064,ATLANTICARE REGIONAL MEDICAL CENTER - CITY CAMPUS,ATLANTIC CITY,NJ,Acute Care Hospitals,Voluntary non-profit - Private,Yes,4
010169,ATMORE COMMUNITY HOSPITAL,ATMORE,AL,Acute Care Hospitals,Government - Hospital District or Authority,Yes,3
371300,ATOKA COUNTY MEDICAL CENTER,ATOKA,OK,Critical Access Hospitals,Government - Local,Yes,4
340084,ATRIUM HEALTH ANSON,WADESBORO,NC,Acute Care Hospitals,Government - Hospital District or Authority,Yes,Not Available
340021,ATRIUM HEALTH CLEVELAND,SHELBY,NC,Acute Care Hospitals,Government - Hospital District or Authority,Yes,3
110054,ATRIUM HEALTH FLOYD MEDICAL CENTER,ROME,GA,Acute Care Hospitals,Government - Hospital District or Authority,No,2
111330,ATRIUM HEALTH FLOYD POLK MEDICAL CENTER,CEDARTOWN,GA,Critical Access Hospitals,Voluntary non-profit - Private,Yes,Not Available
340145,ATRIUM HEALTH LINCOLN,LINCOLNTON,NC,Acute Care Hospitals,Government - Hospital District or Authority,Yes,3
111310,ATRIUM HEALTH NAVICENT PEACH,BYRON,GA,Critical Access Hospitals,Voluntary non-profit - Private,Yes,1
110107,ATRIUM HEALTH NAVICENT THE MEDICAL CENTER,MACON,GA,Acute Care Hospitals,Government - Hospital District or Authority,Yes,2
340098,ATRIUM HEALTH PINEVILLE,CHARLOTTE,NC,Acute Care Hospitals,Government - Hospital District or Authority,Yes,3
340130,ATRIUM HEALTH UNION,MONROE,NC,Acute Care Hospitals,Government - Hospital District or Authority,Yes,4
340166,ATRIUM HEALTH UNIVERSITY CITY,CHARLOTTE,NC,Acute Care Hospitals,Government - Hospital District or Authority,Yes,3
360076,ATRIUM MEDICAL CENTER,FRANKLIN,OH,Acute Care Hospitals,Voluntary non-profit - Private,Yes,4
452114,ATRIUM MEDICAL CENTER,STAFFORD,TX,Long-term,Physician,No,Not Available
330235,AUBURN  COMMUNITY  HOSPITAL,AUBURN,NY,Acute Care Hospitals,Voluntary non-profit - Private,Yes,2
161330,AUDUBON COUNTY MEMORIAL HOSPITAL,AUDUBON,IA,Critical Access Hospitals,Government - Local,Yes,Not Available
490018,AUGUSTA HEALTH,FISHERSVILLE,VA,Acute Care Hospitals,Voluntary non-profit - Private,Yes,4
11030F,AUGUSTA VA MEDICAL CENTER,AUGUSTA,GA,Acute Care - Veterans Administration,Veterans Health Administration,Yes,4
360084,AULTMAN HOSPITAL,CANTON,OH,Acute Care Hospitals,Voluntary non-profit - Other,Yes,4
361323,AULTMAN ORRVILLE HOSPITAL,ORRVILLE,OH,Critical Access Hospitals,Voluntary non-profit - Private,Yes,Not Available
330085,AURELIA OSBORN FOX MEMORIAL HOSPITAL,ONEONTA,NY,Acute Care Hospitals,Voluntary non-profit - Private,Yes,3
520193,AURORA BAYCARE MEDICAL CTR,GREEN BAY,WI,Acute Care Hospitals,Proprietary,Yes,4
034024,AURORA BEHAVIORAL HEALTH SYSTEM,GLENDALE,AZ,Psychiatric,Proprietary,No,Not Available
054151,"AURORA BEHAVIORAL HEALTHCARE-SANTA ROSA, LLC",SANTA ROSA,CA,Psychiatric,Proprietary,No,Not Available
034028,AURORA BEHAVIORAL HEALTHCARE-TEMPE,TEMPE,AZ,Psychiatric,Proprietary,No,Not Available
054069,AURORA CHARTER OAK,COVINA,CA,Psychiatric,Voluntary non-profit - Church,Yes,Not Available
520102,AURORA LAKELAND MEDICAL CENTER,ELKHORN,WI,Acute Care Hospitals,Voluntary non-profit - Private,Yes,5
054078,AURORA LAS ENCINAS,PASADENA,CA,Psychiatric,Proprietary,No,Not Available
520207,AURORA MEDICAL CENTER,GRAFTON,WI,Acute Care Hospitals,Voluntary non-profit - Private,Yes,5
520206,AURORA MEDICAL CENTER - SUMMIT,SUMMIT,WI,Acute Care Hospitals,Voluntary non-profit - Private,Yes,5
520113,AURORA MEDICAL CENTER BAY AREA,MARINETTE,WI,Acute Care Hospitals,Voluntary non-profit - Private,Yes,4
520189,AURORA MEDICAL CENTER KENOSHA,KENOSHA,WI,Acute Care Hospitals,Voluntary non-profit - Private,Yes,4
520035,AURORA MEDICAL CENTER SHEBOYGAN COUNTY,SHEBOYGAN,WI,Acute Care Hospitals,Voluntary non-profit - Private,Yes,5
520034,AURORA MEDICAL CTR MANITOWOC COUNTY,TWO RIVERS,WI,Acute Care Hospitals,Voluntary non-profit - Private,Yes,5
520198,AURORA MEDICAL CTR OSHKOSH,OSHKOSH,WI,Acute Care Hospitals,Voluntary non-profit - Private,Yes,4
520038,AURORA MEDICAL CTR WASHINGTON COUNTY,HARTFORD,WI,Acute Care Hospitals,Voluntary non-profit - Private,Yes,4
520059,AURORA MEMORIAL HOSPITAL BURLINGTON,BURLINGTON,WI,Acute Care Hospitals,Voluntary non-profit - Private,Yes,4
524000,AURORA PSYCHIATRIC HOSPITAL,WAUWATOSA,WI,Psychiatric,Voluntary non-profit - Private,No,Not Available
054095,AURORA SAN DIEGO,SAN DIEGO,CA,Psychiatric,Proprietary,No,Not Available
520138,AURORA ST LUKES MEDICAL CENTER,MILWAUKEE,WI,Acute Care Hospitals,Voluntary non-profit - Private,Yes,4
054077,AURORA VISTA DEL MAR HOSPITAL,VENTURA,CA,Psychiatric,Proprietary,No,Not Available
454121,AUSTIN OAKS HOSPITAL,AUSTIN,TX,Psychiatric,Proprietary,No,Not Available
454084,AUSTIN STATE HOSPITAL,AUSTIN,TX,Psychiatric,Government - State,No,Not Available
400016,AUXILIO MUTUO HOSPITAL,SAN JUAN,PR,Acute Care Hospitals,Voluntary non-profit - Private,Yes,4
190267,AVALA,COVINGTON,LA,Acute Care Hospitals,Physician,No,Not Available
034035,AVENIR BEHAVIORAL HEALTH CENTER,SURPRISE,AZ,Psychiatric,Proprietary,No,Not Available
281331,AVERA CREIGHTON HOSPITAL,CREIGHTON,NE,Critical Access Hospitals,Voluntary non-profit - Private,Yes,Not Available
431332,AVERA DE SMET MEMORIAL HOSPITAL - CAH,DE SMET,SD,Critical Access Hospitals,Voluntary non-profit - Private,Yes,Not Available
431331,AVERA DELLS AREA HOSPITAL  - CAH,DELL RAPIDS,SD,Critical Access Hospitals,Voluntary non-profit - Private,Yes,Not Available
431310,AVERA FLANDREAU HOSPITAL - CAH,FLANDREAU,SD,Critical Access Hospitals,Voluntary non-profit - Private,Yes,Not Available
241343,AVERA GRANITE FALLS,GRANITE FALLS,MN,Critical Access Hospitals,Government - Local,Yes,Not Available
431338,AVERA GREGORY HOSPITAL,GREGORY,SD,Critical Access Hospitals,Voluntary non-profit - Private,Yes,Not Available
431337,AVERA HAND COUNTY MEMORIAL HOSPITAL AND CLINIC,MILLER,SD,Critical Access Hospitals,Voluntary non-profit - Private,Yes,Not Available
430095,AVERA HEART HOSPITAL OF SOUTH DAKOTA,SIOUX FALLS,SD,Acute Care Hospitals,Proprietary,Yes,5
161351,AVERA HOLY FAMILY HOSPITAL,ESTHERVILLE,IA,Critical Access Hospitals,Voluntary non-profit - Private,Yes,2
241359,AVERA MARSHALL REGIONAL MEDICAL CTR,MARSHALL,MN,Critical Access Hospitals,Voluntary non-profit - Private,Yes,Not Available
430016,AVERA MCKENNAN HOSPITAL & UNIVERSITY HEALTH CENTER,SIOUX FALLS,SD,Acute Care Hospitals,Voluntary non-profit - Private,Yes,4
161321,AVERA MERRILL PIONEER HOSPITAL,ROCK RAPIDS,IA,Critical Access Hospitals,Voluntary non-profit - Private,Yes,Not Available
431302,AVERA MISSOURI RIVER HEALTH CENTER,GETTYSBURG,SD,Critical Access Hospitals,Voluntary non-profit - Private,Yes,Not Available
431340,AVERA QUEEN OF PEACE,MITCHELL,SD,Critical Access Hospitals,Voluntary non-profit - Private,Yes,4
430012,AVERA SACRED HEART HOSPITAL,YANKTON,SD,Acute Care Hospitals,Voluntary non-profit - Private,Yes,3
281329,AVERA ST ANTHONY'S HOSPITAL,O' NEILL,NE,Critical Access Hospitals,Voluntary non-profit - Church,Yes,4
431330,AVERA ST BENEDICT HEALTH CENTER - CAH,PARKSTON,SD,Critical Access Hospitals,Voluntary non-profit - Private,No,5
430014,AVERA ST LUKES,ABERDEEN,SD,Acute Care Hospitals,Voluntary non-profit - Church,Yes,4
430015,AVERA ST MARY'S HOSPITAL,PIERRE,SD,Acute Care Hospitals,Voluntary non-profit - Private,Yes,2
241348,AVERA TYLER HOSPITAL,TYLER,MN,Critical Access Hospitals,Voluntary non-profit - Private,Yes,Not Available
431324,AVERA WESKOTA MEMORIAL MEDICAL CENTER - CAH,WESSINGTON SPRINGS,SD,Critical Access Hospitals,Voluntary non-profit - Private,Yes,Not Available
360365,AVITA ONTARIO,ONTARIO,OH,Acute Care Hospitals,Voluntary non-profit - Private,Yes,4
190099,AVOYELLES HOSPITAL,MARKSVILLE,LA,Acute Care Hospitals,Proprietary,Yes,1
100069,AdventHealth Carrollwood,TAMPA,FL,Acute Care Hospitals,Voluntary non-profit - Church,Yes,3
060113,AdventHealth Littleton,LITTLETON,CO,Acute Care Hospitals,Voluntary non-profit - Church,Yes,4
100118,AdventHealth Palm Coast,PALM COAST,FL,Acute Care Hospitals,Voluntary non-profit - Church,Yes,5
060114,AdventHealth Parker,PARKER,CO,Acute Care Hospitals,Voluntary non-profit - Private,Yes,5
060064,AdventHealth Porter,DENVER,CO,Acute Care Hospitals,Voluntary non-profit - Private,Yes,4
180043,AdventHealthManchester,MANCHESTER,KY,Acute Care Hospitals,Voluntary non-profit - Church,Yes,3
100077,Adventhealth Port Charlotte,PORT CHARLOTTE,FL,Acute Care Hospitals,Proprietary,Yes,1
100046,Adventhealth Zephyrhills,ZEPHYRHILLS,FL,Acute Care Hospitals,Voluntary non-profit - Church,Yes,4
111327,BACON COUNTY HOSPITAL,ALMA,GA,Critical Access Hospitals,Voluntary non-profit - Other,No,Not Available
370228,"BAILEY MEDICAL CENTER, LLC",OWASSO,OK,Acute Care Hospitals,Proprietary,Yes,5
054155,"BAKERSFIELD BEHAVIORAL HEALTHCARE HOSPITAL, LLC",BAKERSFIELD,CA,Psychiatric,Proprietary,No,Not Available
050036,BAKERSFIELD MEMORIAL HOSPITAL,BAKERSFIELD,CA,Acute Care Hospitals,Voluntary non-profit - Private,Yes,3
010083,BALDWIN HEALTH,FOLEY,AL,Acute Care Hospitals,Proprietary,Yes,4
451310,BALLINGER MEMORIAL HOSPITAL,BALLINGER,TX,Critical Access Hospitals,Government - Hospital District or Authority,Yes,Not Available
670336,BANDERA FAMILY HOSPITAL,SAN ANTONIO,TX,Acute Care Hospitals,Proprietary,Yes,Not Available
030002,BANNER - UNIVERSITY MEDICAL CENTER PHOENIX,PHOENIX,AZ,Acute Care Hospitals,Voluntary non-profit - Other,Yes,3
030064,BANNER - UNIVERSITY MEDICAL CENTER TUCSON CAMPUS,TUCSON,AZ,Acute Care Hospitals,Voluntary non-profit - Private,Yes,3
030088,BANNER BAYWOOD MEDICAL CENTER,MESA,AZ,Acute Care Hospitals,Voluntary non-profit - Private,Yes,2
034004,BANNER BEHAVIORAL HEALTH HOSPITAL,SCOTTSDALE,AZ,Psychiatric,Voluntary non-profit - Private,No,Not Available
030061,BANNER BOSWELL MEDICAL CENTER,SUN CITY,AZ,Acute Care Hospitals,Voluntary non-profit - Other,Yes,3
030016,BANNER CASA GRANDE MEDICAL CENTER,CASA GRANDE,AZ,Acute Care Hospitals,Voluntary non-profit - Other,Yes,2
291313,BANNER CHURCHILL COMMUNITY HOSPITAL,FALLON,NV,Critical Access Hospitals,Voluntary non-profit - Private,Yes,2
030093,BANNER DEL E. WEBB MEDICAL CENTER,SUN CITY WEST,AZ,Acute Care Hospitals,Voluntary non-profit - Private,Yes,3
030065,BANNER DESERT MEDICAL CENTER,MESA,AZ,Acute Care Hospitals,Voluntary non-profit - Private,Yes,2
030115,BANNER ESTRELLA MEDICAL CENTER,PHOENIX,AZ,Acute Care Hospitals,Voluntary non-profit - Private,Yes,3
060126,BANNER FORT COLLINS MEDICAL CENTER,FORT COLLINS,CO,Acute Care Hospitals,Voluntary non-profit - Other,Yes,Not Available
030122,BANNER GATEWAY MEDICAL CENTER,GILBERT,AZ,Acute Care Hospitals,Voluntary non-profit - Other,Yes,3
030134,BANNER GOLDFIELD MEDICAL CENTER,APACHE JUNCTION,AZ,Acute Care Hospitals,Voluntary non-profit - Other,Yes,5
030105,BANNER HEART HOSPITAL,MESA,AZ,Acute Care Hospitals,Voluntary non-profit - Private,No,2
030130,BANNER IRONWOOD MEDICAL CENTER,QUEEN CREEK,AZ,Acute Care Hospitals,Voluntary non-profit - Private,Yes,3
051320,BANNER LASSEN MEDICAL CENTER,SUSANVILLE,CA,Critical Access Hospitals,Voluntary non-profit - Private,Yes,3
060030,BANNER NORTH CO MEDICAL CENTER - LOVELAND CAMPUS,LOVELAND,CO,Acute Care Hospitals,Voluntary non-profit - Private,Yes,3
060001,BANNER NORTH COLORADO MEDICAL CENTER,GREELEY,CO,Acute Care Hospitals,Voluntary non-profit - Private,Yes,4
030147,BANNER OCOTILLO MEDICAL CENTER,CHANDLER,AZ,Acute Care Hospitals,Voluntary non-profit - Private,Yes,3
031318,BANNER PAYSON MEDICAL CENTER,PAYSON,AZ,Critical Access Hospitals,Voluntary non-profit - Other,No,4
030089,BANNER THUNDERBIRD MEDICAL CENTER,GLENDALE,AZ,Acute Care Hospitals,Government - Hospital District or Authority,No,4
530012,BANNER WYOMING MEDICAL CENTER,CASPER,WY,Acute Care Hospitals,Government - Local,Yes,2
030111,BANNER-UNIVERSITY MEDICAL CENTER SOUTH CAMPUS,TUCSON,AZ,Acute Care Hospitals,Voluntary non-profit - Private,Yes,4
450346,BAPTIST BEAUMONT HOSPITAL,BEAUMONT,TX,Acute Care Hospitals,Voluntary non-profit - Private,Yes,3
040055,BAPTIST HEALTH - FORT SMITH,FORT SMITH,AR,Acute Care Hospitals,Voluntary non-profit - Private,Yes,2
040018,BAPTIST HEALTH - VAN BUREN,VAN BUREN,AR,Acute Care Hospitals,Voluntary non-profit - Private,Yes,Not Available
010139,BAPTIST HEALTH BROOKWOOD HOSPITAL,VESTAVIA,AL,Acute Care Hospitals,Proprietary,Yes,3
180080,BAPTIST HEALTH CORBIN,CORBIN,KY,Acute Care Hospitals,Voluntary non-profit - Private,Yes,3
180093,BAPTIST HEALTH DEACONESS MADISONVILLE,MADISONVILLE,KY,Acute Care Hospitals,Voluntary non-profit - Private,Yes,2
150044,BAPTIST HEALTH FLOYD,NEW ALBANY,IN,Acute Care Hospitals,Voluntary non-profit - Private,Yes,3
180012,BAPTIST HEALTH HARDIN,ELIZABETHTOWN,KY,Acute Care Hospitals,Government - Local,Yes,3
180138,BAPTIST HEALTH LAGRANGE,LA GRANGE,KY,Acute Care Hospitals,Voluntary non-profit - Private,Yes,5
180103,BAPTIST HEALTH LEXINGTON,LEXINGTON,KY,Acute Care Hospitals,Voluntary non-profit - Other,Yes,4
180130,BAPTIST HEALTH LOUISVILLE,LOUISVILLE,KY,Acute Care Hospitals,Voluntary non-profit - Private,Yes,4
100088,BAPTIST HEALTH MEDICAL CENTER - JACKSONVILLE,JACKSONVILLE,FL,Acute Care Hospitals,Voluntary non-profit - Private,Yes,4
041312,BAPTIST HEALTH MEDICAL CENTER HEBER SPRINGS,HEBER SPRINGS,AR,Critical Access Hospitals,Voluntary non-profit - Private,Yes,3
040036,BAPTIST HEALTH MEDICAL CENTER NORTH LITTLE ROCK,NORTH LITTLE ROCK,AR,Acute Care Hospitals,Voluntary non-profit - Private,Yes,1
040154,BAPTIST HEALTH MEDICAL CENTER- CONWAY,CONWAY,AR,Acute Care Hospitals,Voluntary non-profit - Private,Yes,2
041321,BAPTIST HEALTH MEDICAL CENTER-ARKADELPHIA,ARKADELPHIA,AR,Critical Access Hospitals,Voluntary non-profit - Private,Yes,Not Available
040051,BAPTIST HEALTH MEDICAL CENTER-DREW COUNTY,MONTICELLO,AR,Acute Care Hospitals,Voluntary non-profit - Private,Yes,2
040076,BAPTIST HEALTH MEDICAL CENTER-HOT SPRINGS COUNTY,MALVERN,AR,Acute Care Hospitals,Voluntary non-profit - Private,Yes,Not Available
040114,BAPTIST HEALTH MEDICAL CENTER-LITTLE ROCK,LITTLE ROCK,AR,Acute Care Hospitals,Voluntary non-profit - Private,Yes,3
040072,BAPTIST HEALTH MEDICAL CENTER-STUTTGART,STUTTGART,AR,Acute Care Hospitals,Voluntary non-profit - Private,Yes,3
180104,BAPTIST HEALTH PADUCAH,PADUCAH,KY,Acute Care Hospitals,Voluntary non-profit - Church,Yes,4
180049,BAPTIST HEALTH RICHMOND,RICHMOND,KY,Acute Care Hospitals,Voluntary non-profit - Private,Yes,4
100093,BAPTIST HOSPITAL,PENSACOLA,FL,Acute Care Hospitals,Voluntary non-profit - Private,Yes,4
100008,BAPTIST HOSPITAL OF MIAMI,MIAMI,FL,Acute Care Hospitals,Voluntary non-profit - Private,Yes,5
450058,BAPTIST MEDICAL CENTER,SAN ANTONIO,TX,Acute Care Hospitals,Proprietary,Yes,3
100117,BAPTIST MEDICAL CENTER  BEACHES,JACKSONVILLE BEACH,FL,Acute Care Hospitals,Voluntary non-profit - Private,Yes,4
100140,BAPTIST MEDICAL CENTER - NASSAU,FERNANDINA BEACH,FL,Acute Care Hospitals,Voluntary non-profit - Private,Yes,4
251336,BAPTIST MEDICAL CENTER ATTALA,KOSCIUSKO,MS,Critical Access Hospitals,Voluntary non-profit - Other,Yes,Not Available
010149,BAPTIST MEDICAL CENTER EAST,MONTGOMERY,AL,Acute Care Hospitals,Government - Hospital District or Authority,Yes,4
010023,BAPTIST MEDICAL CENTER SOUTH,MONTGOMERY,AL,Acute Care Hospitals,Government - Hospital District or Authority,Yes,2
251315,BAPTIST MEDICAL CENTER-LEAKE,CARTHAGE,MS,Critical Access Hospitals,Voluntary non-profit - Private,Yes,2
251313,BAPTIST MEDICAL CENTER-YAZOO,YAZOO CITY,MS,Critical Access Hospitals,Voluntary non-profit - Private,Yes,Not Available
440048,BAPTIST MEMORIAL HOSPITAL,MEMPHIS,TN,Acute Care Hospitals,Voluntary non-profit - Private,Yes,3
440016,BAPTIST MEMORIAL HOSPITAL - CARROLL COUNTY,HUNTINGDON,TN,Acute Care Hospitals,Voluntary non-profit - Private,Yes,4
250044,BAPTIST MEMORIAL HOSPITAL BOONEVILLE,BOONEVILLE,MS,Acute Care Hospitals,Voluntary non-profit - Church,Yes,3
250141,BAPTIST MEMORIAL HOSPITAL DESOTO,SOUTHAVEN,MS,Acute Care Hospitals,Proprietary,Yes,3
040118,"BAPTIST MEMORIAL HOSPITAL JONESBORO, INC.",JONESBORO,AR,Acute Care Hospitals,Voluntary non-profit - Private,Yes,3
250034,BAPTIST MEMORIAL HOSPITAL NORTH MS,OXFORD,MS,Acute Care Hospitals,Voluntary non-profit - Private,Yes,4
440131,BAPTIST MEMORIAL HOSPITAL TIPTON,COVINGTON,TN,Acute Care Hospitals,Voluntary non-profit - Church,Yes,3
440130,BAPTIST MEMORIAL HOSPITAL UNION CITY,UNION CITY,TN,Acute Care Hospitals,Voluntary non-profit - Private,Yes,4
250006,BAPTIST MEMORIAL HOSPITAL UNION COUNTY,NEW ALBANY,MS,Acute Care Hospitals,Voluntary non-profit - Other,Yes,4
040156,"BAPTIST MEMORIAL HOSPITAL-CRITTENDEN, INC",WEST MEMPHIS,AR,Acute Care Hospitals,Voluntary non-profit - Private,Yes,Not Available
250050,BAPTIST MEMORIAL HOSPITAL-OKTIBBEHA COUNTY,STARKVILLE,MS,Acute Care Hospitals,Government - Local,Yes,2
670078,BAPTIST NEIGHBORHOOD HOSPITAL THOUSAND OAKS,SAN ANTONIO,TX,Acute Care Hospitals,Proprietary,Yes,5
231307,BARAGA COUNTY MEMORIAL HOSPITAL,L' ANSE,MI,Critical Access Hospitals,Government - Local,Yes,Not Available
260032,BARNES JEWISH HOSPITAL,SAINT LOUIS,MO,Acute Care Hospitals,Voluntary non-profit - Other,Yes,4
260191,BARNES-JEWISH ST PETERS HOSPITAL,SAINT PETERS,MO,Acute Care Hospitals,Voluntary non-profit - Other,Yes,3
260162,BARNES-JEWISH WEST COUNTY HOSPITAL,CREVE COEUR,MO,Acute Care Hospitals,Voluntary non-profit - Private,Yes,5
391309,BARNES-KASSON COUNTY HOSPITAL,SUSQUEHANNA,PA,Critical Access Hospitals,Voluntary non-profit - Private,Yes,Not Available
361321,"BARNESVILLE HOSPITAL ASSOCIATION, INC",BARNESVILLE,OH,Critical Access Hospitals,Voluntary non-profit - Private,Yes,Not Available
271318,BARRETT HOSPITAL & HEALTHCARE,DILLON,MT,Critical Access Hospitals,Government - Hospital District or Authority,Yes,2
050298,BARSTOW COMMUNITY HOSPITAL,BARSTOW,CA,Acute Care Hospitals,Proprietary,Yes,1
020008,BARTLETT REGIONAL HOSPITAL,JUNEAU,AK,Acute Care Hospitals,Government - Local,Yes,4
050352,BARTON MEMORIAL HOSPITAL,SOUTH LAKE TAHOE,CA,Acute Care Hospitals,Voluntary non-profit - Private,Yes,3
100121,BARTOW REGIONAL MEDICAL CENTER,BARTOW,FL,Acute Care Hospitals,Proprietary,Yes,3
330136,BASSETT HEALTHCARE,COOPERSTOWN,NY,Acute Care Hospitals,Voluntary non-profit - Private,Yes,2
260034,BATES COUNTY MEMORIAL HOSPITAL,BUTLER,MO,Acute Care Hospitals,Government - Local,Yes,3
491300,BATH COMMUNITY HOSPITAL,HOT SPRINGS,VA,Critical Access Hospitals,Voluntary non-profit - Private,Yes,Not Available
33011F,BATH VA MEDICAL CENTER,BATH,NY,Acute Care - Veterans Administration,Veterans Health Administration,No,Not Available
194107,BATON ROUGE BEHAVIORAL HOSPITAL,BATON ROUGE,LA,Psychiatric,Proprietary,No,Not Available
190065,BATON ROUGE GENERAL MEDICAL CENTER,BATON ROUGE,LA,Acute Care Hospitals,Voluntary non-profit - Private,Yes,3
23012F,BATTLE CREEK VA MEDICAL CENTER,BATTLE CREEK,MI,Acute Care - Veterans Administration,Veterans Health Administration,No,Not Available
291303,BATTLE MOUNTAIN GENERAL HOSPITAL,BATTE MTN,NV,Critical Access Hospitals,Government - Hospital District or Authority,Yes,Not Available
040027,BAXTER HEALTH,MOUNTAIN HOME,AR,Acute Care Hospitals,Voluntary non-profit - Private,Yes,2
041322,BAXTER HEALTH FULTON COUNTY HOSPITAL,SALEM,AR,Critical Access Hospitals,Government - Local,Yes,Not Available
380090,BAY AREA HOSPITAL,COOS BAY,OR,Acute Care Hospitals,Government - Hospital District or Authority,Yes,2
360259,BAY PARK COMMUNITY HOSPITAL,OREGON,OH,Acute Care Hospitals,Voluntary non-profit - Other,Yes,3
10009F,BAY PINES VA MEDICAL CENTER,BAY PINES,FL,Acute Care - Veterans Administration,Veterans Health Administration,Yes,3
400032,BAYAMON MEDICAL CENTER,BAYAMON,PR,Acute Care Hospitals,Proprietary,Yes,Not Available
100362,BAYCARE HOSPITAL WESLEY CHAPEL,WESLEY CHAPEL,FL,Acute Care Hospitals,Proprietary,Yes,Not Available
080009,"BAYHEALTH HOSPITAL, SUSSEX CAMPUS",MILFORD,DE,Acute Care Hospitals,Voluntary non-profit - Private,Yes,3
080004,"BAYHEALTH MEDICAL CENTER, KENT CAMPUS",DOVER,DE,Acute Care Hospitals,Voluntary non-profit - Private,Yes,2
670062,BAYLOR EMERGENCY MEDICAL CENTER AT AUBREY,AUBREY,TX,Acute Care Hospitals,Proprietary,Yes,Not Available
450883,BAYLOR MEDICAL CENTER AT TROPHY CLUB,TROPHY CLUB,TX,Acute Care Hospitals,Proprietary,Yes,Not Available
450885,BAYLOR SCOTT &  WHITE MEDICAL CENTER - CENTENNIAL,FRISCO,TX,Acute Care Hospitals,Voluntary non-profit - Other,Yes,5
450851,BAYLOR SCOTT & WHITE HEART & VASCULAR HOSPITAL - DALLAS,DALLAS,TX,Acute Care Hospitals,Proprietary,Yes,5
670343,BAYLOR SCOTT & WHITE HOSPITAL BRENHAM,BRENHAM,TX,Acute Care Hospitals,Voluntary non-profit - Private,Yes,Not Available
451397,BAYLOR SCOTT & WHITE HOSPITAL BRENHAM,BRENHAM,TX,Critical Access Hospitals,Voluntary non-profit - Private,Yes,4
450563,BAYLOR SCOTT & WHITE MEDICAL CENTER  GRAPEVINE,GRAPEVINE,TX,Acute Care Hospitals,Voluntary non-profit - Private,Yes,4
670131,BAYLOR SCOTT & WHITE MEDICAL CENTER - BUDA,BUDA,TX,Acute Care Hospitals,Voluntary non-profit - Private,Yes,Not Available
450853,BAYLOR SCOTT & WHITE MEDICAL CENTER - FRISCO,FRISCO,TX,Acute Care Hospitals,Proprietary,Yes,3
670108,BAYLOR SCOTT & WHITE MEDICAL CENTER - MARBLE FALLS,MARBLE FALLS,TX,Acute Care Hospitals,Voluntary non-profit - Private,Yes,4
670034,BAYLOR SCOTT & WHITE MEDICAL CENTER - ROUND ROCK,ROUND ROCK,TX,Acute Care Hospitals,Voluntary non-profit - Private,Yes,4
450054,BAYLOR SCOTT & WHITE MEDICAL CENTER - TEMPLE,TEMPLE,TX,Acute Care Hospitals,Voluntary non-profit - Private,Yes,5
451374,BAYLOR SCOTT & WHITE MEDICAL CENTER -TAYLOR,TAYLOR,TX,Critical Access Hospitals,Voluntary non-profit - Private,Yes,Not Available
450079,BAYLOR SCOTT & WHITE MEDICAL CENTER AT IRVING,IRVING,TX,Acute Care Hospitals,Voluntary non-profit - Private,Yes,5
450101,BAYLOR SCOTT & WHITE MEDICAL CENTER HILLCREST,WACO,TX,Acute Care Hospitals,Voluntary non-profit - Private,Yes,4
670128,BAYLOR SCOTT & WHITE MEDICAL CENTER PFLUGERVILLE,PFLUGERVILLE,TX,Acute Care Hospitals,Voluntary non-profit - Private,Yes,4
450890,BAYLOR SCOTT & WHITE MEDICAL CENTER PLANO,PLANO,TX,Acute Care Hospitals,Voluntary non-profit - Other,Yes,4
670136,BAYLOR SCOTT & WHITE MEDICAL CENTER- AUSTIN,AUSTIN,TX,Acute Care Hospitals,Voluntary non-profit - Private,No,Not Available
670088,BAYLOR SCOTT & WHITE MEDICAL CENTER- COLLEGE STATI,COLLEGE STATION,TX,Acute Care Hospitals,Voluntary non-profit - Private,Yes,4
450372,BAYLOR SCOTT & WHITE MEDICAL CENTER- WAXAHACHIE,WAXAHACHIE,TX,Acute Care Hospitals,Voluntary non-profit - Private,Yes,4
450864,BAYLOR SCOTT & WHITE TEXAS SPINE & JOINT HOSPITAL,TYLER,TX,Acute Care Hospitals,Physician,Yes,5
670025,BAYLOR SCOTT & WHITE THE HEART HOSPITAL PLANO,PLANO,TX,Acute Care Hospitals,Physician,Yes,4
670082,BAYLOR SCOTT AND WHITE  MEDICAL CENTER  MCKINNEY,MC KINNEY,TX,Acute Care Hospitals,Voluntary non-profit - Private,Yes,4
450137,BAYLOR SCOTT AND WHITE ALL SAINTS MEDICAL CENTER,FORT WORTH,TX,Acute Care Hospitals,Voluntary non-profit - Private,No,4
670107,BAYLOR SCOTT AND WHITE EMERGENCY HOSPITAL,BURLESON,TX,Acute Care Hospitals,Proprietary,Yes,Not Available
670346,BAYLOR SCOTT AND WHITE MEDICAL CENTER FRISCO AT PG,FRISCO,TX,Acute Care Hospitals,Voluntary non-profit - Private,Yes,Not Available
450742,BAYLOR SCOTT AND WHITE MEDICAL CENTER LAKE POINTE,ROWLETT,TX,Acute Care Hospitals,Voluntary non-profit - Private,Yes,4
670060,BAYLOR SCOTT AND WHITE MEDICAL CENTER SUNNYVALE,SUNNYVALE,TX,Acute Care Hospitals,Voluntary non-profit - Private,Yes,2
450422,BAYLOR SCOTT AND WHITE MEDICAL CENTER UPTOWN,DALLAS,TX,Acute Care Hospitals,Proprietary,Yes,Not Available
670067,BAYLOR SCOTT AND WHITE ORTHOPEDIC AND SPINE HOSPI,ARLINGTON,TX,Acute Care Hospitals,Proprietary,Yes,Not Available
670076,BAYLOR SCOTT AND WHITE SURGICAL HOSPITAL AT SHERMA,SHERMAN,TX,Acute Care Hospitals,Physician,Yes,3
450880,BAYLOR SCOTT AND WHITE SURGICAL HOSPITAL FORTWORTH,FORT WORTH,TX,Acute Care Hospitals,Physician,Yes,Not Available
450895,BAYLOR SCOTT WHITE THE HEART HOSPITAL CORINTH,DENTON,TX,Acute Care Hospitals,Proprietary,Yes,Not Available
450874,BAYLOR SURGICAL HOSPITAL AT LAS COLINAS,IRVING,TX,Acute Care Hospitals,Proprietary,Yes,Not Available
450021,BAYLOR UNIVERSITY MEDICAL CENTER,DALLAS,TX,Acute Care Hospitals,Voluntary non-profit - Private,Yes,4
191310,BAYOU BEND HEALTH SYSTEM,FRANKLIN,LA,Critical Access Hospitals,Government - Hospital District or Authority,Yes,Not Available
014014,BAYPOINTE BEHAVIORAL HEALTH,MOBILE,AL,Psychiatric,Voluntary non-profit - Other,Yes,Not Available
310112,BAYSHORE MEDICAL CENTER,HOLMDEL,NJ,Acute Care Hospitals,Voluntary non-profit - Private,Yes,4
451320,BAYSIDE COMMUNITY HOSPITAL,ANAHUAC,TX,Critical Access Hospitals,Government - Hospital District or Authority,Yes,Not Available
220016,BAYSTATE FRANKLIN MEDICAL CENTER,GREENFIELD,MA,Acute Care Hospitals,Voluntary non-profit - Private,Yes,3
220077,BAYSTATE MEDICAL CENTER,SPRINGFIELD,MA,Acute Care Hospitals,Voluntary non-profit - Private,Yes,2
220065,BAYSTATE NOBLE HOSPITAL,WESTFIELD,MA,Acute Care Hospitals,Voluntary non-profit - Private,Yes,2
220030,BAYSTATE WING HOSPITAL,PALMER,MA,Acute Care Hospitals,Voluntary non-profit - Other,Yes,4
670109,BAYTOWN MEDICAL CENTER LP,BAYTOWN,TX,Acute Care Hospitals,Proprietary,Yes,Not Available
234038,BCA STONECREST CENTER,DETROIT,MI,Psychiatric,Proprietary,No,Not Available
250049,BEACHAM MEMORIAL HOSPITAL,MAGNOLIA,MS,Acute Care Hospitals,Proprietary,No,Not Available
194112,BEACON BEHAVIORAL HOSPITAL - CENTRAL,BUNKIE,LA,Psychiatric,Proprietary,No,Not Available
194102,BEACON BEHAVIORAL HOSPITAL - LUTCHER,LUTCHER,LA,Psychiatric,Proprietary,No,Not Available
194080,"BEACON BEHAVIORAL HOSPITAL - NORTHSHORE, LLC",LACOMBE,LA,Psychiatric,Proprietary,No,Not Available
194084,"BEACON BEHAVIORAL HOSPITAL- NEW ORLEANS, LLC",NEW ORLEANS,LA,Psychiatric,Proprietary,No,Not Available
014015,BEACON CHILDREN'S HOSPITAL,LUVERNE,AL,Psychiatric,Proprietary,No,Not Available
131316,BEAR LAKE MEMORIAL HOSPITAL,MONTPELIER,ID,Critical Access Hospitals,Government - Local,Yes,Not Available
460039,BEAR RIVER VALLEY HOSPITAL,TREMONTON,UT,Acute Care Hospitals,Voluntary non-profit - Private,Yes,Not Available
051335,BEAR VALLEY COMMUNITY HOSPITAL,BIG BEAR LAKE,CA,Critical Access Hospitals,Government - Hospital District or Authority,Yes,Not Available
271326,BEARTOOTH BILLINGS CLINIC,RED LODGE,MT,Critical Access Hospitals,Voluntary non-profit - Private,No,Not Available
281364,"BEATRICE COMMUNITY HOSPITAL & HEALTH CENTER, INC",BEATRICE,NE,Critical Access Hospitals,Voluntary non-profit - Private,Yes,4
420067,BEAUFORT COUNTY MEMORIAL HOSPITAL,BEAUFORT,SC,Acute Care Hospitals,Government - Local,Yes,4
230020,BEAUMONT HOSPITAL - DEARBORN,DEARBORN,MI,Acute Care Hospitals,Voluntary non-profit - Private,Yes,2
230151,BEAUMONT HOSPITAL - FARMINGTON HILLS,FARMINGTON HILLS,MI,Acute Care Hospitals,Voluntary non-profit - Private,Yes,3
230089,BEAUMONT HOSPITAL - GROSSE POINTE,GROSSE POINTE,MI,Acute Care Hospitals,Voluntary non-profit - Private,Yes,4
230270,BEAUMONT HOSPITAL - TAYLOR,TAYLOR,MI,Acute Care Hospitals,Voluntary non-profit - Private,Yes,2
230130,BEAUMONT HOSPITAL ROYAL OAK,ROYAL OAK,MI,Acute Care Hospitals,Voluntary non-profit - Private,Yes,3
230269,"BEAUMONT HOSPITAL, TROY",TROY,MI,Acute Care Hospitals,Voluntary non-profit - Private,Yes,4
190050,BEAUREGARD MEMORIAL HOSPITAL,DERIDDER,LA,Acute Care Hospitals,Government - Hospital District or Authority,Yes,3
371322,BEAVER COUNTY MEMORIAL HOSPITAL,BEAVER,OK,Critical Access Hospitals,Government - Hospital District or Authority,Yes,Not Available
461335,BEAVER VALLEY HOSPITAL,BEAVER,UT,Critical Access Hospitals,Government - Local,Yes,Not Available
364051,BECKETT SPRINGS,WEST CHESTER,OH,Psychiatric,Proprietary,No,Not Available
510062,BECKLEY ARH HOSPITAL,BECKLEY,WV,Acute Care Hospitals,Voluntary non-profit - Private,Yes,3
51002F,BECKLEY VA MEDICAL CENTER,BECKLEY,WV,Acute Care - Veterans Administration,Veterans Health Administration,Yes,5
22001F,BEDFORD VA MEDICAL CENTER,BEDFORD,MA,Acute Care - Veterans Administration,Veterans Health Administration,No,Not Available
080007,BEEBE MEDICAL CENTER,LEWES,DE,Acute Care Hospitals,Voluntary non-profit - Private,Yes,3
374027,BEHAVIORAL HEALTH CENTER AT PORTER HEALTH VILLAGE,NORMAN,OK,Psychiatric,Proprietary,Yes,Not Available
454107,BEHAVIORAL HOSPITAL OF BELLAIRE,HOUSTON,TX,Psychiatric,Proprietary,No,Not Available
231321,BELL HOSPITAL,ISHPEMING,MI,Critical Access Hospitals,Proprietary,Yes,Not Available
400014,BELLA VISTA HOSPITAL,MAYAGUEZ,PR,Acute Care Hospitals,Voluntary non-profit - Church,Yes,Not Available
360107,BELLEVUE HOSPITAL,BELLEVUE,OH,Acute Care Hospitals,Voluntary non-profit - Other,No,4
330204,BELLEVUE HOSPITAL CENTER,NEW YORK,NY,Acute Care Hospitals,Government - Local,Yes,2
280132,BELLEVUE MEDICAL CENTER,BELLEVUE,NE,Acute Care Hospitals,Proprietary,Yes,4
521356,BELLIN HEALTH OCONTO HOSPITAL,OCONTO,WI,Critical Access Hospitals,Voluntary non-profit - Private,Yes,Not Available
520049,BELLIN MEMORIAL HOSPITAL,GREEN BAY,WI,Acute Care Hospitals,Voluntary non-profit - Private,Yes,4
450253,BELLVILLE MEDICAL CENTER,BELLVILLE,TX,Acute Care Hospitals,Government - Hospital District or Authority,Yes,Not Available
394023,BELMONT BEHAVIORAL HOSPITAL,PHILADELPHIA,PA,Psychiatric,Voluntary non-profit - Private,No,Not Available
364038,BELMONT PINES HOSPITAL,YOUNGSTOWN,OH,Psychiatric,Proprietary,No,Not Available
520100,BELOIT HEALTH SYSTEM,BELOIT,WI,Acute Care Hospitals,Voluntary non-profit - Private,Yes,3
260214,BELTON REGIONAL MEDICAL CENTER,BELTON,MO,Acute Care Hospitals,Voluntary non-profit - Private,Yes,2
270012,BENEFIS HOSPITALS INC,GREAT FALLS,MT,Acute Care Hospitals,Voluntary non-profit - Private,Yes,2
271307,BENEFIS TETON MEDICAL CENTER,CHOTEAU,MT,Critical Access Hospitals,Voluntary non-profit - Private,Yes,Not Available
131317,BENEWAH COMMUNITY HOSPITAL,SAINT MARIES,ID,Critical Access Hospitals,Government - Local,Yes,Not Available
431314,BENNETT COUNTY HOSPITAL AND NURSING HOME - CAH,MARTIN,SD,Critical Access Hospitals,Voluntary non-profit - Private,Yes,Not Available
031301,BENSON HOSPITAL,BENSON,AZ,Critical Access Hospitals,Voluntary non-profit - Private,Yes,Not Available
310058,BERGEN NEW BRIDGE MEDICAL CENTER,PARAMUS,NJ,Acute Care Hospitals,Voluntary non-profit - Private,Yes,Not Available
360170,BERGER HOSPITAL,CIRCLEVILLE,OH,Acute Care Hospitals,Government - Local,Yes,3
510008,BERKELEY MEDICAL CENTER,MARTINSBURG,WV,Acute Care Hospitals,Voluntary non-profit - Private,Yes,3
220046,BERKSHIRE MEDICAL CENTER,PITTSFIELD,MA,Acute Care Hospitals,Voluntary non-profit - Other,Yes,4
330111,BERTRAND CHAFFEE HOSPITAL,SPRINGVILLE,NY,Acute Care Hospitals,Voluntary non-profit - Private,Yes,Not Available
394058,BERWICK HOSPITAL CENTER,BERWICK,PA,Psychiatric,Proprietary,No,Not Available
220108,BETH ISRAEL DEACONESS HOSPITAL - MILTON,MILTON,MA,Acute Care Hospitals,Government - Federal,Yes,4
220083,BETH ISRAEL DEACONESS HOSPITAL - NEEDHAM,NEEDHAM,MA,Acute Care Hospitals,Voluntary non-profit - Private,Yes,5
220060,BETH ISRAEL DEACONESS HOSPITAL PLYMOUTH,PLYMOUTH,MA,Acute Care Hospitals,Voluntary non-profit - Private,Yes,4
220086,BETH ISRAEL DEACONESS MEDICAL CENTER,BOSTON,MA,Acute Care Hospitals,Voluntary non-profit - Private,Yes,3
100002,BETHESDA HOSPITAL EAST,BOYNTON BEACH,FL,Acute Care Hospitals,Voluntary non-profit - Private,Yes,2
360179,BETHESDA NORTH,CINCINNATI,OH,Acute Care Hospitals,Voluntary non-profit - Church,Yes,3
340071,BETSY JOHNSON REGIONAL HOSPITAL,DUNN,NC,Acute Care Hospitals,Voluntary non-profit - Private,Yes,3
054032,BHC ALHAMBRA HOSPITAL,ROSEMEAD,CA,Psychiatric,Proprietary,No,Not Available
504002,BHC FAIRFAX HOSPITAL,KIRKLAND,WA,Psychiatric,Proprietary,No,Not Available
054110,BHC FREMONT HOSPITAL INC,FREMONT,CA,Psychiatric,Proprietary,No,Not Available
324010,"BHC MESILLA VALLEY HOSPITAL, LLC",LAS CRUCES,NM,Psychiatric,Proprietary,No,Not Available
054087,"BHC SIERRA VISTA HOSPITAL, INC",SACRAMENTO,CA,Psychiatric,Proprietary,No,Not Available
144034,BHC STREAMWOOD HOSPITAL INC,STREAMWOOD,IL,Psychiatric,Proprietary,No,Not Available
010058,BIBB MEDICAL CENTER,CENTREVILLE,AL,Acute Care Hospitals,Government - Hospital District or Authority,Yes,Not Available
191320,BIENVILLE MEDICAL CENTER,ARCADIA,LA,Critical Access Hospitals,Proprietary,Yes,Not Available
451378,BIG BEND REGIONAL MEDICAL CENTER,ALPINE,TX,Critical Access Hospitals,Proprietary,Yes,Not Available
271338,BIG HORN HOSPITAL,HARDIN,MT,Critical Access Hospitals,Voluntary non-profit - Private,Yes,Not Available
271311,BIG SANDY MEDICAL CENTER,BIG SANDY,MT,Critical Access Hospitals,Voluntary non-profit - Private,Yes,Not Available
441323,BIG SOUTH FORK MEDICAL CENTER,ONEIDA,TN,Critical Access Hospitals,Proprietary,Yes,Not Available
454000,BIG SPRING STATE HOSPITAL,BIG SPRING,TX,Psychiatric,Government - State,No,Not Available
241316,BIGFORK VALLEY HOSPITAL,BIGFORK,MN,Critical Access Hospitals,Government - Hospital District or Authority,Yes,Not Available
270004,BILLINGS CLINIC,BILLINGS,MT,Acute Care Hospitals,Voluntary non-profit - Private,Yes,4
271333,BILLINGS CLINIC BROADWATER,TOWNSEND,MT,Critical Access Hospitals,Voluntary non-profit - Private,Yes,Not Available
131325,BINGHAM MEMORIAL HOSPITAL,BLACKFOOT,ID,Critical Access Hospitals,Voluntary non-profit - Private,Yes,Not Available
01014F,BIRMINGHAM VA MEDICAL CENTER,BIRMINGHAM,AL,Acute Care - Veterans Administration,Veterans Health Administration,Yes,4
271340,BITTERROOT HEALTH - DALY HOSPITAL,HAMILTON,MT,Critical Access Hospitals,Voluntary non-profit - Private,Yes,4
430091,BLACK HILLS SURGICAL HOSPITAL LLC,RAPID CITY,SD,Acute Care Hospitals,Proprietary,No,Not Available
521333,BLACK RIVER MEMORIAL HOSPITAL,BLACK RIVER FALLS,WI,Critical Access Hospitals,Voluntary non-profit - Private,Yes,Not Available
104081,BLACKBERRY CENTER - OGLETHORPE OF ORLANDO,SAINT CLOUD,FL,Psychiatric,Voluntary non-profit - Private,No,Not Available
360095,BLANCHARD VALLEY HOSPITAL,FINDLAY,OH,Acute Care Hospitals,Voluntary non-profit - Other,No,3
111302,BLECKLEY MEMORIAL HOSPITAL,COCHRAN,GA,Critical Access Hospitals,Government - Hospital District or Authority,Yes,Not Available
140015,BLESSING HOSPITAL,QUINCY,IL,Acute Care Hospitals,Voluntary non-profit - Private,Yes,4
154041,BLOOMINGTON MEADOWS HOSPITAL,BLOOMINGTON,IN,Psychiatric,Proprietary,No,Not Available
440011,BLOUNT MEMORIAL HOSPITAL,MARYVILLE,TN,Acute Care Hospitals,Government - Local,Yes,2
461310,BLUE MOUNTAIN HOSPITAL,BLANDING,UT,Critical Access Hospitals,Voluntary non-profit - Private,Yes,Not Available
381305,BLUE MOUNTAIN HOSPITAL,JOHN DAY,OR,Critical Access Hospitals,Government - Hospital District or Authority,Yes,Not Available
340075,"BLUE RIDGE HEALTHCARE HOSPITALS, INC",MORGANTON,NC,Acute Care Hospitals,Proprietary,Yes,4
111338,BLUE RIDGE MEDICAL CENTER,BLUE RIDGE,GA,Critical Access Hospitals,Voluntary non-profit - Other,Yes,Not Available
341329,BLUE RIDGE REGIONAL HOSPITAL,SPRUCE PINE,NC,Critical Access Hospitals,Voluntary non-profit - Private,Yes,3
181308,BLUEGRASS COMMUNITY HOSPITAL,VERSAILLES,KY,Critical Access Hospitals,Proprietary,Yes,Not Available
364057,BLUERIDGE VISTA HEALTH AND WELLNESS,CINCINNATI,OH,Psychiatric,Proprietary,No,Not Available
361322,BLUFFTON HOSPITAL,BLUFFTON,OH,Critical Access Hospitals,Voluntary non-profit - Private,Yes,Not Available
150075,BLUFFTON REGIONAL MEDICAL CENTER,BLUFFTON,IN,Acute Care Hospitals,Proprietary,Yes,4
333301,BLYTHEDALE CHILDREN'S HOSPITAL,VALHALLA,NY,Childrens,Voluntary non-profit - Private,No,Not Available
251331,BMH-CALHOUN,CALHOUN CITY,MS,Critical Access Hospitals,Voluntary non-profit - Private,Yes,Not Available
250100,BMH-GOLDEN TRIANGLE,COLUMBUS,MS,Acute Care Hospitals,Voluntary non-profit - Private,Yes,3
171388,BOB WILSON MEMORIAL HOSPITAL,ULYSSES,KS,Critical Access Hospitals,Voluntary non-profit - Church,Yes,Not Available
100168,BOCA RATON REGIONAL HOSPITAL,BOCA RATON,FL,Acute Care Hospitals,Voluntary non-profit - Private,Yes,2
13003F,BOISE VA MEDICAL CENTER,BOISE,ID,Acute Care - Veterans Administration,Veterans Health Administration,Yes,5
250093,BOLIVAR MEDICAL CENTER,CLEVELAND,MS,Acute Care Hospitals,Proprietary,Yes,1
330135,BON SECOURS COMMUNITY HOSPITAL,PORT JERVIS,NY,Acute Care Hospitals,Voluntary non-profit - Private,Yes,2
490148,BON SECOURS HARBOUR VIEW MEDICAL CENTER,SUFFOLK,VA,Acute Care Hospitals,Voluntary non-profit - Private,Yes,Not Available
490017,BON SECOURS MARYVIEW MEDICAL CENTER,PORTSMOUTH,VA,Acute Care Hospitals,Voluntary non-profit - Private,Yes,3
490069,BON SECOURS MEMORIAL REGIONAL MEDICAL CENTER,MECHANICSVILLE,VA,Acute Care Hospitals,Voluntary non-profit - Church,Yes,4
490094,BON SECOURS RICHMOND COMMUNITY HOSPITAL,RICHMOND,VA,Acute Care Hospitals,Voluntary non-profit - Private,Yes,Not Available
490092,BON SECOURS SOUTHAMPTON MEMORIAL HOSPITAL,FRANKLIN,VA,Acute Care Hospitals,Voluntary non-profit - Private,Yes,3
490097,BON SECOURS SOUTHERN VIRGINIA MEDICAL CENTER,EMPORIA,VA,Acute Care Hospitals,Proprietary,Yes,4
490067,BON SECOURS SOUTHSIDE MEDICAL CENTER,PETERSBURG,VA,Acute Care Hospitals,Proprietary,Yes,2
490136,BON SECOURS ST FRANCIS MEDICAL CENTER,MIDLOTHIAN,VA,Acute Care Hospitals,Voluntary non-profit - Church,Yes,3
490059,BON SECOURS ST MARYS HOSPITAL,RICHMOND,VA,Acute Care Hospitals,Voluntary non-profit - Private,Yes,5
420065,BON SECOURS-ST FRANCIS XAVIER HOSPITAL,CHARLESTON,SC,Acute Care Hospitals,Voluntary non-profit - Private,Yes,3
131328,BONNER GENERAL HOSPITAL,SANDPOINT,ID,Critical Access Hospitals,Voluntary non-profit - Private,Yes,2
281334,BOONE COUNTY HEALTH CENTER,ALBION,NE,Critical Access Hospitals,Government - Local,Yes,4
161372,BOONE COUNTY HOSPITAL,BOONE,IA,Critical Access Hospitals,Voluntary non-profit - Other,Yes,Not Available
260068,BOONE HOSPITAL CENTER,COLUMBIA,MO,Acute Care Hospitals,Voluntary non-profit - Other,Yes,4
511313,BOONE MEMORIAL HOSPITAL,MADISON,WV,Critical Access Hospitals,Government - Local,Yes,4
230117,BORGESS MEDICAL CENTER,KALAMAZOO,MI,Acute Care Hospitals,Voluntary non-profit - Other,Yes,3
223302,BOSTON CHILDREN'S HOSPITAL,BOSTON,MA,Childrens,Voluntary non-profit - Private,Yes,Not Available
220031,BOSTON MEDICAL CENTER,BOSTON,MA,Acute Care Hospitals,Voluntary non-profit - Private,Yes,3
220036,BOSTON MEDICAL CENTER-BRIGHTON,BRIGHTON,MA,Acute Care Hospitals,Proprietary,Yes,3
260009,BOTHWELL REGIONAL HEALTH CENTER,SEDALIA,MO,Acute Care Hospitals,Government - Local,Yes,4
291309,BOULDER CITY HOSPITAL,BOULDER CITY,NV,Critical Access Hospitals,Voluntary non-profit - Private,Yes,Not Available
060027,BOULDER COMMUNITY HEALTH,BOULDER,CO,Acute Care Hospitals,Voluntary non-profit - Private,Yes,4
131301,BOUNDARY COMMUNITY HOSPITAL,BONNERS FERRY,ID,Critical Access Hospitals,Voluntary non-profit - Other,Yes,Not Available
180046,BOURBON COMMUNITY HOSPITAL,PARIS,KY,Acute Care Hospitals,Proprietary,Yes,2
224022,BOURNEWOOD HOSPITAL,BROOKLINE,MA,Psychiatric,Proprietary,No,Not Available
431318,BOWDLE HOSPITAL - CAH,BOWDLE,SD,Critical Access Hospitals,Government - Local,Yes,Not Available
281360,BOX BUTTE GENERAL HOSPITAL,ALLIANCE,NE,Critical Access Hospitals,Government - Local,Yes,4
283300,BOYS TOWN NATIONAL RESEARCH HOSPITAL,BOYS TOWN,NE,Childrens,Voluntary non-profit - Private,No,Not Available
271389,BOZEMAN HEALTH BIG SKY MEDICAL CENTER,BIG SKY,MT,Critical Access Hospitals,Voluntary non-profit - Private,Yes,Not Available
270057,BOZEMAN HEALTH DEACONESS HOSPITAL,BOZEMAN,MT,Acute Care Hospitals,Voluntary non-profit - Private,Yes,4
041327,BRADLEY COUNTY MEDICAL CENTER,WARREN,AR,Critical Access Hospitals,Voluntary non-profit - Private,Yes,Not Available
470011,BRATTLEBORO MEMORIAL HOSPITAL,BRATTLEBORO,VT,Acute Care Hospitals,Voluntary non-profit - Private,Yes,3
474001,BRATTLEBORO RETREAT,BRATTLEBORO,VT,Psychiatric,Voluntary non-profit - Private,Yes,Not Available
511308,"BRAXTON COUNTY MEMORIAL HOSPITAL, INC",GASSAWAY,WV,Critical Access Hospitals,Voluntary non-profit - Private,Yes,Not Available
181319,BRECKINRIDGE MEMORIAL HOSPITAL,HARDINSBURG,KY,Critical Access Hospitals,Government - Local,Yes,1
254007,BRENTWOOD BEHAVIORAL HEALTHCARE OF MS,FLOWOOD,MS,Psychiatric,Proprietary,Yes,Not Available
194020,BRENTWOOD HOSPITAL,SHREVEPORT,LA,Psychiatric,Proprietary,No,Not Available
154055,BRENTWOOD MEADOWS LLC,NEWBURGH,IN,Psychiatric,Voluntary non-profit - Private,No,Not Available
070010,BRIDGEPORT HOSPITAL,BRIDGEPORT,CT,Acute Care Hospitals,Voluntary non-profit - Private,Yes,4
044005,BRIDGEWAY HOSPITAL,NORTH LITTLE ROCK,AR,Psychiatric,Proprietary,No,Not Available
201310,BRIDGTON HOSPITAL,BRIDGTON,ME,Critical Access Hospitals,Voluntary non-profit - Private,Yes,3
220119,BRIGHAM AND WOMEN FAULKNER HOSPITAL,JAMAICA PLAIN,MA,Acute Care Hospitals,Voluntary non-profit - Private,Yes,5
220110,BRIGHAM AND WOMEN'S HOSPITAL,BOSTON,MA,Acute Care Hospitals,Voluntary non-profit - Private,Yes,5
460017,BRIGHAM CITY COMMUNITY HOSPITAL,BRIGHAM CITY,UT,Acute Care Hospitals,Proprietary,Yes,Not Available
154066,BRIGHTWELL BEHAVIORAL HEALTH,CLARKSVILLE,IN,Psychiatric,Proprietary,No,Not Available
234044,BRIGHTWELL BEHAVIORAL HEALTH,EAST LANSING,MI,Psychiatric,Proprietary,No,Not Available
021309,BRISTOL BAY DBA KANAKANAK HOSPITAL,DILLINGHAM,AK,Critical Access Hospitals,Voluntary non-profit - Private,Yes,Not Available
070029,BRISTOL HOSPITAL,BRISTOL,CT,Acute Care Hospitals,Voluntary non-profit - Private,Yes,2
160101,BROADLAWNS MEDICAL CENTER,DES MOINES,IA,Acute Care Hospitals,Government - Local,Yes,3
281315,BRODSTONE HEALTHCARE,SUPERIOR,NE,Critical Access Hospitals,Voluntary non-profit - Private,Yes,4
230075,BRONSON BATTLE CREEK HOSPITAL,BATTLE CREEK,MI,Acute Care Hospitals,Proprietary,Yes,3
234046,BRONSON BEHAVIORAL HEALTH HOSPITAL,BATTLE CREEK,MI,Psychiatric,Proprietary,No,Not Available
231332,BRONSON LAKEVIEW HOSPITAL,PAW PAW,MI,Critical Access Hospitals,Voluntary non-profit - Private,Yes,5
230017,BRONSON METHODIST HOSPITAL,KALAMAZOO,MI,Acute Care Hospitals,Voluntary non-profit - Private,Yes,4
230085,BRONSON SOUTH HAVEN HOSPITAL,SOUTH HAVEN,MI,Acute Care Hospitals,Government - Hospital District or Authority,Yes,Not Available
334053,BRONX PSYCHIATRIC CENTER,BRONX,NY,Psychiatric,Government - State,No,Not Available
33016F,BRONX VA MEDICAL CENTER,BRONX,NY,Acute Care - Veterans Administration,Veterans Health Administration,Yes,4
330009,BRONXCARE HOSPITAL CENTER,BRONX,NY,Acute Care Hospitals,Voluntary non-profit - Private,Yes,1
214003,BROOK LANE HEALTH SERVICES,HAGERSTOWN,MD,Psychiatric,Voluntary non-profit - Private,No,Not Available
330233,BROOKDALE HOSPITAL MEDICAL CENTER,BROOKLYN,NY,Acute Care Hospitals,Voluntary non-profit - Private,Yes,1
394049,BROOKE GLEN BEHAVIORAL HOSPITAL,FORT WASHINGTON,PA,Psychiatric,Voluntary non-profit - Private,No,Not Available
374012,"BROOKHAVEN HOSPITAL, LLC",TULSA,OK,Psychiatric,Proprietary,No,Not Available
430008,BROOKINGS HEALTH SYSTEM,BROOKINGS,SD,Acute Care Hospitals,Government - Local,Yes,4
330056,BROOKLYN HOSPITAL CENTER - DOWNTOWN CAMPUS,BROOKLYN,NY,Acute Care Hospitals,Voluntary non-profit - Other,Yes,2
330229,"BROOKS-TLC HOSPITAL SYSTEM, INC",DUNKIRK,NY,Acute Care Hospitals,Voluntary non-profit - Private,Yes,1
344025,BROUGHTON HOSPITAL,MORGANTON,NC,Psychiatric,Government - State,No,Not Available
100276,BROWARD HEALTH CORAL SPRINGS,CORAL SPRINGS,FL,Acute Care Hospitals,Government - Hospital District or Authority,Yes,4
100200,BROWARD HEALTH IMPERIAL POINT,FORT LAUDERDALE,FL,Acute Care Hospitals,Government - Hospital District or Authority,No,3
100039,BROWARD HEALTH MEDICAL CENTER,FORT LAUDERDALE,FL,Acute Care Hospitals,Government - Hospital District or Authority,Yes,3
100086,BROWARD HEALTH NORTH,DEERFIELD BEACH,FL,Acute Care Hospitals,Government - Hospital District or Authority,Yes,3
524014,BROWN COUNTY COMMUNITY TREATMENT CTR,GREEN BAY,WI,Psychiatric,Government - Local,No,Not Available
281325,BROWN COUNTY HOSPITAL,AINSWORTH,NE,Critical Access Hospitals,Government - Local,Yes,Not Available
220073,BROWN UNIVERSITY HEALTH MORTON HOSPITAL,TAUNTON,MA,Acute Care Hospitals,Proprietary,Yes,1
450399,BROWNFIELD REGIONAL MEDICAL CENTER,BROWNFIELD,TX,Acute Care Hospitals,Government - Hospital District or Authority,Yes,Not Available
334026,"BRUNSWICK HOSPITAL CENTER, INC.",AMITYVILLE,NY,Psychiatric,Proprietary,No,Not Available
670326,BRUSHY CREEK FAMILY HOSPITAL LLC,ROUND ROCK,TX,Acute Care Hospitals,Proprietary,No,Not Available
280003,BRYAN MEDICAL CENTER,LINCOLN,NE,Acute Care Hospitals,Voluntary non-profit - Private,Yes,3
014007,BRYCE HOSPITAL,TUSCALOOSA,AL,Psychiatric,Government - State,No,Not Available
334022,BRYLIN HOSP,BUFFALO,NY,Psychiatric,Proprietary,No,Not Available
390139,BRYN MAWR HOSPITAL,BRYN MAWR,PA,Acute Care Hospitals,Voluntary non-profit - Private,Yes,5
344016,BRYNN MARR HOSP,JACKSONVILLE,NC,Psychiatric,Government - Federal,Yes,Not Available
450231,BSA HOSPITAL,AMARILLO,TX,Acute Care Hospitals,Proprietary,Yes,2
161335,BUCHANAN COUNTY HEALTH CENTER,INDEPENDENCE,IA,Critical Access Hospitals,Government - Local,Yes,Not Available
490127,BUCHANAN GENERAL HOSPITAL,GRUNDY,VA,Acute Care Hospitals,Voluntary non-profit - Private,Yes,4
391304,BUCKTAIL MEDICAL CENTER,RENOVO,PA,Critical Access Hospitals,Voluntary non-profit - Private,Yes,Not Available
361316,BUCYRUS COMMUNITY HOSPITAL,BUCYRUS,OH,Critical Access Hospitals,Voluntary non-profit - Other,Yes,Not Available
161375,BUENA VISTA REGIONAL MEDICAL CENTER,STORM LAKE,IA,Critical Access Hospitals,Government - Local,Yes,2
240076,BUFFALO HOSPITAL,BUFFALO,MN,Acute Care Hospitals,Voluntary non-profit - Other,No,5
334052,BUFFALO PSYCHIATRIC CENTER,BUFFALO,NY,Psychiatric,Government - State,No,Not Available
010110,BULLOCK COUNTY HOSPITAL,UNION SPRINGS,AL,Acute Care Hospitals,Proprietary,Yes,Not Available
010779,BULLOCK COUNTY HOSPITAL,UNION SPRINGS,AL,Rural Emergency Hospital,Proprietary,Yes,Not Available
191311,BUNKIE GENERAL HOSPITAL,BUNKIE,LA,Critical Access Hospitals,Government - Hospital District or Authority,Yes,Not Available
161359,BURGESS HEALTH CENTER,ONAWA,IA,Critical Access Hospitals,Voluntary non-profit - Private,Yes,3
110113,BURKE MEDICAL CENTER,WAYNESBORO,GA,Acute Care Hospitals,Proprietary,No,Not Available
451305,BURLESON ST JOSEPH HEALTH CENTER,CALDWELL,TX,Critical Access Hospitals,Voluntary non-profit - Private,Yes,Not Available
521331,BURNETT MEDICAL CENTER,GRANTSBURG,WI,Critical Access Hospitals,Voluntary non-profit - Private,Yes,Not Available
281332,BUTLER COUNTY HEALTH,DAVID CITY,NE,Critical Access Hospitals,Government - Local,Yes,Not Available
414000,BUTLER HOSPITAL,PROVIDENCE,RI,Psychiatric,Voluntary non-profit - Private,No,Not Available
190164,BYRD REGIONAL HOSPITAL,LEESVILLE,LA,Acute Care Hospitals,Proprietary,Yes,2
02014F,Bassett ACH (FT Wainwright),Fort Wainwright,AK,Acute Care - Department of Defense,Department of Defense,Yes,Not Available
450193,Baylor St Lukes Medical Center,HOUSTON,TX,Acute Care Hospitals,Voluntary non-profit - Church,Yes,4
19050F,Bayne-Jones ACH (Ft Johnson),Fort Johnson,LA,Acute Care - Department of Defense,Department of Defense,Yes,Not Available
18003F,Blanchfield ACH (FT Campbell),Fort Campbell,KY,Acute Care - Department of Defense,Department of Defense,Yes,Not Available
45069F,Brooke Army Medical Center (FT Sam Houston),Fort Sam Houston,TX,Acute Care - Department of Defense,Department of Defense,Yes,Not Available
510055,"CABELL HUNTINGTON HOSPITAL, INC",HUNTINGTON,WV,Acute Care Hospitals,Voluntary non-profit - Private,Yes,3
271320,CABINET PEAKS MEDICAL CENTER,LIBBY,MT,Critical Access Hospitals,Voluntary non-profit - Private,Yes,2
460054,CACHE VALLEY HOSPITAL,NORTH LOGAN,UT,Acute Care Hospitals,Proprietary,Yes,Not Available
201305,CALAIS COMMUNITY HOSPITAL,CALAIS,ME,Critical Access Hospitals,Voluntary non-profit - Private,Yes,Not Available
181322,CALDWELL MEDICAL CENTER,PRINCETON,KY,Critical Access Hospitals,Voluntary non-profit - Private,Yes,Not Available
340041,CALDWELL MEMORIAL HOSPITAL,LENOIR,NC,Acute Care Hospitals,Voluntary non-profit - Other,Yes,3
190190,"CALDWELL MEMORIAL HOSPITAL, INC",COLUMBIA,LA,Acute Care Hospitals,Proprietary,No,Not Available
171329,CALDWELL REGIONAL MEDICAL CENTER,CALDWELL,KS,Critical Access Hospitals,Government - Hospital District or Authority,Yes,Not Available
101304,CALHOUN-LIBERTY HOSPITAL,BLOUNTSTOWN,FL,Critical Access Hospitals,Voluntary non-profit - Private,Yes,Not Available
050149,CALIFORNIA HOSPITAL MEDICAL CENTER LA,LOS ANGELES,CA,Acute Care Hospitals,Voluntary non-profit - Other,Yes,2
050055,CALIFORNIA PACIFIC MEDICAL CENTER - MISSION BERNAL,SAN FRANCISCO,CA,Acute Care Hospitals,Voluntary non-profit - Church,Yes,4
050047,CALIFORNIA PACIFIC MEDICAL CENTER- VAN NESS CAMPUS,SAN FRANCISCO,CA,Acute Care Hospitals,Voluntary non-profit - Private,Yes,3
050008,CALIFORNIA PACIFIC MEDICAL CTR-DAVIES CAMPUS HOSP,SAN FRANCISCO,CA,Acute Care Hospitals,Voluntary non-profit - Other,No,3
281335,CALLAWAY DISTRICT HOSPITAL,CALLAWAY,NE,Critical Access Hospitals,Government - Hospital District or Authority,Yes,Not Available
210039,CALVERTHEALTH MEDICAL CENTER,PRINCE FREDERICK,MD,Acute Care Hospitals,Voluntary non-profit - Other,Yes,5
220011,CAMBRIDGE HEALTH ALLIANCE,CAMBRIDGE,MA,Acute Care Hospitals,Government - Local,Yes,3
240020,CAMBRIDGE MEDICAL CENTER,CAMBRIDGE,MN,Acute Care Hospitals,Voluntary non-profit - Private,Yes,4
510091,CAMC CHARLESTON SURGICAL HOSPITAL,CHARLESTON,WV,Acute Care Hospitals,Physician,No,Not Available
510002,"CAMC GREENBRIER VALLEY MEDICAL CENTER, INC",RONCEVERTE,WV,Acute Care Hospitals,Proprietary,Yes,2
511317,"CAMC PLATEAU MEDICAL CENTER, INC",OAK HILL,WV,Critical Access Hospitals,Proprietary,Yes,Not Available
510058,CAMDEN CLARK MEDICAL CENTER,PARKERSBURG,WV,Acute Care Hospitals,Voluntary non-profit - Private,Yes,2
151315,CAMERON MEMORIAL COMMUNITY HOSPITAL INC,ANGOLA,IN,Critical Access Hospitals,Voluntary non-profit - Private,Yes,3
260057,CAMERON REGIONAL MEDICAL CENTER,CAMERON,MO,Acute Care Hospitals,Voluntary non-profit - Private,Yes,1
530002,CAMPBELL COUNTY HEALTH,GILLETTE,WY,Acute Care Hospitals,Government - Hospital District or Authority,Yes,3
111334,CANDLER COUNTY HOSPITAL,METTER,GA,Critical Access Hospitals,Proprietary,Yes,Not Available
110024,CANDLER HOSPITAL,SAVANNAH,GA,Acute Care Hospitals,Voluntary non-profit - Other,Yes,2
420011,CANNON MEMORIAL HOSPITAL,PICKENS,SC,Acute Care Hospitals,Voluntary non-profit - Private,Yes,Not Available
390160,CANONSBURG GENERAL HOSPITAL,CANONSBURG,PA,Acute Care Hospitals,Voluntary non-profit - Private,Yes,3
330197,CANTON-POTSDAM HOSPITAL,POTSDAM,NY,Acute Care Hospitals,Voluntary non-profit - Private,Yes,2
454152,CANYON CREEK BEHAVIORAL HEALTH,TEMPLE,TX,Psychiatric,Proprietary,No,Not Available
054111,CANYON RIDGE HOSPITAL,CHINO,CA,Psychiatric,Proprietary,No,Not Available
030043,CANYON VISTA MEDICAL CENTER,SIERRA VISTA,AZ,Acute Care Hospitals,Voluntary non-profit - Other,Yes,2
100177,CAPE CANAVERAL HOSPITAL,COCOA BEACH,FL,Acute Care Hospitals,Voluntary non-profit - Private,Yes,3
224031,CAPE COD & ISLANDS COMMUNITY MENTAL HEALTH CENTER,POCASSET,MA,Psychiatric,Government - State,No,Not Available
220012,CAPE COD HOSPITAL,HYANNIS,MA,Acute Care Hospitals,Voluntary non-profit - Private,Yes,2
100244,CAPE CORAL HOSPITAL,CAPE CORAL,FL,Acute Care Hospitals,Government - Hospital District or Authority,Yes,3
340188,CAPE FEAR VALLEY HOKE HOSPITAL,RAEFORD,NC,Acute Care Hospitals,Voluntary non-profit - Private,Yes,4
340028,CAPE FEAR VALLEY MEDICAL CENTER,FAYETTEVILLE,NC,Acute Care Hospitals,Voluntary non-profit - Private,Yes,2
341315,CAPE FEAR VALLEY-BLADEN COUNTY HOSPITAL,ELIZABETHTOWN,NC,Critical Access Hospitals,Voluntary non-profit - Private,Yes,Not Available
310011,CAPE REGIONAL MEDICAL CENTER INC,CAPE MAY COURT HOUSE,NJ,Acute Care Hospitals,Voluntary non-profit - Private,Yes,3
334046,CAPITAL DISTRICT PSYCH CENTER,ALBANY,NY,Psychiatric,Government - State,No,Not Available
310044,CAPITAL HEALTH MEDICAL CENTER - HOPEWELL,PENNINGTON,NJ,Acute Care Hospitals,Voluntary non-profit - Private,Yes,2
310092,CAPITAL HEALTH REGIONAL MEDICAL CENTER,TRENTON,NJ,Acute Care Hospitals,Voluntary non-profit - Private,Yes,2
500139,CAPITAL MEDICAL CENTER,OLYMPIA,WA,Acute Care Hospitals,Voluntary non-profit - Private,Yes,3
310025,CAREPOINT HEALTH - BAYONNE MEDICAL CENTER,BAYONNE,NJ,Acute Care Hospitals,Voluntary non-profit - Private,No,1
310040,CAREPOINT HEALTH-HOBOKEN UNIVERSITY MEDICAL CENTER,HOBOKEN,NJ,Acute Care Hospitals,Voluntary non-profit - Church,No,1
310083,CAREWELL HEALTH MEDICAL CENTER,EAST ORANGE,NJ,Acute Care Hospitals,Proprietary,Yes,1
400131,CARIBBEAN MEDICAL CENTER,FAJARDO,PR,Acute Care Hospitals,Proprietary,Yes,Not Available
131309,CARIBOU MEDICAL CENTER,SODA SPRINGS,ID,Critical Access Hospitals,Government - Local,Yes,Not Available
490089,CARILION FRANKLIN MEMORIAL HOSPITAL,ROCKY MOUNT,VA,Acute Care Hospitals,Voluntary non-profit - Private,Yes,4
491302,CARILION GILES COMMUNITY HOSPITAL,PEARISBURG,VA,Critical Access Hospitals,Voluntary non-profit - Private,Yes,4
490024,CARILION MEDICAL CENTER,ROANOKE,VA,Acute Care Hospitals,Voluntary non-profit - Private,Yes,3
490042,CARILION NEW RIVER VALLEY MEDICAL CENTER,CHRISTIANSBURG,VA,Acute Care Hospitals,Voluntary non-profit - Private,Yes,4
491304,CARILION STONEWALL JACKSON HOSPITAL,LEXINGTON,VA,Critical Access Hospitals,Voluntary non-profit - Private,Yes,3
490117,CARILION TAZEWELL COMMUNITY HOSPITAL,TAZEWELL,VA,Acute Care Hospitals,Voluntary non-profit - Other,Yes,Not Available
374006,CARL ALBERT COMMUNITY MENTAL HEALTH CENTER,MCALESTER,OK,Psychiatric,Government - State,No,Not Available
140127,CARLE BROMENN MEDICAL CENTER,NORMAL,IL,Acute Care Hospitals,Voluntary non-profit - Church,Yes,3
141309,CARLE EUREKA  HOSPITAL,EUREKA,IL,Critical Access Hospitals,Voluntary non-profit - Private,Yes,Not Available
140091,CARLE FOUNDATION HOSPITAL,URBANA,IL,Acute Care Hospitals,Voluntary non-profit - Private,Yes,2
140209,CARLE HEALTH METHODIST HOSPITAL,PEORIA,IL,Acute Care Hospitals,Voluntary non-profit - Private,Yes,2
140120,CARLE HEALTH PEKIN HOSPITAL,PEKIN,IL,Acute Care Hospitals,Voluntary non-profit - Private,Yes,3
140013,CARLE HEALTH PROCTOR HOSPITAL,PEORIA,IL,Acute Care Hospitals,Voluntary non-profit - Private,Yes,3
141316,CARLE HOOPESTON REGIONAL HEALTH CENTER,HOOPESTON,IL,Critical Access Hospitals,Voluntary non-profit - Private,Yes,Not Available
141355,CARLE RICHLAND MEMORIAL HOSPITAL,OLNEY,IL,Critical Access Hospitals,Voluntary non-profit - Private,Yes,2
141347,CARLINVILLE AREA HOSPITAL,CARLINVILLE,IL,Critical Access Hospitals,Voluntary non-profit - Private,Yes,2
320063,CARLSBAD MEDICAL CENTER,CARLSBAD,NM,Acute Care Hospitals,Voluntary non-profit - Other,Yes,1
371334,CARNEGIE TRI-COUNTY MUNICIPAL HOSPITAL,CARNEGIE,OK,Critical Access Hospitals,Government - Hospital District or Authority,Yes,Not Available
220017,CARNEY HOSPITAL,BOSTON,MA,Acute Care Hospitals,Proprietary,Yes,Not Available
234025,CARO PSYCHIATRIC HOSPITAL,CARO,MI,Psychiatric,Government - State,No,Not Available
424010,"CAROLINA CTR FOR BEHAVIORAL HEALTH,THE",GREER,SC,Psychiatric,Proprietary,No,Not Available
340131,CAROLINA EAST MEDICAL CENTER,NEW BERN,NC,Acute Care Hospitals,Government - Hospital District or Authority,Yes,4
420010,CAROLINA PINES REGIONAL MEDICAL CENTER,HARTSVILLE,SC,Acute Care Hospitals,Proprietary,Yes,2
340001,CAROLINAS MEDICAL CENTER-NORTHEAST,CONCORD,NC,Acute Care Hospitals,Government - Hospital District or Authority,Yes,4
340113,CAROLINAS MEDICAL CENTER/BEHAV HEALTH,CHARLOTTE,NC,Acute Care Hospitals,Government - Hospital District or Authority,Yes,4
340032,CAROMONT REGIONAL MEDICAL CENTER,GASTONIA,NC,Acute Care Hospitals,Voluntary non-profit - Private,Yes,4
351318,CARRINGTON HEALTH CENTER,CARRINGTON,ND,Critical Access Hospitals,Voluntary non-profit - Private,Yes,Not Available
181310,CARROLL COUNTY MEMORIAL HOSPITAL,CARROLLTON,KY,Critical Access Hospitals,Voluntary non-profit - Private,Yes,Not Available
261332,CARROLL COUNTY MEMORIAL HOSPITAL,CARROLLTON,MO,Critical Access Hospitals,Voluntary non-profit - Private,Yes,Not Available
210033,CARROLL HOSPITAL CENTER,WESTMINSTER,MD,Acute Care Hospitals,Voluntary non-profit - Private,Yes,3
450730,CARROLLTON REGIONAL MEDICAL CENTER,CARROLLTON,TX,Acute Care Hospitals,Proprietary,Yes,2
454119,CARROLLTON SPRINGS,CARROLLTON,TX,Psychiatric,Proprietary,No,Not Available
454153,CARRUS BEHAVIORAL HOSPITAL,SHERMAN,TX,Psychiatric,Proprietary,No,Not Available
370246,CARRUS LAKESIDE HOSPITAL,BRISTOW,OK,Acute Care Hospitals,Proprietary,Yes,Not Available
290019,CARSON TAHOE REGIONAL MEDICAL CENTER,CARSON CITY,NV,Acute Care Hospitals,Voluntary non-profit - Private,Yes,2
291306,CARSON VALLEY HEALTH,GARDNERVILLE,NV,Critical Access Hospitals,Voluntary non-profit - Private,Yes,5
340142,CARTERET GENERAL HOSPITAL,MOREHEAD CITY,NC,Acute Care Hospitals,Proprietary,Yes,2
330060,"CARTHAGE AREA HOSPITAL, INC",CARTHAGE,NY,Acute Care Hospitals,Voluntary non-profit - Private,Yes,Not Available
331318,"CARTHAGE AREA HOSPITAL, INC",CARTHAGE,NY,Critical Access Hospitals,Voluntary non-profit - Private,Yes,Not Available
200031,CARY MEDICAL CENTER,CARIBOU,ME,Acute Care Hospitals,Government - Local,Yes,1
050782,CASA COLINA HOSPITAL,POMONA,CA,Acute Care Hospitals,Voluntary non-profit - Private,No,Not Available
130779,CASCADE MEDICAL CENTER,CASCADE,ID,Rural Emergency Hospital,Government - Hospital District or Authority,Yes,Not Available
501313,CASCADE MEDICAL CENTER,LEAVENWORTH,WA,Critical Access Hospitals,Government - Hospital District or Authority,Yes,Not Available
500060,CASCADE VALLEY HOSPITAL,ARLINGTON,WA,Acute Care Hospitals,Government - Hospital District or Authority,Yes,4
181309,CASEY COUNTY HOSPITAL,LIBERTY,KY,Critical Access Hospitals,Government - Hospital District or Authority,Yes,3
161376,CASS COUNTY MEMORIAL HOSPITAL,ATLANTIC,IA,Critical Access Hospitals,Government - Local,Yes,5
241358,CASS LAKE INDIAN HEALTH SERVICES HOSPITAL,CASS LAKE,MN,Critical Access Hospitals,Government - Federal,Yes,Not Available
261324,CASS REGIONAL MEDICAL CENTER,HARRISONVILLE,MO,Critical Access Hospitals,Government - Local,Yes,4
131326,CASSIA REGIONAL HOSPITAL,BURLEY,ID,Critical Access Hospitals,Voluntary non-profit - Private,Yes,3
460011,CASTLEVIEW HOSPITAL,PRICE,UT,Acute Care Hospitals,Proprietary,Yes,2
051307,CATALINA ISLAND MEDICAL CENTER,AVALON,CA,Critical Access Hospitals,Voluntary non-profit - Private,Yes,Not Available
494033,CATAWBA HOSPITAL,CATAWBA,VA,Psychiatric,Government - State,No,Not Available
340143,CATAWBA VALLEY MEDICAL CENTER,HICKORY,NC,Acute Care Hospitals,Voluntary non-profit - Other,Yes,2
300034,CATHOLIC MEDICAL CENTER,MANCHESTER,NH,Acute Care Hospitals,Voluntary non-profit - Private,Yes,4
351323,CAVALIER COUNTY MEMORIAL HOSPITAL ASSOCIATION,LANGDON,ND,Critical Access Hospitals,Voluntary non-profit - Private,Yes,Not Available
181314,CAVERNA MEMORIAL HOSPITAL,HORSE CAVE,KY,Critical Access Hospitals,Voluntary non-profit - Private,Yes,Not Available
330307,CAYUGA MEDICAL CENTER AT ITHACA,ITHACA,NY,Acute Care Hospitals,Voluntary non-profit - Private,Yes,3
460007,CEDAR CITY HOSPITAL,CEDAR CITY,UT,Acute Care Hospitals,Voluntary non-profit - Private,Yes,3
261323,CEDAR COUNTY MEMORIAL HOSPITAL,EL DORADO SPRINGS,MO,Critical Access Hospitals,Government - Local,Yes,Not Available
234043,CEDAR CREEK HOSPITAL,SAINT JOHNS,MI,Psychiatric,Proprietary,No,Not Available
454114,CEDAR CREST HOSPITAL & RTC,BELTON,TX,Psychiatric,Proprietary,No,Not Available
454159,CEDAR HILLS BEHAVIORAL,SAN ANTONIO,TX,Psychiatric,Voluntary non-profit - Other,Yes,Not Available
384012,CEDAR HILLS HOSPITAL,PORTLAND,OR,Psychiatric,Proprietary,No,Not Available
374023,CEDAR RIDGE BEHAVIORAL HOSPITAL,OKLAHOMA CITY,OK,Psychiatric,Proprietary,No,Not Available
064009,CEDAR SPRINGS HOSPITAL,COLORADO SPRINGS,CO,Psychiatric,Proprietary,Yes,Not Available
050740,CEDAR-SINAI MARINA DEL REY HOSPITAL,MARINA DEL REY,CA,Acute Care Hospitals,Proprietary,Yes,4
050625,CEDARS-SINAI MEDICAL CENTER,LOS ANGELES,CA,Acute Care Hospitals,Voluntary non-profit - Other,Yes,5
290054,CENTENNIAL HILLS HOSPITAL MEDICAL CENTER,LAS VEGAS,NV,Acute Care Hospitals,Proprietary,Yes,2
064007,CENTENNIAL PEAKS HOSPITAL,LOUISVILLE,CO,Psychiatric,Government - Hospital District or Authority,No,Not Available
264004,CENTER FOR BEHAVIORAL MEDICINE,FULTON,MO,Psychiatric,Government - State,No,Not Available
264008,CENTER FOR BEHAVIORAL MEDICINE,KANSAS CITY,MO,Psychiatric,Government - State,No,Not Available
260095,CENTERPOINT MEDICAL CENTER,INDEPENDENCE,MO,Acute Care Hospitals,Proprietary,Yes,3
264012,CENTERPOINTE HOSPITAL,SAINT CHARLES,MO,Psychiatric,Proprietary,No,Not Available
264032,CENTERPOINTE HOSPITAL OF COLUMBIA,COLUMBIA,MO,Psychiatric,Proprietary,No,Not Available
104040,CENTERSTONE OF FLORIDA,BRADENTON,FL,Psychiatric,Voluntary non-profit - Private,No,Not Available
050739,CENTINELA HOSPITAL MEDICAL CENTER,INGLEWOOD,CA,Acute Care Hospitals,Proprietary,No,2
490088,CENTRA BEDFORD MEMORIAL HOSPITAL,BEDFORD,VA,Acute Care Hospitals,Voluntary non-profit - Private,Yes,5
490021,CENTRA HEALTH -  LYNCHBURG GEN HOSPITAL,LYNCHBURG,VA,Acute Care Hospitals,Voluntary non-profit - Private,Yes,3
241365,CENTRACARE - BENSON,BENSON,MN,Critical Access Hospitals,Government - Hospital District or Authority,Yes,Not Available
241349,CENTRACARE - PAYNESVILLE HOSPITAL,PAYNESVILLE,MN,Critical Access Hospitals,Voluntary non-profit - Private,Yes,Not Available
241351,CENTRACARE - REDWOOD,REDWOOD FALLS,MN,Critical Access Hospitals,Government - Local,Yes,Not Available
241362,CENTRACARE HEALTH - MONTICELLO,MONTICELLO,MN,Critical Access Hospitals,Voluntary non-profit - Private,Yes,Not Available
241326,CENTRACARE HEALTH SYSTEM - LONG PRAIRIE,LONG PRAIRIE,MN,Critical Access Hospitals,Voluntary non-profit - Private,Yes,Not Available
241330,CENTRACARE HEALTH SYSTEM - MELROSE HOSPITAL,MELROSE,MN,Critical Access Hospitals,Voluntary non-profit - Private,No,5
241368,CENTRACARE HEALTH SYSTEM - SAUK CENTRE,SAUK CENTRE,MN,Critical Access Hospitals,Voluntary non-profit - Private,Yes,Not Available
240088,CENTRACARE- RICE MEMORIAL HOSPITAL,WILLMAR,MN,Acute Care Hospitals,Government - Local,Yes,3
340020,CENTRAL CAROLINA HOSPITAL,SANFORD,NC,Acute Care Hospitals,Voluntary non-profit - Private,Yes,2
324014,CENTRAL DESERT BEHAVIORAL HEALTH HOSPITAL,ALBUQUERQUE,NM,Psychiatric,Proprietary,No,Not Available
104072,CENTRAL FLORIDA BEHAVIORAL HOSPITAL,ORLANDO,FL,Psychiatric,Proprietary,No,Not Available
100161,CENTRAL FLORIDA LAKE MONROE HOSPITAL,SANFORD,FL,Acute Care Hospitals,Proprietary,Yes,2
194025,CENTRAL LOUISIANA STATE HOSPITAL,PINEVILLE,LA,Psychiatric,Government - State,No,Not Available
200024,CENTRAL MAINE MEDICAL CENTER,LEWISTON,ME,Acute Care Hospitals,Voluntary non-profit - Private,Yes,4
271345,CENTRAL MONTANA MEDICAL CENTER,LEWISTOWN,MT,Critical Access Hospitals,Voluntary non-profit - Private,Yes,Not Available
020024,CENTRAL PENINSULA GENERAL HOSPITAL,SOLDOTNA,AK,Acute Care Hospitals,Voluntary non-profit - Other,Yes,2
344004,CENTRAL REGIONAL HOSPITAL,BUTNER,NC,Psychiatric,Voluntary non-profit - Church,Yes,Not Available
184015,CENTRAL STATE HOSPITAL,LOUISVILLE,KY,Psychiatric,Government - State,No,Not Available
461304,CENTRAL VALLEY MEDICAL CENTER - CAH,NEPHI,UT,Critical Access Hospitals,Voluntary non-profit - Private,Yes,Not Available
470001,CENTRAL VERMONT MEDICAL CENTER,BARRE,VT,Acute Care Hospitals,Voluntary non-profit - Private,Yes,3
310111,CENTRASTATE MEDICAL CENTER,FREEHOLD,NJ,Acute Care Hospitals,Voluntary non-profit - Private,Yes,4
400124,CENTRO CARDIOVASCULAR DE PUERTO RICO Y EL CARIBE,SAN JUAN,PR,Acute Care Hospitals,Government - State,Yes,Not Available
404009,CENTRO DE SALUD CONDUCTUAL MENONITA-CIMA,AIBONITO,PR,Psychiatric,Voluntary non-profit - Private,No,Not Available
400141,CENTRO MEDICO DEL NORESTE,FAJARDO,PR,Acute Care Hospitals,Proprietary,Yes,Not Available
400115,CENTRO MEDICO WILMA N VAZQUEZ,VEGA BAJA,PR,Acute Care Hospitals,Proprietary,Yes,Not Available
060031,CENTURA HEALTH-PENROSE ST FRANCIS HEALTH SERVICES,COLORADO SPRINGS,CO,Acute Care Hospitals,Voluntary non-profit - Private,Yes,3
060015,CENTURA HEALTH-ST ANTHONY HOSPITAL,LAKEWOOD,CO,Acute Care Hospitals,Voluntary non-profit - Church,Yes,4
060104,CENTURA HEALTH-ST ANTHONY NORTH HEALTH CAMPUS,WESTMINSTER,CO,Acute Care Hospitals,Voluntary non-profit - Private,Yes,5
170175,CENTURA ST. CATHERINE-DODGE CITY,DODGE CITY,KS,Acute Care Hospitals,Proprietary,Yes,3
140043,CGH MEDICAL CENTER,STERLING,IL,Acute Care Hospitals,Government - Local,Yes,1
281341,CHADRON HOSPITAL,CHADRON,NE,Critical Access Hospitals,Voluntary non-profit - Private,Yes,3
040011,CHAMBERS MEMORIAL HOSPITAL,DANVILLE,AR,Acute Care Hospitals,Voluntary non-profit - Private,Yes,4
390112,CHAN SOON- SHIONG MEDICAL CENTER AT WINDBER,WINDBER,PA,Acute Care Hospitals,Voluntary non-profit - Private,Yes,2
030036,CHANDLER REGIONAL MEDICAL CENTER,CHANDLER,AZ,Acute Care Hospitals,Voluntary non-profit - Private,Yes,4
034027,CHANGEPOINT PSYCHIATRIC HOSPITAL,LAKESIDE,AZ,Psychiatric,Voluntary non-profit - Private,No,Not Available
050745,CHAPMAN GLOBAL MEDICAL CENTER,ORANGE,CA,Acute Care Hospitals,Proprietary,No,2
341323,CHARLES A CANNON JR MEMORIAL HOSPITAL,LINVILLE,NC,Critical Access Hospitals,Voluntary non-profit - Private,Yes,Not Available
510022,CHARLESTON AREA MEDICAL CENTER,CHARLESTON,WV,Acute Care Hospitals,Voluntary non-profit - Private,Yes,2
42029F,CHARLESTON VA MEDICAL CENTER,CHARLESTON,SC,Acute Care - Veterans Administration,Veterans Health Administration,Yes,5
231322,CHARLEVOIX AREA HOSPITAL,CHARLEVOIX,MI,Critical Access Hospitals,Voluntary non-profit - Other,Yes,Not Available
070011,CHARLOTTE HUNGERFORD HOSPITAL,TORRINGTON,CT,Acute Care Hospitals,Voluntary non-profit - Private,Yes,3
281351,CHASE COUNTY COMMUNITY HOSPITAL,IMPERIAL,NE,Critical Access Hospitals,Government - Local,Yes,Not Available
341311,CHATHAM HOSPITAL INC,SILER CITY,NC,Critical Access Hospitals,Voluntary non-profit - Private,Yes,4
111324,CHATUGE REGIONAL HOSPITAL,HIAWASSEE,GA,Critical Access Hospitals,Government - Hospital District or Authority,Yes,Not Available
230259,CHELSEA HOSPITAL,CHELSEA,MI,Acute Care Hospitals,Voluntary non-profit - Private,Yes,4
330033,CHENANGO MEMORIAL HOSPITAL,NORWICH,NY,Acute Care Hospitals,Voluntary non-profit - Private,Yes,2
340156,CHEROKEE INDIAN HOSPITAL AUTHORITY,CHEROKEE,NC,Acute Care Hospitals,Government - Federal,Yes,Not Available
420043,CHEROKEE MEDICAL CENTER,GAFFNEY,SC,Acute Care Hospitals,Government - Hospital District or Authority,Yes,2
370171,CHEROKEE NATION W W HASTINGS INDIAN HOSPITAL,TAHLEQUAH,OK,Acute Care Hospitals,Voluntary non-profit - Other,Yes,3
161362,CHEROKEE REGIONAL MEDICAL CENTER,CHEROKEE,IA,Critical Access Hospitals,Voluntary non-profit - Private,Yes,2
281344,CHERRY COUNTY HOSPITAL,VALENTINE,NE,Critical Access Hospitals,Government - Local,Yes,Not Available
344026,CHERRY HOSPITAL,GOLDSBORO,NC,Psychiatric,Government - State,No,Not Available
490120,CHESAPEAKE GENERAL HOSPITAL,CHESAPEAKE,VA,Acute Care Hospitals,Government - Hospital District or Authority,Yes,3
300019,CHESHIRE MEDICAL CENTER,KEENE,NH,Acute Care Hospitals,Voluntary non-profit - Private,Yes,4
390179,CHESTER COUNTY HOSPITAL,WEST CHESTER,PA,Acute Care Hospitals,Voluntary non-profit - Private,Yes,5
171310,CHEYENNE COUNTY HOSPITAL,ST FRANCIS,KS,Critical Access Hospitals,Voluntary non-profit - Private,Yes,Not Available
530014,CHEYENNE REGIONAL MEDICAL CENTER,CHEYENNE,WY,Acute Care Hospitals,Voluntary non-profit - Other,Yes,3
53004F,CHEYENNE VA MEDICAL CENTER,CHEYENNE,WY,Acute Care - Veterans Administration,Veterans Health Administration,Yes,5
161304,CHI HEALTH - MERCY CORNING,CORNING,IA,Critical Access Hospitals,Voluntary non-profit - Church,Yes,3
280060,CHI HEALTH BERGAN MERCY,OMAHA,NE,Acute Care Hospitals,Voluntary non-profit - Private,Yes,4
280009,CHI HEALTH GOOD SAMARITAN,KEARNEY,NE,Acute Care Hospitals,Voluntary non-profit - Church,Yes,4
280081,CHI HEALTH IMMANUEL,OMAHA,NE,Acute Care Hospitals,Voluntary non-profit - Private,Yes,3
280130,CHI HEALTH LAKESIDE,OMAHA,NE,Acute Care Hospitals,Voluntary non-profit - Church,Yes,4
160028,CHI HEALTH MERCY COUNCIL BLUFFS,COUNCIL BLUFFS,IA,Acute Care Hospitals,Voluntary non-profit - Private,Yes,5
280105,CHI HEALTH MIDLANDS,PAPILLION,NE,Acute Care Hospitals,Voluntary non-profit - Church,Yes,4
161309,CHI HEALTH MISSOURI VALLEY,MISSOURI VALLEY,IA,Critical Access Hospitals,Voluntary non-profit - Private,Yes,4
280128,CHI HEALTH NEBRASKA HEART,LINCOLN,NE,Acute Care Hospitals,Voluntary non-profit - Private,No,4
281346,CHI HEALTH PLAINVIEW HOSPITAL,PLAINVIEW,NE,Critical Access Hospitals,Voluntary non-profit - Church,Yes,Not Available
281323,CHI HEALTH SCHUYLER,SCHUYLER,NE,Critical Access Hospitals,Voluntary non-profit - Private,Yes,Not Available
280020,CHI HEALTH ST. ELIZABETH,LINCOLN,NE,Acute Care Hospitals,Voluntary non-profit - Private,Yes,4
280023,CHI HEALTH ST. FRANCIS,GRAND ISLAND,NE,Acute Care Hospitals,Voluntary non-profit - Church,Yes,4
281342,CHI HEALTH ST. MARYS,NEBRASKA CITY,NE,Critical Access Hospitals,Voluntary non-profit - Church,Yes,4
110236,CHI MEMORIAL HOSPITAL- GEORGIA,RINGGOLD,GA,Acute Care Hospitals,Voluntary non-profit - Private,Yes,3
351324,CHI MERCY HEALTH,VALLEY CITY,ND,Critical Access Hospitals,Voluntary non-profit - Church,Yes,5
351315,CHI OAKES HOSPITAL,OAKES,ND,Critical Access Hospitals,Voluntary non-profit - Church,Yes,Not Available
181329,CHI SAINT JOSEPH BEREA NF,BEREA,KY,Critical Access Hospitals,Voluntary non-profit - Private,Yes,4
180025,CHI SAINT JOSEPH FLAGET MEMORIAL HOSPITAL,BARDSTOWN,KY,Acute Care Hospitals,Voluntary non-profit - Private,Yes,3
350002,CHI ST ALEXIUS HEALTH,BISMARCK,ND,Acute Care Hospitals,Voluntary non-profit - Church,Yes,4
351333,CHI ST ALEXIUS HEALTH DEVILS LAKE,DEVILS LAKE,ND,Critical Access Hospitals,Voluntary non-profit - Private,Yes,2
351336,CHI ST ALEXIUS HEALTH DICKINSON,DICKINSON,ND,Critical Access Hospitals,Voluntary non-profit - Church,Yes,2
351304,CHI ST ALEXIUS HEALTH TURTLE LAKE,TURTLE LAKE,ND,Critical Access Hospitals,Voluntary non-profit - Church,Yes,Not Available
351334,CHI ST ALEXIUS HEALTH WILLISTON,WILLISTON,ND,Critical Access Hospitals,Voluntary non-profit - Church,Yes,3
450011,CHI ST JOSEPH HEALTH REGIONAL HOSPITAL,BRYAN,TX,Acute Care Hospitals,Voluntary non-profit - Private,Yes,2
450072,CHI ST LUKE'S HEALTH BRAZOSPORT,LAKE JACKSON,TX,Acute Care Hospitals,Voluntary non-profit - Private,Yes,4
450395,CHI ST LUKES HEALTH MEMORIAL LIVINGSTON,LIVINGSTON,TX,Acute Care Hospitals,Voluntary non-profit - Private,Yes,4
450211,CHI ST LUKES HEALTH MEMORIAL LUFKIN,LUFKIN,TX,Acute Care Hospitals,Voluntary non-profit - Private,Yes,2
670783,CHI ST LUKES HEALTH MEMORIAL SAN AUGUSTINE,SAN AUGUSTINE,TX,Rural Emergency Hospital,Voluntary non-profit - Private,Yes,Not Available
670059,CHI ST LUKES LAKESIDE HOSPITAL,THE WOODLANDS,TX,Acute Care Hospitals,Voluntary non-profit - Other,Yes,Not Available
041324,CHI ST VINCENT MORRILTON,MORRILTON,AR,Critical Access Hospitals,Voluntary non-profit - Church,Yes,Not Available
040026,CHI ST. VINCENT HOSPITAL HOT SPRINGS,HOT SPRINGS,AR,Acute Care Hospitals,Voluntary non-profit - Private,Yes,3
040007,CHI-ST VINCENT INFIRMARY,LITTLE ROCK,AR,Acute Care Hospitals,Voluntary non-profit - Private,Yes,3
144040,CHICAGO BEHAVIORAL HOSPITAL,DES PLAINES,IL,Psychiatric,Proprietary,No,Not Available
144010,CHICAGO READ MENTAL HEALTH CENTER,CHICAGO,IL,Psychiatric,Government - State,No,Not Available
370180,CHICKASAW NATION MEDICAL CENTER,ADA,OK,Acute Care Hospitals,Voluntary non-profit - Other,Yes,5
041328,CHICOT MEMORIAL MEDICAL CENTER,LAKE VILLAGE,AR,Critical Access Hospitals,Voluntary non-profit - Private,Yes,Not Available
244005,CHILD AND ADOLESCENT BEHAVIORAL HEALTH HOSPITAL,WILLMAR,MN,Psychiatric,Government - State,No,Not Available
113301,CHILDREN'S HEALTHCARE OF ATLANTA AT SCOTTISH RITE,ATLANTA,GA,Childrens,Voluntary non-profit - Other,Yes,Not Available
393304,CHILDREN'S HOME OF PITTSBURGH,PITTSBURGH,PA,Childrens,Voluntary non-profit - Private,No,Not Available
053302,CHILDREN'S HOSP OF LOS ANGELES,LOS ANGELES,CA,Childrens,Voluntary non-profit - Private,Yes,Not Available
053306,CHILDREN'S HOSPITAL AT MISSION,MISSION VIEJO,CA,Childrens,Voluntary non-profit - Private,Yes,Not Available
063301,CHILDREN'S HOSPITAL COLORADO,AURORA,CO,Childrens,Voluntary non-profit - Private,Yes,Not Available
063303,CHILDREN'S HOSPITAL COLORADO - COLORADO SPRINGS,COLORADO SPRINGS,CO,Childrens,Voluntary non-profit - Private,Yes,Not Available
233300,CHILDREN'S HOSPITAL OF MICHIGAN,DETROIT,MI,Childrens,Proprietary,Yes,Not Available
053304,CHILDREN'S HOSPITAL OF ORANGE COUNTY,ORANGE,CA,Childrens,Voluntary non-profit - Other,No,Not Available
393303,CHILDREN'S HOSPITAL OF PHILADELPHIA,PHILADELPHIA,PA,Childrens,Voluntary non-profit - Private,Yes,Not Available
453315,CHILDREN'S HOSPITAL OF SAN ANTONIO,SAN ANTONIO,TX,Childrens,Voluntary non-profit - Church,Yes,Not Available
243302,CHILDREN'S HOSPITALS & CLINICS OF MN,MINNEAPOLIS,MN,Childrens,Voluntary non-profit - Private,Yes,Not Available
173300,CHILDREN'S MERCY SOUTH,OVERLAND PARK,KS,Childrens,Voluntary non-profit - Private,No,Not Available
093300,CHILDREN'S NATIONAL HOSPITAL,WASHINGTON,DC,Childrens,Voluntary non-profit - Private,Yes,Not Available
283301,CHILDREN'S NEBRASKA,OMAHA,NE,Childrens,Voluntary non-profit - Private,Yes,Not Available
313300,CHILDREN'S SPECIALIZED HOSPITAL,NEW BRUNSWICK,NJ,Childrens,Voluntary non-profit - Private,No,Not Available
193300,CHILDRENS HOSPITAL,NEW ORLEANS,LA,Childrens,Voluntary non-profit - Private,Yes,Not Available
493301,CHILDRENS HOSPITAL OF THE KINGS DAUGHTERS INC,NORFOLK,VA,Childrens,Voluntary non-profit - Private,Yes,Not Available
523300,CHILDRENS HOSPITAL OF WISCONSIN,MILWAUKEE,WI,Childrens,Voluntary non-profit - Other,Yes,Not Available
523302,CHILDRENS HOSPITAL OF WISCONSIN FOX VALLEY,NEENAH,WI,Childrens,Voluntary non-profit - Other,Yes,Not Available
453316,CHILDRENS MEDICAL CENTER PLANO,PLANO,TX,Childrens,Voluntary non-profit - Private,Yes,Not Available
453302,CHILDRENS MEDICAL CTR OF DALLAS,DALLAS,TX,Childrens,Voluntary non-profit - Private,Yes,Not Available
450369,CHILDRESS REGIONAL MEDICAL CENTER,CHILDRESS,TX,Acute Care Hospitals,Government - Hospital District or Authority,Yes,Not Available
36008F,CHILLICOTHE VA MEDICAL CENTER,CHILLICOTHE,OH,Acute Care - Veterans Administration,Veterans Health Administration,No,Not Available
310017,CHILTON MEDICAL CENTER,POMPTON PLAINS,NJ,Acute Care Hospitals,Voluntary non-profit - Private,Yes,5
050407,CHINESE HOSPITAL,SAN FRANCISCO,CA,Acute Care Hospitals,Voluntary non-profit - Private,Yes,2
030084,CHINLE COMPREHENSIVE HEALTH CARE FACILITY,CHINLE,AZ,Acute Care Hospitals,Government - Federal,Yes,Not Available
050586,CHINO VALLEY MEDICAL CENTER,CHINO,CA,Acute Care Hospitals,Proprietary,Yes,4
241325,CHIPPEWA COUNTY HOSPITAL,MONTEVIDEO,MN,Critical Access Hospitals,Government - Local,Yes,Not Available
230239,CHIPPEWA COUNTY WAR MEMORIAL HOSPITAL,SAULT STE MARIE,MI,Acute Care Hospitals,Voluntary non-profit - Private,Yes,2
521307,CHIPPEWA VALLEY HOSPITAL,DURAND,WI,Critical Access Hospitals,Voluntary non-profit - Church,Yes,Not Available
144038,CHOATE MENTAL HEALTH & DEVELOPMENT CTR,ANNA,IL,Psychiatric,Government - State,No,Not Available
250127,CHOCTAW HEALTH CENTER,PHILADELPHIA,MS,Acute Care Hospitals,Government - Federal,Yes,Not Available
370100,CHOCTAW MEMORIAL HOSPITAL,HUGO,OK,Acute Care Hospitals,Voluntary non-profit - Other,Yes,1
370172,CHOCTAW NATION HEALTH SERVICES AUTHORITY,TALIHINA,OK,Acute Care Hospitals,Tribal,Yes,Not Available
251334,CHOCTAW REGIONAL MEDICAL CENTER,ACKERMAN,MS,Critical Access Hospitals,Government - Local,Yes,Not Available
360163,CHRIST HOSPITAL,CINCINNATI,OH,Acute Care Hospitals,Voluntary non-profit - Private,Yes,5
260180,CHRISTIAN HOSPITAL NORTHEAST,SAINT LOUIS,MO,Acute Care Hospitals,Voluntary non-profit - Private,Yes,4
080001,CHRISTIANA HOSPITAL,NEWARK,DE,Acute Care Hospitals,Voluntary non-profit - Private,Yes,4
190298,CHRISTUS CENTRAL LOUISIANA SURGICAL HOSPITAL,ALEXANDRIA,LA,Acute Care Hospitals,Proprietary,No,Not Available
191312,CHRISTUS COUSHATTA HEALTH CARE CENTER,COUSHATTA,LA,Critical Access Hospitals,Voluntary non-profit - Private,Yes,4
450032,CHRISTUS GOOD SHEPHERD MEDICAL CENTER,LONGVIEW,TX,Acute Care Hospitals,Voluntary non-profit - Private,Yes,4
450573,CHRISTUS JASPER MEMORIAL HOSPITAL,JASPER,TX,Acute Care Hospitals,Voluntary non-profit - Private,Yes,4
450102,CHRISTUS MOTHER FRANCES HOSPITAL,TYLER,TX,Acute Care Hospitals,Voluntary non-profit - Private,Yes,4
450236,CHRISTUS MOTHER FRANCES HOSPITAL SULPHUR SPRINGS,SULPHUR SPRINGS,TX,Acute Care Hospitals,Voluntary non-profit - Private,Yes,4
451319,CHRISTUS MOTHER FRANCES HOSPITAL- JACKSONVILLE,JACKSONVILLE,TX,Critical Access Hospitals,Voluntary non-profit - Private,Yes,Not Available
451381,CHRISTUS MOTHER FRANCES HOSPITAL- WINNSBORO,WINNSBORO,TX,Critical Access Hospitals,Voluntary non-profit - Private,Yes,Not Available
190201,CHRISTUS OCHSNER LAKE AREA HOSPITAL,LAKE CHARLES,LA,Acute Care Hospitals,Voluntary non-profit - Private,Yes,Not Available
190027,CHRISTUS OCHSNER ST PATRICK HOSPITAL,LAKE CHARLES,LA,Acute Care Hospitals,Voluntary non-profit - Private,Yes,3
450272,CHRISTUS SANTA ROSA HOSPITAL-SAN MARCOS,SAN MARCOS,TX,Acute Care Hospitals,Voluntary non-profit - Church,Yes,4
450237,CHRISTUS SANTA ROSA MEDICAL CENTER,SAN ANTONIO,TX,Acute Care Hospitals,Voluntary non-profit - Private,Yes,3
190041,CHRISTUS SHREVEPORT-BOSSIER HEALTH SYSTEM,SHREVEPORT,LA,Acute Care Hospitals,Voluntary non-profit - Private,Yes,3
450034,CHRISTUS SOUTHEAST TEXAS- ST ELIZABETH,BEAUMONT,TX,Acute Care Hospitals,Voluntary non-profit - Private,Yes,4
320004,CHRISTUS SOUTHERN NEW MEXICO,ALAMOGORDO,NM,Acute Care Hospitals,Voluntary non-profit - Private,Yes,3
450828,CHRISTUS SPOHN HOSPITAL ALICE,ALICE,TX,Acute Care Hospitals,Voluntary non-profit - Private,Yes,3
450082,CHRISTUS SPOHN HOSPITAL BEEVILLE,BEEVILLE,TX,Acute Care Hospitals,Voluntary non-profit - Private,Yes,2
450046,CHRISTUS SPOHN HOSPITAL CORPUS CHRISTI,CORPUS CHRISTI,TX,Acute Care Hospitals,Voluntary non-profit - Private,Yes,3
450163,CHRISTUS SPOHN HOSPITAL KLEBERG,KINGSVILLE,TX,Acute Care Hospitals,Voluntary non-profit - Private,Yes,2
190019,CHRISTUS ST FRANCES CABRINI HOSPITAL,ALEXANDRIA,LA,Acute Care Hospitals,Voluntary non-profit - Private,Yes,3
450801,CHRISTUS ST MICHAEL HEALTH SYSTEM,TEXARKANA,TX,Acute Care Hospitals,Voluntary non-profit - Church,Yes,3
320002,CHRISTUS ST VINCENT REGIONAL MEDICAL CENTER,SANTA FE,NM,Acute Care Hospitals,Voluntary non-profit - Private,Yes,4
330332,CHSLI ST JOSEPH HOSPITAL,BETHPAGE,NY,Acute Care Hospitals,Voluntary non-profit - Private,Yes,3
321308,CIBOLA GENERAL HOSPITAL,GRANTS,NM,Critical Access Hospitals,Voluntary non-profit - Private,Yes,Not Available
371307,CIMARRON MEMORIAL HOSPITAL,BOISE CITY,OK,Critical Access Hospitals,Government - Hospital District or Authority,Yes,Not Available
363300,CINCINNATI CHILDREN'S HOSPITAL MEDICAL CENTER,CINCINNATI,OH,Childrens,Voluntary non-profit - Private,Yes,Not Available
36003F,CINCINNATI VA MEDICAL CENTER,CINCINNATI,OH,Acute Care - Veterans Administration,Veterans Health Administration,Yes,4
104024,"CIRCLES OF CARE, INC",MELBOURNE,FL,Psychiatric,Voluntary non-profit - Private,No,Not Available
010101,CITIZENS BAPTIST MEDICAL CENTER,TALLADEGA,AL,Acute Care Hospitals,Voluntary non-profit - Private,Yes,1
450023,CITIZENS MEDICAL CENTER,VICTORIA,TX,Acute Care Hospitals,Voluntary non-profit - Other,Yes,3
190184,CITIZENS MEDICAL CENTER,COLUMBIA,LA,Acute Care Hospitals,Government - Hospital District or Authority,Yes,3
171362,CITIZENS MEDICAL CENTER,COLBY,KS,Critical Access Hospitals,Voluntary non-profit - Private,Yes,3
260195,CITIZENS MEMORIAL HOSPITAL,BOLIVAR,MO,Acute Care Hospitals,Government - Hospital District or Authority,Yes,3
030138,CITY OF HOPE CANCER CENTER PHOENIX,GOODYEAR,AZ,Acute Care Hospitals,Proprietary,No,4
490112,CJW MEDICAL CENTER,RICHMOND,VA,Acute Care Hospitals,Proprietary,Yes,4
251320,CLAIBORNE COUNTY HOSPITAL,PORT GIBSON,MS,Critical Access Hospitals,Government - Local,Yes,Not Available
440057,CLAIBORNE MEDICAL CENTER,TAZEWELL,TN,Acute Care Hospitals,Government - Local,Yes,Not Available
190114,CLAIBORNE MEMORIAL MEDICAL CENTER,HOMER,LA,Acute Care Hospitals,Government - Hospital District or Authority,Yes,1
171333,CLARA BARTON HOSPITAL,HOISINGTON,KS,Critical Access Hospitals,Voluntary non-profit - Private,Yes,2
310009,CLARA MAASS MEDICAL CENTER,BELLEVILLE,NJ,Acute Care Hospitals,Voluntary non-profit - Private,Yes,3
370173,CLAREMORE INDIAN HOSPITAL,CLAREMORE,OK,Acute Care Hospitals,Government - Federal,Yes,Not Available
161352,CLARINDA REGIONAL HEALTH CENTER,CLARINDA,IA,Critical Access Hospitals,Government - Local,Yes,4
390093,CLARION HOSPITAL,CLARION,PA,Acute Care Hospitals,Voluntary non-profit - Private,Yes,2
394043,CLARION PSYCHIATRIC CENTER,CLARION,PA,Psychiatric,Proprietary,Yes,Not Available
271323,CLARK FORK VALLEY HOSPITAL,PLAINS,MT,Critical Access Hospitals,Voluntary non-profit - Private,Yes,Not Available
180092,CLARK REGIONAL MEDICAL CENTER,WINCHESTER,KY,Acute Care Hospitals,Proprietary,Yes,3
161348,CLARKE COUNTY HOSPITAL,OSCEOLA,IA,Critical Access Hospitals,Voluntary non-profit - Other,Yes,5
394012,CLARKS SUMMIT STATE HOSPITAL,CLARKS SUMMIT,PA,Psychiatric,Government - State,No,Not Available
51003F,CLARKSBURG VA MEDICAL CENTER,CLARKSBURG,WV,Acute Care - Veterans Administration,Veterans Health Administration,Yes,5
334068,CLAXTON-HEPBURN MEDICAL CENTER,OGDENSBURG,NY,Psychiatric,Voluntary non-profit - Private,No,Not Available
141351,CLAY COUNTY HOSPITAL,FLORA,IL,Critical Access Hospitals,Government - Local,Yes,3
010073,CLAY COUNTY HOSPITAL,ASHLAND,AL,Acute Care Hospitals,Government - Hospital District or Authority,Yes,Not Available
171371,CLAY COUNTY MEDICAL CENTER,CLAY CENTER,KS,Critical Access Hospitals,Government - Local,Yes,3
250067,CLAY COUNTY MEDICAL CORPORATION,WEST POINT,MS,Acute Care Hospitals,Voluntary non-profit - Private,Yes,3
451362,CLAY COUNTY MEMORIAL HOSPITAL,HENRIETTA,TX,Critical Access Hospitals,Government - Local,Yes,Not Available
364052,CLEAR VISTA HEALTH & WELLNESS,LORAIN,OH,Psychiatric,Proprietary,No,Not Available
131320,CLEARWATER VALLEY HOSPITAL & CLINICS,OROFINO,ID,Critical Access Hospitals,Voluntary non-profit - Private,Yes,2
371320,CLEVELAND AREA HOSPITAL,CLEVELAND,OK,Critical Access Hospitals,Government - Hospital District or Authority,Yes,Not Available
360180,CLEVELAND CLINIC,CLEVELAND,OH,Acute Care Hospitals,Voluntary non-profit - Private,Yes,4
360364,CLEVELAND CLINIC AVON HOSPITAL,AVON,OH,Acute Care Hospitals,Voluntary non-profit - Private,Yes,5
363304,CLEVELAND CLINIC CHILDREN'S HOSPITAL FOR REHAB,CLEVELAND,OH,Childrens,Voluntary non-profit - Private,No,Not Available
100289,CLEVELAND CLINIC HOSPITAL,WESTON,FL,Acute Care Hospitals,Voluntary non-profit - Private,Yes,5
100105,CLEVELAND CLINIC INDIAN RIVER HOSPITAL,VERO BEACH,FL,Acute Care Hospitals,Voluntary non-profit - Private,Yes,4
100044,CLEVELAND CLINIC MARTIN NORTH HOSPITAL,STUART,FL,Acute Care Hospitals,Voluntary non-profit - Private,Yes,3
670115,CLEVELAND EMERGENCY HOSPITAL,HUMBLE,TX,Acute Care Hospitals,Proprietary,Yes,Not Available
330265,CLIFTON SPRINGS HOSPITAL AND CLINIC,CLIFTON SPRINGS,NY,Acute Care Hospitals,Voluntary non-profit - Private,Yes,2
330799,CLIFTON-FINE HOSPITAL,STAR LAKE,NY,Rural Emergency Hospital,Voluntary non-profit - Other,Yes,Not Available
111308,CLINCH MEMORIAL HOSPITAL,HOMERVILLE,GA,Critical Access Hospitals,Government - Hospital District or Authority,Yes,Not Available
490060,CLINCH VALLEY MEDICAL CENTER,RICHLANDS,VA,Acute Care Hospitals,Proprietary,Yes,3
360175,CLINTON MEMORIAL HOSPITAL,WILMINGTON,OH,Acute Care Hospitals,Government - Local,No,2
370245,CLINTON REGIONAL HOSPITAL,CLINTON,OK,Acute Care Hospitals,Government - Local,Yes,Not Available
164007,CLIVE BEHAVIORAL HEALTH,CLIVE,IA,Psychiatric,Proprietary,No,Not Available
171349,CLOUD COUNTY HEALTH CENTER,CONCORDIA,KS,Critical Access Hospitals,Voluntary non-profit - Private,Yes,Not Available
050492,CLOVIS COMMUNITY MEDICAL CENTER,CLOVIS,CA,Acute Care Hospitals,Voluntary non-profit - Private,Yes,2
371319,"COAL COUNTY GENERAL HOSPITAL, INC.",COALGATE,OK,Critical Access Hospitals,Voluntary non-profit - Private,Yes,4
051338,COALINGA REGIONAL MEDICAL CENTER,COALINGA,CA,Critical Access Hospitals,Government - Hospital District or Authority,Yes,Not Available
050771,COAST PLAZA HOSPITAL,NORWALK,CA,Acute Care Hospitals,Proprietary,Yes,1
420101,COASTAL CAROLINA HOSPITAL,HARDEEVILLE,SC,Acute Care Hospitals,Proprietary,Yes,4
050747,COASTAL COMMUNITIES HOSPITAL,SANTA ANA,CA,Acute Care Hospitals,Proprietary,Yes,1
114008,COASTAL HARBOR TREATMENT CENTER,SAVANNAH,GA,Psychiatric,Proprietary,No,Not Available
39004F,COATESVILLE VA MEDICAL CENTER,COATESVILLE,PA,Acute Care - Veterans Administration,Veterans Health Administration,No,Not Available
331320,COBLESKILL REGIONAL HOSPITAL,COBLESKILL,NY,Critical Access Hospitals,Voluntary non-profit - Private,Yes,4
031314,COBRE VALLEY REGIONAL MEDICAL CENTER,GLOBE,AZ,Critical Access Hospitals,Voluntary non-profit - Private,Yes,2
451366,COCHRAN MEMORIAL HOSPITAL,MORTON,TX,Critical Access Hospitals,Government - Local,Yes,Not Available
531312,CODY REGIONAL HEALTH,CODY,WY,Critical Access Hospitals,Government - Hospital District or Authority,Yes,3
110089,"COFFEE REGIONAL MEDICAL CENTER, INC",DOUGLAS,GA,Acute Care Hospitals,Government - Hospital District or Authority,Yes,3
171385,COFFEY COUNTY HOSPITAL,BURLINGTON,KS,Critical Access Hospitals,Government - Local,Yes,4
451384,COGDELL MEMORIAL HOSPITAL,SNYDER,TX,Critical Access Hospitals,Government - Hospital District or Authority,Yes,Not Available
451347,COLEMAN COUNTY MEDICAL CENTER COMPANY,COLEMAN,TX,Critical Access Hospitals,Proprietary,Yes,Not Available
110164,"COLISEUM MEDICAL CENTERS, LLC, DBA",MACON,GA,Acute Care Hospitals,Voluntary non-profit - Private,Yes,3
054055,COLLEGE HOSPITAL,CERRITOS,CA,Psychiatric,Proprietary,No,Not Available
050543,COLLEGE HOSPITAL COSTA MESA,COSTA MESA,CA,Acute Care Hospitals,Proprietary,No,Not Available
050776,COLLEGE MEDICAL CENTER,LONG BEACH,CA,Acute Care Hospitals,Proprietary,Yes,3
034013,COLLEGE MEDICAL CENTER PHOENIX,PHOENIX,AZ,Psychiatric,Proprietary,No,Not Available
420030,COLLETON MEDICAL CENTER,WALTERBORO,SC,Acute Care Hospitals,Proprietary,Yes,3
451355,COLLINGSWORTH GENERAL HOSPITAL,WELLINGTON,TX,Critical Access Hospitals,Proprietary,Yes,Not Available
064003,COLORADO MENTAL HEALTH HOSPITAL IN FORT LOGAN,DENVER,CO,Psychiatric,Voluntary non-profit - Other,No,Not Available
064001,COLORADO MENTAL HEALTH HOSPITAL IN PUEBLO,PUEBLO,CO,Psychiatric,Government - State,Yes,Not Available
051323,COLORADO RIVER MEDICAL CENTER,NEEDLES,CA,Critical Access Hospitals,Voluntary non-profit - Private,Yes,Not Available
110105,COLQUITT REGIONAL MEDICAL CENTER,MOULTRIE,GA,Acute Care Hospitals,Government - Hospital District or Authority,No,4
501317,COLUMBIA BASIN HOSPITAL,EPHRATA,WA,Critical Access Hospitals,Government - Hospital District or Authority,Yes,Not Available
330094,COLUMBIA MEMORIAL HOSPITAL,HUDSON,NY,Acute Care Hospitals,Voluntary non-profit - Private,Yes,1
381320,COLUMBIA MEMORIAL HOSPITAL,ASTORIA,OR,Critical Access Hospitals,Proprietary,Yes,Not Available
26023F,COLUMBIA MO VA MEDICAL CENTER,COLUMBIA,MO,Acute Care - Veterans Administration,Veterans Health Administration,Yes,4
42011F,COLUMBIA SC VA MEDICAL CENTER,COLUMBIA,SC,Acute Care - Veterans Administration,Veterans Health Administration,Yes,5
450370,COLUMBUS COMMUNITY HOSPITAL,COLUMBUS,TX,Acute Care Hospitals,Voluntary non-profit - Private,Yes,2
521338,COLUMBUS COMMUNITY HOSPITAL,COLUMBUS,WI,Critical Access Hospitals,Voluntary non-profit - Private,Yes,4
280111,"COLUMBUS COMMUNITY HOSPITAL, INC",COLUMBUS,NE,Acute Care Hospitals,Voluntary non-profit - Other,Yes,3
340068,COLUMBUS REGIONAL HEALTHCARE SYSTEM,WHITEVILLE,NC,Acute Care Hospitals,Voluntary non-profit - Other,Yes,1
150112,COLUMBUS REGIONAL HOSPITAL,COLUMBUS,IN,Acute Care Hospitals,Government - Local,Yes,4
050783,COLUSA MEDICAL CENTER,COLUSA,CA,Acute Care Hospitals,Proprietary,Yes,1
171312,COMANCHE COUNTY HOSPITAL,COLDWATER,KS,Critical Access Hospitals,Government - Local,Yes,Not Available
451382,COMANCHE COUNTY MEDICAL CENTER,COMANCHE,TX,Critical Access Hospitals,Voluntary non-profit - Private,Yes,3
660001,COMMONWEALTH HEALTH CENTER,GARAPAN,MP,Acute Care Hospitals,Government - State,Yes,Not Available
244015,COMMUNITY BEHAVIORAL HEALTH HOSPITAL - BAXTER,BAXTER,MN,Psychiatric,Government - State,No,Not Available
244014,COMMUNITY BEHAVIORAL HEALTH HOSPITAL - BEMIDJI,BEMIDJI,MN,Psychiatric,Government - State,No,Not Available
244012,COMMUNITY BEHAVIORAL HEALTH HOSPITAL ALEXANDRIA,ALEXANDRIA,MN,Psychiatric,Government - State,No,Not Available
244011,COMMUNITY BEHAVIORAL HEALTH HOSPITAL ANNANDALE,ANNANDALE,MN,Psychiatric,Government - State,No,Not Available
244013,COMMUNITY BEHAVIORAL HEALTH HOSPITAL FERGUS FALLS,FERGUS FALLS,MN,Psychiatric,Government - State,No,Not Available
244017,COMMUNITY BEHAVIORAL HEALTH HOSPITAL ROCHESTER,ROCHESTER,MN,Psychiatric,Government - State,No,Not Available
194056,COMMUNITY CARE HOSPITAL,NEW ORLEANS,LA,Psychiatric,Proprietary,No,Not Available
140251,COMMUNITY FIRST MEDICAL CENTER,CHICAGO,IL,Acute Care Hospitals,Proprietary,Yes,2
150125,COMMUNITY HOSPITAL,MUNSTER,IN,Acute Care Hospitals,Voluntary non-profit - Private,Yes,3
531307,COMMUNITY HOSPITAL,TORRINGTON,WY,Critical Access Hospitals,Voluntary non-profit - Private,Yes,2
281363,COMMUNITY HOSPITAL,MCCOOK,NE,Critical Access Hospitals,Voluntary non-profit - Other,Yes,3
060054,COMMUNITY HOSPITAL,GRAND JUNCTION,CO,Acute Care Hospitals,Voluntary non-profit - Private,Yes,4
261303,COMMUNITY HOSPITAL ASSOCIATION,FAIRFAX,MO,Critical Access Hospitals,Voluntary non-profit - Private,Yes,3
150074,COMMUNITY HOSPITAL EAST,INDIANAPOLIS,IN,Acute Care Hospitals,Voluntary non-profit - Private,Yes,3
010034,COMMUNITY HOSPITAL INC,TALLASSEE,AL,Acute Care Hospitals,Voluntary non-profit - Private,Yes,Not Available
150169,COMMUNITY HOSPITAL NORTH,INDIANAPOLIS,IN,Acute Care Hospitals,Voluntary non-profit - Private,Yes,3
271335,COMMUNITY HOSPITAL OF ANACONDA,ANACONDA,MT,Critical Access Hospitals,Voluntary non-profit - Private,Yes,5
150113,COMMUNITY HOSPITAL OF ANDERSON AND MADISON COUNTY,ANDERSON,IN,Acute Care Hospitals,Voluntary non-profit - Private,Yes,3
151300,COMMUNITY HOSPITAL OF BREMEN INC,BREMEN,IN,Critical Access Hospitals,Voluntary non-profit - Private,Yes,Not Available
050091,COMMUNITY HOSPITAL OF HUNTINGTON PARK,HUNTINGTON PARK,CA,Acute Care Hospitals,Proprietary,Yes,1
050089,COMMUNITY HOSPITAL OF SAN BERNARDINO,SAN BERNARDINO,CA,Acute Care Hospitals,Voluntary non-profit - Private,Yes,3
141306,COMMUNITY HOSPITAL OF STAUNTON,STAUNTON,IL,Critical Access Hospitals,Voluntary non-profit - Private,Yes,Not Available
050145,COMMUNITY HOSPITAL OF THE MONTEREY PENINSULA,MONTEREY,CA,Acute Care Hospitals,Voluntary non-profit - Private,Yes,4
150128,"COMMUNITY HOSPITAL SOUTH, INC.",INDIANAPOLIS,IN,Acute Care Hospitals,Voluntary non-profit - Private,Yes,3
370203,"COMMUNITY HOSPITAL, LLC",OKLAHOMA CITY,OK,Acute Care Hospitals,Physician,Yes,4
171354,"COMMUNITY HOSPITAL, ONAGA AND ST MARYS CAMPUS",ONAGA,KS,Critical Access Hospitals,Government - Hospital District or Authority,Yes,Not Available
361327,COMMUNITY HOSPITALS AND WELLNESS CENTERS,MONTPELIER,OH,Critical Access Hospitals,Voluntary non-profit - Private,Yes,Not Available
360121,COMMUNITY HOSPITALS AND WELLNESS CENTERS,BRYAN,OH,Acute Care Hospitals,Voluntary non-profit - Other,No,3
150007,COMMUNITY HOWARD REGIONAL HEALTH INC.,KOKOMO,IN,Acute Care Hospitals,Voluntary non-profit - Private,Yes,4
310041,COMMUNITY MEDICAL CENTER,TOMS RIVER,NJ,Acute Care Hospitals,Voluntary non-profit - Private,Yes,1
270023,COMMUNITY MEDICAL CENTER,MISSOULA,MT,Acute Care Hospitals,Voluntary non-profit - Private,Yes,3
281352,"COMMUNITY MEDICAL CENTER, INC",FALLS CITY,NE,Critical Access Hospitals,Voluntary non-profit - Private,Yes,4
171363,"COMMUNITY MEMORIAL HEALTHCARE, INC.",MARYSVILLE,KS,Critical Access Hospitals,Voluntary non-profit - Private,Yes,4
241364,COMMUNITY MEMORIAL HOSPITAL,CLOQUET,MN,Critical Access Hospitals,Voluntary non-profit - Private,Yes,Not Available
431309,COMMUNITY MEMORIAL HOSPITAL,BURKE,SD,Critical Access Hospitals,Voluntary non-profit - Private,Yes,Not Available
490098,COMMUNITY MEMORIAL HOSPITAL,SOUTH HILL,VA,Acute Care Hospitals,Government - Hospital District or Authority,Yes,4
431316,COMMUNITY MEMORIAL HOSPITAL,REDFIELD,SD,Critical Access Hospitals,Government - Local,Yes,4
520103,COMMUNITY MEMORIAL HOSPITAL,MENOMONEE FALLS,WI,Acute Care Hospitals,Voluntary non-profit - Private,Yes,4
051334,COMMUNITY MEMORIAL HOSPITAL - OJAI,OJAI,CA,Critical Access Hospitals,Voluntary non-profit - Private,Yes,Not Available
050394,COMMUNITY MEMORIAL HOSPITAL - VENTURA,VENTURA,CA,Acute Care Hospitals,Voluntary non-profit - Private,Yes,4
161320,COMMUNITY MEMORIAL HOSPITAL MEDICAL CENTER,SUMNER,IA,Critical Access Hospitals,Voluntary non-profit - Private,Yes,Not Available
331316,"COMMUNITY MEMORIAL HOSPITAL, INC",HAMILTON,NY,Critical Access Hospitals,Voluntary non-profit - Private,Yes,4
050060,COMMUNITY REGIONAL MEDICAL CENTER,FRESNO,CA,Acute Care Hospitals,Voluntary non-profit - Private,Yes,1
194106,"COMPASS BEHAVIORAL CENTER OF ALEXANDRIA, INC",ALEXANDRIA,LA,Psychiatric,Proprietary,No,Not Available
194109,"COMPASS BEHAVIORAL CENTER OF HOUMA, LLC",HOUMA,LA,Psychiatric,Proprietary,No,Not Available
194085,COMPASS BEHAVIORAL CENTER OF LAFAYETTE,LAFAYETTE,LA,Psychiatric,Proprietary,No,Not Available
444033,COMPASS INTERVENTION CENTER,MEMPHIS,TN,Psychiatric,Proprietary,No,Not Available
161317,COMPASS MEMORIAL HEALTHCARE,MARENGO,IA,Critical Access Hospitals,Voluntary non-profit - Private,Yes,4
194082,COMPASS SENIOR CARE HOSPITAL,JENNINGS,LA,Psychiatric,Proprietary,No,Not Available
451325,CONCHO COUNTY HOSPITAL,EDEN,TX,Critical Access Hospitals,Government - Local,Yes,Not Available
300001,CONCORD HOSPITAL,CONCORD,NH,Acute Care Hospitals,Voluntary non-profit - Private,No,3
301306,CONCORD HOSPITAL- FRANKLIN,FRANKLIN,NH,Critical Access Hospitals,Voluntary non-profit - Private,Yes,Not Available
300005,CONCORD HOSPITAL- LACONIA,LACONIA,NH,Acute Care Hospitals,Voluntary non-profit - Private,Yes,3
390110,CONEMAUGH MEMORIAL MEDICAL CENTER,JOHNSTOWN,PA,Acute Care Hospitals,Proprietary,Yes,2
391302,CONEMAUGH MEYERSDALE MEDICAL CENTER,MEYERSDALE,PA,Critical Access Hospitals,Proprietary,Yes,Not Available
391317,CONEMAUGH MINERS MEDICAL CENTER,HASTINGS,PA,Critical Access Hospitals,Proprietary,Yes,Not Available
390062,CONEMAUGH NASON MEDICAL CENTER,ROARING SPRING,PA,Acute Care Hospitals,Voluntary non-profit - Other,Yes,5
500016,CONFLUENCE HEALTH HOSPITAL,WENATCHEE,WA,Acute Care Hospitals,Voluntary non-profit - Private,Yes,3
450108,CONNALLY MEMORIAL MEDICAL CENTER,FLORESVILLE,TX,Acute Care Hospitals,Government - Hospital District or Authority,Yes,3
073300,CONNECTICUT CHILDRENS MEDICAL CENTER,HARTFORD,CT,Childrens,Voluntary non-profit - Private,Yes,Not Available
074011,CONNECTICUT MENTAL HEALTH CENTER,NEW HAVEN,CT,Psychiatric,Government - State,No,Not Available
074003,CONNECTICUT VALLEY HOSP,MIDDLETOWN,CT,Psychiatric,Government - State,No,Not Available
050276,CONTRA COSTA REGIONAL MEDICAL CENTER,MARTINEZ,CA,Acute Care Hospitals,Government - Local,Yes,4
044022,CONWAY BEHAVIORAL HEALTH,CONWAY,AR,Psychiatric,Proprietary,No,Not Available
420049,CONWAY MEDICAL CENTER,CONWAY,SC,Acute Care Hospitals,Voluntary non-profit - Private,Yes,2
040029,"CONWAY REGIONAL MEDICAL CENTER, INC",CONWAY,AR,Acute Care Hospitals,Voluntary non-profit - Private,Yes,2
453300,COOK CHILDRENS MEDICAL CENTER,FORT WORTH,TX,Childrens,Voluntary non-profit - Private,Yes,Not Available
453317,COOK CHILDRENS MEDICAL CENTER PROSPER,PROSPER,TX,Childrens,Voluntary non-profit - Private,Yes,Not Available
241312,COOK HOSPITAL,COOK,MN,Critical Access Hospitals,Government - Hospital District or Authority,Yes,Not Available
440059,COOKEVILLE REGIONAL MEDICAL CENTER,COOKEVILLE,TN,Acute Care Hospitals,Government - Local,Yes,2
220015,"COOLEY DICKINSON HOSPITAL INC,THE",NORTHAMPTON,MA,Acute Care Hospitals,Voluntary non-profit - Private,Yes,2
451331,COON MEMORIAL HOSPITAL,DALHART,TX,Critical Access Hospitals,Government - Hospital District or Authority,Yes,Not Available
310014,COOPER UNIVERSITY HOSPITAL,CAMDEN,NJ,Acute Care Hospitals,Voluntary non-profit - Private,Yes,2
310076,COOPERMAN BARNABAS MEDICAL CENTER,LIVINGSTON,NJ,Acute Care Hospitals,Voluntary non-profit - Private,Yes,3
351306,COOPERSTOWN MEDICAL CENTER,COOPERSTOWN,ND,Critical Access Hospitals,Voluntary non-profit - Private,Yes,Not Available
010164,COOSA VALLEY MEDICAL CENTER,SYLACAUGA,AL,Acute Care Hospitals,Government - Hospital District or Authority,Yes,3
251327,COPIAH COUNTY MEDICAL CENTER,HAZLEHURST,MS,Critical Access Hospitals,Government - Local,Yes,Not Available
471305,COPLEY HOSPITAL,MORRISVILLE,VT,Critical Access Hospitals,Voluntary non-profit - Private,Yes,2
140029,COPLEY MEMORIAL HOSPITAL,AURORA,IL,Acute Care Hospitals,Voluntary non-profit - Private,Yes,4
031312,COPPER QUEEN COMMUNITY HOSPITAL,BISBEE,AZ,Critical Access Hospitals,Voluntary non-profit - Private,Yes,Not Available
034032,COPPER SPRINGS EAST- GILBERT,AVONDALE,AZ,Psychiatric,Proprietary,Yes,Not Available
381312,COQUILLE VALLEY HOSPITAL,COQUILLE,OR,Critical Access Hospitals,Government - Hospital District or Authority,Yes,Not Available
100183,CORAL GABLES HOSPITAL,CORAL GABLES,FL,Acute Care Hospitals,Proprietary,Yes,3
104080,CORAL SHORES BEHAVIORAL HEALTH,STUART,FL,Psychiatric,Voluntary non-profit - Other,No,Not Available
371325,CORDELL MEMORIAL HOSPITAL,CORDELL,OK,Critical Access Hospitals,Government - Hospital District or Authority,Yes,Not Available
021307,CORDOVA COMMUNITY MEDICAL CENTER,CORDOVA,AK,Critical Access Hospitals,Government - Local,Yes,Not Available
230093,COREWELL HEALTH BIG RAPIDS HOSPITAL,BIG RAPIDS,MI,Acute Care Hospitals,Voluntary non-profit - Private,Yes,3
231338,COREWELL HEALTH GERBER HOSPITAL,FREMONT,MI,Critical Access Hospitals,Voluntary non-profit - Private,Yes,5
230110,COREWELL HEALTH LUDINGTON HOSPITAL,LUDINGTON,MI,Acute Care Hospitals,Voluntary non-profit - Private,Yes,4
231339,COREWELL HEALTH PENNOCK HOSPITAL,HASTINGS,MI,Critical Access Hospitals,Voluntary non-profit - Other,Yes,3
231323,COREWELL HEALTH REED CITY HOSPITAL,REED CITY,MI,Critical Access Hospitals,Voluntary non-profit - Private,Yes,Not Available
230176,COREWELL HEALTH TRENTON HOSPITAL,TRENTON,MI,Acute Care Hospitals,Voluntary non-profit - Private,Yes,3
230078,COREWELL HEALTH WATERVLIET HOSPITAL,WATERVLIET,MI,Acute Care Hospitals,Voluntary non-profit - Private,Yes,Not Available
230142,COREWELL HEALTH WAYNE HOSPITAL,WAYNE,MI,Acute Care Hospitals,Voluntary non-profit - Private,Yes,2
230003,COREWELL HEALTH ZEELAND HOSPITAL,ZEELAND,MI,Acute Care Hospitals,Voluntary non-profit - Private,Yes,5
450825,CORNERSTONE REGIONAL HOSPITAL,EDINBURG,TX,Acute Care Hospitals,Proprietary,Yes,Not Available
330277,CORNING HOSPITAL,CORNING,NY,Acute Care Hospitals,Voluntary non-profit - Private,Yes,3
050329,CORONA REGIONAL MEDICAL CENTER,CORONA,CA,Acute Care Hospitals,Proprietary,Yes,3
450788,"CORPUS CHRISTI MEDICAL CENTER,THE",CORPUS CHRISTI,TX,Acute Care Hospitals,Voluntary non-profit - Other,Yes,4
174026,CORTERRA OF WICHITA LLC,WICHITA,KS,Psychiatric,Proprietary,No,Not Available
451379,CORYELL MEMORIAL HOSPITAL,GATESVILLE,TX,Critical Access Hospitals,Government - Hospital District or Authority,Yes,Not Available
360109,COSHOCTON REGIONAL MEDICAL CENTER,COSHOCTON,OH,Acute Care Hospitals,Voluntary non-profit - Private,Yes,4
431339,COTEAU DES PRAIRIES HEALTH CARE SYSTEM,SISSETON,SD,Critical Access Hospitals,Voluntary non-profit - Private,Yes,4
301301,COTTAGE HOSPITAL,WOODSVILLE,NH,Critical Access Hospitals,Voluntary non-profit - Private,Yes,4
134017,COTTONWOOD CREEK BEHAVIORAL HOSPITAL,MERIDIAN,ID,Psychiatric,Proprietary,No,Not Available
174020,COTTONWOOD SPRINGS LLC,OLATHE,KS,Psychiatric,Proprietary,No,Not Available
501308,COULEE MEDICAL CENTER,GRAND COULEE,WA,Critical Access Hospitals,Government - Hospital District or Authority,Yes,Not Available
370244,COUNCIL OAK COMPREHENSIVE HEALTHCARE,TULSA,OK,Acute Care Hospitals,Tribal,No,Not Available
453306,COVENANT CHILDRENS HOSPITAL,LUBBOCK,TX,Childrens,Voluntary non-profit - Private,Yes,Not Available
320065,COVENANT HEALTH HOBBS HOSPITAL,HOBBS,NM,Acute Care Hospitals,Voluntary non-profit - Private,Yes,3
450755,COVENANT HOSPITAL LEVELLAND,LEVELLAND,TX,Acute Care Hospitals,Voluntary non-profit - Private,Yes,Not Available
450539,COVENANT HOSPITAL PLAINVIEW,PLAINVIEW,TX,Acute Care Hospitals,Voluntary non-profit - Private,Yes,4
230070,COVENANT MEDICAL CENTER,SAGINAW,MI,Acute Care Hospitals,Voluntary non-profit - Private,Yes,2
450040,COVENANT MEDICAL CENTER,LUBBOCK,TX,Acute Care Hospitals,Voluntary non-profit - Private,Yes,3
251325,COVINGTON COUNTY HOSPITAL CAH,COLLINS,MS,Critical Access Hospitals,Government - Local,Yes,Not Available
261325,COX BARTON COUNTY HOSPITAL,LAMAR,MO,Critical Access Hospitals,Government - Local,Yes,Not Available
260094,COX MEDICAL CENTER BRANSON,BRANSON,MO,Acute Care Hospitals,Voluntary non-profit - Private,Yes,4
260040,COX MEDICAL CENTERS,SPRINGFIELD,MO,Acute Care Hospitals,Voluntary non-profit - Private,Yes,3
261329,COX MONETT HOSPITAL,MONETT,MO,Critical Access Hospitals,Voluntary non-profit - Private,Yes,3
281327,COZAD COMMUNITY HOSPITAL,COZAD,NE,Critical Access Hospitals,Government - Hospital District or Authority,Yes,Not Available
451353,CRANE COUNTY HOSPITAL DISTRICT,CRANE,TX,Critical Access Hospitals,Government - Hospital District or Authority,Yes,Not Available
161369,CRAWFORD COUNTY MEMORIAL HOSPITAL,DENISON,IA,Critical Access Hospitals,Government - Local,Yes,2
141343,CRAWFORD MEMORIAL HOSPITAL,ROBINSON,IL,Critical Access Hospitals,Government - Hospital District or Authority,Yes,4
334004,CREEDMOOR PSYCHIATRIC CENTER,QUEENS VILLAGE,NY,Psychiatric,Government - State,No,Not Available
371333,CREEK NATION COMMUNITY HOSPITAL,OKEMAH,OK,Critical Access Hospitals,Tribal,Yes,Not Available
444027,CREEKSIDE BEHAVIORAL HEALTH,KINGSPORT,TN,Psychiatric,Proprietary,No,Not Available
011308,CRENSHAW COMMUNITY HOSPITAL,LUVERNE,AL,Critical Access Hospitals,Government - Hospital District or Authority,Yes,Not Available
670090,CRESCENT MEDICAL CENTER LANCASTER,LANCASTER,TX,Acute Care Hospitals,Physician,Yes,2
010131,CRESTWOOD MEDICAL CENTER,HUNTSVILLE,AL,Acute Care Hospitals,Proprietary,Yes,3
444025,CRESTWYN BEHAVIORAL HEALTH,MEMPHIS,TN,Psychiatric,Proprietary,Yes,Not Available
281354,CRETE AREA MEDICAL CENTER,CRETE,NE,Critical Access Hospitals,Voluntary non-profit - Private,Yes,Not Available
110104,CRISP REGIONAL HOSPITAL,CORDELE,GA,Acute Care Hospitals,Proprietary,Yes,2
180779,CRITTENDEN COMMUNITY HOSPITAL,MARION,KY,Rural Emergency Hospital,Government - Local,Yes,Not Available
451393,CROCKETT MEDICAL CENTER,CROCKETT,TX,Critical Access Hospitals,Physician,Yes,Not Available
531311,CROOK COUNTY HOSPITAL,SUNDANCE,WY,Critical Access Hospitals,Government - Hospital District or Authority,Yes,Not Available
670779,CROSBYTON CLINIC HOSPITAL,CROSBYTON,TX,Rural Emergency Hospital,Voluntary non-profit - Private,Yes,Not Available
454133,CROSS CREEK HOSPITAL,AUSTIN,TX,Psychiatric,Proprietary,No,Not Available
250096,CROSSGATES RIVER OAKS HOSPITAL,BRANDON,MS,Acute Care Hospitals,Proprietary,Yes,2
521330,CROSSING RIVERS HEALTH MEDICAL CENTER,PRAIRIE DU CHIEN,WI,Critical Access Hospitals,Voluntary non-profit - Private,Yes,3
041307,CROSSRIDGE COMMUNITY HOSPITAL,WYNNE,AR,Critical Access Hospitals,Voluntary non-profit - Private,Yes,Not Available
330203,CROUSE HOSPITAL,SYRACUSE,NY,Acute Care Hospitals,Voluntary non-profit - Private,Yes,2
320062,CROWNPOINT HEALTHCARE FACILITY,CROWNPOINT,NM,Acute Care Hospitals,Government - Federal,Yes,Not Available
390180,CROZER CHESTER MEDICAL CENTER,UPLAND,PA,Acute Care Hospitals,Voluntary non-profit - Other,Yes,1
360351,CRYSTAL CLINIC ORTHOPAEDIC CENTER,AKRON,OH,Acute Care Hospitals,Proprietary,No,5
331301,"CUBA MEMORIAL HOSPITAL, INC",CUBA,NY,Critical Access Hospitals,Voluntary non-profit - Private,No,Not Available
450597,CUERO REGIONAL HOSPITAL,CUERO,TX,Acute Care Hospitals,Government - Hospital District or Authority,Yes,4
451338,CULBERSON HOSPITAL,VAN HORN,TX,Critical Access Hospitals,Voluntary non-profit - Other,Yes,Not Available
010035,CULLMAN REGIONAL MEDICAL CENTER,CULLMAN,AL,Acute Care Hospitals,Government - Hospital District or Authority,Yes,2
181317,CUMBERLAND COUNTY HOSPITAL,BURKESVILLE,KY,Critical Access Hospitals,Government - Local,Yes,Not Available
184014,CUMBERLAND HALL HOSPITAL,HOPKINSVILLE,KY,Psychiatric,Proprietary,No,Not Available
493300,CUMBERLAND HOSPITAL LLC,NEW KENT,VA,Childrens,Proprietary,No,Not Available
440009,CUMBERLAND MEDICAL CENTER,CROSSVILLE,TN,Acute Care Hospitals,Voluntary non-profit - Private,Yes,4
521353,CUMBERLAND MEMORIAL HOSPITAL,CUMBERLAND,WI,Critical Access Hospitals,Voluntary non-profit - Other,Yes,Not Available
381322,CURRY GENERAL HOSPITAL,GOLD BEACH,OR,Critical Access Hospitals,Government - Hospital District or Authority,Yes,2
241353,CUYUNA REGIONAL MEDICAL CENTER,CROSBY,MN,Critical Access Hospitals,Government - Hospital District or Authority,Yes,3
454108,CYPRESS CREEK HOSPITAL,HOUSTON,TX,Psychiatric,Proprietary,Yes,Not Available
190303,CYPRESS POINTE SURGICAL HOSPITAL,HAMMOND,LA,Acute Care Hospitals,Proprietary,No,Not Available
010099,D W MCMILLAN MEMORIAL HOSPITAL,BREWTON,AL,Acute Care Hospitals,Government - Hospital District or Authority,Yes,1
271302,DAHL MEMORIAL HEALTHCARE ASSOCIATION INC,EKALAKA,MT,Critical Access Hospitals,Voluntary non-profit - Private,Yes,Not Available
010021,DALE MEDICAL CENTER,OZARK,AL,Acute Care Hospitals,Government - Hospital District or Authority,Yes,Not Available
454126,DALLAS BEHAVIORAL HEALTHCARE HOSPITAL LLC,DE SOTO,TX,Psychiatric,Voluntary non-profit - Other,No,Not Available
161322,DALLAS COUNTY HOSPITAL,PERRY,IA,Critical Access Hospitals,Government - Local,Yes,Not Available
041317,DALLAS COUNTY MEDICAL CENTER,FORDYCE,AR,Critical Access Hospitals,Government - Local,Yes,Not Available
450379,DALLAS MEDICAL CENTER,DALLAS,TX,Acute Care Hospitals,Proprietary,Yes,3
450688,DALLAS REGIONAL MEDICAL CENTER,MESQUITE,TX,Acute Care Hospitals,Proprietary,Yes,3
45066F,DALLAS VA MEDICAL CENTER (VA NORTH TEXAS HEALTHCARE SYSTEM),DALLAS,TX,Acute Care - Veterans Administration,Veterans Health Administration,Yes,3
050122,DAMERON HOSPITAL,STOCKTON,CA,Acute Care Hospitals,Voluntary non-profit - Other,Yes,2
070033,DANBURY HOSPITAL,DANBURY,CT,Acute Care Hospitals,Voluntary non-profit - Private,Yes,4
271342,DANIELS MEMORIAL HOSPITAL,SCOBEY,MT,Critical Access Hospitals,Voluntary non-profit - Private,Yes,Not Available
394004,DANVILLE STATE HOSPITAL,DANVILLE,PA,Psychiatric,Government - State,No,Not Available
041302,DARDANELLE REGIONAL MEDICAL CENTER,DARDANELLE,AR,Critical Access Hospitals,Government - Local,Yes,Not Available
150061,DAVIESS COMMUNITY HOSPITAL,WASHINGTON,IN,Acute Care Hospitals,Government - Local,Yes,3
161327,DAVIS COUNTY HOSPITAL,BLOOMFIELD,IA,Critical Access Hospitals,Government - Local,Yes,Not Available
510030,DAVIS MEDICAL CENTER,ELKINS,WV,Acute Care Hospitals,Voluntary non-profit - Private,Yes,2
070003,DAY KIMBALL HOSPITAL,PUTNAM,CT,Acute Care Hospitals,Voluntary non-profit - Private,Yes,2
363306,DAYTON CHILDRENS HOSPITAL,DAYTON,OH,Childrens,Voluntary non-profit - Private,Yes,Not Available
501302,DAYTON GENERAL HOSPITAL,DAYTON,WA,Critical Access Hospitals,Government - Hospital District or Authority,Yes,Not Available
36007F,DAYTON VA MEDICAL CENTER,DAYTON,OH,Acute Care - Veterans Administration,Veterans Health Administration,Yes,5
010092,DCH REGIONAL MEDICAL CENTER,TUSCALOOSA,AL,Acute Care Hospitals,Government - Hospital District or Authority,Yes,2
450147,DE TAR HOSPITAL NAVARRO,VICTORIA,TX,Acute Care Hospitals,Proprietary,Yes,2
180056,DEACONESS HENDERSON HOSPITAL,HENDERSON,KY,Acute Care Hospitals,Voluntary non-profit - Church,Yes,2
150082,DEACONESS HOSPITAL INC,EVANSVILLE,IN,Acute Care Hospitals,Voluntary non-profit - Private,Yes,2
140294,DEACONESS ILLINOIS CROSSROADS,MOUNT VERNON,IL,Acute Care Hospitals,Proprietary,Yes,Not Available
141342,DEACONESS ILLINOIS UNION COUNTY,ANNA,IL,Critical Access Hospitals,Proprietary,Yes,Not Available
500044,DEACONESS MEDICAL CENTER,SPOKANE,WA,Acute Care Hospitals,Voluntary non-profit - Private,Yes,3
310031,DEBORAH HEART AND LUNG CENTER,BROWNS MILLS,NJ,Acute Care Hospitals,Voluntary non-profit - Private,No,3
11029F,DECATUR (ATLANTA) VA MEDICAL CENTER,DECATUR,GA,Acute Care - Veterans Administration,Veterans Health Administration,Yes,3
161340,DECATUR COUNTY HOSPITAL,LEON,IA,Critical Access Hospitals,Government - Local,Yes,Not Available
151332,DECATUR COUNTY MEMORIAL HOSPITAL,GREENSBURG,IN,Critical Access Hospitals,Government - Local,Yes,3
171352,DECATUR HEALTH,OBERLIN,KS,Critical Access Hospitals,Voluntary non-profit - Private,Yes,Not Available
140135,DECATUR MEMORIAL HOSPITAL,DECATUR,IL,Acute Care Hospitals,Voluntary non-profit - Other,Yes,3
010085,DECATUR MORGAN HOSPITAL - DECATUR CAMPUS,DECATUR,AL,Acute Care Hospitals,Government - Hospital District or Authority,Yes,3
231311,DECKERVILLE COMMUNITY HOSPITAL,DECKERVILLE,MI,Critical Access Hospitals,Voluntary non-profit - Private,Yes,Not Available
271314,DEER LODGE MEDICAL CENTER,DEER LODGE,MT,Critical Access Hospitals,Voluntary non-profit - Private,Yes,Not Available
440148,DEKALB COMMUNITY HOSPITAL,SMITHVILLE,TN,Acute Care Hospitals,Voluntary non-profit - Church,Yes,Not Available
010012,DEKALB REGIONAL MEDICAL CENTER,FORT PAYNE,AL,Acute Care Hospitals,Proprietary,Yes,2
054053,DEL AMO HOSPITAL,TORRANCE,CA,Psychiatric,Proprietary,Yes,Not Available
084001,DELAWARE PSYCHIATRIC CENTER,NEW CASTLE,DE,Psychiatric,Government - State,No,Not Available
331312,"DELAWARE VALLEY HOSPITAL, INC",WALTON,NY,Critical Access Hospitals,Voluntary non-profit - Private,Yes,1
453310,DELL CHILDREN'S MEDICAL CENTER,AUSTIN,TX,Childrens,Voluntary non-profit - Private,Yes,Not Available
450124,DELL SETON  MED CENTER AT THE UNIVERSITY OF TX,AUSTIN,TX,Acute Care Hospitals,Voluntary non-profit - Private,No,4
100258,DELRAY MEDICAL CENTER,DELRAY BEACH,FL,Acute Care Hospitals,Proprietary,Yes,1
060071,DELTA COUNTY MEMORIAL HOSPITAL,DELTA,CO,Acute Care Hospitals,Government - Local,Yes,3
250082,DELTA HEALTH SYSTEM - THE MEDICAL CENTER,GREENVILLE,MS,Acute Care Hospitals,Government - Local,Yes,1
041326,DELTA MEMORIAL HOSPITAL,DUMAS,AR,Critical Access Hospitals,Voluntary non-profit - Private,Yes,Not Available
440159,DELTA SPECIALTY HOSPITAL,MEMPHIS,TN,Acute Care Hospitals,Proprietary,Yes,Not Available
060011,DENVER HEALTH & HOSPITAL AUTHORITY,DENVER,CO,Acute Care Hospitals,Government - State,Yes,3
064028,DENVER SPRINGS,ENGLEWOOD,CO,Psychiatric,Proprietary,No,Not Available
054133,DEPT OF STATE HOSPITALS - METROPOLITAN - PSY,NORWALK,CA,Psychiatric,Government - State,Yes,Not Available
054122,DEPT OF STATE HOSPITALS - NAPA,NAPA,CA,Psychiatric,Government - State,No,Not Available
191307,DEQUINCY MEMORIAL HOSPITAL,DEQUINCY,LA,Critical Access Hospitals,Proprietary,Yes,Not Available
294013,"DESERT PARKWAY BEHAVIORAL HEALTHCARE HOSPITAL, LLC",LAS VEGAS,NV,Psychiatric,Proprietary,No,Not Available
050243,DESERT REGIONAL MEDICAL CENTER,PALM SPRINGS,CA,Acute Care Hospitals,Proprietary,Yes,2
050709,DESERT VALLEY HOSPITAL,VICTORVILLE,CA,Acute Care Hospitals,Proprietary,Yes,3
291311,DESERT VIEW HOSPITAL,PAHRUMP,NV,Critical Access Hospitals,Proprietary,Yes,2
100175,DESOTO MEMORIAL HOSPITAL,ARCADIA,FL,Acute Care Hospitals,Voluntary non-profit - Private,Yes,2
190118,DESOTO REGIONAL HEALTH SYSTEM,MANSFIELD,LA,Acute Care Hospitals,Voluntary non-profit - Private,Yes,2
034034,DESTINY SPRINGS HEALTHCARE,SURPRISE,AZ,Psychiatric,Physician,No,Not Available
23037F,DETROIT (JOHN D. DINGELL) VA MEDICAL CENTER,DETROIT,MI,Acute Care - Veterans Administration,Veterans Health Administration,Yes,5
230273,DETROIT RECEIVING HOSPITAL,DETROIT,MI,Acute Care Hospitals,Proprietary,Yes,1
040783,"DEWITT HOSPITAL & NURSING HOME, INC",DE WITT,AR,Rural Emergency Hospital,Voluntary non-profit - Private,Yes,Not Available
491303,DICKENSON COMMUNITY HOSPITAL,CLINTWOOD,VA,Critical Access Hospitals,Voluntary non-profit - Private,Yes,Not Available
230055,DICKINSON COUNTY MEMORIAL HOSPITAL,IRON MOUNTAIN,MI,Acute Care Hospitals,Government - Local,Yes,2
030136,DIGNITY HEALTH - ARIZONA GENERAL HOSPITAL,LAVEEN,AZ,Acute Care Hospitals,Proprietary,No,Not Available
030139,DIGNITY HEALTH ARIZONA GENERAL HOSPITAL,MESA,AZ,Acute Care Hospitals,Voluntary non-profit - Private,Yes,5
360358,DILEY RIDGE MEDICAL CENTER,CANAL WINCHESTER,OH,Acute Care Hospitals,Voluntary non-profit - Private,Yes,Not Available
451390,DIMMIT REGIONAL HOSPITAL,CARRIZO SPRINGS,TX,Critical Access Hospitals,Voluntary non-profit - Private,Yes,Not Available
294000,DINI-TOWNSEND HOSPITAL AT NNMH,SPARKS,NV,Psychiatric,Government - State,No,Not Available
341305,DLP SWAIN COUNTY HOSPITAL LLC,BRYSON CITY,NC,Critical Access Hospitals,Voluntary non-profit - Private,Yes,Not Available
050785,DOCS SURGICAL HOSPITAL,LOS ANGELES,CA,Acute Care Hospitals,Physician,No,Not Available
400006,DOCTOR'S CENTER DE SAN JUAN,SANTURCE,PR,Acute Care Hospitals,Proprietary,Yes,Not Available
400132,DOCTORS CENTER HOSPITAL  CAROLINA LLC,CAROLINA,PR,Acute Care Hospitals,Proprietary,Yes,Not Available
400137,DOCTORS CENTER HOSPITAL ORLANDO HEALTH DORADO,DORADO,PR,Acute Care Hospitals,Proprietary,Yes,2
360152,DOCTORS HOSPITAL,COLUMBUS,OH,Acute Care Hospitals,Voluntary non-profit - Church,Yes,4
100296,DOCTORS HOSPITAL,CORAL GABLES,FL,Acute Care Hospitals,Voluntary non-profit - Other,Yes,5
110177,DOCTORS HOSPITAL,AUGUSTA,GA,Acute Care Hospitals,Proprietary,Yes,3
450643,DOCTORS HOSPITAL OF LAREDO,LAREDO,TX,Acute Care Hospitals,Proprietary,Yes,4
050118,DOCTORS HOSPITAL OF MANTECA,MANTECA,CA,Acute Care Hospitals,Voluntary non-profit - Other,Yes,2
450869,DOCTORS HOSPTAL AT RENAISSANCE,EDINBURG,TX,Acute Care Hospitals,Physician,Yes,3
050464,DOCTORS MEDICAL CENTER,MODESTO,CA,Acute Care Hospitals,Proprietary,Yes,1
101307,DOCTORS MEMORIAL HOSPITAL,BONIFAY,FL,Critical Access Hospitals,Government - Hospital District or Authority,No,2
101314,DOCTORS MEMORIAL HOSPITAL INC,PERRY,FL,Critical Access Hospitals,Voluntary non-profit - Private,Yes,Not Available
154058,DOCTORS NEUROPSYCHIATRIC HOSPITAL,BREMEN,IN,Psychiatric,Proprietary,No,Not Available
400102,DOCTORS' CENTER BAYAMON,BAYAMON,PR,Acute Care Hospitals,Proprietary,Yes,Not Available
400118,"DOCTORS' CENTER HOSPITAL, INC",MANATI,PR,Acute Care Hospitals,Proprietary,Yes,1
110092,DODGE COUNTY HOSPITAL,EASTMAN,GA,Acute Care Hospitals,Government - Hospital District or Authority,Yes,Not Available
050242,DOMINICAN HOSPITAL,SANTA CRUZ,CA,Acute Care Hospitals,Voluntary non-profit - Private,Yes,4
494023,DOMINION HOSPITAL,FALLS CHURCH,VA,Psychiatric,Proprietary,No,Not Available
110194,DONALSONVILLE HOSPITAL INC,DONALSONVILLE,GA,Acute Care Hospitals,Voluntary non-profit - Private,No,Not Available
521358,DOOR COUNTY MEDICAL CENTER,STURGEON BAY,WI,Critical Access Hospitals,Voluntary non-profit - Private,Yes,4
110073,DORMINY MEDICAL CENTER,FITZGERALD,GA,Acute Care Hospitals,Government - Local,Yes,Not Available
204004,DOROTHEA DIX PSYCHIATRIC CENTER,BANGOR,ME,Psychiatric,Government - Local,No,Not Available
284009,DOUGLAS COUNTY COMMUNITY MENTAL HEALTH CENTER,OMAHA,NE,Psychiatric,Government - Local,No,Not Available
431305,DOUGLAS COUNTY MEMORIAL HOSPITAL-CAH,ARMOUR,SD,Critical Access Hospitals,Voluntary non-profit - Private,Yes,Not Available
100277,DOUGLAS GARDENS HOSPITAL,MIAMI,FL,Acute Care Hospitals,Voluntary non-profit - Private,No,Not Available
084004,DOVER BEHAVIORAL HEALTH SYSTEM,DOVER,DE,Psychiatric,Proprietary,No,Not Available
201311,DOWN EAST COMMUNITY HOSPITAL,MACHIAS,ME,Critical Access Hospitals,Voluntary non-profit - Private,Yes,4
390203,DOYLESTOWN HOSPITAL,DOYLESTOWN,PA,Acute Care Hospitals,Voluntary non-profit - Private,Yes,4
321302,DR DAN C TRIGG MEMORIAL HOSPITAL,TUCUMCARI,NM,Critical Access Hospitals,Voluntary non-profit - Private,Yes,Not Available
224028,DR JOHN C CORRIGAN MENTAL HEALTH CENTER,FALL RIVER,MA,Psychiatric,Government - State,No,Not Available
224040,DR SOLOMON CARTER FULLER MENTAL HEALTH CENTER,BOSTON,MA,Psychiatric,Government - State,No,Not Available
453321,DRISCOLL CHILDREN'S HOSPITAL RIO GRANDE VALLEY,EDINBURG,TX,Childrens,Voluntary non-profit - Private,Yes,Not Available
453301,DRISCOLL CHILDRENS HOSPITAL,CORPUS CHRISTI,TX,Childrens,Voluntary non-profit - Private,Yes,Not Available
371331,DRUMRIGHT REGIONAL HOSPITAL,DRUMRIGHT,OK,Critical Access Hospitals,Government - Local,Yes,Not Available
360348,DUBLIN METHODIST HOSPITAL,DUBLIN,OH,Acute Care Hospitals,Voluntary non-profit - Private,Yes,4
364049,DUBLIN SPRINGS,DUBLIN,OH,Psychiatric,Proprietary,No,Not Available
11031F,DUBLIN VA MEDICAL CENTER,DUBLIN,GA,Acute Care - Veterans Administration,Veterans Health Administration,Yes,Not Available
340129,DUKE HEALTH LAKE NORMAN HOSPITAL,MOORESVILLE,NC,Acute Care Hospitals,Proprietary,Yes,1
340155,DUKE REGIONAL HOSPITAL,DURHAM,NC,Acute Care Hospitals,Government - Local,Yes,5
340030,DUKE UNIVERSITY HOSPITAL,DURHAM,NC,Acute Care Hospitals,Proprietary,Yes,5
151318,DUKES MEMORIAL HOSPITAL,PERU,IN,Critical Access Hospitals,Proprietary,Yes,2
370023,"DUNCAN REGIONAL HOSPITAL, INC",DUNCAN,OK,Acute Care Hospitals,Voluntary non-profit - Private,Yes,3
281340,DUNDY COUNTY HOSPITAL,BENKELMAN,NE,Critical Access Hospitals,Government - Local,Yes,Not Available
430089,DUNES SURGICAL HOSPITAL,DAKOTA DUNES,SD,Acute Care Hospitals,Proprietary,No,Not Available
150150,DUPONT HOSPITAL LLC,FORT WAYNE,IN,Acute Care Hospitals,Proprietary,Yes,4
34012F,DURHAM VA MEDICAL CENTER,DURHAM,NC,Acute Care - Veterans Administration,Veterans Health Administration,Yes,4
440072,DYERSBURG REGIONAL MEDICAL CENTER,DYERSBURG,TN,Acute Care Hospitals,Proprietary,Yes,4
45070F,Darnall AMC (FT Cavazos),Fort Cavazos,TX,Acute Care - Department of Defense,Department of Defense,Yes,Not Available
11033F,Dwight Eisenhower AMC (FT Gordon),Fort Gordon,GA,Acute Care - Department of Defense,Department of Defense,Yes,Not Available
431383,EAGLE BUTTE INDIAN HEALTH SERVICE HOSPITAL,EAGLE BUTTE,SD,Critical Access Hospitals,Government - Federal,Yes,Not Available
164006,EAGLE VIEW BEHAVIORAL HEALTH,BETTENDORF,IA,Psychiatric,Proprietary,No,Not Available
390278,EAGLEVILLE HOSPITAL,EAGLEVILLE,PA,Acute Care Hospitals,Voluntary non-profit - Private,No,Not Available
010780,EAMC - LANIER,VALLEY,AL,Rural Emergency Hospital,Government - Hospital District or Authority,Yes,Not Available
501311,EAST ADAMS RURAL HOSPITAL,RITZVILLE,WA,Critical Access Hospitals,Government - Hospital District or Authority,Yes,Not Available
190208,EAST CARROLL PARISH HOSPITAL,LAKE PROVIDENCE,LA,Acute Care Hospitals,Government - Hospital District or Authority,Yes,Not Available
114029,EAST CENTRAL REGIONAL HOSPITAL,AUGUSTA,GA,Psychiatric,Government - State,No,Not Available
420089,EAST COOPER MEDICAL CENTER,MOUNT PLEASANT,SC,Acute Care Hospitals,Proprietary,Yes,4
110075,EAST GEORGIA REGIONAL MEDICAL CENTER,STATESBORO,GA,Acute Care Hospitals,Proprietary,Yes,3
670320,EAST HOUSTON MEDICAL CENTER,HOUSTON,TX,Acute Care Hospitals,Proprietary,Yes,Not Available
190176,EAST JEFFERSON GENERAL HOSPITAL,METAIRIE,LA,Acute Care Hospitals,Voluntary non-profit - Private,Yes,2
360096,EAST LIVERPOOL CITY HOSPITAL,EAST LIVERPOOL,OH,Acute Care Hospitals,Voluntary non-profit - Private,Yes,3
050641,EAST LOS ANGELES DOCTORS HOSPITAL,LOS ANGELES,CA,Acute Care Hospitals,Proprietary,Yes,1
061303,EAST MORGAN COUNTY HOSPITAL,BRUSH,CO,Critical Access Hospitals,Voluntary non-profit - Private,Yes,Not Available
360080,EAST OHIO REGIONAL HOSPITAL,MARTINS FERRY,OH,Acute Care Hospitals,Voluntary non-profit - Other,No,2
444032,EAST TENNESSEE BEHAVIORAL HEALTH,KNOXVILLE,TN,Psychiatric,Proprietary,No,Not Available
443303,EAST TENNESSEE CHILDRENS HOSPITAL,KNOXVILLE,TN,Childrens,Voluntary non-profit - Private,Yes,Not Available
030153,EAST VALLEY ER & HOSPITAL,GILBERT,AZ,Acute Care Hospitals,Proprietary,Yes,Not Available
130018,EASTERN IDAHO REGIONAL MEDICAL CENTER,IDAHO FALLS,ID,Acute Care Hospitals,Proprietary,Yes,3
194008,EASTERN LA MENTAL HEALTH SYSTEM,JACKSON,LA,Psychiatric,Government - State,No,Not Available
320006,EASTERN NEW MEXICO MEDICAL CENTER,ROSWELL,NM,Acute Care Hospitals,Proprietary,Yes,1
371337,EASTERN OKLAHOMA MEDICAL CENTER,POTEAU,OK,Critical Access Hospitals,Government - Local,Yes,4
051300,EASTERN PLUMAS HOSPITAL - PORTOLA CAMPUS,PORTOLA,CA,Critical Access Hospitals,Government - Hospital District or Authority,Yes,Not Available
061325,EASTERN RIO BLANCO COUNTY HEALTH SERVICE DISTRICT,MEEKER,CO,Critical Access Hospitals,Government - Hospital District or Authority,Yes,Not Available
214002,EASTERN SHORE HOSPITAL CENTER,CAMBRIDGE,MD,Psychiatric,Government - State,No,Not Available
184004,EASTERN STATE HOSPITAL,LEXINGTON,KY,Psychiatric,Voluntary non-profit - Private,No,Not Available
504004,EASTERN STATE HOSPITAL,MEDICAL LAKE,WA,Psychiatric,Government - State,No,Not Available
671303,EASTLAND MEMORIAL HOSPITAL,EASTLAND,TX,Critical Access Hospitals,Government - Hospital District or Authority,Yes,Not Available
014017,EASTPOINTE HOSPITAL,DAPHNE,AL,Psychiatric,Voluntary non-profit - Other,No,Not Available
104059,EASTSIDE PSYCHIATRIC HOSPITAL,TALLAHASSEE,FL,Psychiatric,Voluntary non-profit - Private,No,Not Available
231324,EATON RAPIDS MEDICAL CENTER,EATON RAPIDS,MI,Critical Access Hospitals,Voluntary non-profit - Private,Yes,Not Available
341304,ECU HEALTH BERTIE HOSPITAL,WINDSOR,NC,Critical Access Hospitals,Voluntary non-profit - Private,Yes,4
340040,ECU HEALTH MEDICAL CENTER,GREENVILLE,NC,Acute Care Hospitals,Voluntary non-profit - Private,Yes,2
340151,ECU HEALTH NORTH HOSPITAL,ROANOKE RAPIDS,NC,Acute Care Hospitals,Voluntary non-profit - Private,Yes,2
100134,ED FRASER MEMORIAL HOSPITAL,MACCLENNY,FL,Acute Care Hospitals,Voluntary non-profit - Private,Yes,1
050488,EDEN MEDICAL CENTER,CASTRO VALLEY,CA,Acute Care Hospitals,Voluntary non-profit - Other,Yes,4
421304,EDGEFIELD COUNTY HEALTHCARE AN AFFILIATE OF SELF R,EDGEFIELD,SC,Critical Access Hospitals,Voluntary non-profit - Private,Yes,Not Available
521319,EDGERTON HOSPITAL AND HEALTH SERVICES,EDGERTON,WI,Critical Access Hospitals,Voluntary non-profit - Private,Yes,Not Available
390307,EDGEWOOD SURGICAL HOSPITAL,TRANSFER,PA,Acute Care Hospitals,Physician,No,Not Available
140231,EDWARD HOSPITAL,NAPERVILLE,IL,Acute Care Hospitals,Voluntary non-profit - Private,Yes,3
230230,EDWARD W SPARROW HOSPITAL,LANSING,MI,Acute Care Hospitals,Voluntary non-profit - Other,Yes,3
171317,EDWARDS COUNTY MEDICAL CENTER,KINSLEY,KS,Critical Access Hospitals,Government - Local,No,Not Available
111306,EFFINGHAM HEALTH SYSTEM,SPRINGFIELD,GA,Critical Access Hospitals,Government - Hospital District or Authority,Yes,Not Available
050573,EISENHOWER MEDICAL CENTER,RANCHO MIRAGE,CA,Acute Care Hospitals,Proprietary,Yes,4
050308,EL CAMINO HEALTH,MOUNTAIN VIEW,CA,Acute Care Hospitals,Government - Hospital District or Authority,Yes,4
450694,EL CAMPO MEMORIAL HOSPITAL,EL CAMPO,TX,Acute Care Hospitals,Voluntary non-profit - Other,Yes,3
050045,EL CENTRO REGIONAL MEDICAL CENTER,EL CENTRO,CA,Acute Care Hospitals,Government - Local,Yes,1
034033,EL DORADO SPRINGS,TUCSON,AZ,Psychiatric,Proprietary,No,Not Available
454109,EL PASO BEHAVIORAL HEALTH SYSTEM,EL PASO,TX,Psychiatric,Proprietary,No,Not Available
453313,EL PASO CHILDREN'S HOSPITAL,EL PASO,TX,Childrens,Voluntary non-profit - Private,Yes,Not Available
454100,EL PASO PSYCHIATRIC CENTER,EL PASO,TX,Psychiatric,Government - State,No,Not Available
111337,ELBERT MEMORIAL HOSPITAL,ELBERTON,GA,Critical Access Hospitals,Government - Hospital District or Authority,No,Not Available
451343,ELECTRA MEMORIAL HOSPITAL,ELECTRA,TX,Critical Access Hospitals,Government - Hospital District or Authority,Yes,Not Available
144037,ELGIN MENTAL HEALTH CENTER,ELGIN,IL,Psychiatric,Government - State,Yes,Not Available
670285,ELITE HOSPITAL KINGWOOD,KINGWOOD,TX,Acute Care Hospitals,Proprietary,No,Not Available
331302,ELIZABETHTOWN COMMUNITY HOSPITAL,ELIZABETHTOWN,NY,Critical Access Hospitals,Voluntary non-profit - Private,Yes,4
150018,ELKHART GENERAL HOSPITAL,ELKHART,IN,Acute Care Hospitals,Government - Local,Yes,4
370783,ELKVIEW GENERAL HOSPITAL,HOBART,OK,Rural Emergency Hospital,Government - Hospital District or Authority,Yes,Not Available
331310,ELLENVILLE REGIONAL HOSPITAL,ELLENVILLE,NY,Critical Access Hospitals,Voluntary non-profit - Private,Yes,Not Available
261301,ELLETT MEMORIAL HOSPITAL,APPLETON CITY,MO,Critical Access Hospitals,Government - Hospital District or Authority,Yes,Not Available
171301,ELLINWOOD DISTRICT HOSPITAL,ELLINWOOD,KS,Critical Access Hospitals,Government - Hospital District or Authority,Yes,Not Available
300012,ELLIOT HOSPITAL,MANCHESTER,NH,Acute Care Hospitals,Voluntary non-profit - Private,Yes,2
330153,ELLIS HOSPITAL,SCHENECTADY,NY,Acute Care Hospitals,Voluntary non-profit - Private,Yes,3
171327,ELLSWORTH COUNTY MEDICAL CENTER,ELLSWORTH,KS,Critical Access Hospitals,Proprietary,Yes,2
330128,ELMHURST HOSPITAL CENTER,ELMHURST,NY,Acute Care Hospitals,Government - Local,Yes,2
140200,ELMHURST MEMORIAL HOSPITAL,ELMHURST,IL,Acute Care Hospitals,Proprietary,Yes,3
334045,ELMIRA PSYCH CENTER,ELMIRA,NY,Psychiatric,Government - State,No,Not Available
010097,ELMORE COMMUNITY HOSPITAL,WETUMPKA,AL,Acute Care Hospitals,Proprietary,Yes,Not Available
241318,ELY - BLOOMENSON COMMUNITY HOSPITAL,ELY,MN,Critical Access Hospitals,Voluntary non-profit - Private,Yes,Not Available
050597,EMANATE HEALTH FOOTHILL PRESBYTERIAN HOSPITAL,GLENDORA,CA,Acute Care Hospitals,Voluntary non-profit - Private,No,3
050382,EMANATE HEALTH INTER-COMMUNITY HOSPITAL,COVINA,CA,Acute Care Hospitals,Proprietary,Yes,1
050179,EMANUEL MEDICAL CENTER,TURLOCK,CA,Acute Care Hospitals,Proprietary,Yes,2
110109,EMANUEL MEDICAL CENTER,SWAINSBORO,GA,Acute Care Hospitals,Government - Hospital District or Authority,Yes,4
104073,EMERALD COAST BEHAVIORAL HOSPITAL,PANAMA CITY,FL,Psychiatric,Proprietary,No,Not Available
220084,EMERSON HOSPITAL -,W CONCORD,MA,Acute Care Hospitals,Voluntary non-profit - Private,Yes,5
414003,EMMA PENDLETON BRADLEY HOSPITAL,EAST PROVIDENCE,RI,Psychiatric,Voluntary non-profit - Private,Yes,Not Available
110076,EMORY DECATUR HOSPITAL,DECATUR,GA,Acute Care Hospitals,Voluntary non-profit - Private,No,2
110226,EMORY HILLANDALE HOSPITAL,LITHONIA,GA,Acute Care Hospitals,Government - Hospital District or Authority,Yes,1
110069,EMORY HOUSTON HOSPITAL WARNER ROBINS,WARNER ROBINS,GA,Acute Care Hospitals,Voluntary non-profit - Private,Yes,2
110230,EMORY JOHNS CREEK HOSPITAL,JOHNS CREEK,GA,Acute Care Hospitals,Proprietary,Yes,4
110010,EMORY UNIVERSITY HOSPITAL,ATLANTA,GA,Acute Care Hospitals,Voluntary non-profit - Private,Yes,4
110078,EMORY UNIVERSITY HOSPITAL MIDTOWN,ATLANTA,GA,Acute Care Hospitals,Voluntary non-profit - Private,Yes,2
050158,ENCINO HOSPITAL MEDICAL CENTER,ENCINO,CA,Acute Care Hospitals,Proprietary,No,3
391306,ENDLESS MOUNTAINS HEALTH SYSTEMS,MONTROSE,PA,Critical Access Hospitals,Voluntary non-profit - Private,Yes,1
310045,ENGLEWOOD HOSPITAL AND MEDICAL CENTER,ENGLEWOOD,NJ,Acute Care Hospitals,Voluntary non-profit - Private,Yes,4
050039,ENLOE HEALTH,CHICO,CA,Acute Care Hospitals,Voluntary non-profit - Private,Yes,3
450833,ENNIS REGIONAL MEDICAL CENTER,ENNIS,TX,Acute Care Hospitals,Proprietary,Yes,Not Available
181315,EPHRAIM MCDOWELL FORT LOGAN HOSPITAL,STANFORD,KY,Critical Access Hospitals,Voluntary non-profit - Private,Yes,Not Available
180048,EPHRAIM MCDOWELL REGIONAL MEDICAL CENTER,DANVILLE,KY,Acute Care Hospitals,Voluntary non-profit - Private,Yes,3
330219,ERIE COUNTY MEDICAL CENTER,BUFFALO,NY,Acute Care Hospitals,Voluntary non-profit - Other,Yes,2
39005F,ERIE VA MEDICAL CENTER,ERIE,PA,Acute Care - Veterans Administration,Veterans Health Administration,No,Not Available
444026,"ERLANGER BEHAVIORAL HOSPITAL, LLC",CHATTANOOGA,TN,Psychiatric,Proprietary,No,Not Available
441306,ERLANGER BLEDSOE HOSPITAL,PIKEVILLE,TN,Critical Access Hospitals,Government - Hospital District or Authority,Yes,Not Available
440104,ERLANGER MEDICAL CENTER,CHATTANOOGA,TN,Acute Care Hospitals,Government - Hospital District or Authority,Yes,4
341328,ERLANGER MURPHY MEDICAL CENTER,MURPHY,NC,Critical Access Hospitals,Voluntary non-profit - Private,Yes,4
150024,ESKENAZI HEALTH,INDIANAPOLIS,IN,Acute Care Hospitals,Government - Local,Yes,3
350070,ESSENTIA HEALTH,FARGO,ND,Acute Care Hospitals,Voluntary non-profit - Private,Yes,3
241313,ESSENTIA HEALTH ADA,ADA,MN,Critical Access Hospitals,Voluntary non-profit - Private,Yes,Not Available
241360,ESSENTIA HEALTH DEER RIVER,DEER RIVER,MN,Critical Access Hospitals,Voluntary non-profit - Private,Yes,Not Available
240019,ESSENTIA HEALTH DULUTH,DULUTH,MN,Acute Care Hospitals,Voluntary non-profit - Private,No,Not Available
241357,ESSENTIA HEALTH FOSSTON,FOSSTON,MN,Critical Access Hospitals,Voluntary non-profit - Private,Yes,Not Available
241321,ESSENTIA HEALTH HOLY TRINITY HOSPITAL,GRACEVILLE,MN,Critical Access Hospitals,Voluntary non-profit - Private,Yes,Not Available
241350,ESSENTIA HEALTH MOOSE LAKE,MOOSE LAKE,MN,Critical Access Hospitals,Government - Hospital District or Authority,Yes,Not Available
241340,ESSENTIA HEALTH NORTHERN PINES MEDICAL CENTER,AURORA,MN,Critical Access Hospitals,Voluntary non-profit - Private,Yes,Not Available
241309,ESSENTIA HEALTH SANDSTONE,SANDSTONE,MN,Critical Access Hospitals,Voluntary non-profit - Private,Yes,Not Available
240075,ESSENTIA HEALTH ST JOSEPH'S MEDICAL CENTER,BRAINERD,MN,Acute Care Hospitals,Voluntary non-profit - Private,Yes,3
240002,ESSENTIA HEALTH ST MARY'S MEDICAL CENTER,DULUTH,MN,Acute Care Hospitals,Voluntary non-profit - Private,Yes,4
240101,ESSENTIA HEALTH ST MARYS - DETROIT LAKES,DETROIT LAKES,MN,Acute Care Hospitals,Voluntary non-profit - Church,No,4
240084,ESSENTIA HEALTH VIRGINIA,VIRGINIA,MN,Acute Care Hospitals,Government - Local,No,4
314020,ESSEX COUNTY HOSPITAL CENTER,CEDAR GROVE,NJ,Psychiatric,Government - Local,No,Not Available
061312,ESTES PARK MEDICAL CENTER,ESTES PARK,CO,Critical Access Hospitals,Government - Hospital District or Authority,Yes,Not Available
154071,ETHAN CROSSING ADDICTION CAMPUS OF INDIANAPOLIS,INDIANAPOLIS,IN,Psychiatric,Proprietary,No,Not Available
360082,EUCLID HOSPITAL,EUCLID,OH,Acute Care Hospitals,Voluntary non-profit - Other,No,4
431308,EUREKA COMMUNITY HEALTH SERVICES - CAH,EUREKA,SD,Critical Access Hospitals,Voluntary non-profit - Other,Yes,Not Available
040780,EUREKA SPRINGS HOSPITAL COMMISSION,EUREKA SPRINGS,AR,Rural Emergency Hospital,Government - Local,Yes,Not Available
110142,EVANS MEMORIAL HOSPITAL,CLAXTON,GA,Acute Care Hospitals,Government - Hospital District or Authority,Yes,Not Available
531319,EVANSTON REGIONAL HOSPITAL,EVANSTON,WY,Critical Access Hospitals,Proprietary,Yes,Not Available
154056,EVANSVILLE STATE HOSPITAL,EVANSVILLE,IN,Psychiatric,Government - State,No,Not Available
010148,EVERGREEN MEDICAL CENTER,EVERGREEN,AL,Acute Care Hospitals,Proprietary,Yes,3
500124,EVERGREENHEALTH MEDICAL CENTER,KIRKLAND,WA,Acute Care Hospitals,Government - Hospital District or Authority,Yes,5
500084,EVERGREENHEALTH MONROE,MONROE,WA,Acute Care Hospitals,Government - Hospital District or Authority,Yes,3
390217,EXCELA HEALTH - FRICK HOSPITAL,MOUNT PLEASANT,PA,Acute Care Hospitals,Voluntary non-profit - Other,Yes,3
390219,EXCELA HEALTH LATROBE HOSPITAL,LATROBE,PA,Acute Care Hospitals,Voluntary non-profit - Private,Yes,4
390145,EXCELA HEALTH WESTMORELAND REGIONAL HOSPITAL,GREENSBURG,PA,Acute Care Hospitals,Voluntary non-profit - Other,Yes,3
261322,EXCELSIOR SPRINGS HOSPITAL,EXCELSIOR SPRINGS,MO,Critical Access Hospitals,Government - Local,Yes,Not Available
030152,EXCEPTIONAL COMMUNITY HOSPITAL - MARICOPA,MARICOPA,AZ,Acute Care Hospitals,Proprietary,Yes,Not Available
370247,EXCEPTIONAL COMMUNITY HOSPITAL ARDMORE,ARDMORE,OK,Acute Care Hospitals,Proprietary,Yes,Not Available
030155,EXCEPTIONAL COMMUNITY HOSPITAL BULLHEAD CITY,BULLHEAD CITY,AZ,Acute Care Hospitals,Proprietary,Yes,Not Available
670327,EXCEPTIONAL COMMUNITY HOSPITAL LUBBOCK,LUBBOCK,TX,Acute Care Hospitals,Proprietary,Yes,Not Available
030154,EXCEPTIONAL COMMUNITY HOSPITAL YUMA,YUMA,AZ,Acute Care Hospitals,Proprietary,Yes,Not Available
300023,EXETER HOSPITAL INC,EXETER,NH,Acute Care Hospitals,Voluntary non-profit - Private,Yes,4
06003F,Evans ACH (FT Carson),Fort Carson,CO,Acute Care - Department of Defense,Department of Defense,Yes,Not Available
330074,F F THOMPSON HOSPITAL,CANANDAIGUA,NY,Acute Care Hospitals,Voluntary non-profit - Private,Yes,2
171314,F W HUSTON MEDICAL CENTER,WINCHESTER,KS,Critical Access Hospitals,Voluntary non-profit - Private,Yes,Not Available
150179,FAIRBANKS,INDIANAPOLIS,IN,Acute Care Hospitals,Voluntary non-profit - Private,No,Not Available
020012,FAIRBANKS MEMORIAL HOSPITAL,FAIRBANKS,AK,Acute Care Hospitals,Voluntary non-profit - Private,Yes,2
051316,FAIRCHILD MEDICAL CENTER,YREKA,CA,Critical Access Hospitals,Voluntary non-profit - Other,Yes,2
360072,FAIRFIELD MEDICAL CENTER,LANCASTER,OH,Acute Care Hospitals,Voluntary non-profit - Other,Yes,2
141311,FAIRFIELD MEMORIAL HOSPITAL 1,FAIRFIELD,IL,Critical Access Hospitals,Voluntary non-profit - Private,Yes,3
394027,FAIRMOUNT BEHAVIORAL HEALTH SYSTEM,PHILADELPHIA,PA,Psychiatric,Proprietary,No,Not Available
221302,FAIRVIEW HOSPITAL,GREAT BARRINGTON,MA,Critical Access Hospitals,Voluntary non-profit - Private,Yes,5
360077,FAIRVIEW HOSPITAL,CLEVELAND,OH,Acute Care Hospitals,Voluntary non-profit - Private,Yes,5
240050,FAIRVIEW LAKES HEALTH SERVICES,WYOMING,MN,Acute Care Hospitals,Voluntary non-profit - Private,Yes,3
240141,FAIRVIEW NORTHLAND REGIONAL HOSPITAL,PRINCETON,MN,Acute Care Hospitals,Voluntary non-profit - Other,Yes,4
110125,FAIRVIEW PARK HOSPITAL,DUBLIN,GA,Acute Care Hospitals,Proprietary,Yes,4
371329,FAIRVIEW REGIONAL MEDICAL CENTER AUTHORITY,FAIRVIEW,OK,Critical Access Hospitals,Government - Hospital District or Authority,Yes,Not Available
450241,FAITH COMMUNITY HOSPITAL,JACKSBORO,TX,Acute Care Hospitals,Government - Hospital District or Authority,Yes,Not Available
280125,FAITH REGIONAL HEALTH SERVICES,NORFOLK,NE,Acute Care Hospitals,Voluntary non-profit - Church,Yes,3
431322,FALL RIVER HOSPITAL - CAH,HOT SPRINGS,SD,Critical Access Hospitals,Government - Local,Yes,Not Available
271301,FALLON MEDICAL COMPLEX HOSPITAL,BAKER,MT,Critical Access Hospitals,Voluntary non-profit - Private,Yes,Not Available
670780,FALLS COMMUNITY HOSPITAL AND CLINIC,MARLIN,TX,Rural Emergency Hospital,Voluntary non-profit - Private,Yes,Not Available
220135,FALMOUTH HOSPITAL,FALMOUTH,MA,Acute Care Hospitals,Voluntary non-profit - Private,Yes,4
061302,FAMILY HEALTH WEST HOSPITAL,FRUITA,CO,Critical Access Hospitals,Voluntary non-profit - Private,Yes,Not Available
35002F,FARGO VA MEDICAL CENTER,FARGO,ND,Acute Care - Veterans Administration,Veterans Health Administration,Yes,5
431301,FAULKTON AREA MEDICAL CENTER,FAULKTON,SD,Critical Access Hospitals,Voluntary non-profit - Private,Yes,Not Available
490023,FAUQUIER HOSPITAL,WARRENTON,VA,Acute Care Hospitals,Proprietary,Yes,3
141346,FAYETTE COUNTY HOSPITAL,VANDALIA,IL,Critical Access Hospitals,Voluntary non-profit - Other,Yes,Not Available
010045,FAYETTE MEDICAL CENTER,FAYETTE,AL,Acute Care Hospitals,Voluntary non-profit - Other,Yes,4
04009F,FAYETTEVILLE AR VA MEDICAL CENTER,FAYETTEVILLE,AR,Acute Care - Veterans Administration,Veterans Health Administration,Yes,5
34013F,FAYETTEVILLE NC VA MEDICAL CENTER,FAYETTEVILLE,NC,Acute Care - Veterans Administration,Veterans Health Administration,No,5
141324,FERRELL HOSPITAL COMMUNITY FOUNDATIONS,ELDORADO,IL,Critical Access Hospitals,Voluntary non-profit - Private,Yes,1
501322,FERRY COUNTY MEMORIAL HOSPITAL,REPUBLIC,WA,Critical Access Hospitals,Government - Hospital District or Authority,Yes,Not Available
140160,FHN MEMORIAL HOSPITAL,FREEPORT,IL,Acute Care Hospitals,Voluntary non-profit - Private,Yes,3
251309,FIELD HEALTH SYSTEM,CENTREVILLE,MS,Critical Access Hospitals,Government - Local,Yes,Not Available
281301,FILLMORE COUNTY HOSPITAL,GENEVA,NE,Critical Access Hospitals,Government - Local,Yes,4
160117,FINLEY HOSPITAL,DUBUQUE,IA,Acute Care Hospitals,Voluntary non-profit - Private,Yes,3
360025,FIRELANDS REGIONAL MEDICAL CENTER,SANDUSKY,OH,Acute Care Hospitals,Voluntary non-profit - Private,Yes,4
351326,FIRST CARE HEALTH CENTER,PARK RIVER,ND,Critical Access Hospitals,Voluntary non-profit - Private,Yes,Not Available
404004,FIRST HOSPITAL PANAMERICANO,CIDRA,PR,Psychiatric,Proprietary,No,Not Available
341303,FIRSTHEALTH MONTGOMERY MEMORIAL HOSP,TROY,NC,Critical Access Hospitals,Voluntary non-profit - Private,Yes,Not Available
340115,FIRSTHEALTH MOORE REGIONAL HOSPITAL,PINEHURST,NC,Acute Care Hospitals,Voluntary non-profit - Private,Yes,4
451313,FISHER COUNTY HOSPITAL DISTRICT,ROTAN,TX,Critical Access Hospitals,Government - Hospital District or Authority,Yes,Not Available
360065,FISHER-TITUS HOSPITAL,NORWALK,OH,Acute Care Hospitals,Voluntary non-profit - Private,Yes,4
101312,FISHERMEN'S COMMUNITY HOSPITAL,MARATHON,FL,Critical Access Hospitals,Voluntary non-profit - Private,Yes,Not Available
260142,FITZGIBBON HOSPITAL,MARSHALL,MO,Acute Care Hospitals,Voluntary non-profit - Private,Yes,2
100090,FLAGLER HOSPITAL,SAINT AUGUSTINE,FL,Acute Care Hospitals,Voluntary non-profit - Private,Yes,3
030023,FLAGSTAFF MEDICAL CENTER,FLAGSTAFF,AZ,Acute Care Hospitals,Voluntary non-profit - Private,Yes,4
521325,FLAMBEAU HOSPITAL,PARK FALLS,WI,Critical Access Hospitals,Voluntary non-profit - Private,Yes,3
180780,FLEMING COUNTY HOSPITAL,FLEMINGSBURG,KY,Rural Emergency Hospital,Voluntary non-profit - Other,Yes,Not Available
110190,FLINT RIVER COMMUNITY HOSPITAL,MONTEZUMA,GA,Acute Care Hospitals,Voluntary non-profit - Private,No,Not Available
104000,FLORIDA STATE HOSPITAL UNIT 14 PSYCH,CHATTAHOOCHEE,FL,Psychiatric,Government - State,No,Not Available
100298,FLORIDA STATE HOSPITAL UNIT 31 MED,CHATTAHOOCHEE,FL,Acute Care Hospitals,Government - State,No,Not Available
010055,FLOWERS HOSPITAL,DOTHAN,AL,Acute Care Hospitals,Proprietary,Yes,2
010022,FLOYD CHEROKEE MEDICAL CENTER,CENTRE,AL,Acute Care Hospitals,Proprietary,Yes,Not Available
161347,FLOYD COUNTY MEDICAL CENTER,CHARLES CITY,IA,Critical Access Hospitals,Government - Local,Yes,3
161368,FLOYD VALLEY HEALTHCARE,LE MARS,IA,Critical Access Hospitals,Government - Local,Yes,3
330193,FLUSHING HOSPITAL MEDICAL CENTER,FLUSHING,NY,Acute Care Hospitals,Voluntary non-profit - Private,Yes,2
524025,FOND DU LAC COUNTY ACUTE PSYCH UNIT,FOND DU LAC,WI,Psychiatric,Government - Local,Yes,Not Available
050780,FOOTHILL REGIONAL MEDICAL CENTER,TUSTIN,CA,Acute Care Hospitals,Proprietary,No,3
390267,FORBES HOSPITAL,MONROEVILLE,PA,Acute Care Hospitals,Voluntary non-profit - Private,Yes,3
230144,FOREST HEALTH MEDICAL CENTER,YPSILANTI,MI,Acute Care Hospitals,Government - Hospital District or Authority,No,Not Available
234030,FOREST VIEW PSYCHIATRIC HOSPITAL,GRAND RAPIDS,MI,Psychiatric,Proprietary,No,Not Available
501325,FORKS COMMUNITY HOSPITAL,FORKS,WA,Critical Access Hospitals,Government - Hospital District or Authority,Yes,Not Available
040019,FORREST CITY MEDICAL CENTER,FORREST CITY,AR,Acute Care Hospitals,Proprietary,Yes,Not Available
250078,FORREST GENERAL HOSPITAL,HATTIESBURG,MS,Acute Care Hospitals,Government - Local,Yes,2
030071,FORT DEFIANCE INDIAN HOSPITAL,FT. DEFIANCE,AZ,Acute Care Hospitals,Tribal,Yes,Not Available
450092,FORT DUNCAN MEDICAL CENTER,EAGLE PASS,TX,Acute Care Hospitals,Proprietary,Yes,3
360132,FORT HAMILTON HUGHES MEMORIAL HOSPITAL,HAMILTON,OH,Acute Care Hospitals,Voluntary non-profit - Private,Yes,3
104026,FORT LAUDERDALE BEHAVIORAL HEALTH CENTER,OAKLAND PARK,FL,Psychiatric,Proprietary,No,Not Available
440110,FORT LOUDOUN MEDICAL CENTER,LENOIR CITY,TN,Acute Care Hospitals,Voluntary non-profit - Other,Yes,4
520071,FORT MEMORIAL HOSPITAL,FORT ATKINSON,WI,Acute Care Hospitals,Voluntary non-profit - Private,Yes,4
440125,FORT SANDERS REGIONAL MEDICAL CENTER,KNOXVILLE,TN,Acute Care Hospitals,Voluntary non-profit - Private,Yes,3
361318,FOSTORIA COMMUNITY HOSPITAL,FOSTORIA,OH,Critical Access Hospitals,Voluntary non-profit - Private,No,4
670054,FOUNDATION SURGICAL HOSPITAL OF SAN ANTONIO,SAN ANTONIO,TX,Acute Care Hospitals,Proprietary,Yes,Not Available
394038,FOUNDATIONS BEHAVIORAL HEALTH,DOYLESTOWN,PA,Psychiatric,Voluntary non-profit - Private,No,Not Available
334002,FOUR WINDS,KATONAH,NY,Psychiatric,Proprietary,No,Not Available
334049,FOUR WINDS OF SARATOGA,SARATOGA SPRINGS,NY,Psychiatric,Proprietary,Yes,Not Available
271316,FRANCES MAHON DEACONESS HOSPITAL,GLASGOW,MT,Critical Access Hospitals,Voluntary non-profit - Private,Yes,Not Available
223300,FRANCISCAN CHILDREN'S HOSPITAL & REHAB CENTER,BRIGHTON,MA,Childrens,Voluntary non-profit - Private,No,Not Available
150022,FRANCISCAN HEALTH CRAWFORDSVILLE,CRAWFORDSVILLE,IN,Acute Care Hospitals,Voluntary non-profit - Church,Yes,5
150126,FRANCISCAN HEALTH CROWN POINT,CROWN POINT,IN,Acute Care Hospitals,Voluntary non-profit - Church,Yes,3
150090,FRANCISCAN HEALTH DYER,DYER,IN,Acute Care Hospitals,Voluntary non-profit - Church,Yes,2
150162,FRANCISCAN HEALTH INDIANAPOLIS,INDIANAPOLIS,IN,Acute Care Hospitals,Voluntary non-profit - Church,Yes,4
150109,FRANCISCAN HEALTH LAFAYETTE,LAFAYETTE,IN,Acute Care Hospitals,Voluntary non-profit - Church,Yes,3
150015,FRANCISCAN HEALTH MICHIGAN CITY,MICHIGAN CITY,IN,Acute Care Hospitals,Voluntary non-profit - Church,Yes,3
150057,FRANCISCAN HEALTH MOORESVILLE,MOORESVILLE,IN,Acute Care Hospitals,Voluntary non-profit - Church,Yes,5
150165,FRANCISCAN HEALTH MUNSTER,MUNSTER,IN,Acute Care Hospitals,Voluntary non-profit - Private,Yes,3
140172,FRANCISCAN HEALTH OLYMPIA & CHICAGO HEIGHTS,OLYMPIA FIELDS,IL,Acute Care Hospitals,Voluntary non-profit - Church,Yes,3
150193,FRANCISCAN HEALTH ORTHOPEDIC HOSPITAL CARMEL,CARMEL,IN,Acute Care Hospitals,Voluntary non-profit - Church,No,Not Available
151324,"FRANCISCAN HEALTH RENSSELAER, INC",RENSSELAER,IN,Critical Access Hospitals,Voluntary non-profit - Private,Yes,Not Available
180127,FRANKFORT REGIONAL MEDICAL CENTER,FRANKFORT,KY,Acute Care Hospitals,Proprietary,Yes,3
131322,FRANKLIN COUNTY MEDICAL CENTER,PRESTON,ID,Critical Access Hospitals,Voluntary non-profit - Other,Yes,3
251330,FRANKLIN COUNTY MEMORIAL HOSPITAL,MEADVILLE,MS,Critical Access Hospitals,Government - Local,Yes,Not Available
281311,FRANKLIN COUNTY MEMORIAL HOSPITAL,FRANKLIN,NE,Critical Access Hospitals,Government - Local,Yes,Not Available
161308,FRANKLIN GENERAL HOSPITAL,HAMPTON,IA,Critical Access Hospitals,Government - Local,Yes,Not Available
141321,FRANKLIN HOSPITAL,BENTON,IL,Critical Access Hospitals,Government - Hospital District or Authority,Yes,Not Available
190140,FRANKLIN MEDICAL CENTER,WINNSBORO,LA,Acute Care Hospitals,Government - Hospital District or Authority,Yes,Not Available
440184,FRANKLIN WOODS COMMUNITY HOSPITAL,JOHNSON CITY,TN,Acute Care Hospitals,Voluntary non-profit - Private,Yes,3
210005,FREDERICK HEALTH HOSPITAL,FREDERICK,MD,Acute Care Hospitals,Voluntary non-profit - Private,Yes,3
171374,FREDONIA REGIONAL HOSPITAL,FREDONIA,KS,Critical Access Hospitals,Government - Local,Yes,Not Available
194083,FREEDOM BEHAVIORAL HOSPITAL OF BASTROP,BASTROP,LA,Psychiatric,Proprietary,Yes,Not Available
194119,FREEDOM BEHAVIORAL HOSPITAL OF FERRIDAY,FERRIDAY,LA,Psychiatric,Proprietary,No,Not Available
194121,FREEDOM BEHAVIORAL HOSPITAL OF LEESVILLE,LEESVILLE,LA,Psychiatric,Proprietary,No,Not Available
194087,FREEDOM BEHAVIORAL HOSPITAL OF MONROE,MONROE,LA,Psychiatric,Proprietary,No,Not Available
260137,FREEMAN HEALTH SYSTEM - FREEMAN WEST,JOPLIN,MO,Acute Care Hospitals,Voluntary non-profit - Private,Yes,2
431313,FREEMAN MEDICAL CENTER - CAH,FREEMAN,SD,Critical Access Hospitals,Voluntary non-profit - Private,Yes,Not Available
261331,FREEMAN NEOSHO HOSPITAL,NEOSHO,MO,Critical Access Hospitals,Voluntary non-profit - Private,Yes,4
450658,FREESTONE MEDICAL CENTER,FAIRFIELD,TX,Acute Care Hospitals,Government - Hospital District or Authority,Yes,Not Available
050232,FRENCH HOSPITAL MEDICAL CENTER,SAN LUIS OBISPO,CA,Acute Care Hospitals,Voluntary non-profit - Private,Yes,5
050708,FRESNO SURGICAL HOSPITAL,FRESNO,CA,Acute Care Hospitals,Proprietary,No,Not Available
05025F,FRESNO VA MEDICAL CENTER (VA CENTRAL CALIFORNIA HEALTHCARE SYSTEM),FRESNO,CA,Acute Care - Veterans Administration,Veterans Health Administration,Yes,5
280779,FRIEND COMMUNITY HEALTHCARE SYSTEM,FRIEND,NE,Rural Emergency Hospital,Government - Local,Yes,Not Available
394008,FRIENDS HOSPITAL,PHILADELPHIA,PA,Psychiatric,Proprietary,No,Not Available
451391,FRIO REGIONAL HOSPITAL,PEARSALL,TX,Critical Access Hospitals,Voluntary non-profit - Private,Yes,Not Available
300014,FRISBIE MEMORIAL HOSPITAL,ROCHESTER,NH,Acute Care Hospitals,Proprietary,Yes,3
520213,FROEDTERT COMMUNITY HOSPITAL,NEW BERLIN,WI,Acute Care Hospitals,Voluntary non-profit - Private,Yes,Not Available
520177,FROEDTERT MEMORIAL LUTHERAN HOSPITAL,MILWAUKEE,WI,Acute Care Hospitals,Voluntary non-profit - Private,Yes,3
520021,FROEDTERT SOUTH INC.,KENOSHA,WI,Acute Care Hospitals,Government - Local,Yes,2
340116,FRYE REGIONAL MEDICAL CENTER,HICKORY,NC,Acute Care Hospitals,Proprietary,Yes,2
361333,FULTON COUNTY HEALTH CENTER,WAUSEON,OH,Critical Access Hospitals,Voluntary non-profit - Private,Yes,3
391303,FULTON COUNTY MEDICAL CENTER,MCCONNELLSBURG,PA,Critical Access Hospitals,Voluntary non-profit - Private,Yes,3
49001F,Fort Belvoir Community Hospital,Fort Belvoir,VA,Acute Care - Department of Defense,Department of Defense,Yes,Not Available
424005,G WERBER BRYAN PSYCH HOSP,COLUMBIA,SC,Psychiatric,Government - State,No,Not Available
25043F,G. V. (SONNY) MONTGOMERY VA MEDICAL CENTER (JACKSON),JACKSON,MS,Acute Care - Veterans Administration,Veterans Health Administration,Yes,4
010040,GADSDEN REGIONAL MEDICAL CENTER,GADSDEN,AL,Acute Care Hospitals,Proprietary,Yes,2
361325,GALION COMMUNITY HOSPITAL,GALION,OH,Critical Access Hospitals,Voluntary non-profit - Church,No,3
320061,GALLUP INDIAN MEDICAL CENTER,GALLUP,NM,Acute Care Hospitals,Government - Federal,Yes,2
230244,GARDEN CITY HOSPITAL,GARDEN CITY,MI,Acute Care Hospitals,Voluntary non-profit - Private,Yes,2
281310,GARDEN COUNTY HEALTH SERVICES,OSHKOSH,NE,Critical Access Hospitals,Voluntary non-profit - Private,Yes,Not Available
050230,GARDEN GROVE HOSPITAL & MEDICAL CENTER,GARDEN GROVE,CA,Acute Care Hospitals,Proprietary,Yes,2
271310,GARFIELD COUNTY HEALTH CENTER,JORDAN,MT,Critical Access Hospitals,Government - Local,Yes,Not Available
501301,GARFIELD COUNTY PUBLIC HOSPITAL DISTRICT #1,POMEROY,WA,Critical Access Hospitals,Government - Hospital District or Authority,Yes,Not Available
050737,GARFIELD MEDICAL CENTER,MONTEREY PARK,CA,Acute Care Hospitals,Proprietary,Yes,1
144039,GARFIELD PARK HOSPITAL,CHICAGO,IL,Psychiatric,Proprietary,No,Not Available
330386,GARNET HEALTH  MEDICAL CENTER CATSKILLS,HARRIS,NY,Acute Care Hospitals,Voluntary non-profit - Private,Yes,2
330126,GARNET HEALTH MEDICAL CENTER,MIDDLETOWN,NY,Acute Care Hospitals,Voluntary non-profit - Private,Yes,4
331303,GARNET HEALTH MEDICAL CENTER CATSKILLS,CALLICOON,NY,Critical Access Hospitals,Voluntary non-profit - Private,Yes,Not Available
210017,GARRETT REGIONAL MEDICAL CENTER,OAKLAND,MD,Acute Care Hospitals,Voluntary non-profit - Private,Yes,4
351303,GARRISON MEMORIAL HOSPITAL,GARRISON,ND,Critical Access Hospitals,Voluntary non-profit - Church,Yes,Not Available
140125,GATEWAY REGIONAL MEDICAL CENTER,GRANITE CITY,IL,Acute Care Hospitals,Voluntary non-profit - Other,Yes,2
054028,GATEWAYS HOSP  MENTAL HEALTH CTR,LOS ANGELES,CA,Psychiatric,Proprietary,No,Not Available
394059,GEISINGER BEHAVIORAL HEALTH CENTER NORTHEAST,MOOSIC,PA,Psychiatric,Proprietary,No,Not Available
391300,GEISINGER JERSEY SHORE HOSPITAL,JERSEY SHORE,PA,Critical Access Hospitals,Voluntary non-profit - Private,Yes,3
390006,GEISINGER MEDICAL CENTER,DANVILLE,PA,Acute Care Hospitals,Voluntary non-profit - Private,Yes,4
390337,GEISINGER MEDICAL CENTER MUNCY,MUNCY,PA,Acute Care Hospitals,Voluntary non-profit - Private,Yes,4
390332,GEISINGER ST. LUKE'S  HOSPITAL,ORWIGSBURG,PA,Acute Care Hospitals,Voluntary non-profit - Private,No,5
390270,GEISINGER WYOMING VALLEY MEDICAL CENTER,WILKES BARRE,PA,Acute Care Hospitals,Voluntary non-profit - Private,Yes,4
390003,GEISINGER-BLOOMSBURG HOSPITAL,BLOOMSBURG,PA,Acute Care Hospitals,Voluntary non-profit - Private,Yes,4
390001,GEISINGER-COMMUNITY MEDICAL CENTER,SCRANTON,PA,Acute Care Hospitals,Voluntary non-profit - Private,Yes,2
390048,GEISINGER-LEWISTOWN HOSPITAL,LEWISTOWN,PA,Acute Care Hospitals,Voluntary non-profit - Private,Yes,5
364054,GENERATIONS BEHAVIORAL HEALTH - GENEVA,GENEVA,OH,Psychiatric,Proprietary,No,Not Available
364060,GENERATIONS BEHAVIORAL HEALTH-YOUNGSTOWN LLC,YOUNGSTOWN,OH,Psychiatric,Proprietary,No,Not Available
194089,GENESIS BEHAVIORAL HOSPITAL,BREAUX BRIDGE,LA,Psychiatric,Proprietary,No,Not Available
140275,GENESIS HLTH SYSTEM DBA GENESIS MDL CTR-ILLINI,SILVIS,IL,Acute Care Hospitals,Government - Local,Yes,2
360039,GENESIS HOSPITAL,ZANESVILLE,OH,Acute Care Hospitals,Voluntary non-profit - Private,Yes,5
141304,"GENESIS MEDICAL CENTER, ALEDO",ALEDO,IL,Critical Access Hospitals,Voluntary non-profit - Private,Yes,Not Available
160033,GENESIS MEDICAL CENTER-DAVENPORT,DAVENPORT,IA,Acute Care Hospitals,Voluntary non-profit - Private,Yes,2
161313,GENESIS MEDICAL CENTER-DEWITT,DEWITT,IA,Critical Access Hospitals,Voluntary non-profit - Private,Yes,Not Available
330058,GENEVA GENERAL HOSPITAL,GENEVA,NY,Acute Care Hospitals,Voluntary non-profit - Other,Yes,2
281312,GENOA COMMUNITY HOSPITAL,GENOA,NE,Critical Access Hospitals,Government - Local,Yes,Not Available
161324,GEORGE C GRAPE COMMUNITY HOSPITAL,HAMBURG,IA,Critical Access Hospitals,Voluntary non-profit - Private,Yes,Not Available
101305,GEORGE E WEEMS MEMORIAL HOSPITAL,APALACHICOLA,FL,Critical Access Hospitals,Government - Local,Yes,Not Available
250036,GEORGE REGIONAL HEALTH SYSTEM,LUCEDALE,MS,Acute Care Hospitals,Government - Local,Yes,1
090001,GEORGE WASHINGTON UNIV HOSPITAL,WASHINGTON,DC,Acute Care Hospitals,Proprietary,Yes,2
454129,GEORGETOWN BEHAVIORAL HEALTH INSTITUTE,GEORGETOWN,TX,Psychiatric,Proprietary,No,Not Available
364063,GEORGETOWN BEHAVIORAL HOSPITAL,GEORGETOWN,OH,Psychiatric,Proprietary,No,Not Available
180101,GEORGETOWN COMMUNITY HOSPITAL,GEORGETOWN,KY,Acute Care Hospitals,Proprietary,Yes,3
114028,GEORGIA REGIONAL HOSP SAVANNAH,SAVANNAH,GA,Psychiatric,Government - State,Yes,Not Available
114019,GEORGIA REGIONAL HOSPITAL ATLANTA,DECATUR,GA,Psychiatric,Government - State,No,Not Available
390065,GETTYSBURG HOSPITAL,GETTYSBURG,PA,Acute Care Hospitals,Voluntary non-profit - Private,Yes,4
141317,GIBSON COMMUNITY HOSPITAL,GIBSON CITY,IL,Critical Access Hospitals,Voluntary non-profit - Private,Yes,4
151319,GIBSON GENERAL HOSPITAL,PRINCETON,IN,Critical Access Hospitals,Voluntary non-profit - Private,Yes,Not Available
471301,GIFFORD MEDICAL CENTER,RANDOLPH,VT,Critical Access Hospitals,Voluntary non-profit - Private,Yes,5
321311,GILA REGIONAL MEDICAL CENTER,SILVER CITY,NM,Critical Access Hospitals,Government - Local,Yes,2
243300,GILLETTE CHILDRENS SPECIALTY HOSPITAL,SAINT PAUL,MN,Childrens,Government - Hospital District or Authority,No,Not Available
171376,GIRARD MEDICAL CENTER,GIRARD,KS,Critical Access Hospitals,Government - Hospital District or Authority,Yes,2
241376,GLACIAL RIDGE HOSPITAL,GLENWOOD,MN,Critical Access Hospitals,Government - Hospital District or Authority,Yes,4
454050,GLEN OAKS HOSPITAL,GREENVILLE,TX,Psychiatric,Proprietary,No,Not Available
450451,GLEN ROSE MEDICAL CENTER,GLEN ROSE,TX,Acute Care Hospitals,Government - Hospital District or Authority,Yes,Not Available
360245,GLENBEIGH HEALTH SOURCES,ROCK CREEK,OH,Acute Care Hospitals,Proprietary,No,Not Available
241355,GLENCOE REGIONAL HEALTH,GLENCOE,MN,Critical Access Hospitals,Voluntary non-profit - Other,Yes,Not Available
050239,GLENDALE ADVENTIST MEDICAL CENTER,GLENDALE,CA,Acute Care Hospitals,Voluntary non-profit - Private,Yes,4
050058,GLENDALE MEM HOSPITAL & HLTH CENTER,GLENDALE,CA,Acute Care Hospitals,Voluntary non-profit - Private,Yes,4
271332,GLENDIVE MEDICAL CENTER,GLENDIVE,MT,Critical Access Hospitals,Voluntary non-profit - Private,Yes,1
054157,GLENDORA  HOSPITAL,GLENDORA,CA,Psychiatric,Voluntary non-profit - Private,No,Not Available
051306,GLENN MEDICAL CENTER,WILLOWS,CA,Critical Access Hospitals,Proprietary,Yes,Not Available
330191,GLENS FALLS HOSPITAL,GLENS FALLS,NY,Acute Care Hospitals,Voluntary non-profit - Private,Yes,3
364065,GLENWOOD BEHAVIORAL HEALTH HOSPITAL,CINCINNATI,OH,Psychiatric,Proprietary,No,Not Available
190160,GLENWOOD REGIONAL MEDICAL CENTER,WEST MONROE,LA,Acute Care Hospitals,Proprietary,Yes,2
451369,GOLDEN PLAINS COMMUNITY HOSPITAL,BORGER,TX,Critical Access Hospitals,Proprietary,Yes,Not Available
260175,GOLDEN VALLEY MEMORIAL HOSPITAL,CLINTON,MO,Acute Care Hospitals,Government - Hospital District or Authority,Yes,3
050357,GOLETA VALLEY COTTAGE HOSPITAL,SANTA BARBARA,CA,Acute Care Hospitals,Voluntary non-profit - Other,Yes,5
344029,"GOOD HOPE HOSPITAL, INC",ERWIN,NC,Psychiatric,Voluntary non-profit - Private,No,Not Available
360134,GOOD SAMARITAN HOSPITAL,CINCINNATI,OH,Acute Care Hospitals,Voluntary non-profit - Private,Yes,4
050380,GOOD SAMARITAN HOSPITAL,SAN JOSE,CA,Acute Care Hospitals,Proprietary,Yes,2
150042,GOOD SAMARITAN HOSPITAL,VINCENNES,IN,Acute Care Hospitals,Voluntary non-profit - Other,Yes,2
330286,GOOD SAMARITAN HOSPITAL MEDICAL CENTER,WEST ISLIP,NY,Acute Care Hospitals,Voluntary non-profit - Private,Yes,3
330158,GOOD SAMARITAN HOSPITAL OF SUFFERN,SUFFERN,NY,Acute Care Hospitals,Voluntary non-profit - Private,Yes,3
050257,"GOOD SAMARITAN HOSPITAL, LP",BAKERSFIELD,CA,Acute Care Hospitals,Proprietary,No,Not Available
100287,GOOD SAMARITAN MEDICAL CENTER,WEST PALM BEACH,FL,Acute Care Hospitals,Proprietary,Yes,2
220111,GOOD SAMARITAN MEDICAL CENTER,BROCKTON,MA,Acute Care Hospitals,Proprietary,Yes,2
060116,GOOD SAMARITAN MEDICAL CENTER LLC,LAFAYETTE,CO,Acute Care Hospitals,Voluntary non-profit - Private,Yes,4
140046,GOOD SAMARITAN REGIONAL HLTH CENTER,MOUNT VERNON,IL,Acute Care Hospitals,Voluntary non-profit - Private,Yes,4
380014,GOOD SAMARITAN REGIONAL MEDICAL CENTER,CORVALLIS,OR,Acute Care Hospitals,Voluntary non-profit - Private,Yes,3
381325,GOOD SHEPHERD MEDICAL CENTER,HERMISTON,OR,Critical Access Hospitals,Voluntary non-profit - Private,Yes,Not Available
451385,GOODALL WITCHER HOSPITAL,CLIFTON,TX,Critical Access Hospitals,Government - Hospital District or Authority,Yes,Not Available
171370,GOODLAND REGIONAL MEDICAL CENTER,GOODLAND,KS,Critical Access Hospitals,Government - Local,Yes,2
281358,GORDON MEMORIAL HOSPITAL DISTRICT,GORDON,NE,Critical Access Hospitals,Government - Hospital District or Authority,Yes,Not Available
150026,GOSHEN HOSPITAL,GOSHEN,IN,Acute Care Hospitals,Voluntary non-profit - Private,Yes,3
281313,GOTHENBURG HEALTH,GOTHENBURG,NE,Critical Access Hospitals,Government - Hospital District or Authority,Yes,Not Available
331315,GOUVERNEUR HOSPITAL,GOUVERNEUR,NY,Critical Access Hospitals,Voluntary non-profit - Private,Yes,Not Available
480002,GOV JUAN F LUIS HOSPITAL & MEDICAL CTR,ST CROIX,VI,Acute Care Hospitals,Government - State,Yes,1
171367,GOVE COUNTY MEDICAL CENTER,QUINTER,KS,Critical Access Hospitals,Voluntary non-profit - Other,Yes,Not Available
471300,GRACE COTTAGE HOSPITAL,TOWNSHEND,VT,Critical Access Hospitals,Voluntary non-profit - Private,No,Not Available
450162,GRACE SURGICAL HOSPITAL,LUBBOCK,TX,Acute Care Hospitals,Voluntary non-profit - Private,Yes,Not Available
334048,GRACIE SQUARE HOSP,NEW YORK,NY,Psychiatric,Voluntary non-profit - Private,No,Not Available
110121,GRADY GENERAL HOSPITAL,CAIRO,GA,Acute Care Hospitals,Voluntary non-profit - Private,No,Not Available
360210,GRADY MEMORIAL HOSPITAL,DELAWARE,OH,Acute Care Hospitals,Voluntary non-profit - Private,Yes,4
370054,GRADY MEMORIAL HOSPITAL,CHICKASHA,OK,Acute Care Hospitals,Government - Hospital District or Authority,Yes,2
110079,GRADY MEMORIAL HOSPITAL,ATLANTA,GA,Acute Care Hospitals,Voluntary non-profit - Private,Yes,2
511307,"GRAFTON CITY HOSPITAL, INC",GRAFTON,WV,Critical Access Hospitals,Government - Local,Yes,Not Available
171325,GRAHAM COUNTY HOSPITAL,HILL CITY,KS,Critical Access Hospitals,Government - Local,Yes,Not Available
140001,GRAHAM HOSPITAL ASSOCIATION,CANTON,IL,Acute Care Hospitals,Voluntary non-profit - Private,Yes,3
671300,GRAHAM REGIONAL MEDICAL CENTER,GRAHAM,TX,Critical Access Hospitals,Government - Hospital District or Authority,Yes,Not Available
280139,GRAND ISLAND REGIONAL MEDICAL CENTER,GRAND ISLAND,NE,Acute Care Hospitals,Voluntary non-profit - Private,Yes,2
240064,GRAND ITASCA CLINIC AND HOSPITAL,GRAND RAPIDS,MN,Acute Care Hospitals,Voluntary non-profit - Private,Yes,4
06007F,GRAND JUNCTION VA MEDICAL CENTER,GRAND JUNCTION,CO,Acute Care - Veterans Administration,Veterans Health Administration,Yes,5
360032,GRAND LAKE HEALTH SYSTEM,SAINT MARYS,OH,Acute Care Hospitals,Voluntary non-profit - Private,Yes,4
061317,GRAND RIVER HOSPITAL DISTRICT,RIFLE,CO,Critical Access Hospitals,Government - Hospital District or Authority,Yes,Not Available
420085,GRAND STRAND REGIONAL MEDICAL CENTER,MYRTLE BEACH,SC,Acute Care Hospitals,Proprietary,Yes,2
381321,GRANDE RONDE HOSPITAL,LA GRANDE,OR,Critical Access Hospitals,Voluntary non-profit - Private,Yes,5
010104,GRANDVIEW MEDICAL CENTER,BIRMINGHAM,AL,Acute Care Hospitals,Proprietary,Yes,3
271303,GRANITE COUNTY MEDICAL CENTER,PHILIPSBURG,MT,Critical Access Hospitals,Government - Hospital District or Authority,Yes,Not Available
524043,GRANITE HILLS HOSPITAL,WEST ALLIS,WI,Psychiatric,Proprietary,Yes,Not Available
360017,GRANT MEDICAL CENTER,COLUMBUS,OH,Acute Care Hospitals,Voluntary non-profit - Church,Yes,2
511316,GRANT MEMORIAL HOSPITAL,PETERSBURG,WV,Critical Access Hospitals,Voluntary non-profit - Other,Yes,3
521322,GRANT REGIONAL HEALTH CENTER,LANCASTER,WI,Critical Access Hospitals,Voluntary non-profit - Private,Yes,Not Available
154021,"GRANT-BLACKFORD MENTAL HEALTH, INC",MARION,IN,Psychiatric,Voluntary non-profit - Private,No,Not Available
340127,GRANVILLE HEALTH SYSTEMS,OXFORD,NC,Acute Care Hospitals,Government - Local,Yes,2
500031,GRAYS HARBOR COMMUNITY HOSPITAL,ABERDEEN,WA,Acute Care Hospitals,Voluntary non-profit - Private,Yes,3
270086,GREAT FALLS CLINIC HOSPITAL,GREAT FALLS,MT,Acute Care Hospitals,Proprietary,Yes,2
280065,GREAT PLAINS HEALTH,NORTH PLATTE,NE,Acute Care Hospitals,Voluntary non-profit - Private,Yes,3
171338,GREAT PLAINS OF SABETHA,SABETHA,KS,Critical Access Hospitals,Voluntary non-profit - Private,Yes,Not Available
370019,GREAT PLAINS REGIONAL MEDICAL CENTER,ELK CITY,OK,Acute Care Hospitals,Voluntary non-profit - Private,Yes,2
040069,GREAT RIVER MEDICAL CENTER,BLYTHEVILLE,AR,Acute Care Hospitals,Government - Local,Yes,2
210044,GREATER BALTIMORE MEDICAL CENTER,BALTIMORE,MD,Acute Care Hospitals,Voluntary non-profit - Private,Yes,5
334012,GREATER BINGHAMTON HEALTH CENTER,BINGHAMTON,NY,Psychiatric,Government - State,Yes,Not Available
050738,GREATER EL MONTE COMMUNITY HOSPITAL,SOUTH EL MONTE,CA,Acute Care Hospitals,Voluntary non-profit - Private,No,2
161365,GREATER REGIONAL MEDICAL CENTER,CRESTON,IA,Critical Access Hospitals,Government - Local,Yes,3
171359,GREELEY COUNTY HEALTH SERVICES,TRIBUNE,KS,Critical Access Hospitals,Government - Local,Yes,Not Available
194069,GREENBRIER BEHAVIORAL HEALTH,COVINGTON,LA,Psychiatric,Proprietary,No,Not Available
151317,GREENE COUNTY GENERAL HOSPITAL,LINTON,IN,Critical Access Hospitals,Government - Local,Yes,4
250782,GREENE COUNTY HOSPITAL,LEAKESVILLE,MS,Rural Emergency Hospital,Government - Local,Yes,Not Available
010051,GREENE COUNTY HOSPITAL,EUTAW,AL,Acute Care Hospitals,Voluntary non-profit - Other,Yes,Not Available
161325,GREENE COUNTY MEDICAL CENTER,JEFFERSON,IA,Critical Access Hospitals,Government - Local,Yes,Not Available
440050,GREENEVILLE COMMUNITY HOSPITAL,GREENEVILLE,TN,Acute Care Hospitals,Voluntary non-profit - Private,Yes,2
361304,GREENFIELD AREA MEDICAL CENTER,GREENFIELD,OH,Critical Access Hospitals,Voluntary non-profit - Private,Yes,Not Available
114036,GREENLEAF CENTER,VALDOSTA,GA,Psychiatric,Proprietary,No,Not Available
070018,GREENWICH HOSPITAL ASSOCIATION -,GREENWICH,CT,Acute Care Hospitals,Voluntary non-profit - Private,Yes,5
171339,GREENWOOD COUNTY HOSPITAL,EUREKA,KS,Critical Access Hospitals,Government - Local,Yes,Not Available
250099,GREENWOOD LEFLORE HOSPITAL,GREENWOOD,MS,Acute Care Hospitals,Government - Local,Yes,1
314016,GREYSTONE PARK PSYCHIATRIC HOSPITAL,MORRIS PLAINS,NJ,Psychiatric,Government - State,No,Not Available
070031,GRIFFIN HOSPITAL,DERBY,CT,Acute Care Hospitals,Voluntary non-profit - Other,Yes,4
374000,GRIFFIN MEMORIAL HOSPITAL,NORMAN,OK,Psychiatric,Government - State,No,Not Available
451322,GRIMES ST JOSEPH HEALTH CENTER,NAVASOTA,TX,Critical Access Hospitals,Voluntary non-profit - Private,Yes,Not Available
160147,GRINNELL REGIONAL MEDICAL CENTER,GRINNELL,IA,Acute Care Hospitals,Voluntary non-profit - Private,Yes,2
171300,GRISELL MEMORIAL HOSPITAL,RANSOM,KS,Critical Access Hospitals,Government - Hospital District or Authority,Yes,Not Available
131327,GRITMAN MEDICAL CENTER,MOSCOW,ID,Critical Access Hospitals,Voluntary non-profit - Private,Yes,3
050026,GROSSMONT HOSPITAL,LA MESA,CA,Acute Care Hospitals,Government - Hospital District or Authority,Yes,4
390266,GROVE CITY MEDICAL CENTER,GROVE CITY,PA,Acute Care Hospitals,Voluntary non-profit - Private,Yes,4
130073,GROVE CREEK MEDICAL CENTER,BLACKFOOT,ID,Acute Care Hospitals,Voluntary non-profit - Private,No,Not Available
010091,GROVE HILL MEMORIAL HOSPITAL,GROVE HILL,AL,Acute Care Hospitals,Government - Hospital District or Authority,Yes,Not Available
291312,GROVER C DILS MEDICAL CENTER,CALIENTE,NV,Critical Access Hospitals,Voluntary non-profit - Private,Yes,Not Available
161303,GRUNDY COUNTY MEMORIAL HOSPITAL,GRUNDY CENTER,IA,Critical Access Hospitals,Voluntary non-profit - Other,Yes,Not Available
320779,GUADALUPE COUNTY HOSPITAL,SANTA ROSA,NM,Rural Emergency Hospital,Government - Local,Yes,Not Available
450104,GUADALUPE REGIONAL MEDICAL CENTER,SEGUIN,TX,Acute Care Hospitals,Government - Local,Yes,2
650001,GUAM MEMORIAL  HOSPITAL AUTHORITY,TAMUNING,GU,Acute Care Hospitals,Government - Local,Yes,2
650003,GUAM REGIONAL MEDICAL CITY,DEDEDO,GU,Acute Care Hospitals,Voluntary non-profit - Private,Yes,Not Available
100266,GULF BREEZE HOSPITAL,GULF BREEZE,FL,Acute Care Hospitals,Voluntary non-profit - Other,Yes,4
100220,GULF COAST MEDICAL CENTER LEE HEALTH,FORT MYERS,FL,Acute Care Hospitals,Government - Hospital District or Authority,Yes,4
254011,GULFPORT BEHAVIORAL HEALTH  SYSTEM,GPT,MS,Psychiatric,Proprietary,No,Not Available
521344,GUNDERSEN BOSCOBEL AREA HOSPITAL AND CLINICS,BOSCOBEL,WI,Critical Access Hospitals,Voluntary non-profit - Private,Yes,Not Available
520087,GUNDERSEN LUTHERAN MEDICAL CENTER,LA CROSSE,WI,Acute Care Hospitals,Voluntary non-profit - Private,Yes,4
521309,GUNDERSEN MOUNDVIEW HOSPITAL AND CLINICS,FRIENDSHIP,WI,Critical Access Hospitals,Voluntary non-profit - Private,Yes,Not Available
161316,GUNDERSEN PALMER LUTHERAN HOSPITAL AND CLINICS,WEST UNION,IA,Critical Access Hospitals,Voluntary non-profit - Private,Yes,5
521304,GUNDERSEN ST JOSEPHS HOSPITAL AND CLINICS,HILLSBORO,WI,Critical Access Hospitals,Voluntary non-profit - Private,Yes,Not Available
521316,GUNDERSEN TRI-COUNTY HOSPITAL & CLINICS,WHITEHALL,WI,Critical Access Hospitals,Voluntary non-profit - Private,Yes,Not Available
461306,GUNNISON VALLEY HOSPITAL,GUNNISON,UT,Critical Access Hospitals,Voluntary non-profit - Other,Yes,3
061320,GUNNISON VALLEY HOSPITAL,GUNNISON,CO,Critical Access Hospitals,Government - Local,Yes,Not Available
330175,GUTHRIE CORTLAND REGIONAL MEDICAL CENTER,CORTLAND,NY,Acute Care Hospitals,Voluntary non-profit - Private,Yes,3
161314,GUTHRIE COUNTY HOSPITAL,GUTHRIE CENTER,IA,Critical Access Hospitals,Voluntary non-profit - Other,Yes,Not Available
161312,GUTTENBERG MUNICIPAL HOSPITAL,GUTTENBERG,IA,Critical Access Hospitals,Government - Local,Yes,Not Available
26002F,General Leonard Wood ACH (FT Leonard Wood),Fort Leonard Wood,MO,Acute Care - Department of Defense,Department of Defense,Yes,Not Available
314012,HACKENSACK MERIDIAN HEALTH CARRIER CLINIC,BELLE MEAD,NJ,Psychiatric,Voluntary non-profit - Private,No,Not Available
310130,HACKENSACK MERIDIAN HEALTH PASCACK VALLEY MEDICAL,WESTWOOD,NJ,Acute Care Hospitals,Proprietary,Yes,5
310054,HACKENSACK MERIDIAN MOUNTAINSIDE MEDICAL,MONTCLAIR,NJ,Acute Care Hospitals,Proprietary,Yes,4
310001,HACKENSACK UNIVERSITY MEDICAL CENTER,HACKENSACK,NJ,Acute Care Hospitals,Voluntary non-profit - Private,Yes,5
010095,HALE COUNTY HOSPITAL,GREENSBORO,AL,Acute Care Hospitals,Government - Hospital District or Authority,Yes,Not Available
100330,HALIFAX HEALTH /UF HEALTH MEDICAL CENTER OF DELTON,DELTONA,FL,Acute Care Hospitals,Government - Local,Yes,Not Available
100017,HALIFAX HEALTH MEDICAL CENTER,DAYTONA BEACH,FL,Acute Care Hospitals,Government - Hospital District or Authority,Yes,2
154009,HAMILTON CENTER INC,TERRE HAUTE,IN,Psychiatric,Voluntary non-profit - Private,No,Not Available
171322,HAMILTON COUNTY HOSPITAL,SYRACUSE,KS,Critical Access Hospitals,Government - Local,Yes,Not Available
451392,HAMILTON GENERAL HOSPITAL,HAMILTON,TX,Critical Access Hospitals,Government - Hospital District or Authority,Yes,Not Available
451354,HAMILTON HOSPITAL,OLNEY,TX,Critical Access Hospitals,Government - Hospital District or Authority,Yes,Not Available
110001,HAMILTON MEDICAL CENTER,DALTON,GA,Acute Care Hospitals,Voluntary non-profit - Private,No,3
141326,HAMILTON MEMORIAL HOSPITAL,MCLEANSBORO,IL,Critical Access Hospitals,Government - Hospital District or Authority,Yes,3
141319,HAMMOND HENRY HOSPITAL,GENESEO,IL,Critical Access Hospitals,Government - Hospital District or Authority,Yes,Not Available
511311,HAMPSHIRE MEMORIAL HOSPITAL,ROMNEY,WV,Critical Access Hospitals,Voluntary non-profit - Private,Yes,5
304001,HAMPSTEAD HOSPITAL & RESIDENTIAL TREATMENT FACILIT,HAMPSTEAD,NH,Psychiatric,Proprietary,No,Not Available
314021,HAMPTON BEHAVIORAL HEALTH CENTER,WESTAMPTON,NJ,Psychiatric,Proprietary,No,Not Available
420072,HAMPTON REGIONAL MEDICAL CENTER,VARNVILLE,SC,Acute Care Hospitals,Voluntary non-profit - Private,Yes,Not Available
49006F,HAMPTON VA MEDICAL CENTER,HAMPTON,VA,Acute Care - Veterans Administration,Veterans Health Administration,Yes,4
161307,HANCOCK COUNTY HEALTH SYSTEM,BRITT,IA,Critical Access Hospitals,Government - Local,Yes,Not Available
441313,HANCOCK COUNTY HOSPITAL,SNEEDVILLE,TN,Critical Access Hospitals,Voluntary non-profit - Other,Yes,Not Available
150037,HANCOCK REGIONAL HOSPITAL,GREENFIELD,IN,Acute Care Hospitals,Government - Local,Yes,4
260025,HANNIBAL REGIONAL HOSPITAL,HANNIBAL,MO,Acute Care Hospitals,Voluntary non-profit - Other,Yes,2
171365,HANOVER HOSPITAL,HANOVER,KS,Critical Access Hospitals,Government - Hospital District or Authority,Yes,Not Available
431319,HANS P PETERSON MEMORIAL HOSPITAL - CAH,PHILIP,SD,Critical Access Hospitals,Voluntary non-profit - Private,Yes,Not Available
161380,HANSEN FAMILY HOSPITAL,IOWA FALLS,IA,Critical Access Hospitals,Government - Local,Yes,Not Available
451344,HANSFORD COUNTY HOSPITAL,SPEARMAN,TX,Critical Access Hospitals,Government - Hospital District or Authority,Yes,Not Available
231313,HARBOR BEACH COMMUNITY HOSPITAL,HARBOR BEACH,MI,Critical Access Hospitals,Voluntary non-profit - Private,Yes,Not Available
234021,HARBOR OAKS HOSPITAL,NEW BALTIMORE,MI,Psychiatric,Proprietary,No,Not Available
500064,HARBORVIEW MEDICAL CENTER,SEATTLE,WA,Acute Care Hospitals,Government - Local,Yes,2
451352,HARDEMAN COUNTY MEMORIAL HOSPITAL,QUANAH,TX,Critical Access Hospitals,Government - Hospital District or Authority,Yes,Not Available
141328,HARDIN COUNTY GENERAL HOSPITAL & CLINIC,ROSICLARE,IL,Critical Access Hospitals,Voluntary non-profit - Private,Yes,1
440109,HARDIN MEDICAL CENTER,SAVANNAH,TN,Acute Care Hospitals,Government - Local,Yes,2
361315,HARDIN MEMORIAL HOSPITAL,KENTON,OH,Critical Access Hospitals,Voluntary non-profit - Private,Yes,Not Available
191315,HARDTNER MEDICAL CENTER,OLLA,LA,Critical Access Hospitals,Government - Hospital District or Authority,Yes,Not Available
180050,HARLAN ARH HOSPITAL,HARLAN,KY,Acute Care Hospitals,Voluntary non-profit - Other,Yes,2
281300,HARLAN COUNTY HEALTH SYSTEM,ALMA,NE,Critical Access Hospitals,Government - Local,No,Not Available
330240,HARLEM HOSPITAL CENTER,NEW YORK,NY,Acute Care Hospitals,Voluntary non-profit - Other,Yes,2
450855,HARLINGEN MEDICAL CENTER,HARLINGEN,TX,Acute Care Hospitals,Proprietary,Yes,4
290042,HARMON HOSPITAL,LAS VEGAS,NV,Acute Care Hospitals,Proprietary,No,Not Available
371338,HARMON MEMORIAL HOSPITAL,HOLLIS,OK,Critical Access Hospitals,Voluntary non-profit - Other,Yes,Not Available
381307,HARNEY DISTRICT HOSPITAL,BURNS,OR,Critical Access Hospitals,Government - Hospital District or Authority,Yes,Not Available
370781,HARPER COUNTY COMMUNITY HOSPITAL,BUFFALO,OK,Rural Emergency Hospital,Government - Local,Yes,Not Available
230104,HARPER UNIVERSITY HOSPITAL,DETROIT,MI,Acute Care Hospitals,Proprietary,Yes,1
454076,HARRIS COUNTY PSYCHIATRIC CENTER,HOUSTON,TX,Psychiatric,Government - State,No,Not Available
450289,HARRIS HEALTH,HOUSTON,TX,Acute Care Hospitals,Government - Hospital District or Authority,Yes,3
340016,HARRIS REGIONAL HOSPITAL,SYLVA,NC,Acute Care Hospitals,Proprietary,Yes,3
140210,HARRISBURG MEDICAL CENTER,HARRISBURG,IL,Acute Care Hospitals,Voluntary non-profit - Other,Yes,2
361311,HARRISON COMMUNITY HOSPITAL,CADIZ,OH,Critical Access Hospitals,Voluntary non-profit - Private,Yes,Not Available
261312,HARRISON COUNTY COMMUNITY HOSPITAL,BETHANY,MO,Critical Access Hospitals,Government - Hospital District or Authority,Yes,3
151331,HARRISON COUNTY HOSPITAL,CORYDON,IN,Critical Access Hospitals,Government - Local,Yes,3
500039,HARRISON MEDICAL CENTER,SILVERDALE,WA,Acute Care Hospitals,Voluntary non-profit - Private,Yes,4
180079,HARRISON MEMORIAL HOSPITAL,CYNTHIANA,KY,Acute Care Hospitals,Voluntary non-profit - Other,Yes,3
154054,HARSHA BEHAVIORAL CENTER INC,TERRE HAUTE,IN,Psychiatric,Voluntary non-profit - Other,No,Not Available
070025,HARTFORD HOSPITAL,HARTFORD,CT,Acute Care Hospitals,Voluntary non-profit - Private,Yes,4
144026,HARTGROVE HOSPITAL,CHICAGO,IL,Psychiatric,Proprietary,Yes,Not Available
451341,HASKELL MEMORIAL HOSPITAL,HASKELL,TX,Critical Access Hospitals,Government - Hospital District or Authority,Yes,Not Available
371335,"HASKELL REGIONAL HOSPITAL, INC",STIGLER,OK,Critical Access Hospitals,Voluntary non-profit - Private,Yes,Not Available
030069,HAVASU REGIONAL MEDICAL CENTER,LAKE HAVASU CITY,AZ,Acute Care Hospitals,Proprietary,Yes,3
324013,HAVEN BEHAVIORAL HOSPITAL OF ALBUQUERQUE,ALBUQUERQUE,NM,Psychiatric,Proprietary,No,Not Available
364048,HAVEN BEHAVIORAL HOSPITAL OF DAYTON,DAYTON,OH,Psychiatric,Proprietary,No,Not Available
394052,HAVEN BEHAVIORAL HOSPITAL OF EASTERN PENNSYLVANIA,READING,PA,Psychiatric,Proprietary,No,Not Available
394053,HAVEN BEHAVIORAL HOSPITAL OF PHILADELPHIA,PHILADELPHIA,PA,Psychiatric,Proprietary,No,Not Available
034020,HAVEN BEHAVIORAL HOSPITAL OF PHOENIX,PHOENIX,AZ,Psychiatric,Proprietary,No,Not Available
394062,HAVEN BEHAVIORAL HOSPITAL OF WEST CHESTER,WEST CHESTER,PA,Psychiatric,Proprietary,No,Not Available
234023,HAVENWYCK HOSPITAL,AUBURN HILLS,MI,Psychiatric,Proprietary,No,Not Available
161311,HAWARDEN REGIONAL HEALTHCARE,HAWARDEN,IA,Critical Access Hospitals,Government - Local,Yes,Not Available
440032,HAWKINS COUNTY MEMORIAL HOSPITAL,ROGERSVILLE,TN,Acute Care Hospitals,Voluntary non-profit - Private,Yes,Not Available
061304,HAXTUN HOSPITAL DISTRICT,HAXTUN,CO,Critical Access Hospitals,Government - Hospital District or Authority,Yes,Not Available
170013,HAYS MEDICAL CENTER,HAYS,KS,Acute Care Hospitals,Voluntary non-profit - Other,Yes,3
440238,HAYWOOD COUNTY COMMUNITY HOSPITAL,BROWNSVILLE,TN,Acute Care Hospitals,Proprietary,Yes,Not Available
340184,HAYWOOD REGIONAL MEDICAL CENTER,CLYDE,NC,Acute Care Hospitals,Government - Hospital District or Authority,Yes,3
180029,HAZARD ARH REGIONAL MEDICAL CENTER,HAZARD,KY,Acute Care Hospitals,Voluntary non-profit - Private,Yes,2
051337,HAZEL HAWKINS MEMORIAL HOSPITAL,HOLLISTER,CA,Critical Access Hospitals,Government - Hospital District or Authority,Yes,Not Available
100131,HCA FLORIDA AVENTURA HOSPITAL,AVENTURA,FL,Acute Care Hospitals,Voluntary non-profit - Private,Yes,3
100256,HCA FLORIDA BAYONET POINT HOSPITAL,HUDSON,FL,Acute Care Hospitals,Proprietary,Yes,2
100213,HCA FLORIDA BLAKE HOSPITAL,BRADENTON,FL,Acute Care Hospitals,Proprietary,Yes,2
100243,HCA FLORIDA BRANDON HOSPITAL,BRANDON,FL,Acute Care Hospitals,Proprietary,Yes,3
100254,HCA FLORIDA CAPITAL HOSPITAL,TALLAHASSEE,FL,Acute Care Hospitals,Proprietary,Yes,2
100023,HCA FLORIDA CITRUS HOSPITAL,INVERNESS,FL,Acute Care Hospitals,Government - Hospital District or Authority,Yes,2
100267,HCA FLORIDA ENGLEWOOD HOSPITAL,ENGLEWOOD,FL,Acute Care Hospitals,Proprietary,Yes,3
100236,HCA FLORIDA FAWCETT HOSPITAL,PORT CHARLOTTE,FL,Acute Care Hospitals,Proprietary,Yes,1
100223,HCA FLORIDA FORT WALTON-DESTIN HOSPITAL,FORT WALTON BEACH,FL,Acute Care Hospitals,Proprietary,Yes,3
100242,HCA FLORIDA GULF COAST HOSPITAL,PANAMA CITY,FL,Acute Care Hospitals,Proprietary,Yes,2
100049,HCA FLORIDA HIGHLANDS HOSPITAL,SEBRING,FL,Acute Care Hospitals,Proprietary,Yes,3
100080,HCA FLORIDA JFK HOSPITAL,ATLANTIS,FL,Acute Care Hospitals,Proprietary,Yes,2
100209,HCA FLORIDA KENDALL HOSPITAL,MIAMI,FL,Acute Care Hospitals,Proprietary,Yes,4
100156,HCA FLORIDA LAKE CITY HOSPITAL,LAKE CITY,FL,Acute Care Hospitals,Proprietary,Yes,3
100248,HCA FLORIDA LARGO HOSPITAL,LARGO,FL,Acute Care Hospitals,Proprietary,Yes,2
100246,HCA FLORIDA LAWNWOOD HOSPITAL,FORT PIERCE,FL,Acute Care Hospitals,Proprietary,Yes,1
100107,HCA FLORIDA LEHIGH HOSPITAL,LEHIGH ACRES,FL,Acute Care Hospitals,Proprietary,Yes,2
100179,HCA FLORIDA MEMORIAL HOSPITAL,JACKSONVILLE,FL,Acute Care Hospitals,Proprietary,Yes,2
100167,HCA FLORIDA MERCY HOSPITAL,PLANTATION,FL,Acute Care Hospitals,Voluntary non-profit - Private,Yes,2
100204,HCA FLORIDA NORTH FLORIDA HOSPITAL,GAINESVILLE,FL,Acute Care Hospitals,Proprietary,Yes,3
100238,HCA FLORIDA NORTHSIDE HOSPITAL,SAINT PETERSBURG,FL,Acute Care Hospitals,Proprietary,Yes,1
100189,HCA FLORIDA NORTHWEST HOSPITAL,MARGATE,FL,Acute Care Hospitals,Proprietary,Yes,2
100264,HCA FLORIDA OAK HILL HOSPITAL,BROOKSVILLE,FL,Acute Care Hospitals,Proprietary,Yes,1
100226,HCA FLORIDA ORANGE PARK HOSPITAL,ORANGE PARK,FL,Acute Care Hospitals,Voluntary non-profit - Other,Yes,3
100110,HCA FLORIDA OSCEOLA HOSPITAL,KISSIMMEE,FL,Acute Care Hospitals,Proprietary,Yes,2
100269,HCA FLORIDA PALMS WEST HOSPITAL,LOXAHATCHEE,FL,Acute Care Hospitals,Proprietary,Yes,2
100126,HCA FLORIDA PASADENA HOSPITAL A PART OF HCA FLORID,SAINT PETERSBURG,FL,Acute Care Hospitals,Proprietary,Yes,4
100320,HCA FLORIDA POINCIANA HOSPITAL,KISSIMMEE,FL,Acute Care Hospitals,Proprietary,Yes,2
100232,HCA FLORIDA PUTNAM HOSPITAL,PALATKA,FL,Acute Care Hospitals,Proprietary,Yes,2
100252,HCA FLORIDA RAULERSON HOSPITAL,OKEECHOBEE,FL,Acute Care Hospitals,Proprietary,No,3
100166,HCA FLORIDA SARASOTA DOCTORS HOSPITAL,SARASOTA,FL,Acute Care Hospitals,Proprietary,Yes,4
100259,HCA FLORIDA SOUTH SHORE HOSPITAL,SUN CITY CENTER,FL,Acute Care Hospitals,Proprietary,Yes,2
100206,HCA FLORIDA SOUTH TAMPA HOSPITAL,TAMPA,FL,Acute Care Hospitals,Proprietary,Yes,5
100180,HCA FLORIDA ST PETERSBURG HOSPITAL,SAINT PETERSBURG,FL,Acute Care Hospitals,Proprietary,Yes,2
100191,HCA FLORIDA TRINITY HOSPITAL,TRINITY,FL,Acute Care Hospitals,Proprietary,Yes,2
100054,HCA FLORIDA TWIN CITIES HOSPITAL,NICEVILLE,FL,Acute Care Hospitals,Proprietary,Yes,5
100360,HCA FLORIDA UNIVERSITY HOSPITAL,DAVIE,FL,Acute Care Hospitals,Proprietary,Yes,3
100231,HCA FLORIDA WEST HOSPITAL,PENSACOLA,FL,Acute Care Hospitals,Proprietary,Yes,3
060065,HCA HEALTHONE MOUNTAIN RIDGE,THORNTON,CO,Acute Care Hospitals,Voluntary non-profit - Private,Yes,3
060014,HCA HEALTHONE PRESBYTERIAN ST LUKE'S,DENVER,CO,Acute Care Hospitals,Government - State,Yes,2
060032,HCA HEALTHONE ROSE,DENVER,CO,Acute Care Hospitals,Proprietary,Yes,4
450617,HCA HOUSTON HEALTHCARE CLEAR LAKE,WEBSTER,TX,Acute Care Hospitals,Proprietary,Yes,4
450222,HCA HOUSTON HEALTHCARE CONROE,CONROE,TX,Acute Care Hospitals,Proprietary,Yes,2
450775,HCA HOUSTON HEALTHCARE KINGWOOD,KINGWOOD,TX,Acute Care Hospitals,Proprietary,Yes,3
450659,HCA HOUSTON HEALTHCARE MEDICAL CENTER,HOUSTON,TX,Acute Care Hospitals,Proprietary,Yes,4
450638,HCA HOUSTON HEALTHCARE NORTHWEST,HOUSTON,TX,Acute Care Hospitals,Proprietary,Yes,2
670106,HCA HOUSTON HEALTHCARE PEARLAND,PEARLAND,TX,Acute Care Hospitals,Proprietary,Yes,3
450097,HCA HOUSTON HEALTHCARE SOUTHEAST,PASADENA,TX,Acute Care Hospitals,Proprietary,Yes,3
450670,HCA HOUSTON HEALTHCARE TOMBALL,TOMBALL,TX,Acute Care Hospitals,Proprietary,Yes,3
450644,HCA HOUSTON HEALTHCARE WEST,HOUSTON,TX,Acute Care Hospitals,Proprietary,Yes,1
060034,HCA-HEALTHONE DBA SWEDISH MEDICAL CENTER,ENGLEWOOD,CO,Acute Care Hospitals,Proprietary,Yes,4
051321,HEALDSBURG HOSPITAL,HEALDSBURG,CA,Critical Access Hospitals,Voluntary non-profit - Private,Yes,Not Available
330224,HEALTHALLIANCE HOSPITAL MARYS AVENUE CAMPUS,KINGSTON,NY,Acute Care Hospitals,Voluntary non-profit - Private,Yes,1
053308,HEALTHBRIDGE CHILDREN'S HOSPITAL - ORANGE,ORANGE,CA,Childrens,Proprietary,No,Not Available
453309,HEALTHBRIDGE CHILDRENS'S HOSPITAL OF HOUSTON,HOUSTON,TX,Childrens,Voluntary non-profit - Private,No,Not Available
230275,HEALTHSOURCE SAGINAW,SAGINAW,MI,Acute Care Hospitals,Voluntary non-profit - Other,Yes,Not Available
351332,HEART OF AMERICA MEDICAL CENTER,RUGBY,ND,Critical Access Hospitals,Voluntary non-profit - Private,Yes,2
451348,HEART OF TEXAS MEMORIAL HOSPITAL,BRADY,TX,Critical Access Hospitals,Voluntary non-profit - Private,Yes,Not Available
061322,HEART OF THE ROCKIES REGIONAL MEDICAL CENTER,SALIDA,CO,Critical Access Hospitals,Government - Hospital District or Authority,Yes,1
364031,HEARTLAND BEHAVIORAL HEALTHCARE,MASSILLON,OH,Psychiatric,Government - State,No,Not Available
140184,HEARTLAND REGIONAL MEDICAL CENTER,MARION,IL,Acute Care Hospitals,Proprietary,Yes,2
074017,HEBREW HOME AND HOSPITAL,WEST HARTFORD,CT,Psychiatric,Voluntary non-profit - Private,No,Not Available
261321,HEDRICK MEDICAL CENTER,CHILLICOTHE,MO,Critical Access Hospitals,Voluntary non-profit - Private,Yes,4
161336,HEGG MEMORIAL HEALTH CENTER,ROCK VALLEY,IA,Critical Access Hospitals,Voluntary non-profit - Private,Yes,Not Available
310016,HEIGHTS UNIVERSITY HOSPITAL,JERSEY CITY,NJ,Acute Care Hospitals,Voluntary non-profit - Church,No,2
330405,HELEN HAYES HOSPITAL,WEST HAVERSTRAW,NY,Acute Care Hospitals,Government - State,No,Not Available
010019,HELEN KELLER HOSPITAL,SHEFFIELD,AL,Acute Care Hospitals,Government - Hospital District or Authority,Yes,2
231304,HELEN NEWBERRY JOY HOSPITAL,NEWBERRY,MI,Critical Access Hospitals,Government - Local,Yes,Not Available
040781,HELENA REGIONAL MEDICAL CENTER,HELENA,AR,Rural Emergency Hospital,Proprietary,Yes,Not Available
050390,HEMET GLOBAL MEDICAL CENTER,HEMET,CA,Acute Care Hospitals,Proprietary,Yes,1
671301,HEMPHILL COUNTY HOSPITAL,CANADIAN,TX,Critical Access Hospitals,Government - Hospital District or Authority,Yes,Not Available
281308,HENDERSON COMMUNITY HOSPITAL,HENDERSON,NE,Critical Access Hospitals,Voluntary non-profit - Private,Yes,Not Available
440008,HENDERSON COUNTY COMMUNITY HOSPITAL,LEXINGTON,TN,Acute Care Hospitals,Proprietary,Yes,Not Available
290057,HENDERSON HOSPITAL,HENDERSON,NV,Acute Care Hospitals,Proprietary,Yes,2
450229,HENDRICK MEDICAL CENTER,ABILENE,TX,Acute Care Hospitals,Voluntary non-profit - Private,Yes,3
450587,HENDRICK MEDICAL CENTER BROWNWOOD,BROWNWOOD,TX,Acute Care Hospitals,Proprietary,Yes,1
154067,HENDRICKS BEHAVIORAL HOSPITAL,PLAINFIELD,IN,Psychiatric,Proprietary,No,Not Available
241339,HENDRICKS COMMUNITY HOSPITAL,HENDRICKS,MN,Critical Access Hospitals,Voluntary non-profit - Private,Yes,Not Available
150005,HENDRICKS REGIONAL HEALTH,DANVILLE,IN,Acute Care Hospitals,Government - Local,Yes,5
101309,HENDRY REGIONAL MEDICAL CENTER,CLEWISTON,FL,Critical Access Hospitals,Voluntary non-profit - Other,Yes,Not Available
240004,HENNEPIN COUNTY MEDICAL CENTER,MINNEAPOLIS,MN,Acute Care Hospitals,Government - Local,Yes,3
490118,HENRICO DOCTORS' HOSPITAL,RICHMOND,VA,Acute Care Hospitals,Voluntary non-profit - Other,Yes,4
161356,HENRY COUNTY HEALTH CENTER,MOUNT PLEASANT,IA,Critical Access Hospitals,Physician,Yes,Not Available
361309,"HENRY COUNTY HOSPITAL, INC",NAPOLEON,OH,Critical Access Hospitals,Voluntary non-profit - Private,Yes,2
150030,HENRY COUNTY MEMORIAL HOSPITAL,NEW CASTLE,IN,Acute Care Hospitals,Government - Local,Yes,4
230092,HENRY FORD ALLEGIANCE HEALTH,JACKSON,MI,Acute Care Hospitals,Voluntary non-profit - Other,Yes,3
234011,HENRY FORD HEALTH BEHAVIORAL HEALTH HOSPITAL,FERNDALE,MI,Psychiatric,Voluntary non-profit - Private,No,Not Available
230279,HENRY FORD HEALTH BRIGHTON CENTER FOR RECOVERY,BRIGHTON,MI,Acute Care Hospitals,Voluntary non-profit - Private,No,Not Available
230053,HENRY FORD HEALTH HOSPITAL,DETROIT,MI,Acute Care Hospitals,Voluntary non-profit - Private,Yes,3
230165,HENRY FORD HEALTH ST JOHN HOSPITAL,DETROIT,MI,Acute Care Hospitals,Voluntary non-profit - Church,Yes,1
230302,HENRY FORD HEALTH WEST BLOOMFIELD HOSPITAL,W BLOOMFIELD,MI,Acute Care Hospitals,Voluntary non-profit - Private,Yes,3
230047,HENRY FORD MACOMB HOSPITAL,CLINTON TOWNSHIP,MI,Acute Care Hospitals,Voluntary non-profit - Private,Yes,3
050624,HENRY MAYO NEWHALL  HOSPITAL,VALENCIA,CA,Acute Care Hospitals,Voluntary non-profit - Private,No,2
450155,HEREFORD REGIONAL MEDICAL CENTER,HEREFORD,TX,Acute Care Hospitals,Government - Hospital District or Authority,Yes,Not Available
054104,HERITAGE OAKS HOSPITAL,SACRAMENTO,CA,Psychiatric,Proprietary,Yes,Not Available
390036,HERITAGE VALLEY BEAVER,BEAVER,PA,Acute Care Hospitals,Voluntary non-profit - Private,Yes,3
390037,HERITAGE VALLEY SEWICKLEY,SEWICKLEY,PA,Acute Care Hospitals,Voluntary non-profit - Private,Yes,4
261314,HERMANN AREA DISTRICT HOSPITAL,HERMANN,MO,Critical Access Hospitals,Government - Hospital District or Authority,Yes,Not Available
140011,HERRIN HOSPITAL,HERRIN,IL,Acute Care Hospitals,Voluntary non-profit - Private,Yes,1
220095,HEYWOOD HOSPITAL -,GARDNER,MA,Acute Care Hospitals,Voluntary non-profit - Private,Yes,2
050279,HI-DESERT MEDICAL CENTER,JOSHUA TREE,CA,Acute Care Hospitals,Government - Hospital District or Authority,Yes,2
100053,HIALEAH HOSPITAL,HIALEAH,FL,Acute Care Hospitals,Proprietary,Yes,3
171341,HIAWATHA COMMUNITY HOSPITAL,HIAWATHA,KS,Critical Access Hospitals,Voluntary non-profit - Private,Yes,3
454065,HICKORY TRAIL HOSPITAL,DESOTO,TX,Psychiatric,Proprietary,No,Not Available
111320,HIGGINS GENERAL HOSPITAL,BREMEN,GA,Critical Access Hospitals,Government - Hospital District or Authority,No,Not Available
340004,HIGH POINT REGIONAL HEALTH SYSTEM,HIGH POINT,NC,Acute Care Hospitals,Voluntary non-profit - Private,Yes,2
250117,HIGHLAND COMMUNITY  HOSPITAL,PICAYUNE,MS,Acute Care Hospitals,Government - Local,Yes,1
361332,HIGHLAND DISTRICT HOSPITAL,HILLSBORO,OH,Critical Access Hospitals,Government - Hospital District or Authority,Yes,3
250172,HIGHLAND HILLS MEDICAL CENTER,SENATOBIA,MS,Acute Care Hospitals,Voluntary non-profit - Private,Yes,Not Available
330164,HIGHLAND HOSPITAL,ROCHESTER,NY,Acute Care Hospitals,Voluntary non-profit - Private,Yes,3
514001,HIGHLAND HOSPITAL,CHARLESTON,WV,Psychiatric,Voluntary non-profit - Private,No,Not Available
050320,HIGHLAND HOSPITAL,OAKLAND,CA,Acute Care Hospitals,Government - Hospital District or Authority,Yes,1
364053,HIGHLAND SPRINGS,BEACHWOOD,OH,Psychiatric,Proprietary,No,Not Available
514011,"HIGHLAND-CLARKSBURG HOSPITAL, INC",CLARKSBURG,WV,Psychiatric,Voluntary non-profit - Private,Yes,Not Available
180005,HIGHLANDS ARH REGIONAL MEDICAL CENTER,PRESTONSBURG,KY,Acute Care Hospitals,Proprietary,Yes,2
064024,HIGHLANDS BEHAVIORAL HEALTH SYSTEM,LITTLETON,CO,Psychiatric,Proprietary,No,Not Available
341316,HIGHLANDS CASHIERS HOSPITAL,HIGHLANDS,NC,Critical Access Hospitals,Voluntary non-profit - Private,Yes,Not Available
010061,HIGHLANDS MEDICAL CENTER,SCOTTSBORO,AL,Acute Care Hospitals,Government - Hospital District or Authority,Yes,3
500011,HIGHLINE MEDICAL CENTER,BURIEN,WA,Acute Care Hospitals,Voluntary non-profit - Private,Yes,4
441307,HIGHPOINT HEALTH-RIVERVIEW WITH ASCENSION SAINT TH,CARTHAGE,TN,Critical Access Hospitals,Proprietary,Yes,4
440003,HIGHPOINT HEALTH-SUMNER WITH ASCENSION SAINT THOMA,GALLATIN,TN,Acute Care Hospitals,Proprietary,Yes,3
441301,HIGHPOINT HEALTH-TROUSDALE WITH ASCENSION SAINT,HARTSVILLE,TN,Critical Access Hospitals,Voluntary non-profit - Other,Yes,Not Available
450604,HILL COUNTRY MEMORIAL HOSPITAL,FREDERICKSBURG,TX,Acute Care Hospitals,Proprietary,Yes,4
014000,HILL CREST BEHAVIORAL HEALTH SERVICES,BIRMINGHAM,AL,Psychiatric,Proprietary,No,Not Available
010138,HILL HOSPITAL OF SUMTER COUNTY,YORK,AL,Acute Care Hospitals,Government - Hospital District or Authority,Yes,Not Available
451395,HILL REGIONAL HOSPITAL,HILLSBORO,TX,Critical Access Hospitals,Voluntary non-profit - Private,Yes,1
360230,HILLCREST HOSPITAL,MAYFIELD HEIGHTS,OH,Acute Care Hospitals,Voluntary non-profit - Private,No,5
370039,HILLCREST HOSPITAL CLAREMORE,CLAREMORE,OK,Acute Care Hospitals,Proprietary,Yes,4
370099,HILLCREST HOSPITAL CUSHING,CUSHING,OK,Acute Care Hospitals,Proprietary,Yes,4
370183,HILLCREST HOSPITAL HENRYETTA,HENRYETTA,OK,Acute Care Hospitals,Proprietary,Yes,Not Available
370015,HILLCREST HOSPITAL PRYOR,PRYOR,OK,Acute Care Hospitals,Proprietary,Yes,4
370202,HILLCREST HOSPITAL SOUTH,TULSA,OK,Acute Care Hospitals,Proprietary,Yes,3
370001,HILLCREST MEDICAL CENTER,TULSA,OK,Acute Care Hospitals,Proprietary,Yes,3
231316,HILLS & DALES GENERAL HOSPITAL,CASS CITY,MI,Critical Access Hospitals,Voluntary non-profit - Private,Yes,4
141332,HILLSBORO AREA HOSPITAL,HILLSBORO,IL,Critical Access Hospitals,Voluntary non-profit - Private,Yes,Not Available
171357,HILLSBORO COMMUNITY HOSPITAL,HILLSBORO,KS,Critical Access Hospitals,Proprietary,No,Not Available
380021,HILLSBORO MEDICAL CENTER,HILLSBORO,OR,Acute Care Hospitals,Voluntary non-profit - Private,Yes,3
230037,HILLSDALE HOSPITAL,HILLSDALE,MI,Acute Care Hospitals,Voluntary non-profit - Private,Yes,3
120005,HILO BENIOFF MEDICAL CENTER,HILO,HI,Acute Care Hospitals,Government - State,Yes,3
14007F,HINES VA MEDICAL CENTER,HINES,IL,Acute Care - Veterans Administration,Veterans Health Administration,Yes,3
490104,HIRAM W DAVIS MEDICAL CENTER,PETERSBURG,VA,Acute Care Hospitals,Government - State,No,Not Available
360276,HMHP ST ELIZABETH BOARDMAN HEALTH CENTER,BOARDMAN,OH,Acute Care Hospitals,Voluntary non-profit - Church,Yes,2
050224,HOAG MEMORIAL HOSPITAL PRESBYTERIAN,NEWPORT BEACH,CA,Acute Care Hospitals,Voluntary non-profit - Private,Yes,5
050769,HOAG ORTHOPEDIC INSTITUTE,IRVINE,CA,Acute Care Hospitals,Proprietary,No,Not Available
361330,HOCKING VALLEY COMMUNITY HOSPITAL,LOGAN,OH,Critical Access Hospitals,Voluntary non-profit - Other,Yes,Not Available
171369,HODGEMAN COUNTY HEALTH CENTER,JETMORE,KS,Critical Access Hospitals,Government - Local,Yes,Not Available
371321,HOLDENVILLE GENERAL HOSPITAL,HOLDENVILLE,OK,Critical Access Hospitals,Government - Hospital District or Authority,Yes,Not Available
230072,HOLLAND COMMUNITY HOSPITAL,HOLLAND,MI,Acute Care Hospitals,Voluntary non-profit - Private,Yes,5
344014,HOLLY HILL MENTAL HEALTH SERVICES,RALEIGH,NC,Psychiatric,Proprietary,No,Not Available
050063,HOLLYWOOD PRESBYTERIAN MEDICAL CENTER,LOS ANGELES,CA,Acute Care Hospitals,Proprietary,Yes,3
251319,HOLMES COUNTY HOSPITAL AND CLINICS,LEXINGTON,MS,Critical Access Hospitals,Government - State,Yes,Not Available
100019,HOLMES REGIONAL MEDICAL CENTER,MELBOURNE,FL,Acute Care Hospitals,Voluntary non-profit - Private,Yes,4
171319,HOLTON COMMUNITY HOSPITAL,HOLTON,KS,Critical Access Hospitals,Voluntary non-profit - Private,Yes,Not Available
210065,HOLY CROSS GERMANTOWN HOSPITAL,GERMANTOWN,MD,Acute Care Hospitals,Voluntary non-profit - Private,Yes,1
140133,HOLY CROSS HOSPITAL,CHICAGO,IL,Acute Care Hospitals,Voluntary non-profit - Private,Yes,2
100073,HOLY CROSS HOSPITAL,FT LAUDERDALE,FL,Acute Care Hospitals,Voluntary non-profit - Church,Yes,4
031313,HOLY CROSS HOSPITAL,NOGALES,AZ,Critical Access Hospitals,Proprietary,Yes,Not Available
210004,HOLY CROSS HOSPITAL,SILVER SPRING,MD,Acute Care Hospitals,Voluntary non-profit - Church,No,2
460003,HOLY CROSS HOSPITAL - SALT LAKE,SALT LAKE CITY,UT,Acute Care Hospitals,Proprietary,Yes,3
321310,HOLY CROSS HOSPITAL A DIV OF TAOS HEALTH SYSTEMS,TAOS,NM,Critical Access Hospitals,Voluntary non-profit - Private,Yes,1
460041,HOLY CROSS HOSPITAL-DAVIS,LAYTON,UT,Acute Care Hospitals,Voluntary non-profit - Private,Yes,5
460051,HOLY CROSS HOSPITAL-JORDAN VALLEY,WEST JORDAN,UT,Acute Care Hospitals,Voluntary non-profit - Private,Yes,4
220080,HOLY FAMILY HOSPITAL,METHUEN,MA,Acute Care Hospitals,Proprietary,Yes,2
520107,HOLY FAMILY MEMORIAL,MANITOWOC,WI,Acute Care Hospitals,Voluntary non-profit - Other,Yes,3
310008,HOLY NAME MEDICAL CENTER,TEANECK,NJ,Acute Care Hospitals,Voluntary non-profit - Private,Yes,5
390097,HOLY REDEEMER HOSPITAL AND MEDICAL CENTER,MEADOWBROOK,PA,Acute Care Hospitals,Voluntary non-profit - Church,Yes,3
271347,HOLY ROSARY HOSPITAL,MILES CITY,MT,Critical Access Hospitals,Voluntary non-profit - Private,Yes,5
220024,HOLYOKE MEDICAL CENTER,HOLYOKE,MA,Acute Care Hospitals,Voluntary non-profit - Private,Yes,4
360054,HOLZER MEDICAL CENTER,GALLIPOLIS,OH,Acute Care Hospitals,Voluntary non-profit - Private,Yes,4
361320,HOLZER MEDICAL CENTER JACKSON,JACKSON,OH,Critical Access Hospitals,Voluntary non-profit - Private,Yes,3
100125,HOMESTEAD HOSPITAL,HOMESTEAD,FL,Acute Care Hospitals,Voluntary non-profit - Private,Yes,4
121307,HONOKA'A HOSPITAL AND SKILLED NURSING,HONOKAA,HI,Critical Access Hospitals,Government - State,Yes,Not Available
030014,HONOR HEALTH JOHN C. LINCOLN MEDICAL CENTER,PHOENIX,AZ,Acute Care Hospitals,Voluntary non-profit - Private,Yes,3
030092,HONORHEALTH DEER VALLEY MEDICAL CENTER,PHOENIX,AZ,Acute Care Hospitals,Voluntary non-profit - Private,Yes,3
030121,HONORHEALTH FOUR PEAKS MEDICAL CENTER,MESA,AZ,Acute Care Hospitals,Proprietary,Yes,2
030038,HONORHEALTH SCOTTSDALE OSBORN MEDICAL CENTER,SCOTTSDALE,AZ,Acute Care Hospitals,Proprietary,Yes,3
030087,HONORHEALTH SCOTTSDALE SHEA MEDICAL CENTER,SCOTTSDALE,AZ,Acute Care Hospitals,Proprietary,Yes,3
030123,HONORHEALTH SCOTTSDALE THOMPSON PEAK MED CTR,SCOTTSDALE,AZ,Acute Care Hospitals,Voluntary non-profit - Private,Yes,5
030146,HONORHEALTH SONORAN CROSSING MEDICAL CENTER,PHOENIX,AZ,Acute Care Hospitals,Voluntary non-profit - Private,Yes,4
030037,HONORHEALTH TEMPE MEDICAL CENTER,PHOENIX,AZ,Acute Care Hospitals,Proprietary,Yes,Not Available
191309,HOOD MEMORIAL HOSPITAL,AMITE,LA,Critical Access Hospitals,Government - Hospital District or Authority,Yes,Not Available
400005,HOPE MEDICAL CENTER,HUMACAO,PR,Acute Care Hospitals,Voluntary non-profit - Other,Yes,Not Available
141330,HOPEDALE HOSPITAL,HOPEDALE,IL,Critical Access Hospitals,Voluntary non-profit - Private,Yes,Not Available
031305,HOPI HEALTH CARE CENTER,POLACCA,AZ,Critical Access Hospitals,Tribal,No,Not Available
161354,HORN MEMORIAL HOSPITAL,IDA GROVE,IA,Critical Access Hospitals,Voluntary non-profit - Private,Yes,Not Available
394034,HORSHAM CLINIC,AMBLER,PA,Psychiatric,Proprietary,Yes,Not Available
400135,HOSPITAL  CENTRO COMPRENSIVO DEL CANCER,SAN JUAN,PR,Acute Care Hospitals,Government - State,Yes,Not Available
400079,HOSPITAL  COMUNITARIO BUEN SAMARITANO INC,AGUADILLA,PR,Acute Care Hospitals,Voluntary non-profit - Private,Yes,Not Available
400022,HOSPITAL DAMAS INC,PONCE,PR,Acute Care Hospitals,Voluntary non-profit - Private,Yes,Not Available
400021,HOSPITAL DE LA CONCEPCION,SAN GERMAN,PR,Acute Care Hospitals,Voluntary non-profit - Private,Yes,Not Available
171330,HOSPITAL DISTRICT #1 OF RICE COUNTY,LYONS,KS,Critical Access Hospitals,Government - Hospital District or Authority,Yes,Not Available
171346,HOSPITAL DISTRICT #6 PATTERSON HEALTH CENTER,ANTHONY,KS,Critical Access Hospitals,Government - Hospital District or Authority,Yes,Not Available
400139,HOSPITAL EPISCOPAL  SAN LUCAS METRO,SAN JUAN,PR,Acute Care Hospitals,Voluntary non-profit - Private,Yes,Not Available
400044,HOSPITAL EPISCOPAL SAN LUCAS II,PONCE,PR,Acute Care Hospitals,Voluntary non-profit - Private,Yes,Not Available
400109,HOSPITAL ESPANOL AUXILIO MUTUO SAN PABLO,BAYAMON,PR,Acute Care Hospitals,Voluntary non-profit - Private,Yes,Not Available
224045,HOSPITAL FOR BEHAVIORAL MEDICINE,WORCESTER,MA,Psychiatric,Proprietary,No,Not Available
330270,HOSPITAL FOR SPECIAL SURGERY,NEW YORK,NY,Acute Care Hospitals,Voluntary non-profit - Private,No,5
400010,HOSPITAL GENERAL DE CASTANER,CASTANER,PR,Acute Care Hospitals,Voluntary non-profit - Private,Yes,Not Available
400104,HOSPITAL MENONITA CAGUAS INC,CAGUAS,PR,Acute Care Hospitals,Voluntary non-profit - Private,Yes,Not Available
400018,HOSPITAL MENONITA DE AIBONITO,AIBONITO,PR,Acute Care Hospitals,Voluntary non-profit - Private,Yes,Not Available
400013,HOSPITAL MENONITA DE CAYEY,CAYEY,PR,Acute Care Hospitals,Voluntary non-profit - Private,Yes,Not Available
400048,HOSPITAL MENONITA GUAYAMA,GUAYAMA,PR,Acute Care Hospitals,Voluntary non-profit - Private,Yes,Not Available
400011,"HOSPITAL MENONITA HUMACAO, INC",HUMACAO,PR,Acute Care Hospitals,Proprietary,Yes,Not Available
400113,HOSPITAL MENONITA PONCE,PONCE,PR,Acute Care Hospitals,Voluntary non-profit - Private,Yes,Not Available
400117,HOSPITAL METROPOLITANO  DR SUSONI,ARECIBO,PR,Acute Care Hospitals,Voluntary non-profit - Private,Yes,Not Available
404007,HOSPITAL METROPOLITANO  PSIQUIATRICO DE CABO ROJO,CABO ROJO,PR,Psychiatric,Proprietary,No,Not Available
400130,HOSPITAL METROPOLITANO DE LA MONTANA,BDA NUEVA,PR,Acute Care Hospitals,Proprietary,Yes,Not Available
400126,HOSPITAL METROPOLITANO DE SAN GERMAN,SAN GERMAN,PR,Acute Care Hospitals,Proprietary,Yes,Not Available
400003,HOSPITAL METROPOLITANO DR PILA,PONCE,PR,Acute Care Hospitals,Proprietary,Yes,Not Available
390111,HOSPITAL OF UNIV OF PENNSYLVANIA,PHILADELPHIA,PA,Acute Care Hospitals,Voluntary non-profit - Private,Yes,5
400012,HOSPITAL ONCOLOGICO DR ISAAC GONZALEZ MARTINEZ,SAN JUAN,PR,Acute Care Hospitals,Voluntary non-profit - Private,No,Not Available
400087,HOSPITAL PAVIA ARECIBO,ARECIBO,PR,Acute Care Hospitals,Proprietary,Yes,Not Available
400120,HOSPITAL PAVIA CAGUAS,CAGUAS,PR,Acute Care Hospitals,Proprietary,Yes,Not Available
400128,"HOSPITAL PAVIA HATO REY, INC",HATO REY,PR,Acute Care Hospitals,Proprietary,Yes,Not Available
400019,HOSPITAL PAVIA SANTURCE,SAN JUAN,PR,Acute Care Hospitals,Proprietary,Yes,1
400110,HOSPITAL PAVIA YAUCO,YAUCO,PR,Acute Care Hospitals,Proprietary,Yes,Not Available
400123,HOSPITAL PEREA,MAYAGUEZ,PR,Acute Care Hospitals,Proprietary,Yes,Not Available
400111,HOSPITAL SAN CARLOS BORROMEO,MOCA,PR,Acute Care Hospitals,Voluntary non-profit - Private,Yes,Not Available
400098,HOSPITAL SAN FRANCISCO,SAN JUAN,PR,Acute Care Hospitals,Proprietary,Yes,Not Available
400061,HOSPITAL UNIVERSITARIO DE ADULTO,RIO PIEDRAS,PR,Acute Care Hospitals,Government - State,Yes,Not Available
400105,HOSPITAL UNIVERSITARIO DR RUIZ ARNAU,BAYAMON,PR,Acute Care Hospitals,Government - State,Yes,Not Available
400112,"HOSPITAL UPR, DR  FEDERICO TRILLA",CAROLINA,PR,Acute Care Hospitals,Voluntary non-profit - Private,Yes,Not Available
531304,HOT SPRINGS COUNTY MEMORIAL HOSPITAL,THERMOPOLIS,WY,Critical Access Hospitals,Government - Hospital District or Authority,Yes,3
201308,HOULTON REGIONAL HOSPITAL,HOULTON,ME,Critical Access Hospitals,Voluntary non-profit - Private,Yes,3
454135,HOUSTON BEHAVIORAL HEALTHCARE HOSPITAL LLC,HOUSTON,TX,Psychiatric,Proprietary,No,Not Available
441322,HOUSTON COUNTY COMMUNITY HOSPITAL,ERIN,TN,Critical Access Hospitals,Government - Local,Yes,Not Available
450424,HOUSTON METHODIST BAYTOWN HOSPITAL,BAYTOWN,TX,Acute Care Hospitals,Voluntary non-profit - Private,Yes,5
450709,HOUSTON METHODIST CLEAR LAKE HOSPITAL,NASSAU BAY,TX,Acute Care Hospitals,Voluntary non-profit - Private,Yes,5
670342,HOUSTON METHODIST CYPRESS HOSPITAL,CYPRESS,TX,Acute Care Hospitals,Voluntary non-profit - Private,Yes,Not Available
450358,HOUSTON METHODIST HOSPITAL,HOUSTON,TX,Acute Care Hospitals,Voluntary non-profit - Private,Yes,5
450820,HOUSTON METHODIST SUGARLAND HOSPITAL,SUGAR LAND,TX,Acute Care Hospitals,Voluntary non-profit - Private,Yes,5
670122,HOUSTON METHODIST THE WOODLANDS HOSPITAL,THE WOODLANDS,TX,Acute Care Hospitals,Voluntary non-profit - Private,Yes,5
670077,HOUSTON METHODIST WEST HOSPITAL,HOUSTON,TX,Acute Care Hospitals,Voluntary non-profit - Private,Yes,5
450844,HOUSTON METHODIST WILLOWBROOK HOSPITAL,HOUSTON,TX,Acute Care Hospitals,Voluntary non-profit - Private,Yes,5
45074F,HOUSTON VA MEDICAL CENTER,HOUSTON,TX,Acute Care - Veterans Administration,Veterans Health Administration,Yes,5
281338,HOWARD COUNTY MEDICAL CENTER,ST PAUL,NE,Critical Access Hospitals,Voluntary non-profit - Other,Yes,Not Available
041311,HOWARD MEMORIAL HOSPITAL,NASHVILLE,AR,Critical Access Hospitals,Voluntary non-profit - Private,Yes,3
090003,HOWARD UNIVERSITY HOSPITAL CORP,WASHINGTON,DC,Acute Care Hospitals,Voluntary non-profit - Other,No,1
520091,HOWARD YOUNG MEDICAL CENTER,WOODRUFF,WI,Acute Care Hospitals,Voluntary non-profit - Church,Yes,4
141354,HSHS GOOD SHEPHERD HOSPITAL INC,SHELBYVILLE,IL,Critical Access Hospitals,Voluntary non-profit - Private,Yes,Not Available
140137,HSHS HOLY FAMILY HOSPITAL INC,GREENVILLE,IL,Acute Care Hospitals,Voluntary non-profit - Church,Yes,3
521310,HSHS ST CLARE MEMORIAL HOSPITAL,OCONTO FALLS,WI,Critical Access Hospitals,Voluntary non-profit - Private,Yes,Not Available
140187,HSHS ST ELIZABETH'S HOSPITAL,O FALLON,IL,Acute Care Hospitals,Voluntary non-profit - Church,Yes,4
314024,HUDSON COUNTY MEADOWVIEW PSYCHIATRIC H,SECAUCUS,NJ,Psychiatric,Government - Local,No,Not Available
521335,HUDSON HOSPITAL,HUDSON,WI,Critical Access Hospitals,Voluntary non-profit - Private,Yes,5
310118,HUDSON REGIONAL HOSPITAL,SECAUCUS,NJ,Acute Care Hospitals,Proprietary,Yes,2
330267,HUDSON VALLEY HOSPITAL CENTER,CORTLANDT MANOR,NY,Acute Care Hospitals,Voluntary non-profit - Private,Yes,5
301312,HUGGINS HOSPITAL,WOLFEBORO,NH,Critical Access Hospitals,Voluntary non-profit - Private,Yes,4
340097,HUGH CHATHAM MEMORIAL HOSPITAL,ELKIN,NC,Acute Care Hospitals,Voluntary non-profit - Private,Yes,3
031308,HUHU KAM MEMORIAL HOSPITAL,SACATON,AZ,Critical Access Hospitals,Government - Federal,Yes,Not Available
161334,HUMBOLDT COUNTY MEMORIAL HOSPITAL,HUMBOLDT,IA,Critical Access Hospitals,Voluntary non-profit - Other,Yes,Not Available
291308,HUMBOLDT GENERAL HOSPITAL,WINNEMUCCA,NV,Critical Access Hospitals,Government - Hospital District or Authority,Yes,2
140206,HUMBOLDT PARK HEALTH,CHICAGO,IL,Acute Care Hospitals,Voluntary non-profit - Private,Yes,1
450352,HUNT REGIONAL MEDICAL CENTER,GREENVILLE,TX,Acute Care Hospitals,Government - Hospital District or Authority,Yes,2
310005,HUNTERDON MEDICAL CENTER,FLEMINGTON,NJ,Acute Care Hospitals,Voluntary non-profit - Private,No,4
050526,HUNTINGTON BEACH HOSPITAL,HUNTINGTON BEACH,CA,Acute Care Hospitals,Proprietary,Yes,1
050438,HUNTINGTON HOSPITAL,PASADENA,CA,Acute Care Hospitals,Voluntary non-profit - Other,Yes,Not Available
51004F,HUNTINGTON VA MEDICAL CENTER,HUNTINGTON,WV,Acute Care - Veterans Administration,Veterans Health Administration,Yes,5
010039,HUNTSVILLE HOSPITAL,HUNTSVILLE,AL,Acute Care Hospitals,Government - Hospital District or Authority,Yes,3
450347,HUNTSVILLE MEMORIAL HOSPITAL,HUNTSVILLE,TX,Acute Care Hospitals,Voluntary non-profit - Private,Yes,2
230132,HURLEY MEDICAL CENTER,FLINT,MI,Acute Care Hospitals,Voluntary non-profit - Other,Yes,2
431335,HURON REGIONAL MEDICAL CENTER,HURON,SD,Critical Access Hospitals,Voluntary non-profit - Private,Yes,2
230277,HURON VALLEY-SINAI HOSPITAL,COMMERCE TOWNSHIP,MI,Acute Care Hospitals,Proprietary,Yes,3
334001,HUTCHINGS PSYCHIATRIC CTR,SYRACUSE,NY,Psychiatric,Government - State,Yes,Not Available
240187,HUTCHINSON HEALTH,HUTCHINSON,MN,Acute Care Hospitals,Voluntary non-profit - Private,Yes,3
170020,HUTCHINSON REGIONAL MEDICAL CENTER INC,HUTCHINSON,KS,Acute Care Hospitals,Voluntary non-profit - Private,Yes,2
230195,Henry Ford Health Warren Hospital,WARREN,MI,Acute Care Hospitals,Voluntary non-profit - Private,Yes,1
190054,IBERIA MEDICAL CENTER,NEW IBERIA,LA,Acute Care Hospitals,Voluntary non-profit - Private,Yes,2
130074,"IDAHO FALLS COMMUNITY HOSPITAL, LLC",IDAHO FALLS,ID,Acute Care Hospitals,Proprietary,Yes,4
141315,ILLINI COMMUNITY HOSPITAL,PITTSFIELD,IL,Critical Access Hospitals,Voluntary non-profit - Private,Yes,3
291301,INCLINE VILLAGE COMMUNITY HOSPITAL,INCLINE VILLAGE,NV,Critical Access Hospitals,Government - Hospital District or Authority,Yes,Not Available
154011,INCOMPASS HEALTHCARE,LAWRENCEBURG,IN,Psychiatric,Voluntary non-profit - Private,No,Not Available
390168,INDEPENDENCE HEALTH SYSTEM BUTLER MEMORIAL HOSPITA,BUTLER,PA,Acute Care Hospitals,Voluntary non-profit - Private,Yes,2
440176,INDIAN PATH COMMUNITY HOSPITAL,KINGSPORT,TN,Acute Care Hospitals,Voluntary non-profit - Private,Yes,Not Available
390173,INDIANA REGIONAL MEDICAL CENTER,INDIANA,PA,Acute Care Hospitals,Voluntary non-profit - Private,Yes,2
150056,INDIANA UNIVERSITY HEALTH,INDIANAPOLIS,IN,Acute Care Hospitals,Voluntary non-profit - Private,Yes,3
150173,INDIANA UNIVERSITY HEALTH ARNETT HOSPITAL,LAFAYETTE,IN,Acute Care Hospitals,Voluntary non-profit - Private,Yes,4
150089,INDIANA UNIVERSITY HEALTH BALL MEMORIAL HOSPITAL,MUNCIE,IN,Acute Care Hospitals,Voluntary non-profit - Private,Yes,3
151328,INDIANA UNIVERSITY HEALTH BEDFORD HOSPITAL,BEDFORD,IN,Critical Access Hospitals,Voluntary non-profit - Private,Yes,3
150051,INDIANA UNIVERSITY HEALTH BLOOMINGTON HOSPITAL,BLOOMINGTON,IN,Acute Care Hospitals,Voluntary non-profit - Private,Yes,3
151316,INDIANA UNIVERSITY HEALTH FRANKFORT INC,FRANKFORT,IN,Critical Access Hospitals,Voluntary non-profit - Private,Yes,Not Available
151320,"INDIANA UNIVERSITY HEALTH JAY, INC.",PORTLAND,IN,Critical Access Hospitals,Government - Local,Yes,5
150161,INDIANA UNIVERSITY HEALTH NORTH HOSPITAL,CARMEL,IN,Acute Care Hospitals,Voluntary non-profit - Private,Yes,4
151306,INDIANA UNIVERSITY HEALTH PAOLI HOSPITAL,PAOLI,IN,Critical Access Hospitals,Voluntary non-profit - Private,Yes,Not Available
151311,INDIANA UNIVERSITY HEALTH TIPTON HOSPITAL INC,TIPTON,IN,Critical Access Hospitals,Voluntary non-profit - Other,Yes,3
151312,INDIANA UNIVERSITY HEALTH WHITE MEMORIAL HOSPITAL,MONTICELLO,IN,Critical Access Hospitals,Voluntary non-profit - Private,Yes,5
15003F,INDIANAPOLIS VA MEDICAL CENTER,INDIANAPOLIS,IN,Acute Care - Veterans Administration,Veterans Health Administration,Yes,3
521342,INDIANHEAD MEDICAL CTR,SHELL LAKE,WI,Critical Access Hospitals,Proprietary,Yes,Not Available
140191,INGALLS MEMORIAL HOSPITAL,HARVEY,IL,Acute Care Hospitals,Physician,Yes,2
504014,INLAND NORTHWEST BEHAVIORAL HEALTH,SPOKANE,WA,Psychiatric,Proprietary,No,Not Available
490040,INOVA ALEXANDRIA HOSPITAL,ALEXANDRIA,VA,Acute Care Hospitals,Voluntary non-profit - Private,Yes,5
490101,INOVA FAIR OAKS HOSPITAL,FAIRFAX,VA,Acute Care Hospitals,Voluntary non-profit - Other,No,5
490063,INOVA FAIRFAX HOSPITAL,FALLS CHURCH,VA,Acute Care Hospitals,Voluntary non-profit - Private,Yes,5
490043,INOVA LOUDOUN HOSPITAL,LEESBURG,VA,Acute Care Hospitals,Voluntary non-profit - Private,Yes,5
490122,INOVA MOUNT VERNON HOSPITAL,ALEXANDRIA,VA,Acute Care Hospitals,Voluntary non-profit - Private,Yes,4
140158,INSIGHT HOSPITAL AND MEDICAL CENTER CHICAGO,CHICAGO,IL,Acute Care Hospitals,Voluntary non-profit - Private,Yes,1
230022,INSIGHT HOSPITAL AND MEDICAL CENTER COLDWATER,COLDWATER,MI,Acute Care Hospitals,Government - Local,Yes,2
360055,INSIGHT HOSPITAL AND MEDICAL CENTER TRUMBULL,WARREN,OH,Acute Care Hospitals,Proprietary,Yes,2
310069,INSPIRA MEDICAL CENTER MULLICA HILL,ELMER,NJ,Acute Care Hospitals,Voluntary non-profit - Private,Yes,3
310032,INSPIRA MEDICAL CENTER VINELAND,VINELAND,NJ,Acute Care Hospitals,Voluntary non-profit - Private,Yes,3
360263,INSTITUTE FOR ORTHOPAEDIC SURGERY,LIMA,OH,Acute Care Hospitals,Proprietary,No,Not Available
370028,"INTEGRIS BAPTIST MEDICAL CENTER, INC",OKLAHOMA CITY,OK,Acute Care Hospitals,Voluntary non-profit - Private,Yes,3
370211,INTEGRIS CANADIAN VALLEY HOSPITAL,YUKON,OK,Acute Care Hospitals,Voluntary non-profit - Private,Yes,4
370240,INTEGRIS COMMUNITY HOSPITAL - COUNCIL CROSSING,OKLAHOMA CITY,OK,Acute Care Hospitals,Proprietary,No,Not Available
370113,INTEGRIS GROVE HOSPITAL,GROVE,OK,Acute Care Hospitals,Voluntary non-profit - Private,Yes,4
370236,INTEGRIS HEALTH EDMOND HOSPITAL,EDMOND,OK,Acute Care Hospitals,Voluntary non-profit - Private,Yes,2
370016,INTEGRIS HEALTH ENID HOSPITAL,ENID,OK,Acute Care Hospitals,Voluntary non-profit - Private,Yes,3
370006,INTEGRIS HEALTH PONCA CITY,PONCA CITY,OK,Acute Care Hospitals,Voluntary non-profit - Other,Yes,2
370004,INTEGRIS MIAMI HOSPITAL,MIAMI,OK,Acute Care Hospitals,Voluntary non-profit - Other,Yes,4
370106,INTEGRIS SOUTHWEST MEDICAL CENTER,OKLAHOMA CITY,OK,Acute Care Hospitals,Voluntary non-profit - Private,Yes,2
192010,INTENSIVE SPECIALTY HOSPITAL,SHREVEPORT,LA,Long-term,Voluntary non-profit - Private,No,Not Available
460044,INTERMOUNTAIN HEALTH ALTA VIEW HOSPITAL,SANDY,UT,Acute Care Hospitals,Voluntary non-profit - Private,Yes,5
461300,INTERMOUNTAIN HEALTH DELTA COMMUNITY HOSPITAL,DELTA,UT,Critical Access Hospitals,Voluntary non-profit - Private,Yes,Not Available
461301,INTERMOUNTAIN HEALTH FILLMORE COMMUNITY HOSPITAL,FILLMORE,UT,Critical Access Hospitals,Voluntary non-profit - Private,Yes,Not Available
461333,INTERMOUNTAIN HEALTH GARFIELD MEMORIAL HOSPITAL,PANGUITCH,UT,Critical Access Hospitals,Voluntary non-profit - Other,Yes,Not Available
461307,INTERMOUNTAIN HEALTH HEBER VALLEY HOSPITAL,HEBER CITY,UT,Critical Access Hospitals,Voluntary non-profit - Private,Yes,Not Available
460061,INTERMOUNTAIN HEALTH LAYTON HOSPITAL,LAYTON,UT,Acute Care Hospitals,Voluntary non-profit - Private,Yes,5
460015,INTERMOUNTAIN HEALTH LOGAN REGIONAL HOSPITAL,LOGAN,UT,Acute Care Hospitals,Voluntary non-profit - Private,Yes,5
060004,INTERMOUNTAIN HEALTH PLATTE VALLEY HOSPITAL,BRIGHTON,CO,Acute Care Hospitals,Voluntary non-profit - Private,Yes,3
460058,INTERMOUNTAIN HEALTH RIVERTON HOSPITAL,RIVERTON,UT,Acute Care Hospitals,Voluntary non-profit - Private,Yes,5
461303,INTERMOUNTAIN HEALTH SANPETE VALLEY HOSPITAL,MOUNT PLEASANT,UT,Critical Access Hospitals,Voluntary non-profit - Private,Yes,Not Available
460026,INTERMOUNTAIN HEALTH SEVIER VALLEY HOSPITAL,RICHFIELD,UT,Acute Care Hospitals,Voluntary non-profit - Private,Yes,4
460062,INTERMOUNTAIN HEALTH SPANISH FORK HOSPITAL,SPANISH FORK,UT,Acute Care Hospitals,Voluntary non-profit - Private,Yes,Not Available
270049,INTERMOUNTAIN HEALTH ST VINCENT REGIONAL HOSPITAL,BILLINGS,MT,Acute Care Hospitals,Voluntary non-profit - Church,Yes,4
060023,INTERMOUNTAIN HEALTH ST. MARY'S REGIONAL HOSPITAL,GRAND JUNCTION,CO,Acute Care Hospitals,Voluntary non-profit - Church,Yes,4
460001,INTERMOUNTAIN HEALTH UTAH VALLEY HOSPITAL,PROVO,UT,Acute Care Hospitals,Voluntary non-profit - Private,Yes,5
134002,INTERMOUNTAIN HOSPITAL,BOISE,ID,Psychiatric,Proprietary,No,Not Available
460010,INTERMOUNTAIN MEDICAL CENTER,MURRAY,UT,Acute Care Hospitals,Voluntary non-profit - Private,Yes,5
16004F,IOWA CITY VA MEDICAL CENTER,IOWA CITY,IA,Acute Care - Veterans Administration,Veterans Health Administration,Yes,5
161301,IOWA SPECIALTY HOSPITAL - BELMOND,BELMOND,IA,Critical Access Hospitals,Government - Local,Yes,Not Available
161302,IOWA SPECIALTY HOSPITAL - CLARION,CLARION,IA,Critical Access Hospitals,Government - Local,Yes,Not Available
330800,IRA DAVENPORT MEMORIAL HOSPITAL,BATH,NY,Rural Emergency Hospital,Voluntary non-profit - Private,Yes,Not Available
451307,IRAAN GENERAL HOSPITAL,IRAAN,TX,Critical Access Hospitals,Government - Hospital District or Authority,Yes,Not Available
344036,IREDELL DAVIS BEHAVIORAL HEALTH HOSPITAL,STATESVILLE,NC,Psychiatric,Proprietary,Yes,Not Available
340039,IREDELL MEMORIAL HOSPITAL INC,STATESVILLE,NC,Acute Care Hospitals,Voluntary non-profit - Private,Yes,3
261336,IRON COUNTY MEDICAL CENTER,PILOT KNOB,MO,Critical Access Hospitals,Government - Hospital District or Authority,Yes,Not Available
23005F,IRON MOUNTAIN MI VA MEDICAL CENTER,IRON MOUNTAIN,MI,Acute Care - Veterans Administration,Veterans Health Administration,No,Not Available
141353,IROQUOIS MEMORIAL HOSPITAL,WATSEKA,IL,Critical Access Hospitals,Voluntary non-profit - Private,Yes,Not Available
110779,IRWIN COUNTY HOSPITAL,OCILLA,GA,Rural Emergency Hospital,Government - Hospital District or Authority,Yes,Not Available
500007,ISLAND HOSPITAL,ANACORTES,WA,Acute Care Hospitals,Government - Hospital District or Authority,Yes,4
150158,IU HEALTH WEST HOSPITAL,AVON,IN,Acute Care Hospitals,Proprietary,Yes,4
530025,IVINSON MEMORIAL HOSPITAL,LARAMIE,WY,Acute Care Hospitals,Government - Hospital District or Authority,Yes,3
041306,IZARD REGIONAL HOSPITAL LLC,CALICO ROCK,AR,Critical Access Hospitals,Voluntary non-profit - Private,Yes,Not Available
17002F,Irwin ACH (FT Riley),Fort Riley,KS,Acute Care - Department of Defense,Department of Defense,Yes,Not Available
341327,J ARTHUR DOSHER MEMORIAL HOSPITAL,SOUTHPORT,NC,Critical Access Hospitals,Voluntary non-profit - Other,Yes,3
373300,J D MCCARTY CENTER FOR CHILDREN,NORMAN,OK,Childrens,Government - State,No,Not Available
010781,J PAUL JONES HOSPITAL,CAMDEN,AL,Rural Emergency Hospital,Government - Local,Yes,Not Available
010168,JACK HUGHSTON MEMORIAL HOSPITAL,PHENIX CITY,AL,Acute Care Hospitals,Government - State,Yes,4
370022,JACKSON COUNTY MEMORIAL HOSPITAL AUTHORITY,ALTUS,OK,Acute Care Hospitals,Voluntary non-profit - Other,Yes,3
161329,JACKSON COUNTY REGIONAL HEALTH CENTER,MAQUOKETA,IA,Critical Access Hospitals,Government - Local,Yes,Not Available
511320,JACKSON GENERAL HOSPITAL,RIPLEY,WV,Critical Access Hospitals,Voluntary non-profit - Private,Yes,3
100022,JACKSON HEALTH SYSTEM,MIAMI,FL,Acute Care Hospitals,Government - Hospital District or Authority,Yes,1
451363,JACKSON HEALTHCARE CENTER,EDNA,TX,Critical Access Hospitals,Government - Hospital District or Authority,Yes,Not Available
100142,JACKSON HOSPITAL,MARIANNA,FL,Acute Care Hospitals,Government - Hospital District or Authority,Yes,1
010024,JACKSON HOSPITAL & CLINIC INC,MONTGOMERY,AL,Acute Care Hospitals,Voluntary non-profit - Private,Yes,2
010128,JACKSON MEDICAL CENTER,JACKSON,AL,Acute Care Hospitals,Proprietary,Yes,Not Available
191317,JACKSON PARISH HOSPITAL,JONESBORO,LA,Critical Access Hospitals,Government - Hospital District or Authority,Yes,Not Available
140177,JACKSON PARK HOSPITAL,CHICAGO,IL,Acute Care Hospitals,Voluntary non-profit - Private,Yes,1
180116,JACKSON PURCHASE MEDICAL CENTER,MAYFIELD,KY,Acute Care Hospitals,Government - Hospital District or Authority,Yes,1
440002,JACKSON-MADISON COUNTY GENERAL HOSPITAL,JACKSON,TN,Acute Care Hospitals,Government - Hospital District or Authority,Yes,3
141352,JACKSONVILLE MEMORIAL HOSPITAL,JACKSONVILLE,IL,Critical Access Hospitals,Voluntary non-profit - Private,Yes,Not Available
330127,JACOBI MEDICAL CENTER,BRONX,NY,Acute Care Hospitals,Government - Local,Yes,2
351314,JACOBSON MEMORIAL HOSPITAL CARE CENTER,ELGIN,ND,Critical Access Hospitals,Voluntary non-profit - Private,Yes,Not Available
330014,JAMAICA HOSPITAL MEDICAL CENTER,JAMAICA,NY,Acute Care Hospitals,Voluntary non-profit - Private,Yes,1
39001F,JAMES E. VAN ZANDT VA MEDICAL CENTER (ALTOONA),ALTOONA,PA,Acute Care - Veterans Administration,Veterans Health Administration,No,5
351335,JAMESTOWN REGIONAL MEDICAL CENTER,JAMESTOWN,ND,Critical Access Hospitals,Voluntary non-profit - Private,Yes,4
181325,JANE TODD CRAWFORD HOSPITAL,GREENSBURG,KY,Critical Access Hospitals,Voluntary non-profit - Private,Yes,Not Available
250018,JASPER GENERAL HOSPITAL,BAY SPRINGS,MS,Acute Care Hospitals,Government - Local,No,Not Available
111303,JASPER MEMORIAL HOSPITAL,MONTICELLO,GA,Critical Access Hospitals,Government - Local,Yes,Not Available
140239,JAVON BEA HOSPITAL,ROCKFORD,IL,Acute Care Hospitals,Voluntary non-profit - Private,Yes,3
101315,JAY HOSPITAL,JAY,FL,Critical Access Hospitals,Voluntary non-profit - Private,Yes,Not Available
111333,JEFF DAVIS HOSPITAL,HAZLEHURST,GA,Critical Access Hospitals,Government - Hospital District or Authority,Yes,Not Available
390231,JEFFERSON ABINGTON HOSPITAL,ABINGTON,PA,Acute Care Hospitals,Voluntary non-profit - Private,Yes,3
281319,JEFFERSON COMMUNITY HEALTH & LIFE,FAIRBURY,NE,Critical Access Hospitals,Voluntary non-profit - Private,Yes,Not Available
161364,JEFFERSON COUNTY HEALTH CENTER,FAIRFIELD,IA,Critical Access Hospitals,Government - Local,Yes,2
371311,JEFFERSON COUNTY HOSPITAL,WAURIKA,OK,Critical Access Hospitals,Voluntary non-profit - Private,Yes,Not Available
250780,JEFFERSON COUNTY HOSPITAL,FAYETTE,MS,Rural Emergency Hospital,Proprietary,Yes,Not Available
251326,JEFFERSON DAVIS COMMUNITY HOSPITAL CAH,PRENTISS,MS,Critical Access Hospitals,Government - State,Yes,Not Available
390329,JEFFERSON EINSTEIN MONTGOMERY HOSPITAL,EAST NORRITON,PA,Acute Care Hospitals,Voluntary non-profit - Private,Yes,4
390142,JEFFERSON EINSTEIN PHILADELPHIA HOSPITAL,PHILADELPHIA,PA,Acute Care Hospitals,Voluntary non-profit - Other,Yes,3
390115,JEFFERSON HEALTH- NORTHEAST,PHILADELPHIA,PA,Acute Care Hospitals,Voluntary non-profit - Private,Yes,2
501323,JEFFERSON HEALTHCARE,PORT TOWNSEND,WA,Critical Access Hospitals,Government - Hospital District or Authority,Yes,3
110100,JEFFERSON HOSPITAL,LOUISVILLE,GA,Acute Care Hospitals,Government - Hospital District or Authority,Yes,Not Available
390265,JEFFERSON HOSPITAL,JEFFERSON HILLS,PA,Acute Care Hospitals,Voluntary non-profit - Private,Yes,4
390012,JEFFERSON LANSDALE HOSPITAL,LANSDALE,PA,Acute Care Hospitals,Voluntary non-profit - Private,Yes,3
511319,JEFFERSON MEDICAL CENTER,RANSON,WV,Critical Access Hospitals,Voluntary non-profit - Private,Yes,1
040071,JEFFERSON REGIONAL MEDICAL CENTER,PINE BLUFF,AR,Acute Care Hospitals,Voluntary non-profit - Private,Yes,1
310086,JEFFERSON STRATFORD HOSPITAL,STRATFORD,NJ,Acute Care Hospitals,Voluntary non-profit - Private,Yes,2
111311,JENKINS COUNTY MEDICAL CENTER,MILLEN,GA,Critical Access Hospitals,Proprietary,Yes,Not Available
281365,JENNIE M MELHAM MEMORIAL MEDICAL CENTER,BROKEN BOW,NE,Critical Access Hospitals,Voluntary non-profit - Private,Yes,4
180051,JENNIE STUART MEDICAL CENTER,HOPKINSVILLE,KY,Acute Care Hospitals,Voluntary non-profit - Private,Yes,1
051309,JEROLD PHELPS COMMUNITY HOSPITAL,GARBERVILLE,CA,Critical Access Hospitals,Government - Hospital District or Authority,Yes,Not Available
310074,JERSEY CITY MEDICAL CENTER,JERSEY CITY,NJ,Acute Care Hospitals,Voluntary non-profit - Private,Yes,3
140059,JERSEY COMMUNITY HOSPITAL,JERSEYVILLE,IL,Acute Care Hospitals,Government - Local,Yes,3
310073,JERSEY SHORE UNIVERSITY MEDICAL CENTER,NEPTUNE,NJ,Acute Care Hospitals,Voluntary non-profit - Private,Yes,4
14003F,JESSE BROWN VA MEDICAL CENTER - VA CHICAGO HEALTHCARE SYSTEM,CHICAGO,IL,Acute Care - Veterans Administration,Veterans Health Administration,Yes,4
171309,JEWELL COUNTY HOSPITAL,MANKATO,KS,Critical Access Hospitals,Government - Local,Yes,Not Available
054089,JEWISH HOME & REHAB CENTER,SAN FRANCISCO,CA,Psychiatric,Voluntary non-profit - Private,No,Not Available
310108,JFK UNIVERSITY MEDICAL CENTER,EDISON,NJ,Acute Care Hospitals,Voluntary non-profit - Private,Yes,3
374008,JIM TALIAFERRO COMM MENTAL HEALTH CTR,LAWTON,OK,Psychiatric,Government - State,No,Not Available
051304,JOHN C FREMONT HEALTHCARE DISTRICT,MARIPOSA,CA,Critical Access Hospitals,Government - Hospital District or Authority,Yes,Not Available
070036,JOHN DEMPSEY HOSPITAL OF THE UNIVERSITY OF CONNECT,FARMINGTON,CT,Acute Care Hospitals,Government - Local,Yes,3
050534,JOHN F KENNEDY MEMORIAL HOSPITAL,INDIO,CA,Acute Care Hospitals,Proprietary,Yes,2
140124,JOHN H STROGER JR HOSPITAL,CHICAGO,IL,Acute Care Hospitals,Government - Local,Yes,2
054131,JOHN MUIR BEHAVIORAL HEALTH CENTER,CONCORD,CA,Psychiatric,Voluntary non-profit - Private,Yes,Not Available
050496,JOHN MUIR MEDICAL CENTER - CONCORD CAMPUS,CONCORD,CA,Acute Care Hospitals,Voluntary non-profit - Private,Yes,4
050180,JOHN MUIR MEDICAL CENTER - WALNUT CREEK CAMPUS,WALNUT CREEK,CA,Acute Care Hospitals,Voluntary non-profit - Other,Yes,2
490020,JOHN RANDOLPH MEDICAL CENTER,HOPEWELL,VA,Acute Care Hospitals,Proprietary,Yes,3
330185,JOHN T MATHER MEMORIAL HOSPITAL  OF PORT JEFFERSON,PORT JEFFERSON,NY,Acute Care Hospitals,Voluntary non-profit - Private,Yes,5
103300,JOHNS HOPKINS ALL CHILDREN'S HOSPITAL,SAINT PETERSBURG,FL,Childrens,Voluntary non-profit - Private,Yes,Not Available
210029,JOHNS HOPKINS BAYVIEW MEDICAL CENTER,BALTIMORE,MD,Acute Care Hospitals,Voluntary non-profit - Private,Yes,3
210009,"JOHNS HOPKINS HOSPITAL, THE",BALTIMORE,MD,Acute Care Hospitals,Voluntary non-profit - Private,Yes,5
210048,JOHNS HOPKINS HOWARD COUNTY MEDICAL CENTER,COLUMBIA,MD,Acute Care Hospitals,Voluntary non-profit - Private,Yes,3
440063,JOHNSON CITY MEDICAL CENTER,JOHNSON CITY,TN,Acute Care Hospitals,Voluntary non-profit - Private,Yes,1
441304,JOHNSON COUNTY COMMUNITY HOSPITAL,MOUNTAIN CITY,TN,Critical Access Hospitals,Voluntary non-profit - Private,Yes,Not Available
531308,JOHNSON COUNTY HEALTHCARE CENTER,BUFFALO,WY,Critical Access Hospitals,Government - Hospital District or Authority,No,Not Available
281350,JOHNSON COUNTY HOSPITAL,TECUMSEH,NE,Critical Access Hospitals,Government - Local,Yes,Not Available
070008,JOHNSON MEMORIAL HOSPITAL,STAFFORD SPRINGS,CT,Acute Care Hospitals,Voluntary non-profit - Private,Yes,3
241314,JOHNSON MEMORIAL HOSPITAL,DAWSON,MN,Critical Access Hospitals,Government - Hospital District or Authority,Yes,Not Available
150001,JOHNSON MEMORIAL HOSPITAL,FRANKLIN,IN,Acute Care Hospitals,Government - Local,Yes,5
040002,JOHNSON REGIONAL MEDICAL CENTER,CLARKSVILLE,AR,Acute Care Hospitals,Voluntary non-profit - Private,Yes,4
340090,JOHNSTON HEALTH,SMITHFIELD,NC,Acute Care Hospitals,Government - Hospital District or Authority,Yes,4
490053,JOHNSTON MEMORIAL HOSPITAL,ABINGDON,VA,Acute Care Hospitals,Voluntary non-profit - Private,Yes,3
064029,JOHNSTOWN HEIGHTS BEHAVIORAL HEALTH,JOHNSTOWN,CO,Psychiatric,Proprietary,No,Not Available
330096,JONES MEMORIAL HOSPITAL,WELLSVILLE,NY,Acute Care Hospitals,Voluntary non-profit - Private,Yes,4
161306,JONES REGIONAL MEDICAL CENTER,ANAMOSA,IA,Critical Access Hospitals,Voluntary non-profit - Private,Yes,4
054147,JOYCE EISENBERG KEEFER MEDICAL CENTER,RESEDA,CA,Psychiatric,Voluntary non-profit - Private,No,Not Available
450039,JPS HEALTH NETWORK,FORT WORTH,TX,Acute Care Hospitals,Government - Hospital District or Authority,Yes,4
344023,JULIAN F KEITH ALCOHOL & DRUG ABUSE TX,BLACK MOUNTAIN,NC,Psychiatric,Government - State,No,Not Available
100253,JUPITER MEDICAL CENTER,JUPITER,FL,Acute Care Hospitals,Voluntary non-profit - Private,Yes,4
500058,KADLEC REGIONAL MEDICAL CENTER,RICHLAND,WA,Acute Care Hospitals,Voluntary non-profit - Private,Yes,4
124001,KAHI MOHALA,EWA BEACH,HI,Psychiatric,Voluntary non-profit - Private,No,Not Available
121304,KAHUKU MEDICAL CENTER,KAHUKU,HI,Critical Access Hospitals,Voluntary non-profit - Other,Yes,Not Available
050674,KAISER FOUNDATION HOSP SO SACRAMENTO,SACRAMENTO,CA,Acute Care Hospitals,Voluntary non-profit - Private,Yes,2
120011,KAISER FOUNDATION HOSPITAL,HONOLULU,HI,Acute Care Hospitals,Voluntary non-profit - Private,Yes,4
050510,KAISER FOUNDATION HOSPITAL,SAN RAFAEL,CA,Acute Care Hospitals,Voluntary non-profit - Private,Yes,4
050760,KAISER FOUNDATION HOSPITAL - ANTIOCH,ANTIOCH,CA,Acute Care Hospitals,Voluntary non-profit - Private,Yes,1
050723,KAISER FOUNDATION HOSPITAL - BALDWIN PARK,BALDWIN PARK,CA,Acute Care Hospitals,Voluntary non-profit - Other,No,3
050139,KAISER FOUNDATION HOSPITAL - DOWNEY,DOWNEY,CA,Acute Care Hospitals,Voluntary non-profit - Other,No,4
050512,KAISER FOUNDATION HOSPITAL - FREMONT,FREMONT,CA,Acute Care Hospitals,Voluntary non-profit - Private,Yes,4
050710,KAISER FOUNDATION HOSPITAL - FRESNO,FRESNO,CA,Acute Care Hospitals,Voluntary non-profit - Private,Yes,4
050138,KAISER FOUNDATION HOSPITAL - LOS ANGELES,LOS ANGELES,CA,Acute Care Hospitals,Voluntary non-profit - Other,No,5
050075,KAISER FOUNDATION HOSPITAL - OAKLAND/RICHMOND,OAKLAND,CA,Acute Care Hospitals,Voluntary non-profit - Private,Yes,2
050609,KAISER FOUNDATION HOSPITAL - ORANGE COUNTY - ANAHEIM,ANAHEIM,CA,Acute Care Hospitals,Voluntary non-profit - Private,Yes,4
050137,KAISER FOUNDATION HOSPITAL - PANORAMA CITY,PANORAMA CITY,CA,Acute Care Hospitals,Voluntary non-profit - Private,No,4
050541,KAISER FOUNDATION HOSPITAL - REDWOOD CITY,REDWOOD CITY,CA,Acute Care Hospitals,Voluntary non-profit - Private,Yes,4
050772,KAISER FOUNDATION HOSPITAL - ROSEVILLE,ROSEVILLE,CA,Acute Care Hospitals,Voluntary non-profit - Private,Yes,4
050425,KAISER FOUNDATION HOSPITAL - SACRAMENTO,SACRAMENTO,CA,Acute Care Hospitals,Voluntary non-profit - Private,Yes,4
050515,KAISER FOUNDATION HOSPITAL - SAN DIEGO,SAN DIEGO,CA,Acute Care Hospitals,Voluntary non-profit - Private,Yes,4
050076,KAISER FOUNDATION HOSPITAL - SAN FRANCISCO,SAN FRANCISCO,CA,Acute Care Hospitals,Voluntary non-profit - Private,Yes,4
050777,KAISER FOUNDATION HOSPITAL - SAN LEANDRO,SAN LEANDRO,CA,Acute Care Hospitals,Voluntary non-profit - Private,Yes,2
050855,KAISER FOUNDATION HOSPITAL - SAN MARCOS,SAN MARCOS,CA,Acute Care Hospitals,Voluntary non-profit - Private,Yes,4
050411,KAISER FOUNDATION HOSPITAL - SOUTH BAY,HARBOR CITY,CA,Acute Care Hospitals,Voluntary non-profit - Other,No,3
050070,KAISER FOUNDATION HOSPITAL - SOUTH SAN FRANCISCO,SOUTH SAN FRANCISCO,CA,Acute Care Hospitals,Voluntary non-profit - Private,Yes,4
050767,KAISER FOUNDATION HOSPITAL - VACAVILLE,VACAVILLE,CA,Acute Care Hospitals,Voluntary non-profit - Private,Yes,4
050072,KAISER FOUNDATION HOSPITAL - WALNUT CREEK,WALNUT CREEK,CA,Acute Care Hospitals,Voluntary non-profit - Private,Yes,3
050561,KAISER FOUNDATION HOSPITAL - WEST LA,LOS ANGELES,CA,Acute Care Hospitals,Voluntary non-profit - Private,No,3
050677,KAISER FOUNDATION HOSPITAL - WOODLAND HILLS,WOODLAND HILLS,CA,Acute Care Hospitals,Voluntary non-profit - Private,No,4
050073,KAISER FOUNDATION HOSPITAL AND REHAB CENTER,VALLEJO,CA,Acute Care Hospitals,Voluntary non-profit - Private,No,2
050140,KAISER FOUNDATION HOSPITAL FONTANA/ONTARIO,FONTANA,CA,Acute Care Hospitals,Voluntary non-profit - Private,Yes,3
050748,KAISER FOUNDATION HOSPITAL MANTECA,MANTECA,CA,Acute Care Hospitals,Voluntary non-profit - Private,Yes,4
380103,KAISER FOUNDATION HOSPITAL WESTSIDE,HILLSBORO,OR,Acute Care Hospitals,Voluntary non-profit - Private,Yes,4
050686,"KAISER FOUNDATION HOSPITAL, RIVERSIDE",RIVERSIDE,CA,Acute Care Hospitals,Voluntary non-profit - Private,Yes,4
050765,KAISER FOUNDATION HOSPITAL-MORENO VALLEY,MORENO VALLEY,CA,Acute Care Hospitals,Voluntary non-profit - Private,Yes,4
050604,KAISER FOUNDATION HOSPITAL-SAN JOSE,SAN JOSE,CA,Acute Care Hospitals,Voluntary non-profit - Private,Yes,3
050071,KAISER FOUNDATION HOSPITAL-SANTA CLARA,SANTA CLARA,CA,Acute Care Hospitals,Voluntary non-profit - Private,Yes,2
050690,KAISER FOUNDATION HOSPITAL-SANTA ROSA,SANTA ROSA,CA,Acute Care Hospitals,Voluntary non-profit - Private,Yes,3
500052,KAISER PERMANENTE CENTRAL HOSPITAL,SEATTLE,WA,Acute Care Hospitals,Voluntary non-profit - Other,Yes,Not Available
054150,KAISER PERMANENTE PSYCHIATRIC HEALTH FACILITY-SANT,SANTA CLARA,CA,Psychiatric,Proprietary,Yes,Not Available
380091,KAISER SUNNYSIDE MEDICAL CENTER,CLACKAMAS,OR,Acute Care Hospitals,Voluntary non-profit - Other,Yes,4
234047,KALAMAZOO BEHAVIORAL HEALTH HOSPITAL,KALAMAZOO,MI,Psychiatric,Proprietary,No,Not Available
234026,KALAMAZOO REGIONAL PSYCHIATRIC HOSPITAL,KALAMAZOO,MI,Psychiatric,Government - State,Yes,Not Available
330005,KALEIDA HEALTH,BUFFALO,NY,Acute Care Hospitals,Voluntary non-profit - Private,Yes,3
231301,KALKASKA MEMORIAL HEALTH CENTER,KALKASKA,MI,Critical Access Hospitals,Government - Hospital District or Authority,Yes,Not Available
461309,KANE COUNTY HOSPITAL,KANAB,UT,Critical Access Hospitals,Government - Hospital District or Authority,Yes,Not Available
170188,KANSAS CITY ORTHOPAEDIC INSTITUTE,LEAWOOD,KS,Acute Care Hospitals,Physician,No,Not Available
26004F,KANSAS CITY VA MEDICAL CENTER,KANSAS CITY,MO,Acute Care - Veterans Administration,Veterans Health Administration,Yes,4
170186,KANSAS HEART HOSPITAL,WICHITA,KS,Acute Care Hospitals,Proprietary,No,4
170197,KANSAS MEDICAL CENTER LLC,ANDOVER,KS,Acute Care Hospitals,Proprietary,Yes,2
170196,"KANSAS SPINE & SPECIALTY HOSPITAL, LLC",WICHITA,KS,Acute Care Hospitals,Physician,No,Not Available
170183,KANSAS SURGERY & RECOVERY CENTER,WICHITA,KS,Acute Care Hospitals,Voluntary non-profit - Private,No,Not Available
123300,KAPIOLANI MEDICAL CENTER FOR WOMEN & CHILDREN,HONOLULU,HI,Childrens,Voluntary non-profit - Private,Yes,Not Available
230297,KARMANOS CANCER CENTER,DETROIT,MI,Acute Care Hospitals,Proprietary,No,3
121301,KAU HOSPITAL,PAHALA,HI,Critical Access Hospitals,Government - State,Yes,Not Available
121300,KAUAI VETERANS MEMORIAL HOSPITAL,WAIMEA,HI,Critical Access Hospitals,Government - State,Yes,Not Available
050057,KAWEAH HEALTH MEDICAL CENTER,VISALIA,CA,Acute Care Hospitals,Government - Hospital District or Authority,Yes,3
030195,KAYENTA ALTERNATIVE RURAL HOSPITAL,KAYENTA,AZ,Acute Care Hospitals,Government - Federal,Yes,Not Available
281306,KEARNEY COUNTY HEALTH SERVICES HOSPITAL,MINDEN,NE,Critical Access Hospitals,Government - Local,Yes,Not Available
280134,KEARNEY REGIONAL MEDICAL CENTER,KEARNEY,NE,Acute Care Hospitals,Proprietary,Yes,4
171313,KEARNY COUNTY HOSPITAL,LAKIN,KS,Critical Access Hospitals,Government - Local,Yes,Not Available
050696,KECK HOSPITAL OF USC,LOS ANGELES,CA,Acute Care Hospitals,Voluntary non-profit - Other,No,5
061343,KEEFE MEMORIAL HOSPITAL,CHEYENNE WELLS,CO,Critical Access Hospitals,Government - Hospital District or Authority,Yes,Not Available
450827,KELL WEST REGIONAL HOSPITAL,WICHITA FALLS,TX,Acute Care Hospitals,Proprietary,Yes,Not Available
330102,KENMORE MERCY HOSPITAL,KENMORE,NY,Acute Care Hospitals,Voluntary non-profit - Private,Yes,3
213301,KENNEDY KRIEGER INSTITUTE,BALTIMORE,MD,Childrens,Voluntary non-profit - Private,Yes,Not Available
390025,KENSINGTON HOSPITAL,PHILADELPHIA,PA,Acute Care Hospitals,Voluntary non-profit - Other,No,Not Available
410009,KENT COUNTY MEMORIAL HOSPITAL,WARWICK,RI,Acute Care Hospitals,Proprietary,Yes,3
181334,KENTUCKY RIVER MEDICAL CENTER,JACKSON,KY,Critical Access Hospitals,Proprietary,Yes,Not Available
161315,KEOKUK COUNTY HEALTH CENTER,SIGOURNEY,IA,Critical Access Hospitals,Government - Hospital District or Authority,Yes,Not Available
100284,KERALTY HOSPITAL,MIAMI,FL,Acute Care Hospitals,Proprietary,Yes,2
050315,KERN MEDICAL CENTER,BAKERSFIELD,CA,Acute Care Hospitals,Government - Hospital District or Authority,Yes,1
051314,KERN VALLEY HEALTHCARE DISTRICT,LAKE ISABELLA,CA,Critical Access Hospitals,Government - Hospital District or Authority,Yes,3
420048,KERSHAWHEALTH,CAMDEN,SC,Acute Care Hospitals,Proprietary,Yes,3
360133,KETTERING HEALTH DAYTON,DAYTON,OH,Acute Care Hospitals,Voluntary non-profit - Other,No,4
360026,KETTERING HEALTH GREENE MEMORIAL,XENIA,OH,Acute Care Hospitals,Voluntary non-profit - Private,Yes,5
360079,KETTERING HEALTH MAIN CAMPUS,KETTERING,OH,Acute Care Hospitals,Voluntary non-profit - Church,Yes,3
360239,KETTERING HEALTH MIAMISBURG,MIAMISBURG,OH,Acute Care Hospitals,Voluntary non-profit - Church,Yes,4
360368,KETTERING HEALTH TROY,TROY,OH,Acute Care Hospitals,Voluntary non-profit - Private,Yes,5
281305,KIMBALL HEALTH SERVICES,KIMBALL,NE,Critical Access Hospitals,Government - Local,Yes,Not Available
451306,KIMBLE HOSPITAL,JUNCTION,TX,Critical Access Hospitals,Proprietary,Yes,Not Available
250057,KING'S DAUGHTERS MEDICAL CENTER-BROOKHAVEN,BROOKHAVEN,MS,Acute Care Hospitals,Voluntary non-profit - Other,Yes,3
180009,KING'S DAUGHTERS' MEDICAL CENTER,ASHLAND,KY,Acute Care Hospitals,Voluntary non-profit - Private,Yes,3
171378,KINGMAN HEALTHCARE CENTER,KINGMAN,KS,Critical Access Hospitals,Voluntary non-profit - Private,Yes,Not Available
030055,KINGMAN REGIONAL MEDICAL CENTER,KINGMAN,AZ,Acute Care Hospitals,Government - Hospital District or Authority,Yes,3
330202,KINGS COUNTY HOSPITAL CENTER,BROOKLYN,NY,Acute Care Hospitals,Government - Local,Yes,1
360361,KINGS DAUGHTERS MEDICAL CENTER OHIO,PORTSMOUTH,OH,Acute Care Hospitals,Voluntary non-profit - Private,Yes,Not Available
334063,KINGSBORO PSYCHIATRIC HOSPITAL,BROOKLYN,NY,Psychiatric,Government - State,No,Not Available
454103,KINGWOOD PINES HOSPITAL,KINGWOOD,TX,Psychiatric,Proprietary,No,Not Available
171332,KIOWA COUNTY MEMORIAL HOSPITAL,GREENSBURG,KS,Critical Access Hospitals,Government - Local,Yes,Not Available
171331,KIOWA DISTRICT HOSPITAL,KIOWA,KS,Critical Access Hospitals,Government - Hospital District or Authority,Yes,Not Available
334060,KIRBY FORENSIC PSYCHIATRIC CENTER,NEW YORK,NY,Psychiatric,Government - State,No,Not Available
141301,KIRBY MEDICAL CENTER,MONTICELLO,IL,Critical Access Hospitals,Voluntary non-profit - Private,Yes,Not Available
061313,KIT CARSON COUNTY MEMORIAL HOSPITAL,BURLINGTON,CO,Critical Access Hospitals,Government - Hospital District or Authority,Yes,Not Available
501333,KITTITAS VALLEY COMMUNITY HOSPITAL,ELLENSBURG,WA,Critical Access Hospitals,Government - Hospital District or Authority,Yes,Not Available
241336,KITTSON HEALTHCARE,HALLOCK,MN,Critical Access Hospitals,Voluntary non-profit - Private,Yes,Not Available
501316,KLICKITAT VALLEY HOSPITAL,GOLDENDALE,WA,Critical Access Hospitals,Government - Hospital District or Authority,Yes,Not Available
450128,KNAPP MEDICAL CENTER,WESLACO,TX,Acute Care Hospitals,Voluntary non-profit - Private,Yes,5
360040,KNOX COMMUNITY HOSPITAL,MOUNT VERNON,OH,Acute Care Hospitals,Voluntary non-profit - Other,Yes,3
181328,KNOX COUNTY HOSPITAL,BARBOURVILLE,KY,Critical Access Hospitals,Government - Local,Yes,Not Available
451394,KNOX COUNTY HOSPITAL,KNOX CITY,TX,Critical Access Hospitals,Government - Local,Yes,Not Available
444031,KNOXVILLE CENTER FOR BEHAVIORAL MEDICINE,KNOXVILLE,TN,Psychiatric,Voluntary non-profit - Other,No,Not Available
161355,KNOXVILLE HOSPITAL & CLINICS,KNOXVILLE,IA,Critical Access Hospitals,Voluntary non-profit - Private,Yes,2
121302,KOHALA HOSPITAL,KAPAAU,HI,Critical Access Hospitals,Government - State,Yes,Not Available
120019,KONA COMMUNITY HOSPITAL,KEALAKEKUA,HI,Acute Care Hospitals,Government - State,Yes,2
130049,KOOTENAI HEALTH,COEUR D'ALENE,ID,Acute Care Hospitals,Government - Hospital District or Authority,Yes,4
150133,KOSCIUSKO COMMUNITY HOSPITAL,WARSAW,IN,Acute Care Hospitals,Proprietary,Yes,4
161353,KOSSUTH REGIONAL HEALTH CENTER,ALGONA,IA,Critical Access Hospitals,Government - Local,Yes,1
120007,KUAKINI MEDICAL CENTER,HONOLULU,HI,Acute Care Hospitals,Voluntary non-profit - Private,Yes,4
121308,KULA HOSPITAL,KULA,HI,Critical Access Hospitals,Voluntary non-profit - Private,Yes,Not Available
33025F,Keller ACH (West Point),West Point,NY,Acute Care - Department of Defense,Department of Defense,Yes,Not Available
050763,L A DOWNTOWN MEDICAL CENTER,LOS ANGELES,CA,Acute Care Hospitals,Proprietary,No,3
050580,LA PALMA INTERCOMMUNITY HOSPITAL,LA PALMA,CA,Acute Care Hospitals,Proprietary,No,3
031317,LA PAZ REGIONAL HOSPITAL,PARKER,AZ,Critical Access Hospitals,Voluntary non-profit - Private,Yes,2
170120,LABETTE HEALTH,PARSONS,KS,Acute Care Hospitals,Government - Local,Yes,3
050376,LAC/HARBOR-UCLA MED CENTER,TORRANCE,CA,Acute Care Hospitals,Government - Local,Yes,1
050040,LAC/OLIVE VIEW-UCLA MEDICAL CENTER,SYLMAR,CA,Acute Care Hospitals,Voluntary non-profit - Other,Yes,2
050717,LAC/RANCHO LOS AMIGOS NATIONAL REHABILITATION  CTR,DOWNEY,CA,Acute Care Hospitals,Government - Local,No,3
521318,LADD MEMORIAL HOSPITAL,OSCEOLA,WI,Critical Access Hospitals,Voluntary non-profit - Private,Yes,Not Available
191325,LADY OF THE SEA GENERAL HOSPITAL,CUT OFF,LA,Critical Access Hospitals,Government - Hospital District or Authority,Yes,Not Available
261320,LAFAYETTE REGIONAL HEALTH CENTER,LEXINGTON,MO,Critical Access Hospitals,Proprietary,Yes,2
190259,LAFAYETTE SURGICAL SPECIALTY HOSPITAL,LAFAYETTE,LA,Acute Care Hospitals,Physician,No,Not Available
440033,LAFOLLETTE MEDICAL CENTER,LA FOLLETTE,TN,Acute Care Hospitals,Voluntary non-profit - Church,Yes,3
050668,LAGUNA HONDA HOSPITAL & REHABILITATION CENTER,SAN FRANCISCO,CA,Acute Care Hospitals,Government - Local,No,Not Available
220171,"LAHEY HOSPITAL & MEDICAL CENTER, BURLINGTON",BURLINGTON,MA,Acute Care Hospitals,Voluntary non-profit - Private,Yes,4
144042,LAKE BEHAVIORAL HOSPITAL,WAUKEGAN,IL,Psychiatric,Proprietary,No,Not Available
101303,LAKE BUTLER HOSPITAL,LAKE BUTLER,FL,Critical Access Hospitals,Proprietary,Yes,Not Available
190060,LAKE CHARLES MEMORIAL HOSPITAL,LAKE CHARLES,LA,Acute Care Hospitals,Voluntary non-profit - Private,Yes,3
501334,LAKE CHELAN COMMUNITY HOSPITAL,CHELAN,WA,Critical Access Hospitals,Government - Hospital District or Authority,Yes,Not Available
180132,LAKE CUMBERLAND REGIONAL HOSPITAL,SOMERSET,KY,Acute Care Hospitals,Proprietary,Yes,2
381309,LAKE DISTRICT HOSPITAL,LAKEVIEW,OR,Critical Access Hospitals,Government - Hospital District or Authority,Yes,Not Available
450596,LAKE GRANBURY MEDICAL CENTER,GRANBURY,TX,Acute Care Hospitals,Proprietary,Yes,3
360098,LAKE HEALTH,CONCORD,OH,Acute Care Hospitals,Voluntary non-profit - Private,Yes,3
360367,LAKE HEALTH BEACHWOOD MEDICAL CENTER,BEACHWOOD,OH,Acute Care Hospitals,Proprietary,Yes,Not Available
230031,LAKE HURON MEDICAL CENTER,PORT HURON,MI,Acute Care Hospitals,Voluntary non-profit - Church,Yes,4
010052,LAKE MARTIN COMMUNITY HOSPITAL,DADEVILLE,AL,Acute Care Hospitals,Proprietary,Yes,Not Available
240052,LAKE REGION HEALTHCARE CORPORATION,FERGUS FALLS,MN,Acute Care Hospitals,Voluntary non-profit - Private,Yes,4
260186,LAKE REGIONAL HEALTH SYSTEM,OSAGE BEACH,MO,Acute Care Hospitals,Voluntary non-profit - Other,Yes,3
241308,LAKE VIEW MEMORIAL HOSPITAL,TWO HARBORS,MN,Critical Access Hospitals,Voluntary non-profit - Private,Yes,Not Available
264024,LAKELAND BEHAVIORAL HEALTH SYSTEM,SPRINGFIELD,MO,Psychiatric,Proprietary,Yes,Not Available
010125,LAKELAND COMMUNITY HOSPITAL,HALEYVILLE,AL,Acute Care Hospitals,Proprietary,Yes,3
230021,"LAKELAND HOSPITAL, ST JOSEPH",ST JOSEPH,MI,Acute Care Hospitals,Voluntary non-profit - Private,Yes,4
100157,LAKELAND REGIONAL MEDICAL CENTER,LAKELAND,FL,Acute Care Hospitals,Voluntary non-profit - Private,Yes,1
160124,LAKES REGIONAL HEALTHCARE,SPIRIT LAKE,IA,Acute Care Hospitals,Government - Local,Yes,2
444004,LAKESIDE BEHAVIORAL HEALTH SYSTEM,MEMPHIS,TN,Psychiatric,Voluntary non-profit - Church,No,Not Available
100130,LAKESIDE MEDICAL CENTER,BELLE GLADE,FL,Acute Care Hospitals,Government - Hospital District or Authority,Yes,Not Available
370199,"LAKESIDE WOMEN'S HOSPITAL, A MEMBER OF INTEGRIS HE",OKLAHOMA CITY,OK,Acute Care Hospitals,Voluntary non-profit - Private,Yes,Not Available
460042,LAKEVIEW HOSPITAL,BOUNTIFUL,UT,Acute Care Hospitals,Voluntary non-profit - Other,Yes,5
240066,LAKEVIEW MEMORIAL HOSPITAL,STILLWATER,MN,Acute Care Hospitals,Voluntary non-profit - Other,Yes,4
241301,LAKEWOOD HEALTH CENTER,BAUDETTE,MN,Critical Access Hospitals,Voluntary non-profit - Church,Yes,Not Available
241329,LAKEWOOD HEALTH SYSTEM,STAPLES,MN,Critical Access Hospitals,Voluntary non-profit - Other,Yes,Not Available
100299,LAKEWOOD RANCH MEDICAL CENTER,BRADENTON,FL,Acute Care Hospitals,Proprietary,Yes,4
191321,LALLIE KEMP MEDICAL CENTER,INDEPENDENCE,LA,Critical Access Hospitals,Government - State,Yes,Not Available
450698,LAMB HEALTHCARE CENTER,LITTLEFIELD,TX,Acute Care Hospitals,Government - Local,Yes,Not Available
121305,LANAI COMMUNITY HOSPITAL,LANAI CITY,HI,Critical Access Hospitals,Voluntary non-profit - Private,Yes,Not Available
394055,LANCASTER BEHAVIORAL HEALTH HOSPITAL,LANCASTER,PA,Psychiatric,Voluntary non-profit - Other,No,Not Available
390100,LANCASTER GENERAL HOSPITAL,LANCASTER,PA,Acute Care Hospitals,Voluntary non-profit - Private,Yes,5
430779,LANDMANN JUNGMAN MEMORIAL HOSPITAL CORPORATION,SCOTLAND,SD,Rural Emergency Hospital,Voluntary non-profit - Private,Yes,Not Available
410011,LANDMARK MEDICAL CENTER,WOONSOCKET,RI,Acute Care Hospitals,Voluntary non-profit - Private,Yes,2
171303,LANE COUNTY HOSPITAL,DIGHTON,KS,Critical Access Hospitals,Government - Hospital District or Authority,Yes,Not Available
190020,LANE REGIONAL MEDICAL CENTER,ZACHARY,LA,Acute Care Hospitals,Government - Hospital District or Authority,Yes,3
521350,LANGLADE HOSPITAL,ANTIGO,WI,Critical Access Hospitals,Voluntary non-profit - Church,Yes,Not Available
143301,LARABIDA CHILDRENS HOSPITAL I,CHICAGO,IL,Childrens,Voluntary non-profit - Private,No,Not Available
450029,LAREDO MEDICAL CENTER,LAREDO,TX,Acute Care Hospitals,Proprietary,Yes,4
100181,LARKIN COMMUNITY HOSPITAL,SOUTH MIAMI,FL,Acute Care Hospitals,Proprietary,Yes,1
104079,LARKIN COMMUNITY HOSPITAL BEHAVIORAL HEALTH SRVS,HOLLYWOOD,FL,Psychiatric,Proprietary,No,Not Available
100050,LARKIN COMMUNITY HOSPITAL PALM SPRINGS CAMPUS,HIALEAH,FL,Acute Care Hospitals,Voluntary non-profit - Private,Yes,4
174006,LARNED STATE HOSPITAL,LARNED,KS,Psychiatric,Government - State,No,Not Available
450107,LAS PALMAS MEDICAL CENTER A CAMPUS OF LPDS HEALTHC,EL PASO,TX,Acute Care Hospitals,Proprietary,Yes,2
190145,LASALLE GENERAL HOSPITAL,JENA,LA,Acute Care Hospitals,Government - Hospital District or Authority,No,1
441314,LAUDERDALE COMMUNITY HOSPITAL,RIPLEY,TN,Critical Access Hospitals,Proprietary,Yes,Not Available
374020,"LAUREATE PSYCHIATRIC CLINIC AND HOSPITAL, INC",TULSA,OK,Psychiatric,Voluntary non-profit - Private,No,Not Available
454060,LAUREL RIDGE TREATMENT CENTER,SAN ANTONIO,TX,Psychiatric,Proprietary,No,Not Available
451376,LAVACA MEDICAL CENTER,HALLETTSVILLE,TX,Critical Access Hospitals,Government - Hospital District or Authority,Yes,4
070007,LAWRENCE & MEMORIAL HOSPITAL,NEW LONDON,CT,Acute Care Hospitals,Voluntary non-profit - Private,Yes,3
251305,LAWRENCE COUNTY HOSPITAL CAH,MONTICELLO,MS,Critical Access Hospitals,Government - Local,Yes,Not Available
141344,LAWRENCE COUNTY MEMORIAL HOSPITAL,LAWRENCEVILLE,IL,Critical Access Hospitals,Voluntary non-profit - Private,Yes,Not Available
041309,LAWRENCE MEMORIAL HOSPITAL,WALNUT RIDGE,AR,Critical Access Hospitals,Voluntary non-profit - Private,Yes,Not Available
370170,LAWTON INDIAN HOSPITAL,LAWTON,OK,Acute Care Hospitals,Tribal,No,Not Available
640001,LBJ TROPICAL MEDICAL CENTER,PAGO PAGO,AS,Acute Care Hospitals,Government - Hospital District or Authority,Yes,Not Available
460006,LDS HOSPITAL,SALT LAKE CITY,UT,Acute Care Hospitals,Voluntary non-profit - Private,Yes,5
39006F,LEBANON VA MEDICAL CENTER,LEBANON,PA,Acute Care - Veterans Administration,Veterans Health Administration,Yes,5
391308,LECOM HEALTH CORRY MEMORIAL HOSPITAL,CORRY,PA,Critical Access Hospitals,Government - Hospital District or Authority,Yes,Not Available
390198,LECOM MEDICAL CENTER AND BEHAVIORAL HEALTH PAV,ERIE,PA,Acute Care Hospitals,Voluntary non-profit - Private,Yes,1
440081,LECONTE MEDICAL CENTER,SEVIERVILLE,TN,Acute Care Hospitals,Voluntary non-profit - Other,Yes,5
491309,LEE COUNTY COMMUNITY HOSPITAL,PENNINGTON GAP,VA,Critical Access Hospitals,Voluntary non-profit - Private,Yes,Not Available
100012,LEE MEMORIAL HOSPITAL,FORT MYERS,FL,Acute Care Hospitals,Government - Hospital District or Authority,Yes,5
260190,LEE'S SUMMIT MEDICAL CENTER,LEES SUMMIT,MO,Acute Care Hospitals,Proprietary,Yes,3
380007,LEGACY EMANUEL MEDICAL CENTER,PORTLAND,OR,Acute Care Hospitals,Voluntary non-profit - Private,Yes,3
380017,LEGACY GOOD SAMARITAN MEDICAL CENTER,PORTLAND,OR,Acute Care Hospitals,Voluntary non-profit - Private,Yes,4
380089,LEGACY MERIDIAN PARK MEDICAL CENTER,TUALATIN,OR,Acute Care Hospitals,Voluntary non-profit - Private,Yes,2
380025,LEGACY MOUNT HOOD MEDICAL CENTER,GRESHAM,OR,Acute Care Hospitals,Voluntary non-profit - Private,Yes,3
500150,LEGACY SALMON CREEK MEDICAL CENTER,VANCOUVER,WA,Acute Care Hospitals,Voluntary non-profit - Private,Yes,4
380029,LEGACY SILVERTON MEDICAL CENTER,SILVERTON,OR,Acute Care Hospitals,Voluntary non-profit - Private,Yes,Not Available
670345,LEGENT NORTH HOUSTON SURGICAL HOSPITAL,TOMBALL,TX,Acute Care Hospitals,Physician,No,Not Available
670112,LEGENT ORTHOPEDIC + SPINE,SAN ANTONIO,TX,Acute Care Hospitals,Proprietary,No,Not Available
670265,LEGENT ORTHOPEDIC HOSPITAL,GRAPEVINE,TX,Acute Care Hospitals,Proprietary,No,Not Available
670322,LEGENT SURGICAL HOSPITAL PLANO,PLANO,TX,Acute Care Hospitals,Proprietary,Yes,Not Available
390133,LEHIGH VALLEY HOSPITAL,ALLENTOWN,PA,Acute Care Hospitals,Voluntary non-profit - Private,Yes,4
390338,LEHIGH VALLEY HOSPITAL - DICKSON CITY,DICKSON CITY,PA,Acute Care Hospitals,Voluntary non-profit - Private,Yes,3
390185,LEHIGH VALLEY HOSPITAL - HAZLETON,HAZLETON,PA,Acute Care Hospitals,Voluntary non-profit - Other,Yes,2
390430,LEHIGH VALLEY HOSPITAL - MACUNGIE,MACUNGIE,PA,Acute Care Hospitals,Proprietary,Yes,Not Available
390201,LEHIGH VALLEY HOSPITAL - POCONO,EAST STROUDSBURG,PA,Acute Care Hospitals,Voluntary non-profit - Private,Yes,3
330119,LENOX HILL HOSPITAL,NEW YORK,NY,Acute Care Hospitals,Voluntary non-profit - Private,Yes,5
190183,LEONARD J CHABERT MEDICAL CENTER,HOUMA,LA,Acute Care Hospitals,Voluntary non-profit - Other,Yes,3
040132,LEVI HOSPITAL,HOT SPRINGS,AR,Acute Care Hospitals,Voluntary non-profit - Private,Yes,Not Available
210064,LEVINDALE HEBREW GERIATRIC CENTER AND HOSPITAL,BALTIMORE,MD,Acute Care Hospitals,Voluntary non-profit - Private,No,Not Available
331317,LEWIS COUNTY GENERAL HOSPITAL,LOWVILLE,NY,Critical Access Hospitals,Government - Local,Yes,Not Available
490126,LEWISGALE HOSPITAL ALLEGHANY,LOW MOOR,VA,Acute Care Hospitals,Proprietary,Yes,4
490110,LEWISGALE HOSPITAL MONTGOMERY,BLACKSBURG,VA,Acute Care Hospitals,Proprietary,Yes,3
490116,LEWISGALE HOSPITAL PULASKI,PULASKI,VA,Acute Care Hospitals,Proprietary,Yes,4
490048,LEWISGALE MEDICAL CENTER,SALEM,VA,Acute Care Hospitals,Proprietary,Yes,2
420073,LEXINGTON MEDICAL CENTER,WEST COLUMBIA,SC,Acute Care Hospitals,Voluntary non-profit - Private,Yes,3
340096,LEXINGTON MEMORIAL HOSPITAL INC,LEXINGTON,NC,Acute Care Hospitals,Voluntary non-profit - Private,Yes,2
281361,LEXINGTON REGIONAL HEALTH CENTER,LEXINGTON,NE,Critical Access Hospitals,Government - Hospital District or Authority,Yes,Not Available
18007F,LEXINGTON VA MEDICAL CENTER,LEXINGTON,KY,Acute Care - Veterans Administration,Veterans Health Administration,Yes,3
451375,LIBERTY DAYTON REGIONAL MEDICAL CENTER,LIBERTY,TX,Critical Access Hospitals,Government - Hospital District or Authority,Yes,Not Available
260177,LIBERTY HOSPITAL,LIBERTY,MO,Acute Care Hospitals,Voluntary non-profit - Private,Yes,2
111335,LIBERTY REGIONAL MEDICAL CENTER,HINESVILLE,GA,Critical Access Hospitals,Government - Hospital District or Authority,Yes,Not Available
360218,LICKING MEMORIAL HOSPITAL,NEWARK,OH,Acute Care Hospitals,Voluntary non-profit - Private,Yes,2
111314,LIFEBRITE COMMUNITY HOSPITAL OF EARLY,BLAKELY,GA,Critical Access Hospitals,Voluntary non-profit - Private,Yes,Not Available
341317,LIFEBRITE COMMUNITY HOSPITAL OF STOKES,DANBURY,NC,Critical Access Hospitals,Proprietary,Yes,Not Available
241344,LIFECARE MEDICAL CENTER,ROSEAU,MN,Critical Access Hospitals,Voluntary non-profit - Private,Yes,Not Available
433300,LIFESCAPE,SIOUX FALLS,SD,Childrens,Voluntary non-profit - Private,No,Not Available
104018,LIFESTREAM BEHAVIORAL CENTER,LEESBURG,FL,Psychiatric,Proprietary,No,Not Available
134009,LIFEWAYS HOSPITAL,BOISE,ID,Psychiatric,Voluntary non-profit - Private,No,Not Available
424002,LIGHTHOUSE BEHAVIORAL HEALTH HOSPITAL,CONWAY,SC,Psychiatric,Proprietary,Yes,Not Available
451324,LILLIAN M HUDSPETH MEMORIAL HOSPITAL,SONORA,TX,Critical Access Hospitals,Government - Hospital District or Authority,Yes,Not Available
360009,LIMA MEMORIAL HEALTH SYSTEM,LIMA,OH,Acute Care Hospitals,Voluntary non-profit - Other,Yes,3
451303,LIMESTONE MEDICAL CENTER,GROESBECK,TX,Critical Access Hospitals,Government - Hospital District or Authority,Yes,Not Available
171360,LINCOLN COUNTY HOSPITAL,LINCOLN,KS,Critical Access Hospitals,Government - Local,No,Not Available
321306,LINCOLN COUNTY MEDICAL CENTER,RUIDOSO,NM,Critical Access Hospitals,Voluntary non-profit - Private,Yes,2
061306,LINCOLN HEALTH HOSPITAL,HUGO,CO,Critical Access Hospitals,Voluntary non-profit - Other,Yes,Not Available
501305,LINCOLN HOSPITAL,DAVENPORT,WA,Critical Access Hospitals,Government - Hospital District or Authority,Yes,Not Available
330080,LINCOLN MEDICAL & MENTAL HEALTH CENTER,BRONX,NY,Acute Care Hospitals,Government - Local,Yes,2
440102,LINCOLN MEDICAL CENTER,FAYETTEVILLE,TN,Acute Care Hospitals,Government - Local,Yes,3
284003,LINCOLN REGIONAL CENTER,LINCOLN,NE,Psychiatric,Government - State,No,Not Available
280127,LINCOLN SURGICAL HOSPITAL,LINCOLN,NE,Acute Care Hospitals,Proprietary,No,Not Available
184012,LINCOLN TRAIL BEHAVIORAL HEALTH SYSTEM,RADCLIFF,KY,Psychiatric,Proprietary,No,Not Available
201302,LINCOLNHEALTH,DAMARISCOTTA,ME,Critical Access Hospitals,Voluntary non-profit - Private,Yes,3
144035,LINDEN OAKS AT EDWARD,NAPERVILLE,IL,Psychiatric,Voluntary non-profit - Private,No,Not Available
364044,LINDNER CENTER OF HOPE,MASON,OH,Psychiatric,Voluntary non-profit - Private,No,Not Available
370214,LINDSAY MUNICIPAL HOSPITAL,LINDSAY,OK,Acute Care Hospitals,Government - Hospital District or Authority,Yes,Not Available
171358,LINDSBORG COMMUNITY HOSPITAL,LINDSBORG,KS,Critical Access Hospitals,Voluntary non-profit - Private,Yes,Not Available
351328,LINTON HOSPITAL - CAH,LINTON,ND,Critical Access Hospitals,Voluntary non-profit - Private,Yes,Not Available
351311,LISBON AREA HEALTH SERVICES,LISBON,ND,Critical Access Hospitals,Voluntary non-profit - Private,Yes,Not Available
031311,LITTLE COLORADO MEDICAL CENTER,WINSLOW,AZ,Critical Access Hospitals,Voluntary non-profit - Private,Yes,Not Available
331311,LITTLE FALLS HOSPITAL,LITTLE FALLS,NY,Critical Access Hospitals,Voluntary non-profit - Private,Yes,2
041320,LITTLE RIVER MEMORIAL HOSPITAL,ASHDOWN,AR,Critical Access Hospitals,Voluntary non-profit - Private,Yes,Not Available
301302,LITTLETON REGIONAL HEALTHCARE,LITTLETON,NH,Critical Access Hospitals,Voluntary non-profit - Private,Yes,1
271317,LIVINGSTON HEALTHCARE,LIVINGSTON,MT,Critical Access Hospitals,Physician,Yes,3
181320,"LIVINGSTON HOSPITAL AND HEALTHCARE SERVICES, INC",SALEM,KY,Critical Access Hospitals,Voluntary non-profit - Private,Yes,4
440187,LIVINGSTON REGIONAL HOSPITAL,LIVINGSTON,TN,Acute Care Hospitals,Proprietary,Yes,2
170137,LMH,LAWRENCE,KS,Acute Care Hospitals,Government - Local,Yes,4
361303,LODI COMMUNITY HOSPITAL,LODI,OH,Critical Access Hospitals,Voluntary non-profit - Private,Yes,Not Available
171326,LOGAN COUNTY HOSPITAL,OAKLEY,KS,Critical Access Hospitals,Government - Local,Yes,Not Available
271334,LOGAN HEALTH - CHESTER,CHESTER,MT,Critical Access Hospitals,Voluntary non-profit - Private,Yes,Not Available
271328,LOGAN HEALTH - SHELBY,SHELBY,MT,Critical Access Hospitals,Voluntary non-profit - Private,Yes,Not Available
271336,LOGAN HEALTH - WHITEFISH,WHITEFISH,MT,Critical Access Hospitals,Voluntary non-profit - Private,Yes,3
270051,LOGAN HEALTH MEDICAL CENTER,KALISPELL,MT,Acute Care Hospitals,Voluntary non-profit - Private,Yes,3
510048,LOGAN REGIONAL MEDICAL CENTER,LOGAN,WV,Acute Care Hospitals,Proprietary,Yes,2
050778,LOMA LINDA UNIVERSITY CHILDREN'S HOSPITAL,LOMA LINDA,CA,Acute Care Hospitals,Voluntary non-profit - Church,No,3
050327,LOMA LINDA UNIVERSITY MEDICAL CENTER,LOMA LINDA,CA,Acute Care Hospitals,Voluntary non-profit - Private,Yes,4
050770,LOMA LINDA UNIVERSITY MEDICAL CENTER-MURRIETA,MURRIETA,CA,Acute Care Hospitals,Voluntary non-profit - Private,Yes,2
05127F,LOMA LINDA VA MEDICAL CENTER,LOMA LINDA,CA,Acute Care - Veterans Administration,Veterans Health Administration,Yes,3
050110,LOMPOC VALLEY MEDICAL CENTER,LOMPOC,CA,Acute Care Hospitals,Government - Hospital District or Authority,Yes,1
460060,LONE PEAK HOSPITAL,DRAPER,UT,Acute Care Hospitals,Proprietary,Yes,5
454118,LONE STAR BEHAVIORAL HEALTH CYPRESS,CYPRESS,TX,Psychiatric,Proprietary,No,Not Available
490114,LONESOME PINE HOSPITAL,BIG STONE GAP,VA,Acute Care Hospitals,Voluntary non-profit - Private,Yes,4
330141,LONG ISLAND COMMUNITY HOSPITAL,PATCHOGUE,NY,Acute Care Hospitals,Voluntary non-profit - Private,Yes,4
330195,LONG ISLAND JEWISH MEDICAL CENTER,NEW HYDE PARK,NY,Acute Care Hospitals,Voluntary non-profit - Private,Yes,4
194022,LONGLEAF HOSPITAL,ALEXANDRIA,LA,Psychiatric,Proprietary,No,Not Available
060003,LONGMONT UNITED HOSPITAL,LONGMONT,CO,Acute Care Hospitals,Voluntary non-profit - Private,Yes,3
060128,LONGS PEAK HOSPITAL,LONGMONT,CO,Acute Care Hospitals,Voluntary non-profit - Private,Yes,5
450702,LONGVIEW REGIONAL MEDICAL CENTER,LONGVIEW,TX,Acute Care Hospitals,Proprietary,Yes,3
140083,LORETTO HOSPITAL,CHICAGO,IL,Acute Care Hospitals,Voluntary non-profit - Other,Yes,Not Available
161370,LORING HOSPITAL,SAC CITY,IA,Critical Access Hospitals,Voluntary non-profit - Private,Yes,Not Available
320033,LOS ALAMOS MEDICAL CENTER,LOS ALAMOS,NM,Acute Care Hospitals,Proprietary,Yes,Not Available
050663,LOS ANGELES COMMUNITY HOSPITAL,LOS ANGELES,CA,Acute Care Hospitals,Proprietary,Yes,3
050373,LOS ANGELES GENERAL MEDICAL CENTER,LOS ANGELES,CA,Acute Care Hospitals,Government - Local,Yes,2
050549,LOS ROBLES HOSPITAL & MEDICAL CENTER,THOUSAND OAKS,CA,Acute Care Hospitals,Proprietary,Yes,4
131324,LOST RIVERS MEDICAL CENTER,ARCO,ID,Critical Access Hospitals,Government - Hospital District or Authority,Yes,Not Available
140082,LOUIS A WEISS MEMORIAL HOSPITAL,CHICAGO,IL,Acute Care Hospitals,Proprietary,Yes,1
36001F,LOUIS STOKES CLEVELAND VA MEDICAL CENTER,CLEVELAND,OH,Acute Care - Veterans Administration,Veterans Health Administration,Yes,4
194116,LOUISIANA BEHAVIORAL HEALTH,SHREVEPORT,LA,Psychiatric,Proprietary,No,Not Available
18006F,LOUISVILLE VA MEDICAL CENTER,LOUISVILLE,KY,Acute Care - Veterans Administration,Veterans Health Administration,Yes,5
504008,LOURDES COUNSELING CENTER,RICHLAND,WA,Psychiatric,Voluntary non-profit - Private,No,Not Available
501337,LOURDES MEDICAL CENTER,PASCO,WA,Critical Access Hospitals,Voluntary non-profit - Church,Yes,3
320009,LOVELACE MEDICAL CENTER,ALBUQUERQUE,NM,Acute Care Hospitals,Proprietary,Yes,2
320086,LOVELACE REGIONAL HOSPITAL - ROSWELL,ROSWELL,NM,Acute Care Hospitals,Proprietary,Yes,2
320074,LOVELACE WESTSIDE HOSPITAL,ALBUQUERQUE,NM,Acute Care Hospitals,Proprietary,Yes,4
320017,LOVELACE WOMEN'S HOSPITAL,ALBUQUERQUE,NM,Acute Care Hospitals,Proprietary,Yes,4
220063,LOWELL GENERAL HOSPITAL,LOWELL,MA,Acute Care Hospitals,Voluntary non-profit - Private,Yes,2
390070,LOWER BUCKS HOSPITAL,BRISTOL,PA,Acute Care Hospitals,Voluntary non-profit - Private,Yes,3
100150,LOWER KEYS MEDICAL CENTER,KEY WEST,FL,Acute Care Hospitals,Proprietary,Yes,4
381311,LOWER UMPQUA HOSPITAL DISTRICT,REEDSPORT,OR,Critical Access Hospitals,Government - Hospital District or Authority,Yes,Not Available
140008,LOYOLA GOTTLIEB MEMORIAL HOSPITAL,MELROSE PARK,IL,Acute Care Hospitals,Voluntary non-profit - Private,Yes,3
140276,LOYOLA UNIVERSITY MEDICAL CENTER,MAYWOOD,IL,Acute Care Hospitals,Voluntary non-profit - Private,Yes,2
450876,LUBBOCK HEART HOSPITAL LP,LUBBOCK,TX,Acute Care Hospitals,Government - Hospital District or Authority,Yes,2
161341,LUCAS COUNTY HEALTH CENTER,CHARITON,IA,Critical Access Hospitals,Voluntary non-profit - Other,Yes,Not Available
053305,LUCILE SALTER PACKARD CHILDREN'S HSP AT STANFORD,PALO ALTO,CA,Childrens,Voluntary non-profit - Private,No,Not Available
210023,"LUMINIS HEALTH ANNE ARUNDEL MEDICAL CENTER, INC",ANNAPOLIS,MD,Acute Care Hospitals,Voluntary non-profit - Private,Yes,3
210051,"LUMINIS HEALTH DOCTORS COMMUNITY MEDICAL CTR, INC",LANHAM,MD,Acute Care Hospitals,Proprietary,Yes,3
214020,LUMINIS HEALTH J KENT MCNEW FAMILY MEDICAL CENTER,ANNAPOLIS,MD,Psychiatric,Voluntary non-profit - Private,Yes,Not Available
360087,LUTHERAN HOSPITAL,CLEVELAND,OH,Acute Care Hospitals,Voluntary non-profit - Private,Yes,3
150017,LUTHERAN HOSPITAL OF INDIANA,FORT WAYNE,IN,Acute Care Hospitals,Proprietary,Yes,3
060009,LUTHERAN MEDICAL CENTER,WHEAT RIDGE,CO,Acute Care Hospitals,Voluntary non-profit - Private,Yes,4
451351,LYNN COUNTY HOSPITAL DISTRICT,TAHOKA,TX,Critical Access Hospitals,Government - Hospital District or Authority,Yes,Not Available
240207,M HEALTH FAIRVIEW RIDGES HOSPITAL,BURNSVILLE,MN,Acute Care Hospitals,Voluntary non-profit - Church,Yes,4
240078,M HEALTH FAIRVIEW SOUTHDALE HOSPITAL,EDINA,MN,Acute Care Hospitals,Voluntary non-profit - Private,Yes,5
240210,M HEALTH FAIRVIEW ST JOHN'S HOSPITAL,MAPLEWOOD,MN,Acute Care Hospitals,Voluntary non-profit - Private,Yes,5
240080,M HEALTH FAIRVIEW UNIVERSITY OF MN MEDICAL CENTER,MINNEAPOLIS,MN,Acute Care Hospitals,Voluntary non-profit - Private,Yes,4
240213,M HEALTH FAIRVIEW WOODWINDS HOSPITAL,WOODBURY,MN,Acute Care Hospitals,Voluntary non-profit - Private,Yes,4
231306,MACKINAC STRAITS HOSPITAL AND HEALTH CENTER,SAINT IGNACE,MI,Critical Access Hospitals,Voluntary non-profit - Private,Yes,Not Available
140054,MACNEAL  HOSPITAL,BERWYN,IL,Acute Care Hospitals,Proprietary,Yes,3
441305,MACON COMMUNITY HOSPITAL,LAFAYETTE,TN,Critical Access Hospitals,Voluntary non-profit - Private,Yes,3
261313,MACON COUNTY SAMARITAN MEMORIAL HOSPITAL,MACON,MO,Critical Access Hospitals,Government - Local,Yes,2
050028,MAD RIVER COMMUNITY HOSPITAL,ARCATA,CA,Acute Care Hospitals,Proprietary,Yes,1
144028,MADDEN MENTAL HEALTH CENTER,HINES,IL,Psychiatric,Government - State,No,Not Available
241323,MADELIA HEALTH,MADELIA,MN,Critical Access Hospitals,Voluntary non-profit - Other,Yes,Not Available
050856,MADERA COMMUNITY HOSPITAL,MADERA,CA,Acute Care Hospitals,Voluntary non-profit - Private,Yes,Not Available
161326,MADISON COUNTY HEALTH CARE SYSTEM,WINTERSET,IA,Critical Access Hospitals,Government - Local,Yes,Not Available
101311,MADISON COUNTY MEMORIAL HOSPITAL,MADISON,FL,Critical Access Hospitals,Government - Hospital District or Authority,Yes,Not Available
360189,MADISON HEALTH,LONDON,OH,Acute Care Hospitals,Voluntary non-profit - Private,Yes,3
241372,MADISON HOSPITAL,MADISON,MN,Critical Access Hospitals,Voluntary non-profit - Private,Yes,Not Available
261302,MADISON MEDICAL CENTER,FREDERICKTOWN,MO,Critical Access Hospitals,Voluntary non-profit - Other,Yes,Not Available
130025,MADISON MEMORIAL HOSPITAL,REXBURG,ID,Acute Care Hospitals,Government - Local,Yes,Not Available
191314,MADISON PARISH HOSPITAL,TALLULAH,LA,Critical Access Hospitals,Government - Hospital District or Authority,Yes,Not Available
431300,MADISON REGIONAL HEALTH SYSTEM,MADISON,SD,Critical Access Hospitals,Voluntary non-profit - Private,Yes,Not Available
451316,MADISON ST JOSEPH HEALTH CENTER,MADISONVILLE,TX,Critical Access Hospitals,Voluntary non-profit - Private,Yes,Not Available
154019,MADISON STATE HOSPITAL,MADISON,IN,Psychiatric,Government - State,Yes,Not Available
52004F,MADISON VA MEDICAL CENTER,MADISON,WI,Acute Care - Veterans Administration,Veterans Health Administration,Yes,5
271329,MADISON VALLEY MEDICAL CENTER,ENNIS,MT,Critical Access Hospitals,Voluntary non-profit - Private,Yes,Not Available
250124,MAGEE GENERAL HOSPITAL,MAGEE,MS,Acute Care Hospitals,Voluntary non-profit - Private,Yes,2
390114,MAGEE WOMENS HOSPITAL OF UPMC HEALTH SYSTEM,PITTSBURGH,PA,Acute Care Hospitals,Voluntary non-profit - Other,Yes,4
250009,MAGNOLIA REGIONAL HEALTH CENTER,CORINTH,MS,Acute Care Hospitals,Voluntary non-profit - Other,Yes,2
040067,MAGNOLIA REGIONAL MEDICAL CENTER,MAGNOLIA,AR,Acute Care Hospitals,Government - Local,Yes,2
361314,MAGRUDER HOSPITAL,PORT CLINTON,OH,Critical Access Hospitals,Voluntary non-profit - Private,Yes,3
161379,MAHASKA  HEALTH PARTNERSHIP,OSKALOOSA,IA,Critical Access Hospitals,Government - Local,Yes,4
240779,MAHNOMEN HEALTH CENTER,MAHNOMEN,MN,Rural Emergency Hospital,Government - Local,Yes,Not Available
330194,MAIMONIDES MEDICAL CENTER,BROOKLYN,NY,Acute Care Hospitals,Voluntary non-profit - Private,Yes,2
390195,MAIN LINE HOSPITAL LANKENAU,WYNNEWOOD,PA,Acute Care Hospitals,Voluntary non-profit - Private,Yes,4
200039,MAINE GENERAL MEDICAL CENTER,AUGUSTA,ME,Acute Care Hospitals,Voluntary non-profit - Other,Yes,4
204005,MAINEHEALTH BEHAVIORAL HEALTH AT SPRING HARBOR,WESTBROOK,ME,Psychiatric,Government - Federal,Yes,Not Available
201316,MAINEHEALTH FRANKLIN HOSPITAL,FARMINGTON,ME,Critical Access Hospitals,Voluntary non-profit - Private,Yes,3
200009,MAINEHEALTH MAINE MEDICAL CENTER,PORTLAND,ME,Acute Care Hospitals,Voluntary non-profit - Private,Yes,4
200021,MAINEHEALTH MID COAST HOSPITAL,BRUNSWICK,ME,Acute Care Hospitals,Voluntary non-profit - Private,Yes,3
200063,MAINEHEALTH PEN BAY HOSPITAL,ROCKPORT,ME,Acute Care Hospitals,Voluntary non-profit - Private,Yes,3
201315,MAINEHEALTH STEPHENS HOSPITAL,NORWAY,ME,Critical Access Hospitals,Voluntary non-profit - Private,Yes,4
201312,MAINEHEALTH WALDO HOSPITAL,BELFAST,ME,Critical Access Hospitals,Voluntary non-profit - Private,Yes,3
150097,MAJOR HOSPITAL,SHELBYVILLE,IN,Acute Care Hospitals,Government - Local,Yes,4
394057,MALVERN BEHAVIORAL HEALTH,PHILADELPHIA,PA,Psychiatric,Voluntary non-profit - Other,No,Not Available
051303,MAMMOTH HOSPITAL,MAMMOTH LAKES,CA,Critical Access Hospitals,Government - Hospital District or Authority,Yes,Not Available
100035,MANATEE MEMORIAL HOSPITAL,BRADENTON,FL,Acute Care Hospitals,Proprietary,Yes,3
400114,MANATI MEDICAL CENTER DR OTERO LOPEZ,MANATI,PR,Acute Care Hospitals,Voluntary non-profit - Private,Yes,1
070027,MANCHESTER MEMORIAL HOSPITAL,MANCHESTER,CT,Acute Care Hospitals,Proprietary,Yes,4
371330,MANGUM REGIONAL MEDICAL CENTER,MANGUM,OK,Critical Access Hospitals,Government - Hospital District or Authority,Yes,Not Available
334054,MANHATTAN PSYCHIATRIC CENTER,NEW YORK,NY,Psychiatric,Government - State,No,Not Available
170190,MANHATTAN SURGICAL HOSPITAL LLC,MANHATTAN,KS,Acute Care Hospitals,Physician,No,Not Available
021310,MANIILAQ HEALTH CENTER,KOTZEBUE,AK,Critical Access Hospitals,Tribal,Yes,Not Available
161332,MANNING REGIONAL HEALTHCARE CENTER,MANNING,IA,Critical Access Hospitals,Voluntary non-profit - Private,No,Not Available
240214,MAPLE GROVE HOSPITAL,MAPLE GROVE,MN,Acute Care Hospitals,Voluntary non-profit - Private,Yes,5
154070,MAPLE HEIGHTS BEHAVIORAL HEALTH,FORT WAYNE,IN,Psychiatric,Proprietary,Yes,Not Available
181301,MARCUM AND WALLACE MEMORIAL HOSPITAL,IRVINE,KY,Critical Access Hospitals,Voluntary non-profit - Private,Yes,4
151329,MARGARET MARY COMMUNITY HOSPITAL INC,BATESVILLE,IN,Critical Access Hospitals,Voluntary non-profit - Private,Yes,Not Available
331304,MARGARETVILLE MEMORIAL HOSPITAL,MARGARETVILLE,NY,Critical Access Hospitals,Voluntary non-profit - Private,Yes,Not Available
340132,MARIA PARHAM MEDICAL CENTER,HENDERSON,NC,Acute Care Hospitals,Proprietary,Yes,2
464012,MARIAN CENTER,SALT LAKE CITY,UT,Psychiatric,Proprietary,No,Not Available
050107,MARIAN REGIONAL MEDICAL CENTER,SANTA MARIA,CA,Acute Care Hospitals,Voluntary non-profit - Church,Yes,3
360147,MARIETTA MEMORIAL HOSPITAL,MARIETTA,OH,Acute Care Hospitals,Voluntary non-profit - Other,Yes,3
101313,MARINERS HOSPITAL,TAVERNIER,FL,Critical Access Hospitals,Voluntary non-profit - Private,Yes,5
050360,MARINHEALTH MEDICAL CENTER,GREENBRAE,CA,Acute Care Hospitals,Government - Hospital District or Authority,Yes,5
100212,MARION COMMUNTIY HOSPITAL,OCALA,FL,Acute Care Hospitals,Proprietary,Yes,1
250085,MARION GENERAL HOSPITAL,COLUMBIA,MS,Acute Care Hospitals,Government - Local,Yes,1
360011,MARION GENERAL HOSPITAL,MARION,OH,Acute Care Hospitals,Voluntary non-profit - Private,Yes,4
150011,MARION GENERAL HOSPITAL,MARION,IN,Acute Care Hospitals,Voluntary non-profit - Private,Yes,3
14008F,MARION IL VA MEDICAL CENTER,MARION,IL,Acute Care - Veterans Administration,Veterans Health Administration,Yes,3
010044,MARION REGIONAL MEDICAL CENTER,HAMILTON,AL,Acute Care Hospitals,Voluntary non-profit - Private,Yes,3
051332,MARK TWAIN MEDICAL CENTER,SAN ANDREAS,CA,Critical Access Hospitals,Voluntary non-profit - Other,No,3
231330,MARLETTE REGIONAL HOSPITAL,MARLETTE,MI,Critical Access Hospitals,Voluntary non-profit - Private,Yes,Not Available
141331,MARSHALL BROWNING HOSPITAL,DU QUOIN,IL,Critical Access Hospitals,Voluntary non-profit - Private,Yes,Not Available
431312,MARSHALL COUNTY HEALTHCARE CENTER - CAH,BRITTON,SD,Critical Access Hospitals,Voluntary non-profit - Private,Yes,Not Available
181327,MARSHALL COUNTY HOSPITAL,BENTON,KY,Critical Access Hospitals,Government - Hospital District or Authority,Yes,2
050254,MARSHALL MEDICAL CENTER,PLACERVILLE,CA,Acute Care Hospitals,Voluntary non-profit - Private,Yes,4
441309,MARSHALL MEDICAL CENTER,LEWISBURG,TN,Critical Access Hospitals,Government - Hospital District or Authority,Yes,Not Available
010005,MARSHALL MEDICAL CENTERS,BOAZ,AL,Acute Care Hospitals,Government - Hospital District or Authority,Yes,3
520037,MARSHFIELD MEDICAL CENTER,MARSHFIELD,WI,Acute Care Hospitals,Voluntary non-profit - Church,Yes,1
520076,MARSHFIELD MEDICAL CENTER - BEAVER DAM (MMC-BD),BEAVER DAM,WI,Acute Care Hospitals,Voluntary non-profit - Private,Yes,2
520210,MARSHFIELD MEDICAL CENTER - EAU CLAIRE,EAU CLAIRE,WI,Acute Care Hospitals,Voluntary non-profit - Private,Yes,3
521328,MARSHFIELD MEDICAL CENTER - LADYSMITH,LADYSMITH,WI,Critical Access Hospitals,Government - Hospital District or Authority,Yes,Not Available
520212,MARSHFIELD MEDICAL CENTER - MINOCQUA,MINOCQUA,WI,Acute Care Hospitals,Voluntary non-profit - Private,Yes,5
521323,MARSHFIELD MEDICAL CENTER - NEILLSVILLE,NEILLSVILLE,WI,Critical Access Hospitals,Voluntary non-profit - Private,Yes,Not Available
520011,MARSHFIELD MEDICAL CENTER - RICE LAKE,RICE LAKE,WI,Acute Care Hospitals,Voluntary non-profit - Private,Yes,2
520215,MARSHFIELD MEDICAL CENTER - RIVER REGION,STEVENS POINT,WI,Acute Care Hospitals,Voluntary non-profit - Private,Yes,Not Available
520202,MARSHFIELD MEDICAL CENTER - WESTON,WESTON,WI,Acute Care Hospitals,Voluntary non-profit - Private,Yes,3
221300,MARTHA'S VINEYARD HOSPITAL INC,OAK BLUFFS,MA,Critical Access Hospitals,Voluntary non-profit - Private,Yes,4
451333,MARTIN COUNTY HOSPITAL DISTRICT,STANTON,TX,Critical Access Hospitals,Government - Hospital District or Authority,Yes,Not Available
050779,"MARTIN LUTHER KING, JR. COMMUNITY HOSPITAL",LOS ANGELES,CA,Acute Care Hospitals,Voluntary non-profit - Private,Yes,4
51005F,MARTINSBURG VA MEDICAL CENTER,MARTINSBURG,WV,Acute Care - Veterans Administration,Veterans Health Administration,Yes,4
181316,MARY BRECKINRIDGE ARH HOSPITAL,HYDEN,KY,Critical Access Hospitals,Voluntary non-profit - Private,Yes,Not Available
503301,MARY BRIDGE CHILDREN'S HOSPITAL,TACOMA,WA,Childrens,Voluntary non-profit - Other,Yes,Not Available
160030,MARY GREELEY MEDICAL CENTER,AMES,IA,Acute Care Hospitals,Government - Local,Yes,4
300003,MARY HITCHCOCK MEMORIAL HOSPITAL,LEBANON,NH,Acute Care Hospitals,Voluntary non-profit - Private,Yes,3
490041,MARY IMMACULATE HOSPITAL,NEWPORT NEWS,VA,Acute Care Hospitals,Voluntary non-profit - Private,Yes,4
280032,MARY LANNING HEALTHCARE,HASTINGS,NE,Acute Care Hospitals,Voluntary non-profit - Other,Yes,2
360197,MARY RUTAN HOSPITAL,BELLEFONTAINE,OH,Acute Care Hospitals,Voluntary non-profit - Private,Yes,4
014012,MARY S HARPER GERIATRIC PSYCHIATRY CENTER,TUSCALOOSA,AL,Psychiatric,Government - State,Yes,Not Available
490022,MARY WASHINGTON HOSPITAL,FREDERICKSBURG,VA,Acute Care Hospitals,Voluntary non-profit - Private,Yes,3
264035,MARYLAND HEIGHTS CENTER FOR BEHAVIORAL HEALTH,MARYLAND HEIGHTS,MO,Psychiatric,Voluntary non-profit - Other,No,Not Available
360143,MARYMOUNT HOSPITAL,GARFIELD HEIGHTS,OH,Acute Care Hospitals,Voluntary non-profit - Private,Yes,5
141313,MASON DISTRICT HOSPITAL,HAVANA,IL,Critical Access Hospitals,Government - Hospital District or Authority,Yes,Not Available
501336,MASON GENERAL HOSPITAL & FAMILY OF CLINICS,SHELTON,WA,Critical Access Hospitals,Government - Hospital District or Authority,Yes,2
074016,MASONICARE HEALTH CENTER,WALLINGFORD,CT,Psychiatric,Voluntary non-profit - Private,No,Not Available
141323,MASSAC MEMORIAL HOSPITAL,METROPOLIS,IL,Critical Access Hospitals,Government - Hospital District or Authority,Yes,2
220075,MASSACHUSETTS EYE AND EAR INFIRMARY -,BOSTON,MA,Acute Care Hospitals,Voluntary non-profit - Private,Yes,Not Available
220071,MASSACHUSETTS GENERAL HOSPITAL,BOSTON,MA,Acute Care Hospitals,Voluntary non-profit - Private,Yes,5
020006,MAT-SU REGIONAL MEDICAL CENTER,PALMER,AK,Acute Care Hospitals,Voluntary non-profit - Other,Yes,3
450465,MATAGORDA REGIONAL MEDICAL CENTER,BAY CITY,TX,Acute Care Hospitals,Government - Hospital District or Authority,Yes,5
120002,MAUI MEMORIAL MEDICAL CENTER,WAILUKU,HI,Acute Care Hospitals,Government - State,No,2
440073,MAURY REGIONAL HOSPITAL,COLUMBIA,TN,Acute Care Hospitals,Government - Local,Yes,3
400103,MAYAGUEZ MEDICAL CENTER DR RAMON EMETERIO BETANCES,MAYAGUEZ,PR,Acute Care Hospitals,Proprietary,Yes,1
051305,MAYERS MEMORIAL HOSPITAL,FALL RIVER MILLS,CA,Critical Access Hospitals,Government - Hospital District or Authority,Yes,Not Available
670010,MAYHILL HOSPITAL,DENTON,TX,Acute Care Hospitals,Proprietary,No,Not Available
100151,MAYO CLINIC,JACKSONVILLE,FL,Acute Care Hospitals,Voluntary non-profit - Private,Yes,5
240043,MAYO CLINIC HEALTH SYSTEM - ALBERT LEA AND AUSTIN,ALBERT LEA,MN,Acute Care Hospitals,Voluntary non-profit - Private,Yes,5
241346,MAYO CLINIC HEALTH SYSTEM - CANNON FALLS,CANNON FALLS,MN,Critical Access Hospitals,Voluntary non-profit - Private,Yes,Not Available
240166,MAYO CLINIC HEALTH SYSTEM - FAIRMONT,FAIRMONT,MN,Acute Care Hospitals,Voluntary non-profit - Private,Yes,5
241338,MAYO CLINIC HEALTH SYSTEM - LAKE CITY,LAKE CITY,MN,Critical Access Hospitals,Voluntary non-profit - Private,Yes,Not Available
240093,MAYO CLINIC HEALTH SYSTEM - MANKATO,MANKATO,MN,Acute Care Hospitals,Voluntary non-profit - Private,Yes,5
241345,MAYO CLINIC HEALTH SYSTEM - WASECA,WASECA,MN,Critical Access Hospitals,Voluntary non-profit - Private,Yes,Not Available
521314,MAYO CLINIC HEALTH SYSTEM CHIPPEWA VALLEY,BLOOMER,WI,Critical Access Hospitals,Voluntary non-profit - Private,Yes,4
520070,MAYO CLINIC HEALTH SYSTEM EAU CLAIRE HOSPITAL,EAU CLAIRE,WI,Acute Care Hospitals,Voluntary non-profit - Private,Yes,5
240018,MAYO CLINIC HEALTH SYSTEM IN RED WING,RED WING,MN,Acute Care Hospitals,Voluntary non-profit - Private,Yes,4
241361,MAYO CLINIC HEALTH SYSTEM NEW PRAGUE,NEW PRAGUE,MN,Critical Access Hospitals,Voluntary non-profit - Private,Yes,2
521302,MAYO CLINIC HEALTH SYSTEM OAKRIDGE,OSSEO,WI,Critical Access Hospitals,Voluntary non-profit - Other,Yes,Not Available
241333,MAYO CLINIC HEALTH SYSTEM ST. JAMES,ST JAMES,MN,Critical Access Hospitals,Voluntary non-profit - Private,Yes,Not Available
520004,MAYO CLINIC HEALTH SYSTEM-FRANCISCAN MEDICAL CENTER INC,LA CROSSE,WI,Acute Care Hospitals,Voluntary non-profit - Private,Yes,5
521315,MAYO CLINIC HEALTH SYSTEM-NORTHLAND,BARRON,WI,Critical Access Hospitals,Voluntary non-profit - Private,Yes,4
521340,MAYO CLINIC HEALTH SYSTEM-RED CEDAR INC,MENOMONIE,WI,Critical Access Hospitals,Voluntary non-profit - Private,Yes,3
521305,MAYO CLINIC HLTH SYSTM FRANCISCAN HLTHCARE SPARTA,SPARTA,WI,Critical Access Hospitals,Voluntary non-profit - Church,Yes,Not Available
030103,MAYO CLINIC HOSPITAL,PHOENIX,AZ,Acute Care Hospitals,Voluntary non-profit - Private,Yes,5
240010,MAYO CLINIC HOSPITAL ROCHESTER,ROCHESTER,MN,Acute Care Hospitals,Voluntary non-profit - Church,Yes,5
451309,MC CAMEY HOSPITAL,MCCAMEY,TX,Critical Access Hospitals,Government - Hospital District or Authority,Yes,Not Available
140089,MC DONOUGH DISTRICT HOSPITAL,MACOMB,IL,Acute Care Hospitals,Government - Hospital District or Authority,Yes,3
370034,MCALESTER REGIONAL HEALTH CENTER,MCALESTER,OK,Acute Care Hospitals,Government - Hospital District or Authority,Yes,3
370222,MCBRIDE ORTHOPEDIC HOSPITAL,OKLAHOMA CITY,OK,Acute Care Hospitals,Physician,Yes,Not Available
271305,MCCONE COUNTY HEALTH CENTER,CIRCLE,MT,Critical Access Hospitals,Voluntary non-profit - Other,Yes,Not Available
360046,MCCULLOUGH-HYDE MEMORIAL HOSPITAL,OXFORD,OH,Acute Care Hospitals,Voluntary non-profit - Private,Yes,3
371342,MCCURTAIN MEMORIAL HOSPITAL,IDABEL,OK,Critical Access Hospitals,Voluntary non-profit - Private,Yes,4
181331,MCDOWELL ARH HOSPITAL,MC DOWELL,KY,Critical Access Hospitals,Voluntary non-profit - Private,Yes,Not Available
041308,MCGEHEE HOSPITAL,MCGEHEE,AR,Critical Access Hospitals,Voluntary non-profit - Private,Yes,Not Available
460004,MCKAY-DEE HOSPITAL,OGDEN,UT,Acute Care Hospitals,Voluntary non-profit - Private,Yes,5
351302,MCKENZIE COUNTY HEALTHCARE SYSTEMS INC,WATFORD CITY,ND,Critical Access Hospitals,Voluntary non-profit - Private,Yes,Not Available
231314,MCKENZIE HEALTH SYSTEM,SANDUSKY,MI,Critical Access Hospitals,Voluntary non-profit - Private,Yes,Not Available
380020,MCKENZIE-WILLAMETTE MEDICAL CENTER,SPRINGFIELD,OR,Acute Care Hospitals,Voluntary non-profit - Private,Yes,4
230041,MCLAREN BAY REGION,BAY CITY,MI,Acute Care Hospitals,Voluntary non-profit - Private,Yes,1
231329,MCLAREN CARO REGION,CARO,MI,Critical Access Hospitals,Voluntary non-profit - Private,Yes,Not Available
230080,MCLAREN CENTRAL MICHIGAN,MOUNT PLEASANT,MI,Acute Care Hospitals,Voluntary non-profit - Private,Yes,3
230141,MCLAREN FLINT,FLINT,MI,Acute Care Hospitals,Voluntary non-profit - Private,Yes,2
230167,MCLAREN GREATER LANSING,LANSING,MI,Acute Care Hospitals,Voluntary non-profit - Private,Yes,3
230193,MCLAREN LAPEER REGION,LAPEER,MI,Acute Care Hospitals,Voluntary non-profit - Private,Yes,2
230227,MCLAREN MACOMB,MOUNT CLEMENS,MI,Acute Care Hospitals,Voluntary non-profit - Private,Yes,1
230105,MCLAREN NORTHERN MICHIGAN,PETOSKEY,MI,Acute Care Hospitals,Voluntary non-profit - Other,Yes,3
230207,MCLAREN OAKLAND,PONTIAC,MI,Acute Care Hospitals,Voluntary non-profit - Private,Yes,2
230216,MCLAREN PORT HURON,PORT HURON,MI,Acute Care Hospitals,Voluntary non-profit - Private,Yes,2
231340,MCLAREN THUMB REGION,BAD AXE,MI,Critical Access Hospitals,Voluntary non-profit - Private,Yes,5
224007,MCLEAN HOSPITAL CORPORATION,BELMONT,MA,Psychiatric,Voluntary non-profit - Private,No,Not Available
420107,MCLEOD HEALTH CHERAW,CHERAW,SC,Acute Care Hospitals,Voluntary non-profit - Private,Yes,3
420109,MCLEOD HEALTH CLARENDON,MANNING,SC,Acute Care Hospitals,Voluntary non-profit - Private,Yes,3
420105,MCLEOD LORIS  HOSPITAL,LORIS,SC,Acute Care Hospitals,Voluntary non-profit - Private,No,4
420005,MCLEOD MEDICAL CENTER - DILLON,DILLON,SC,Acute Care Hospitals,Voluntary non-profit - Private,Yes,3
420051,MCLEOD REGIONAL MEDICAL CENTER-PEE DEE,FLORENCE,SC,Acute Care Hospitals,Voluntary non-profit - Private,Yes,3
170105,MCPHERSON HOSPITAL,MCPHERSON,KS,Acute Care Hospitals,Voluntary non-profit - Private,Yes,2
171321,MEADE DISTRICT HOSPITAL,MEADE,KS,Critical Access Hospitals,Government - Hospital District or Authority,Yes,Not Available
394040,MEADOWS PSYCHIATRIC CENTER,CENTRE HALL,PA,Psychiatric,Proprietary,Yes,Not Available
180019,MEADOWVIEW REGIONAL MEDICAL CENTER,MAYSVILLE,KY,Acute Care Hospitals,Proprietary,Yes,4
084003,MEADOWWOOD BEHAVIORAL HEALTH SYSTEM,NEW CASTLE,DE,Psychiatric,Proprietary,No,Not Available
390113,MEADVILLE MEDICAL CENTER,MEADVILLE,PA,Acute Care Hospitals,Voluntary non-profit - Private,Yes,4
100265,MEASE COUNTRYSIDE HOSPITAL,SAFETY HARBOR,FL,Acute Care Hospitals,Voluntary non-profit - Private,Yes,4
100043,MEASE DUNEDIN HOSPITAL,DUNEDIN,FL,Acute Care Hospitals,Voluntary non-profit - Private,Yes,4
450489,MEDICAL ARTS HOSPITAL,LAMESA,TX,Acute Care Hospitals,Government - Hospital District or Authority,Yes,Not Available
154061,MEDICAL BEHAVIORAL HOSPITAL - MISHAWAKA,MISHAWAKA,IN,Psychiatric,Proprietary,No,Not Available
454151,"MEDICAL BEHAVIORAL HOSPITAL OF CLEAR LAKE, LLC",CLEAR LAKE CITY,TX,Psychiatric,Proprietary,No,Not Available
154068,MEDICAL BEHAVIORAL HOSPITAL OF INDIANAPOLIS,GREENWOOD,IN,Psychiatric,Proprietary,No,Not Available
011307,MEDICAL CENTER BARBOUR,EUFAULA,AL,Critical Access Hospitals,Government - Hospital District or Authority,Yes,Not Available
010049,MEDICAL CENTER ENTERPRISE,ENTERPRISE,AL,Acute Care Hospitals,Proprietary,Yes,4
450132,MEDICAL CENTER HOSPITAL,ODESSA,TX,Acute Care Hospitals,Government - Hospital District or Authority,Yes,3
450403,MEDICAL CENTER OF MCKINNEY,MCKINNEY,TX,Acute Care Hospitals,Proprietary,Yes,3
060119,MEDICAL CENTER OF THE ROCKIES,LOVELAND,CO,Acute Care Hospitals,Voluntary non-profit - Private,Yes,5
670103,MEDICAL CITY ALLIANCE,FORT WORTH,TX,Acute Care Hospitals,Voluntary non-profit - Private,Yes,3
450675,MEDICAL CITY ARLINGTON,ARLINGTON,TX,Acute Care Hospitals,Proprietary,Yes,2
450647,MEDICAL CITY DALLAS HOSPITAL,DALLAS,TX,Acute Care Hospitals,Proprietary,Yes,3
450634,MEDICAL CITY DENTON,DENTON,TX,Acute Care Hospitals,Proprietary,Yes,4
450672,MEDICAL CITY FORT WORTH,FORT WORTH,TX,Acute Care Hospitals,Proprietary,Yes,2
454094,MEDICAL CITY GREEN OAKS HOSPITAL,DALLAS,TX,Psychiatric,Voluntary non-profit - Other,No,Not Available
450822,MEDICAL CITY LAS COLINAS,IRVING,TX,Acute Care Hospitals,Proprietary,Yes,4
450669,MEDICAL CITY LEWISVILLE,LEWISVILLE,TX,Acute Care Hospitals,Voluntary non-profit - Private,Yes,3
454079,MEDICAL CITY MENTAL HEALTH AND WELLNESS CENTER,FORT WORTH,TX,Psychiatric,Proprietary,No,Not Available
454161,MEDICAL CITY MENTAL HEALTH AND WELLNESS CENTER,FRISCO,TX,Psychiatric,Proprietary,No,Not Available
450087,MEDICAL CITY NORTH HILLS,NORTH RICHLAND HILLS,TX,Acute Care Hospitals,Proprietary,Yes,2
450651,MEDICAL CITY PLANO,PLANO,TX,Acute Care Hospitals,Proprietary,Yes,3
450203,MEDICAL CITY WEATHERFORD,WEATHERFORD,TX,Acute Care Hospitals,Proprietary,Yes,2
490032,MEDICAL COLLEGE OF VIRGINIA HOSPITALS,RICHMOND,VA,Acute Care Hospitals,Government - Hospital District or Authority,Yes,4
010114,"MEDICAL WEST, AN AFFILIATE OF UAB HEALTH SYSTEM",BESSEMER,AL,Acute Care Hospitals,Government - Hospital District or Authority,Yes,3
171334,MEDICINE LODGE MEMORIAL HOSPITAL,MEDICINE LODGE,KS,Critical Access Hospitals,Government - Hospital District or Authority,Yes,Not Available
360091,MEDINA HOSPITAL,MEDINA,OH,Acute Care Hospitals,Voluntary non-profit - Private,Yes,5
331319,MEDINA MEMORIAL HOSPITAL,MEDINA,NY,Critical Access Hospitals,Voluntary non-profit - Private,Yes,Not Available
451330,MEDINA REGIONAL HOSPITAL,HONDO,TX,Critical Access Hospitals,Government - Hospital District or Authority,Yes,Not Available
210015,MEDSTAR FRANKLIN SQUARE MEDICAL CENTER,ROSEDALE,MD,Acute Care Hospitals,Voluntary non-profit - Private,Yes,3
090004,MEDSTAR GEORGETOWN UNIVERSITY HOSPITAL,WASHINGTON,DC,Acute Care Hospitals,Proprietary,Yes,3
210056,MEDSTAR GOOD SAMARITAN HOSPITAL,BALTIMORE,MD,Acute Care Hospitals,Voluntary non-profit - Other,Yes,3
210034,MEDSTAR HARBOR HOSPITAL,BALTIMORE,MD,Acute Care Hospitals,Voluntary non-profit - Private,No,4
210018,MEDSTAR MONTGOMERY MEDICAL CENTER,OLNEY,MD,Acute Care Hospitals,Voluntary non-profit - Private,Yes,3
210028,MEDSTAR SAINT MARY'S HOSPITAL,LEONARDTOWN,MD,Acute Care Hospitals,Voluntary non-profit - Private,Yes,4
210062,MEDSTAR SOUTHERN MARYLAND HOSPITAL CENTER,CLINTON,MD,Acute Care Hospitals,Voluntary non-profit - Private,Yes,2
210024,MEDSTAR UNION MEMORIAL HOSPITAL,BALTIMORE,MD,Acute Care Hospitals,Voluntary non-profit - Other,Yes,5
090011,MEDSTAR WASHINGTON HOSPITAL CENTER,WASHINGTON,DC,Acute Care Hospitals,Voluntary non-profit - Other,Yes,3
241366,MEEKER MEMORIAL HOSPITAL,LITCHFIELD,MN,Critical Access Hospitals,Government - Local,Yes,Not Available
061305,MELISSA MEMORIAL HOSPITAL,HOLYOKE,CO,Critical Access Hospitals,Government - Hospital District or Authority,Yes,Not Available
220070,MELROSEWAKEFIELD HEALTHCARE,MELROSE,MA,Acute Care Hospitals,Voluntary non-profit - Private,Yes,3
053309,MEMORIAL CARE MILLER CHILDREN'S &  WOMEN'S HOSP LB,LONG BEACH,CA,Childrens,Voluntary non-profit - Other,No,Not Available
281359,MEMORIAL COMMUNITY HOSPITAL & HEALTH SYSTEM,BLAIR,NE,Critical Access Hospitals,Voluntary non-profit - Private,Yes,Not Available
370056,MEMORIAL HEALTH,LAWTON,OK,Acute Care Hospitals,Government - Hospital District or Authority,Yes,2
281339,MEMORIAL HEALTH CARE SYSTEMS,SEWARD,NE,Critical Access Hospitals,Voluntary non-profit - Private,Yes,3
110128,MEMORIAL HEALTH MEADOWS HOSPITAL,VIDALIA,GA,Acute Care Hospitals,Proprietary,Yes,5
230121,MEMORIAL HEALTHCARE,OWOSSO,MI,Acute Care Hospitals,Voluntary non-profit - Other,Yes,3
440091,"MEMORIAL HEALTHCARE SYSTEM, INC",CHATTANOOGA,TN,Acute Care Hospitals,Voluntary non-profit - Church,No,5
450068,MEMORIAL HERMANN - TEXAS MEDICAL CENTER,HOUSTON,TX,Acute Care Hospitals,Voluntary non-profit - Private,Yes,4
450184,MEMORIAL HERMANN HOSPITAL SYSTEM,HOUSTON,TX,Acute Care Hospitals,Voluntary non-profit - Private,Yes,3
670008,MEMORIAL HERMANN HOUSTON PHYSICIANS HOSPITAL,WEBSTER,TX,Acute Care Hospitals,Physician,Yes,Not Available
450847,MEMORIAL HERMANN KATY HOSPITAL,KATY,TX,Acute Care Hospitals,Voluntary non-profit - Private,Yes,3
450610,MEMORIAL HERMANN MEMORIAL CITY HOSPITAL,HOUSTON,TX,Acute Care Hospitals,Voluntary non-profit - Private,Yes,4
450684,MEMORIAL HERMANN NORTHEAST HOSPITAL,HUMBLE,TX,Acute Care Hospitals,Voluntary non-profit - Private,Yes,3
450848,MEMORIAL HERMANN SUGAR LAND HOSPITAL,SUGAR LAND,TX,Acute Care Hospitals,Voluntary non-profit - Private,Yes,4
670005,MEMORIAL HERMANN SURGICAL HOSPITAL KINGWOOD,KINGWOOD,TX,Acute Care Hospitals,Proprietary,Yes,Not Available
360156,MEMORIAL HOSPITAL,FREMONT,OH,Acute Care Hospitals,Voluntary non-profit - Other,No,4
140185,MEMORIAL HOSPITAL,BELLEVILLE,IL,Acute Care Hospitals,Voluntary non-profit - Private,Yes,5
451386,MEMORIAL HOSPITAL,DUMAS,TX,Critical Access Hospitals,Government - Hospital District or Authority,Yes,Not Available
370178,MEMORIAL HOSPITAL,STILWELL,OK,Acute Care Hospitals,Voluntary non-profit - Private,Yes,4
150072,MEMORIAL HOSPITAL,LOGANSPORT,IN,Acute Care Hospitals,Government - Local,Yes,4
450235,MEMORIAL HOSPITAL,GONZALES,TX,Acute Care Hospitals,Government - Hospital District or Authority,No,Not Available
281320,MEMORIAL HOSPITAL,AURORA,NE,Critical Access Hospitals,Voluntary non-profit - Private,Yes,Not Available
141338,MEMORIAL HOSPITAL,CHESTER,IL,Critical Access Hospitals,Government - Hospital District or Authority,Yes,Not Available
141305,MEMORIAL HOSPITAL,CARTHAGE,IL,Critical Access Hospitals,Voluntary non-profit - Private,Yes,4
171381,MEMORIAL HOSPITAL,ABILENE,KS,Critical Access Hospitals,Government - Hospital District or Authority,Yes,2
360092,MEMORIAL HOSPITAL,MARYSVILLE,OH,Acute Care Hospitals,Government - Local,Yes,5
451358,MEMORIAL HOSPITAL,SEMINOLE,TX,Critical Access Hospitals,Government - Hospital District or Authority,Yes,Not Available
150115,MEMORIAL HOSPITAL AND HEALTH CARE CENTER,JASPER,IN,Acute Care Hospitals,Voluntary non-profit - Private,Yes,4
110132,MEMORIAL HOSPITAL AND MANOR,BAINBRIDGE,GA,Acute Care Hospitals,Government - Hospital District or Authority,Yes,1
250019,MEMORIAL HOSPITAL AT GULFPORT,GULFPORT,MS,Acute Care Hospitals,Government - Local,Yes,3
050528,MEMORIAL HOSPITAL LOS BANOS,LOS BANOS,CA,Acute Care Hospitals,Voluntary non-profit - Private,Yes,3
100285,MEMORIAL HOSPITAL MIRAMAR,MIRAMAR,FL,Acute Care Hospitals,Government - Hospital District or Authority,Yes,5
531316,MEMORIAL HOSPITAL OF CARBON COUNTY,RAWLINS,WY,Critical Access Hospitals,Government - Local,Yes,Not Available
140164,MEMORIAL HOSPITAL OF CARBONDALE,CARBONDALE,IL,Acute Care Hospitals,Voluntary non-profit - Private,Yes,1
531302,MEMORIAL HOSPITAL OF CONVERSE COUNTY,DOUGLAS,WY,Critical Access Hospitals,Government - Local,Yes,4
050468,MEMORIAL HOSPITAL OF GARDENA,GARDENA,CA,Acute Care Hospitals,Proprietary,Yes,1
521312,MEMORIAL HOSPITAL OF LAFAYETTE COUNTY,DARLINGTON,WI,Critical Access Hospitals,Voluntary non-profit - Other,Yes,Not Available
150058,MEMORIAL HOSPITAL OF SOUTH BEND,SOUTH BEND,IN,Acute Care Hospitals,Voluntary non-profit - Private,Yes,2
371340,MEMORIAL HOSPITAL OF TEXAS COUNTY AUTHORITY,GUYMON,OK,Critical Access Hospitals,Government - Hospital District or Authority,Yes,Not Available
100230,MEMORIAL HOSPITAL PEMBROKE,PEMBROKE PINES,FL,Acute Care Hospitals,Government - Hospital District or Authority,Yes,4
531318,MEMORIAL HOSPITAL SWEETWATER COUNTY,ROCK SPRINGS,WY,Critical Access Hospitals,Government - Hospital District or Authority,Yes,Not Available
100281,MEMORIAL HOSPITAL WEST,PEMBROKE PINES,FL,Acute Care Hospitals,Government - Hospital District or Authority,Yes,3
301307,"MEMORIAL HOSPITAL, THE",NORTH CONWAY,NH,Critical Access Hospitals,Voluntary non-profit - Private,Yes,4
061314,"MEMORIAL HOSPITAL, THE",CRAIG,CO,Critical Access Hospitals,Government - Local,Yes,Not Available
140148,MEMORIAL MEDICAL CENTER,SPRINGFIELD,IL,Acute Care Hospitals,Voluntary non-profit - Private,Yes,3
050557,MEMORIAL MEDICAL CENTER,MODESTO,CA,Acute Care Hospitals,Voluntary non-profit - Private,Yes,3
320018,MEMORIAL MEDICAL CENTER,LAS CRUCES,NM,Acute Care Hospitals,Proprietary,Yes,2
451356,MEMORIAL MEDICAL CENTER,PORT LAVACA,TX,Critical Access Hospitals,Government - Local,Yes,4
340002,MEMORIAL MISSION HOSPITAL AND ASHEVILLE SURGERY CE,ASHEVILLE,NC,Acute Care Hospitals,Voluntary non-profit - Private,Yes,3
100038,MEMORIAL REGIONAL HOSPITAL,HOLLYWOOD,FL,Acute Care Hospitals,Government - Hospital District or Authority,Yes,3
050485,MEMORIALCARE LONG BEACH MEDICAL CENTER,LONG BEACH,CA,Acute Care Hospitals,Voluntary non-profit - Other,No,2
050678,MEMORIALCARE ORANGE COAST MEDICAL CENTER,FOUNTAIN VALLEY,CA,Acute Care Hospitals,Proprietary,Yes,4
050603,MEMORIALCARE SADDLEBACK MEDICAL CENTER,LAGUNA HILLS,CA,Acute Care Hospitals,Voluntary non-profit - Private,Yes,4
444001,MEMPHIS MENTAL HEALTH INSTITUTE,MEMPHIS,TN,Psychiatric,Government - Local,Yes,Not Available
44013F,MEMPHIS VA MEDICAL CENTER,MEMPHIS,TN,Acute Care - Veterans Administration,Veterans Health Administration,Yes,3
041334,MENA REGIONAL HEALTH SYSTEM,MENA,AR,Critical Access Hospitals,Voluntary non-profit - Other,Yes,Not Available
524008,MENDOTA MENTAL HEALTH INSTITUTE,MADISON,WI,Psychiatric,Government - State,No,Not Available
050684,MENIFEE GLOBAL MEDICAL CENTER,SUN CITY,CA,Acute Care Hospitals,Proprietary,Yes,Not Available
170182,MENORAH MEDICAL CENTER,OVERLAND PARK,KS,Acute Care Hospitals,Proprietary,Yes,3
524044,"MENTAL HEALTH EMERGENCY CENTER, INC",MILWAUKEE,WI,Psychiatric,Voluntary non-profit - Private,No,Not Available
164002,MENTAL HEALTH INSTITUTE,CHEROKEE,IA,Psychiatric,Government - State,Yes,Not Available
164003,MENTAL HEALTH INSTITUTE,INDEPENDENCE,IA,Psychiatric,Government - State,No,Not Available
364040,MENTAL HEALTH SERVICES FOR CLARK AND MADISON COS,SPRINGFIELD,OH,Psychiatric,Proprietary,No,Not Available
360058,MERCER COUNTY JOINT TOWNSHIP COMMUNITY HOSPITAL,COLDWATER,OH,Acute Care Hospitals,Government - Hospital District or Authority,No,3
361306,MERCY ALLEN HOSPITAL,OBERLIN,OH,Critical Access Hospitals,Voluntary non-profit - Private,Yes,5
194118,MERCY BEHAVIORAL HOSPITAL,LECOMPTE,LA,Psychiatric,Proprietary,No,Not Available
390156,MERCY CATHOLIC MEDICAL CENTER- MERCY FITZGERALD,DARBY,PA,Acute Care Hospitals,Voluntary non-profit - Private,Yes,2
050017,MERCY GENERAL HOSPITAL,SACRAMENTO,CA,Acute Care Hospitals,Voluntary non-profit - Private,Yes,3
030119,MERCY GILBERT MEDICAL CENTER,GILBERT,AZ,Acute Care Hospitals,Voluntary non-profit - Church,Yes,5
141335,MERCY HARVARD HOSPITAL,HARVARD,IL,Critical Access Hospitals,Voluntary non-profit - Private,Yes,Not Available
360236,MERCY HEALTH - CLERMONT HOSPITAL,BATAVIA,OH,Acute Care Hospitals,Voluntary non-profit - Church,Yes,4
360270,MERCY HEALTH - DEFIANCE HOSPITAL,DEFIANCE,OH,Acute Care Hospitals,Proprietary,Yes,4
360056,MERCY HEALTH - FAIRFIELD HOSPITAL,FAIRFIELD,OH,Acute Care Hospitals,Voluntary non-profit - Private,Yes,3
180102,MERCY HEALTH - LOURDES HOSPITAL,PADUCAH,KY,Acute Care Hospitals,Voluntary non-profit - Church,Yes,3
360089,MERCY HEALTH - TIFFIN HOSPITAL,TIFFIN,OH,Acute Care Hospitals,Voluntary non-profit - Church,Yes,3
361312,MERCY HEALTH - URBANA HOSPITAL,URBANA,OH,Critical Access Hospitals,Voluntary non-profit - Private,Yes,4
360234,MERCY HEALTH - WEST HOSPITAL,CINCINNATI,OH,Acute Care Hospitals,Voluntary non-profit - Private,Yes,4
361310,MERCY HEALTH - WILLARD HOSPITAL,WILLARD,OH,Critical Access Hospitals,Voluntary non-profit - Private,Yes,Not Available
360374,MERCY HEALTH KINGS MILLS HOSPITAL LLC,MASON,OH,Acute Care Hospitals,Voluntary non-profit - Private,Yes,Not Available
231320,MERCY HEALTH LAKESHORE CAMPUS,SHELBY,MI,Critical Access Hospitals,Voluntary non-profit - Private,Yes,Not Available
230059,MERCY HEALTH SAINT MARY'S,GRAND RAPIDS,MI,Acute Care Hospitals,Voluntary non-profit - Church,Yes,3
360066,MERCY HEALTH ST RITAS MEDICAL CENTER,LIMA,OH,Acute Care Hospitals,Voluntary non-profit - Private,Yes,4
520066,MERCY HEALTH SYSTEM CORP,JANESVILLE,WI,Acute Care Hospitals,Voluntary non-profit - Private,Yes,3
360001,MERCY HEALTH-ANDERSON HOSPITAL,CINCINNATI,OH,Acute Care Hospitals,Voluntary non-profit - Private,Yes,4
240115,MERCY HOSPITAL,COON RAPIDS,MN,Acute Care Hospitals,Voluntary non-profit - Private,Yes,3
050295,MERCY HOSPITAL,BAKERSFIELD,CA,Acute Care Hospitals,Voluntary non-profit - Other,Yes,3
261317,MERCY HOSPITAL - CASSVILLE,CASSVILLE,MO,Critical Access Hospitals,Voluntary non-profit - Church,Yes,Not Available
370020,MERCY HOSPITAL ADA,ADA,OK,Acute Care Hospitals,Voluntary non-profit - Private,Yes,4
370047,"MERCY HOSPITAL ARDMORE, INC",ARDMORE,OK,Acute Care Hospitals,Voluntary non-profit - Church,Yes,4
261316,MERCY HOSPITAL AURORA,AURORA,MO,Critical Access Hospitals,Voluntary non-profit - Church,Yes,Not Available
041329,MERCY HOSPITAL BERRYVILLE,BERRYVILLE,AR,Critical Access Hospitals,Voluntary non-profit - Private,Yes,Not Available
041318,MERCY HOSPITAL BOONEVILLE,BOONEVILLE,AR,Critical Access Hospitals,Voluntary non-profit - Private,Yes,4
261338,MERCY HOSPITAL CARTHAGE,CARTHAGE,MO,Critical Access Hospitals,Voluntary non-profit - Private,Yes,4
171308,MERCY HOSPITAL COLUMBUS,COLUMBUS,KS,Critical Access Hospitals,Voluntary non-profit - Church,Yes,Not Available
040062,MERCY HOSPITAL FORT SMITH,FORT SMITH,AR,Acute Care Hospitals,Voluntary non-profit - Private,Yes,3
371310,"MERCY HOSPITAL HEALDTON, INC.",HEALDTON,OK,Critical Access Hospitals,Voluntary non-profit - Private,Yes,Not Available
260023,MERCY HOSPITAL JEFFERSON,CRYSTAL CITY,MO,Acute Care Hospitals,Voluntary non-profit - Private,Yes,4
260001,MERCY HOSPITAL JOPLIN,JOPLIN,MO,Acute Care Hospitals,Voluntary non-profit - Church,Yes,1
371313,"MERCY HOSPITAL KINGFISHER, INC",KINGFISHER,OK,Critical Access Hospitals,Voluntary non-profit - Private,Yes,Not Available
260059,MERCY HOSPITAL LEBANON,LEBANON,MO,Acute Care Hospitals,Voluntary non-profit - Church,Yes,4
261319,MERCY HOSPITAL LINCOLN,TROY,MO,Critical Access Hospitals,Government - Local,Yes,Not Available
371317,MERCY HOSPITAL LOGAN COUNTY,GUTHRIE,OK,Critical Access Hospitals,Voluntary non-profit - Private,Yes,Not Available
371306,MERCY HOSPITAL MARIETTA,MARIETTA,OK,Critical Access Hospitals,Government - Local,Yes,Not Available
040010,MERCY HOSPITAL NORTHWEST ARKANSAS,ROGERS,AR,Acute Care Hospitals,Voluntary non-profit - Private,Yes,5
330279,MERCY HOSPITAL OF BUFFALO,BUFFALO,NY,Acute Care Hospitals,Voluntary non-profit - Private,Yes,2
050414,MERCY HOSPITAL OF FOLSOM,FOLSOM,CA,Acute Care Hospitals,Voluntary non-profit - Private,Yes,4
370013,"MERCY HOSPITAL OKLAHOMA CITY, INC",OKLAHOMA CITY,OK,Acute Care Hospitals,Voluntary non-profit - Church,Yes,4
041303,MERCY HOSPITAL OZARK,OZARK,AR,Critical Access Hospitals,Voluntary non-profit - Private,Yes,Not Available
041300,MERCY HOSPITAL PARIS,PARIS,AR,Critical Access Hospitals,Voluntary non-profit - Private,Yes,5
261311,MERCY HOSPITAL PERRY,PERRYVILLE,MO,Critical Access Hospitals,Voluntary non-profit - Private,Yes,2
170006,"MERCY HOSPITAL PITTSBURG, INC",PITTSBURG,KS,Acute Care Hospitals,Voluntary non-profit - Church,Yes,3
260077,MERCY HOSPITAL SOUTH,SAINT LOUIS,MO,Acute Care Hospitals,Voluntary non-profit - Private,Yes,2
260110,MERCY HOSPITAL SOUTHEAST,CAPE GIRARDEAU,MO,Acute Care Hospitals,Voluntary non-profit - Private,Yes,2
260065,MERCY HOSPITAL SPRINGFIELD,SPRINGFIELD,MO,Acute Care Hospitals,Voluntary non-profit - Private,Yes,3
260020,MERCY HOSPITAL ST LOUIS,SAINT LOUIS,MO,Acute Care Hospitals,Voluntary non-profit - Private,Yes,4
260160,MERCY HOSPITAL STODDARD,DEXTER,MO,Acute Care Hospitals,Voluntary non-profit - Private,Yes,2
371304,MERCY HOSPITAL TISHOMINGO INC,TISHOMINGO,OK,Critical Access Hospitals,Voluntary non-profit - Church,Yes,Not Available
041305,MERCY HOSPITAL WALDRON,WALDRON,AR,Critical Access Hospitals,Voluntary non-profit - Private,Yes,Not Available
260052,MERCY HOSPITAL WASHINGTON,WASHINGTON,MO,Acute Care Hospitals,Voluntary non-profit - Private,Yes,4
371302,"MERCY HOSPITAL WATONGA, INC",WATONGA,OK,Critical Access Hospitals,Proprietary,Yes,Not Available
170780,"MERCY HOSPITAL, INC",MOUNDRIDGE,KS,Rural Emergency Hospital,Voluntary non-profit - Church,Yes,Not Available
330259,MERCY MEDICAL CENTER,ROCKVILLE CENTRE,NY,Acute Care Hospitals,Voluntary non-profit - Church,Yes,5
050444,MERCY MEDICAL CENTER,MERCED,CA,Acute Care Hospitals,Voluntary non-profit - Private,Yes,3
380027,MERCY MEDICAL CENTER,ROSEBURG,OR,Acute Care Hospitals,Government - Hospital District or Authority,Yes,4
360070,MERCY MEDICAL CENTER,CANTON,OH,Acute Care Hospitals,Voluntary non-profit - Private,Yes,3
160079,MERCY MEDICAL CENTER - CEDAR RAPIDS,CEDAR RAPIDS,IA,Acute Care Hospitals,Voluntary non-profit - Church,Yes,4
210008,MERCY MEDICAL CENTER INC,BALTIMORE,MD,Acute Care Hospitals,Voluntary non-profit - Church,Yes,3
051319,MERCY MEDICAL CENTER OF MT SHASTA,MOUNT SHASTA,CA,Critical Access Hospitals,Voluntary non-profit - Other,Yes,4
050280,MERCY MEDICAL CENTER REDDING,REDDING,CA,Acute Care Hospitals,Voluntary non-profit - Private,Yes,2
161331,MERCY MEDICAL CENTER-NEW HAMPTON,NEW HAMPTON,IA,Critical Access Hospitals,Voluntary non-profit - Church,Yes,Not Available
220066,MERCY MEDICAL CTR,SPRINGFIELD,MA,Acute Care Hospitals,Voluntary non-profit - Private,Yes,2
060013,MERCY REGIONAL MEDICAL CENTER,DURANGO,CO,Acute Care Hospitals,Voluntary non-profit - Church,Yes,5
360172,MERCY REGIONAL MEDICAL CENTER,LORAIN,OH,Acute Care Hospitals,Voluntary non-profit - Private,Yes,2
190167,MERCY REGIONAL MEDICAL CENTER,VILLE PLATTE,LA,Acute Care Hospitals,Proprietary,Yes,3
050516,MERCY SAN JUAN MEDICAL CENTER,CARMICHAEL,CA,Acute Care Hospitals,Voluntary non-profit - Private,Yes,3
170203,MERCY SPECIALTY HOSPITAL SOUTHEAST KANSAS,GALENA,KS,Acute Care Hospitals,Voluntary non-profit - Private,No,Not Available
261335,MERCY ST FRANCIS HOSPITAL,MOUNTAIN VIEW,MO,Critical Access Hospitals,Voluntary non-profit - Private,Yes,Not Available
360112,MERCY ST VINCENT MEDICAL CENTER,TOLEDO,OH,Acute Care Hospitals,Voluntary non-profit - Church,Yes,3
521357,MERCY WALWORTH HOSPITAL & MEDICAL CENTER,LAKE GENEVA,WI,Critical Access Hospitals,Voluntary non-profit - Private,Yes,3
140308,MERCYHEALTH HOSPITAL & PHYSICIAN CLINIC-CRYSTAL LA,CRYSTAL LAKE,IL,Acute Care Hospitals,Voluntary non-profit - Private,Yes,Not Available
161377,MERCYONE CENTERVILLE MEDICAL CENTER,CENTERVILLE,IA,Critical Access Hospitals,Voluntary non-profit - Private,Yes,Not Available
160080,MERCYONE CLINTON MEDICAL CENTER,CLINTON,IA,Acute Care Hospitals,Voluntary non-profit - Private,Yes,4
160083,MERCYONE DES MOINES MEDICAL CENTER,DES MOINES,IA,Acute Care Hospitals,Voluntary non-profit - Private,Yes,1
160069,MERCYONE DUBUQUE MEDICAL CENTER,DUBUQUE,IA,Acute Care Hospitals,Voluntary non-profit - Church,Yes,3
161378,MERCYONE DYERSVILLE MEDICAL CENTER,DYERSVILLE,IA,Critical Access Hospitals,Voluntary non-profit - Private,Yes,Not Available
161319,MERCYONE ELKADER MEDICAL CENTER,ELKADER,IA,Critical Access Hospitals,Voluntary non-profit - Private,Yes,Not Available
160032,MERCYONE NEWTON MEDICAL CENTER,NEWTON,IA,Acute Care Hospitals,Voluntary non-profit - Private,Yes,4
160064,MERCYONE NORTH IOWA MEDICAL CENTER,MASON CITY,IA,Acute Care Hospitals,Voluntary non-profit - Private,Yes,2
161338,MERCYONE OELWEIN MEDICAL CENTER,OELWEIN,IA,Critical Access Hospitals,Voluntary non-profit - Private,Yes,Not Available
160153,MERCYONE SIOUXLAND MEDICAL CENTER,SIOUX CITY,IA,Acute Care Hospitals,Voluntary non-profit - Private,Yes,2
160067,MERCYONE WATERLOO MEDICAL CENTER,WATERLOO,IA,Acute Care Hospitals,Voluntary non-profit - Church,Yes,4
250072,MERIT HEALTH CENTRAL,JACKSON,MS,Acute Care Hospitals,Proprietary,Yes,3
250038,MERIT HEALTH MADISON,CANTON,MS,Acute Care Hospitals,Proprietary,Yes,3
250084,MERIT HEALTH NATCHEZ,NATCHEZ,MS,Acute Care Hospitals,Proprietary,Yes,2
250138,MERIT HEALTH RIVER OAKS,FLOWOOD,MS,Acute Care Hospitals,Proprietary,Yes,1
250031,MERIT HEALTH RIVER REGION,VICKSBURG,MS,Acute Care Hospitals,Proprietary,Yes,2
250094,MERIT HEALTH WESLEY,HATTIESBURG,MS,Acute Care Hospitals,Voluntary non-profit - Private,Yes,2
250136,MERIT HEALTH WOMEN'S HOSPITAL,FLOWOOD,MS,Acute Care Hospitals,Proprietary,No,Not Available
210001,MERITUS MEDICAL CENTER,HAGERSTOWN,MD,Acute Care Hospitals,Voluntary non-profit - Private,Yes,3
281328,MERRICK MEDICAL CENTER,CENTRAL CITY,NE,Critical Access Hospitals,Voluntary non-profit - Private,Yes,Not Available
220010,MERRIMACK HEALTH LAWRENCE HOSPITAL,LAWRENCE,MA,Acute Care Hospitals,Voluntary non-profit - Private,Yes,2
454124,MESA SPRINGS,FORT WORTH,TX,Psychiatric,Proprietary,No,Not Available
291307,MESA VIEW REGIONAL HOSPITAL,MESQUITE,NV,Critical Access Hospitals,Proprietary,Yes,2
670340,METHODIST CELINA MEDICAL CENTER,CELINA,TX,Acute Care Hospitals,Voluntary non-profit - Private,Yes,Not Available
450723,METHODIST CHARLTON MEDICAL CENTER,DALLAS,TX,Acute Care Hospitals,Voluntary non-profit - Private,Yes,3
450051,METHODIST DALLAS MEDICAL CENTER,DALLAS,TX,Acute Care Hospitals,Voluntary non-profit - Other,Yes,3
280077,METHODIST FREMONT HEALTH,FREMONT,NE,Acute Care Hospitals,Voluntary non-profit - Private,Yes,2
250167,METHODIST HEALTHCARE - OLIVE BRANCH HOSPITAL,OLIVE BRANCH,MS,Acute Care Hospitals,Voluntary non-profit - Private,Yes,4
450388,METHODIST HOSPITAL,SAN ANTONIO,TX,Acute Care Hospitals,Proprietary,Yes,4
670055,METHODIST HOSPITAL  STONE OAK,SAN ANTONIO,TX,Acute Care Hospitals,Proprietary,Yes,4
450165,METHODIST HOSPITAL ATASCOSA,JOURDANTON,TX,Acute Care Hospitals,Proprietary,Yes,3
670073,METHODIST HOSPITAL FOR SURGERY,ADDISON,TX,Acute Care Hospitals,Proprietary,Yes,4
140197,METHODIST HOSPITAL OF CHICAGO,CHICAGO,IL,Acute Care Hospitals,Voluntary non-profit - Private,Yes,Not Available
050590,METHODIST HOSPITAL OF SACRAMENTO,SACRAMENTO,CA,Acute Care Hospitals,Voluntary non-profit - Private,Yes,3
181306,METHODIST HOSPITAL UNION COUNTY,MORGANFIELD,KY,Critical Access Hospitals,Voluntary non-profit - Church,Yes,Not Available
150002,METHODIST HOSPITALS INC,GARY,IN,Acute Care Hospitals,Voluntary non-profit - Private,Yes,1
440049,METHODIST HOSPITALS OF MEMPHIS,MEMPHIS,TN,Acute Care Hospitals,Voluntary non-profit - Church,Yes,3
160047,METHODIST JENNIE EDMUNDSON,COUNCIL BLUFFS,IA,Acute Care Hospitals,Voluntary non-profit - Private,Yes,3
670023,METHODIST MANSFIELD MEDICAL CENTER,MANSFIELD,TX,Acute Care Hospitals,Voluntary non-profit - Private,Yes,4
670069,METHODIST MCKINNEY HOSPITAL,MCKINNEY,TX,Acute Care Hospitals,Physician,Yes,Not Available
440034,METHODIST MEDICAL CENTER OF OAK RIDGE,OAK RIDGE,TN,Acute Care Hospitals,Voluntary non-profit - Private,Yes,4
670300,METHODIST MIDLOTHIAN MEDICAL CENTER,MIDLOTHIAN,TX,Acute Care Hospitals,Voluntary non-profit - Private,Yes,4
450537,METHODIST RICHARDSON MEDICAL CENTER,RICHARDSON,TX,Acute Care Hospitals,Government - Hospital District or Authority,Yes,4
670132,METHODIST SOUTHLAKE MEDICAL CENTER,SOUTHLAKE,TX,Acute Care Hospitals,Proprietary,Yes,Not Available
440111,METRO NASHVILLE GENERAL HOSPITAL,NASHVILLE,TN,Acute Care Hospitals,Government - Hospital District or Authority,Yes,4
360059,METROHEALTH SYSTEM,CLEVELAND,OH,Acute Care Hospitals,Voluntary non-profit - Other,Yes,3
234045,METROPOLITAN BEHAVIORAL HEALTH,DEARBORN,MI,Psychiatric,Proprietary,No,Not Available
400106,METROPOLITAN HOSPITAL,SAN JUAN,PR,Acute Care Hospitals,Proprietary,Yes,Not Available
330199,METROPOLITAN HOSPITAL CENTER,NEW YORK,NY,Acute Care Hospitals,Government - Local,Yes,3
220175,METROWEST MEDICAL CENTER,FRAMINGHAM,MA,Acute Care Hospitals,Voluntary non-profit - Private,Yes,1
360161,MH ST JOSEPH WARREN HOSPITAL,WARREN,OH,Acute Care Hospitals,Voluntary non-profit - Private,Yes,3
170109,MIAMI COUNTY MEDICAL CENTER,PAOLA,KS,Acute Care Hospitals,Voluntary non-profit - Private,Yes,Not Available
10064F,MIAMI VA MEDICAL CENTER,MIAMI,FL,Acute Care - Veterans Administration,Veterans Health Administration,Yes,4
360051,MIAMI VALLEY HOSPITAL,DAYTON,OH,Acute Care Hospitals,Voluntary non-profit - Private,Yes,3
154047,MICHIANA BEHAVIORAL HEALTH CENTER,PLYMOUTH,IN,Psychiatric,Voluntary non-profit - Other,Yes,Not Available
451396,MID COAST MEDICAL CENTER - CENTRAL,LLANO,TX,Critical Access Hospitals,Physician,Yes,Not Available
670331,MID COAST MEDICAL CENTER-TRINITY,TRINITY,TX,Acute Care Hospitals,Voluntary non-profit - Other,Yes,Not Available
334061,MID HUDSON FORENSIC PSYCHIATRIC CTR,NEW HAMPTON,NY,Psychiatric,Government - State,No,Not Available
501328,MID VALLEY HOSPITAL & CLINIC,OMAK,WA,Critical Access Hospitals,Government - Hospital District or Authority,Yes,Not Available
380001,MID-COLUMBIA MEDICAL CENTER,THE DALLES,OR,Acute Care Hospitals,Voluntary non-profit - Other,Yes,4
061318,MIDDLE PARK MEDICAL CENTER,KREMMLING,CO,Critical Access Hospitals,Government - Hospital District or Authority,Yes,Not Available
444014,MIDDLE TN MENTAL HEALTH INSTITUTE,NASHVILLE,TN,Psychiatric,Government - State,No,Not Available
180020,MIDDLESBORO ARH HOSPITAL,MIDDLESBORO,KY,Acute Care Hospitals,Voluntary non-profit - Private,Yes,1
070020,MIDDLESEX HOSPITAL,MIDDLETOWN,CT,Acute Care Hospitals,Voluntary non-profit - Private,Yes,3
450133,MIDLAND MEMORIAL HOSPITAL,MIDLAND,TX,Acute Care Hospitals,Government - Hospital District or Authority,Yes,1
070017,MIDSTATE MEDICAL CENTER,MERIDEN,CT,Acute Care Hospitals,Voluntary non-profit - Private,Yes,4
141302,MIDWEST MEDICAL CENTER,GALENA,IL,Critical Access Hospitals,Voluntary non-profit - Private,Yes,Not Available
520205,MIDWEST ORTHOPEDIC SPECIALTY HOSPITAL,FRANKLIN,WI,Acute Care Hospitals,Physician,No,Not Available
280131,MIDWEST SURGICAL HOSPITAL LLC,OMAHA,NE,Acute Care Hospitals,Physician,No,Not Available
140100,"MIDWESTERN REGION MED CENTER, INC",ZION,IL,Acute Care Hospitals,Proprietary,Yes,4
431326,MILBANK AREA HOSPITAL/AVERA HEALTH,MILBANK,SD,Critical Access Hospitals,Voluntary non-profit - Private,Yes,Not Available
514009,MILDRED MITCHELL-BATEMAN HOSPITAL,HUNTINGTON,WV,Psychiatric,Government - State,No,Not Available
520109,MILE BLUFF MEDICAL CENTER,MAUSTON,WI,Acute Care Hospitals,Proprietary,Yes,4
461305,MILFORD MEMORIAL HOSPITAL,MILFORD,UT,Critical Access Hospitals,Voluntary non-profit - Other,Yes,Not Available
220090,MILFORD REGIONAL MEDICAL CENTER,MILFORD,MA,Acute Care Hospitals,Voluntary non-profit - Other,Yes,4
241356,MILLE LACS HEALTH SYSTEM,ONAMIA,MN,Critical Access Hospitals,Voluntary non-profit - Other,Yes,Not Available
111305,MILLER COUNTY HOSPITAL,COLQUITT,GA,Critical Access Hospitals,Government - Hospital District or Authority,Yes,Not Available
201307,MILLINOCKET REGIONAL HOSPITAL,MILLINOCKET,ME,Critical Access Hospitals,Voluntary non-profit - Private,Yes,Not Available
454012,MILLWOOD HOSPITAL,ARLINGTON,TX,Psychiatric,Proprietary,No,Not Available
390256,MILTON S HERSHEY MEDICAL CENTER,HERSHEY,PA,Acute Care Hospitals,Voluntary non-profit - Private,Yes,4
52003F,MILWAUKEE VA MEDICAL CENTER,MILWAUKEE,WI,Acute Care - Veterans Administration,Veterans Health Administration,Yes,3
321309,MIMBRES VALLEY MEDICAL CENTER,DEMING,NM,Critical Access Hospitals,Proprietary,Yes,Not Available
190144,MINDEN MEDICAL CENTER,MINDEN,LA,Acute Care Hospitals,Proprietary,Yes,2
271331,MINERAL COMMUNITY HOSPITAL,SUPERIOR,MT,Critical Access Hospitals,Government - Hospital District or Authority,Yes,Not Available
321307,MINERS' COLFAX MEDICAL CENTER,RATON,NM,Critical Access Hospitals,Government - State,Yes,Not Available
131319,MINIDOKA MEMORIAL HOSPITAL,RUPERT,ID,Critical Access Hospitals,Government - Local,Yes,Not Available
170199,MINIMALLY INVASIVE SURGERY HOSPITAL,LENEXA,KS,Acute Care Hospitals,Proprietary,No,Not Available
24003F,MINNEAPOLIS VA MEDICAL CENTER,MINNEAPOLIS,MN,Acute Care - Veterans Administration,Veterans Health Administration,Yes,5
171368,MINNEOLA DISTRICT HOSPITAL,MINNEOLA,KS,Critical Access Hospitals,Government - Hospital District or Authority,Yes,Not Available
241375,MINNESOTA VALLEY HEALTH CENTER  INC,LE SUEUR,MN,Critical Access Hospitals,Voluntary non-profit - Private,Yes,Not Available
511303,MINNIE HAMILTON HEALTH SYSTEM,GRANTSVILLE,WV,Critical Access Hospitals,Voluntary non-profit - Private,Yes,Not Available
524042,MIRAMONT BEHAVIORAL HEALTH,MIDDLETON,WI,Psychiatric,Proprietary,No,Not Available
224046,MIRAVISTA BEHAVIORAL HEALTH CENTER,HOLYOKE,MA,Psychiatric,Proprietary,No,Not Available
154072,MISSION BEHAVIORAL HEALTH HOSPITAL,HUNTINGBURG,IN,Psychiatric,Proprietary,No,Not Available
050704,MISSION COMMUNITY HOSPITAL,PANORAMA CITY,CA,Acute Care Hospitals,Voluntary non-profit - Private,No,3
450176,MISSION REGIONAL MEDICAL CENTER,MISSION,TX,Acute Care Hospitals,Voluntary non-profit - Private,Yes,4
250102,MISSISSIPPI BAPTIST MEDICAL CENTER,JACKSON,MS,Acute Care Hospitals,Voluntary non-profit - Private,Yes,2
250152,MISSISSIPPI METHODIST REHAB CTR,JACKSON,MS,Acute Care Hospitals,Voluntary non-profit - Private,No,Not Available
260108,MISSOURI BAPTIST MEDICAL CENTER,SAINT LOUIS,MO,Acute Care Hospitals,Voluntary non-profit - Private,Yes,5
261337,MISSOURI BAPTIST SULLIVAN HOSPITAL,SULLIVAN,MO,Critical Access Hospitals,Voluntary non-profit - Private,Yes,2
260113,MISSOURI DELTA MEDICAL CENTER,SIKESTON,MO,Acute Care Hospitals,Voluntary non-profit - Private,Yes,2
271304,MISSOURI RIVER MEDICAL CENTER,FORT BENTON,MT,Critical Access Hospitals,Government - Hospital District or Authority,Yes,Not Available
451342,MITCHELL COUNTY HOSPITAL DISTRICT,COLORADO CITY,TX,Critical Access Hospitals,Government - Hospital District or Authority,Yes,Not Available
171375,MITCHELL COUNTY HOSPITAL HEALTH SYSTEMS,BELOIT,KS,Critical Access Hospitals,Government - Local,Yes,3
161323,MITCHELL COUNTY REGIONAL HEALTH,OSAGE,IA,Critical Access Hospitals,Government - Federal,No,3
010007,MIZELL MEMORIAL HOSPITAL,OPP,AL,Acute Care Hospitals,Voluntary non-profit - Private,Yes,1
461302,MOAB REGIONAL HOSPITAL,MOAB,UT,Critical Access Hospitals,Voluntary non-profit - Private,Yes,Not Available
260074,MOBERLY REGIONAL MEDICAL CENTER,MOBERLY,MO,Acute Care Hospitals,Proprietary,Yes,2
010113,MOBILE INFIRMARY MEDICAL CENTER,MOBILE,AL,Acute Care Hospitals,Voluntary non-profit - Private,Yes,2
431325,MOBRIDGE REGIONAL HOSPITAL - CAH,MOBRIDGE,SD,Critical Access Hospitals,Voluntary non-profit - Private,Yes,Not Available
444002,MOCCASIN BEND MENTAL HEALTH INSTITUTE,CHATTANOOGA,TN,Psychiatric,Government - State,No,Not Available
051330,MODOC MEDICAL CENTER,ALTURAS,CA,Critical Access Hospitals,Government - Hospital District or Authority,Yes,4
334021,MOHAWK VALLEY PSYCHIATRIC CENTER,UTICA,NY,Psychiatric,Government - State,Yes,Not Available
121303,MOLOKAI GENERAL HOSPITAL,KAUNAKAKAI,HI,Critical Access Hospitals,Voluntary non-profit - Private,Yes,Not Available
510093,MON HEALTH MARION,WHITEHALL,WV,Acute Care Hospitals,Voluntary non-profit - Private,Yes,Not Available
510024,MON HEALTH MEDICAL CENTER,MORGANTOWN,WV,Acute Care Hospitals,Voluntary non-profit - Private,Yes,4
301309,MONADNOCK COMMUNITY HOSPITAL,PETERBOROUGH,NH,Critical Access Hospitals,Voluntary non-profit - Private,Yes,2
310075,MONMOUTH MEDICAL CENTER,LONG BRANCH,NJ,Acute Care Hospitals,Voluntary non-profit - Private,Yes,3
310084,MONMOUTH MEDICAL CENTER-SOUTHERN CAMPUS,LAKEWOOD,NJ,Acute Care Hospitals,Voluntary non-profit - Private,Yes,3
161342,MONROE COUNTY HOSPITAL,ALBIA,IA,Critical Access Hospitals,Government - Local,Yes,Not Available
111318,MONROE COUNTY HOSPITAL,FORSYTH,GA,Critical Access Hospitals,Government - Hospital District or Authority,Yes,Not Available
010120,MONROE COUNTY HOSPITAL,MONROEVILLE,AL,Acute Care Hospitals,Government - Hospital District or Authority,Yes,1
180105,MONROE COUNTY MEDICAL CENTER,TOMPKINSVILLE,KY,Acute Care Hospitals,Voluntary non-profit - Other,Yes,1
150183,MONROE HOSPITAL,BLOOMINGTON,IN,Acute Care Hospitals,Proprietary,Yes,4
251302,MONROE REGIONAL HOSPITAL,ABERDEEN,MS,Critical Access Hospitals,Voluntary non-profit - Private,Yes,Not Available
190245,MONROE SURGICAL HOSPITAL,MONROE,LA,Acute Care Hospitals,Proprietary,No,Not Available
050758,MONTCLAIR HOSPITAL MEDICAL CENTER,MONTCLAIR,CA,Acute Care Hospitals,Voluntary non-profit - Private,Yes,3
330059,MONTEFIORE MEDICAL CENTER,BRONX,NY,Acute Care Hospitals,Voluntary non-profit - Private,Yes,3
330086,MONTEFIORE MOUNT VERNON HOSPITAL,MOUNT VERNON,NY,Acute Care Hospitals,Voluntary non-profit - Private,Yes,3
330184,MONTEFIORE NEW ROCHELLE HOSPITAL,NEW ROCHELLE,NY,Acute Care Hospitals,Voluntary non-profit - Private,Yes,1
330264,MONTEFIORE ST LUKE'S CORNWALL,NEWBURGH,NY,Acute Care Hospitals,Voluntary non-profit - Private,Yes,2
050736,MONTEREY PARK HOSPITAL,MONTEREY PARK,CA,Acute Care Hospitals,Proprietary,No,2
394033,MONTGOMERY COUNTY EMERGENCY SERVICE,NORRISTOWN,PA,Psychiatric,Voluntary non-profit - Private,No,Not Available
161363,MONTGOMERY COUNTY MEMORIAL HOSPITAL,RED OAK,IA,Critical Access Hospitals,Government - Local,Yes,Not Available
511318,MONTGOMERY GENERAL HOSPITAL,MONTGOMERY,WV,Critical Access Hospitals,Voluntary non-profit - Other,Yes,Not Available
144043,MONTROSE BEHAVIORAL HEALTH HOSPITAL,CHICAGO,IL,Psychiatric,Proprietary,Yes,Not Available
060006,MONTROSE REGIONAL HEALTH,MONTROSE,CO,Acute Care Hospitals,Voluntary non-profit - Private,Yes,4
431323,MONUMENT HEALTH CUSTER HOSPITAL,CUSTER,SD,Critical Access Hospitals,Voluntary non-profit - Private,Yes,Not Available
431320,MONUMENT HEALTH LEAD-DEADWOOD HOSPITAL,DEADWOOD,SD,Critical Access Hospitals,Voluntary non-profit - Private,Yes,Not Available
430077,MONUMENT HEALTH RAPID CITY HOSPITAL,RAPID CITY,SD,Acute Care Hospitals,Voluntary non-profit - Private,Yes,3
430048,MONUMENT HEALTH SPEARFISH HOSPITAL,SPEARFISH,SD,Acute Care Hospitals,Voluntary non-profit - Private,Yes,4
431321,MONUMENT HEALTH STURGIS HOSPITAL,STURGIS,SD,Critical Access Hospitals,Voluntary non-profit - Other,Yes,Not Available
190116,MOREHOUSE GENERAL HOSPITAL,BASTROP,LA,Acute Care Hospitals,Government - Hospital District or Authority,Yes,2
181307,MORGAN COUNTY ARH HOSPITAL,WEST LIBERTY,KY,Critical Access Hospitals,Voluntary non-profit - Private,Yes,Not Available
111304,MORGAN MEDICAL CENTER,MADISON,GA,Critical Access Hospitals,Government - Hospital District or Authority,Yes,Not Available
281318,MORRILL COUNTY COMMUNITY HOSPITAL,BRIDGEPORT,NE,Critical Access Hospitals,Government - Local,Yes,Not Available
171379,MORRIS COUNTY HOSPITAL,COUNCIL GROVE,KS,Critical Access Hospitals,Government - Local,No,3
140101,MORRIS HOSPITAL & HEALTHCARE CENTERS,MORRIS,IL,Acute Care Hospitals,Voluntary non-profit - Private,Yes,4
141329,MORRISON COMMUNITY HOSPITAL,MORRISON,IL,Critical Access Hospitals,Government - Hospital District or Authority,Yes,Not Available
440030,MORRISTOWN HAMBLEN HOSPITAL ASSOCIATION,MORRISTOWN,TN,Acute Care Hospitals,Government - Local,Yes,2
310015,MORRISTOWN MEDICAL CENTER,MORRISTOWN,NJ,Acute Care Hospitals,Voluntary non-profit - Private,Yes,5
171386,MORTON COUNTY HOSPITAL,ELKHART,KS,Critical Access Hospitals,Government - Local,Yes,Not Available
100127,MORTON PLANT HOSPITAL,CLEARWATER,FL,Acute Care Hospitals,Voluntary non-profit - Private,Yes,4
100063,MORTON PLANT NORTH BAY HOSPITAL,NEW PORT RICHEY,FL,Acute Care Hospitals,Voluntary non-profit - Private,Yes,3
260006,MOSAIC LIFE CARE AT ST JOSEPH,SAINT JOSEPH,MO,Acute Care Hospitals,Voluntary non-profit - Private,Yes,4
261340,MOSAIC MEDICAL CENTER - MARYVILLE,MARYVILLE,MO,Critical Access Hospitals,Voluntary non-profit - Private,Yes,Not Available
261328,MOSAIC MEDICAL CENTER ALBANY,ALBANY,MO,Critical Access Hospitals,Voluntary non-profit - Private,Yes,Not Available
340091,"MOSES H. CONE MEMORIAL HOSPITAL, THE",GREENSBORO,NC,Acute Care Hospitals,Voluntary non-profit - Private,Yes,3
220002,MOUNT AUBURN HOSPITAL,CAMBRIDGE,MA,Acute Care Hospitals,Voluntary non-profit - Private,Yes,4
364062,MOUNT CARMEL BEHAVIORAL HEALTH,COLUMBUS,OH,Psychiatric,Proprietary,No,Not Available
360375,MOUNT CARMEL DUBLIN,DUBLIN,OH,Acute Care Hospitals,Voluntary non-profit - Church,Yes,Not Available
360035,MOUNT CARMEL EAST & WEST,COLUMBUS,OH,Acute Care Hospitals,Voluntary non-profit - Private,Yes,2
360266,MOUNT CARMEL NEW ALBANY SURGICAL HOSPITAL,NEW ALBANY,OH,Acute Care Hospitals,Proprietary,No,Not Available
360012,MOUNT CARMEL ST ANN'S,WESTERVILLE,OH,Acute Care Hospitals,Voluntary non-profit - Private,Yes,3
201304,MOUNT DESERT ISLAND HOSPITAL,BAR HARBOR,ME,Critical Access Hospitals,Voluntary non-profit - Private,Yes,Not Available
291300,MOUNT GRANT GENERAL HOSPITAL,HAWTHORNE,NV,Critical Access Hospitals,Government - Hospital District or Authority,Yes,Not Available
390268,MOUNT NITTANY MEDICAL CENTER,STATE COLLEGE,PA,Acute Care Hospitals,Voluntary non-profit - Private,Yes,5
420104,MOUNT PLEASANT HOSPITAL,MOUNT PLEASANT,SC,Acute Care Hospitals,Voluntary non-profit - Private,Yes,5
330169,MOUNT SINAI BETH ISRAEL,NEW YORK,NY,Acute Care Hospitals,Voluntary non-profit - Private,Yes,3
330024,MOUNT SINAI HOSPITAL,NEW YORK,NY,Acute Care Hospitals,Voluntary non-profit - Private,Yes,4
100034,"MOUNT SINAI MEDICAL CENTER OF FLORIDA, INC",MIAMI BEACH,FL,Acute Care Hospitals,Voluntary non-profit - Private,Yes,3
330198,MOUNT SINAI SOUTH NASSAU,OCEANSIDE,NY,Acute Care Hospitals,Voluntary non-profit - Private,Yes,3
330046,MOUNT SINAI WEST,NEW YORK,NY,Acute Care Hospitals,Voluntary non-profit - Church,Yes,4
330188,MOUNT ST. MARY'S HOSPITAL & HEALTH CENTER,LEWISTON,NY,Acute Care Hospitals,Voluntary non-profit - Private,Yes,2
213300,MOUNT WASHINGTON PEDIATRIC HOSPITAL,BALTIMORE,MD,Childrens,Voluntary non-profit - Private,No,Not Available
44016F,MOUNTAIN HOME VA MEDICAL CENTER,MOUNTAIN HOME,TN,Acute Care - Veterans Administration,Veterans Health Administration,Yes,5
111336,MOUNTAIN LAKES MEDICAL CENTER,CLAYTON,GA,Critical Access Hospitals,Proprietary,Yes,Not Available
460013,MOUNTAIN VIEW HOSPITAL,PAYSON,UT,Acute Care Hospitals,Proprietary,Yes,5
014006,MOUNTAIN VIEW HOSPITAL,GADSDEN,AL,Psychiatric,Proprietary,No,Not Available
130065,MOUNTAIN VIEW HOSPITAL,IDAHO FALLS,ID,Acute Care Hospitals,Physician,Yes,3
320085,MOUNTAIN VIEW REGIONAL MEDICAL CENTER,LAS CRUCES,NM,Acute Care Hospitals,Proprietary,Yes,2
460014,MOUNTAIN WEST MEDICAL CENTER,TOOELE,UT,Acute Care Hospitals,Proprietary,Yes,4
051312,MOUNTAINS COMMUNITY HOSPITAL,LAKE ARROWHEAD,CA,Critical Access Hospitals,Government - Hospital District or Authority,Yes,Not Available
314027,MOUNTAINVIEW BEHAVIORAL HOSPITAL,BERKELEY HEIGHTS,NJ,Psychiatric,Proprietary,No,Not Available
290039,MOUNTAINVIEW HOSPITAL,LAS VEGAS,NV,Acute Care Hospitals,Proprietary,Yes,4
271306,MOUNTAINVIEW MEDICAL CENTER,WHITE SULPHUR SPRING,MT,Critical Access Hospitals,Voluntary non-profit - Private,Yes,Not Available
351301,MOUNTRAIL COUNTY MEDICAL CENTER INC,STANLEY,ND,Critical Access Hospitals,Voluntary non-profit - Private,Yes,Not Available
254010,MS STATE HOSPITAL-WHITFIELD,WHITFIELD,MS,Psychiatric,Government - Local,Yes,Not Available
471302,MT ASCUTNEY HOSPITAL,WINDSOR,VT,Critical Access Hospitals,Voluntary non-profit - Private,Yes,Not Available
061321,MT SAN RAFAEL HOSPITAL,TRINIDAD,CO,Critical Access Hospitals,Voluntary non-profit - Private,Yes,5
140018,MT SINAI HOSPITAL MEDICAL CENTER,CHICAGO,IL,Acute Care Hospitals,Voluntary non-profit - Private,Yes,1
031319,MT. GRAHAM REGIONAL MEDICAL CENTER,SAFFORD,AZ,Critical Access Hospitals,Government - Hospital District or Authority,Yes,Not Available
451335,MUENSTER MEMORIAL HOSPITAL,MUENSTER,TX,Critical Access Hospitals,Government - Hospital District or Authority,Yes,Not Available
451372,MULESHOE AREA MEDICAL CENTER,MULESHOE,TX,Critical Access Hospitals,Proprietary,Yes,Not Available
500015,MULTICARE AUBURN MEDICAL CENTER,AUBURN,WA,Acute Care Hospitals,Voluntary non-profit - Private,Yes,2
500154,MULTICARE COVINGTON MEDICAL CENTER,COVINGTON,WA,Acute Care Hospitals,Voluntary non-profit - Private,Yes,3
500079,MULTICARE GOOD SAMARITAN HOSPITAL,PUYALLUP,WA,Acute Care Hospitals,Voluntary non-profit - Private,Yes,2
500119,MULTICARE VALLEY HOSPITAL,SPOKANE VALLEY,WA,Acute Care Hospitals,Voluntary non-profit - Private,Yes,5
231308,MUNISING MEMORIAL HOSPITAL,MUNISING,MI,Critical Access Hospitals,Voluntary non-profit - Private,Yes,Not Available
230081,MUNSON HEALTHCARE CADILLAC HOSPITAL,CADILLAC,MI,Acute Care Hospitals,Voluntary non-profit - Church,Yes,4
230058,MUNSON HEALTHCARE GRAYLING HOSPITAL,GRAYLING,MI,Acute Care Hospitals,Voluntary non-profit - Church,Yes,3
230303,MUNSON HEALTHCARE MANISTEE HOSPITAL,MANISTEE,MI,Acute Care Hospitals,Voluntary non-profit - Other,Yes,4
230133,MUNSON HEALTHCARE OTSEGO MEMORIAL HOSPITAL,GAYLORD,MI,Acute Care Hospitals,Voluntary non-profit - Private,No,4
230097,MUNSON MEDICAL CENTER,TRAVERSE CITY,MI,Acute Care Hospitals,Voluntary non-profit - Other,Yes,4
241319,MURRAY COUNTY MEMORIAL HOSPITAL,SLAYTON,MN,Critical Access Hospitals,Government - Local,Yes,Not Available
180027,MURRAY-CALLOWAY COUNTY HOSPITAL,MURRAY,KY,Acute Care Hospitals,Voluntary non-profit - Other,Yes,3
420019,MUSC HEALTH CHESTER MEDICAL CENTER,CHESTER,SC,Acute Care Hospitals,Proprietary,Yes,Not Available
420026,MUSC HEALTH COLUMBIA MEDICAL CENTER DOWNTOWN,COLUMBIA,SC,Acute Care Hospitals,Voluntary non-profit - Private,Yes,3
420091,MUSC HEALTH FLORENCE MEDICAL CENTER,FLORENCE,SC,Acute Care Hospitals,Government - State,Yes,3
420036,MUSC HEALTH LANCASTER MEDICAL CENTER,LANCASTER,SC,Acute Care Hospitals,Proprietary,Yes,4
420055,MUSC HEALTH MARION MEDICAL CENTER,MULLINS,SC,Acute Care Hospitals,Government - State,Yes,3
420004,MUSC MEDICAL CENTER,CHARLESTON,SC,Acute Care Hospitals,Government - Hospital District or Authority,Yes,2
370057,MUSCOGEE (CREEK) NATION MEDICAL CENTER,OKMULGEE,OK,Acute Care Hospitals,Tribal,Yes,Not Available
37012F,MUSKOGEE VA MEDICAL CENTER,MUSKOGEE,OK,Acute Care - Veterans Administration,Veterans Health Administration,Yes,5
230030,MYMICHIGAN MEDICAL CENTER ALMA,ALMA,MI,Acute Care Hospitals,Voluntary non-profit - Private,Yes,4
230036,MYMICHIGAN MEDICAL CENTER ALPENA,ALPENA,MI,Acute Care Hospitals,Proprietary,Yes,3
230180,MYMICHIGAN MEDICAL CENTER CLARE,CLARE,MI,Acute Care Hospitals,Voluntary non-profit - Other,No,2
231325,MYMICHIGAN MEDICAL CENTER GLADWIN,GLADWIN,MI,Critical Access Hospitals,Voluntary non-profit - Private,Yes,Not Available
230222,MYMICHIGAN MEDICAL CENTER MIDLAND,MIDLAND,MI,Acute Care Hospitals,Voluntary non-profit - Other,No,4
230077,MYMICHIGAN MEDICAL CENTER SAGINAW,SAGINAW,MI,Acute Care Hospitals,Voluntary non-profit - Church,Yes,3
230095,MYMICHIGAN MEDICAL CENTER WEST BRANCH,WEST BRANCH,MI,Acute Care Hospitals,Government - Local,Yes,5
161374,MYRTUE MEDICAL CENTER,HARLAN,IA,Critical Access Hospitals,Voluntary non-profit - Other,Yes,3
50005F,Madigan AMC (FT Lewis),Joint Base Lewis-McChord,WA,Acute Care - Department of Defense,Department of Defense,Yes,Not Available
11032F,Martin ACH (FT Benning),Fort Benning,GA,Acute Care - Department of Defense,Department of Defense,Yes,Not Available
250007,Memorial Hospital Biloxi,BILOXI,MS,Acute Care Hospitals,Proprietary,Yes,1
110003,Memorial Satilla Health,WAYCROSS,GA,Acute Care Hospitals,Voluntary non-profit - Private,Yes,3
450656,NACOGDOCHES MEDICAL CENTER,NACOGDOCHES,TX,Acute Care Hospitals,Voluntary non-profit - Other,Yes,3
450508,NACOGDOCHES MEMORIAL HOSPITAL,NACOGDOCHES,TX,Acute Care Hospitals,Proprietary,Yes,2
220177,NANTUCKET COTTAGE HOSPITAL,NANTUCKET,MA,Acute Care Hospitals,Voluntary non-profit - Private,Yes,3
100018,NAPLES COMMUNITY HOSPITAL,NAPLES,FL,Acute Care Hospitals,Voluntary non-profit - Private,Yes,3
220098,NASHOBA VALLEY MEDICAL CENTER,AYER,MA,Acute Care Hospitals,Proprietary,Yes,Not Available
330027,NASSAU UNIVERSITY MEDICAL CENTER,EAST MEADOW,NY,Acute Care Hospitals,Government - State,Yes,1
074008,NATCHAUG HOSPITAL,MANSFIELD CENTER,CT,Psychiatric,Voluntary non-profit - Private,No,Not Available
190007,NATCHITOCHES REGIONAL MEDICAL CENTER,NATCHITOCHES,LA,Acute Care Hospitals,Government - Hospital District or Authority,Yes,4
330276,NATHAN LITTAUER HOSPITAL,GLOVERSVILLE,NY,Acute Care Hospitals,Voluntary non-profit - Private,Yes,2
060107,NATIONAL JEWISH HEALTH,DENVER,CO,Acute Care Hospitals,Voluntary non-profit - Private,Yes,Not Available
040078,NATIONAL PARK MEDICAL CENTER,HOT SPRINGS,AR,Acute Care Hospitals,Proprietary,Yes,2
363305,NATIONWIDE CHILDREN'S HOSPITAL,COLUMBUS,OH,Childrens,Voluntary non-profit - Private,Yes,Not Available
363309,"NATIONWIDE CHILDREN'S HOSPITAL TOLEDO, LLC",TOLEDO,OH,Childrens,Voluntary non-profit - Private,No,Not Available
050248,NATIVIDAD MEDICAL CENTER,SALINAS,CA,Acute Care Hospitals,Government - Local,Yes,3
450447,NAVARRO REGIONAL HOSPITAL,CORSICANA,TX,Acute Care Hospitals,Government - Hospital District or Authority,Yes,2
110150,NAVICENT HEALTH BALDWIN,MILLEDGEVILLE,GA,Acute Care Hospitals,Proprietary,Yes,2
504009,NAVOS - INPATIENT SERVICES,SEATTLE,WA,Psychiatric,Voluntary non-profit - Private,No,Not Available
390204,NAZARETH HOSPITAL,PHILADELPHIA,PA,Acute Care Hospitals,Voluntary non-profit - Private,Yes,2
280129,NEBRASKA ORTHOPAEDIC HOSPITAL,OMAHA,NE,Acute Care Hospitals,Physician,Yes,Not Available
280133,"NEBRASKA SPINE HOSPITAL, LLC",OMAHA,NE,Acute Care Hospitals,Proprietary,No,Not Available
131303,NELL J REDFIELD MEMORIAL HOSPITAL,MALAD CITY,ID,Critical Access Hospitals,Government - Local,Yes,Not Available
351308,NELSON COUNTY HEALTH SYSTEM,MCVILLE,ND,Critical Access Hospitals,Voluntary non-profit - Private,Yes,Not Available
281324,NEMAHA COUNTY HOSPITAL,AUBURN,NE,Critical Access Hospitals,Government - Local,Yes,Not Available
171315,NEMAHA VALLEY COMMUNITY HOSPITAL,SENECA,KS,Critical Access Hospitals,Voluntary non-profit - Private,Yes,Not Available
083300,"NEMOURS CHILDREN'S HOSPITAL, DELAWARE",WILMINGTON,DE,Childrens,Voluntary non-profit - Private,Yes,Not Available
103304,"NEMOURS CHILDRENS HOSPITAL, FLORIDA",ORLANDO,FL,Childrens,Voluntary non-profit - Private,Yes,Not Available
171380,NEOSHO MEMORIAL REGIONAL MEDICAL CENTER,CHANUTE,KS,Critical Access Hospitals,Government - Local,Yes,1
250043,NESHOBA COUNTY GENERAL HOSPITAL,PHILADELPHIA,MS,Acute Care Hospitals,Government - Local,Yes,3
171336,NESS COUNTY HOSPITAL DISTRICT #2,NESS CITY,KS,Critical Access Hospitals,Government - Hospital District or Authority,Yes,Not Available
154065,NEURO BEHAVIORAL HOSPITAL,CROWN POINT,IN,Psychiatric,Proprietary,No,Not Available
104084,NEUROBEHAVIORAL HOSPITAL OF THE PALM BEACHES-NORTH,MAGNONIA PARK,FL,Psychiatric,Voluntary non-profit - Private,No,Not Available
104085,NEUROBEHAVIORAL HOSPITAL OF THE PALM BEACHES-SOUTH,BOYNTON BEACH,FL,Psychiatric,Voluntary non-profit - Private,No,Not Available
154008,NEURODIAGNOSTIC INSTITUTE,INDIANAPOLIS,IN,Psychiatric,Government - State,Yes,Not Available
154063,"NEUROPSYCHIATRIC HOSPITAL OF INDIANAPOLIS, LLC",INDIANAPOLIS,IN,Psychiatric,Proprietary,No,Not Available
260061,NEVADA REGIONAL MEDICAL CENTER,NEVADA,MO,Acute Care Hospitals,Government - Local,Yes,Not Available
220088,NEW ENGLAND BAPTIST HOSPITAL,BOSTON,MA,Acute Care Hospitals,Voluntary non-profit - Private,No,5
304000,NEW HAMPSHIRE HOSPITAL,CONCORD,NH,Psychiatric,Government - State,Yes,Not Available
301304,NEW LONDON HOSPITAL,NEW LONDON,NH,Critical Access Hospitals,Voluntary non-profit - Private,Yes,3
190313,NEW ORLEANS EAST HOSPITAL,NEW ORLEANS,LA,Acute Care Hospitals,Government - Hospital District or Authority,Yes,Not Available
241378,NEW ULM MEDICAL CENTER,NEW ULM,MN,Critical Access Hospitals,Voluntary non-profit - Private,Yes,5
334067,NEW YORK CITY CHILDRENS PSYCH CENTER,BELLEROSE,NY,Psychiatric,Government - State,No,Not Available
330019,"NEW YORK COMMUNITY HOSPITAL OF BROOKLYN, INC.",BROOKLYN,NY,Acute Care Hospitals,Voluntary non-profit - Private,Yes,1
334009,NEW YORK STATE PSYCHIATRIC INSTITUTE,NEW YORK,NY,Psychiatric,Government - State,No,Not Available
330101,NEW YORK-PRESBYTERIAN HOSPITAL,NEW YORK,NY,Acute Care Hospitals,Voluntary non-profit - Private,Yes,5
330055,NEW YORK-PRESBYTERIAN/QUEENS,FLUSHING,NY,Acute Care Hospitals,Voluntary non-profit - Private,Yes,5
310002,NEWARK BETH ISRAEL MEDICAL CENTER,NEWARK,NJ,Acute Care Hospitals,Voluntary non-profit - Private,Yes,2
330030,NEWARK-WAYNE COMMUNITY HOSPITAL,NEWARK,NY,Acute Care Hospitals,Voluntary non-profit - Private,Yes,2
420053,NEWBERRY COUNTY MEMORIAL HOSPITAL,NEWBERRY,SC,Acute Care Hospitals,Voluntary non-profit - Other,Yes,3
371336,NEWMAN MEMORIAL HOSPITAL,SHATTUCK,OK,Critical Access Hospitals,Government - Hospital District or Authority,Yes,Not Available
171384,NEWMAN REGIONAL HEALTH,EMPORIA,KS,Critical Access Hospitals,Government - Local,Yes,2
501310,NEWPORT COMMUNITY HOSPITAL,NEWPORT,WA,Critical Access Hospitals,Government - Hospital District or Authority,Yes,Not Available
410006,NEWPORT HOSPITAL,NEWPORT,RI,Acute Care Hospitals,Voluntary non-profit - Private,Yes,4
310028,NEWTON MEDICAL CENTER,NEWTON,NJ,Acute Care Hospitals,Voluntary non-profit - Private,Yes,4
220101,NEWTON-WELLESLEY HOSPITAL,NEWTON,MA,Acute Care Hospitals,Voluntary non-profit - Private,Yes,5
453318,NEXUS CHILDRENS HOSPITAL DALLAS,DALLAS,TX,Childrens,Proprietary,No,Not Available
110045,"NGMC BARROW, LLC",WINDER,GA,Acute Care Hospitals,Proprietary,Yes,4
42009F,NH Beaufort,Beaufort,SC,Acute Care - Department of Defense,Department of Defense,No,Not Available
05020F,NH Camp Pendleton,Camp Pendleton,CA,Acute Care - Department of Defense,Department of Defense,Yes,Not Available
10013F,NH Jacksonville,Jacksonville,FL,Acute Care - Department of Defense,Department of Defense,Yes,Not Available
05039F,NH Twentynine Palms,Twentynine Palms,CA,Acute Care - Department of Defense,Department of Defense,Yes,Not Available
330065,NIAGARA FALLS MEMORIAL MEDICAL CENTER,NIAGARA FALLS,NY,Acute Care Hospitals,Voluntary non-profit - Private,Yes,1
330238,NICHOLAS H NOYES MEMORIAL HOSPITAL,DANSVILLE,NY,Acute Care Hospitals,Voluntary non-profit - Private,Yes,3
103301,NICKLAUS CHILDREN'S HOSPITAL,MIAMI,FL,Childrens,Voluntary non-profit - Private,Yes,Not Available
531314,NIOBRARA COUNTY HOSPITAL DISTRICT,LUSK,WY,Critical Access Hospitals,Government - Hospital District or Authority,Yes,Not Available
281303,NIOBRARA VALLEY HOSPITAL,LYNCH,NE,Critical Access Hospitals,Voluntary non-profit - Private,Yes,Not Available
260096,NKC HEALTH,NORTH KANSAS CITY,MO,Acute Care Hospitals,Government - Local,Yes,4
34011F,NMC Camp Lejeune,Camp Lejeune,NC,Acute Care - Department of Defense,Department of Defense,Yes,Not Available
170103,NMC HEALTH,NEWTON,KS,Acute Care Hospitals,Voluntary non-profit - Private,Yes,5
49008F,NMC Portsmouth,Portsmouth,VA,Acute Care - Department of Defense,Department of Defense,Yes,Not Available
05022F,NMC San Diego,San Diego,CA,Acute Care - Department of Defense,Department of Defense,Yes,Not Available
450641,NOCONA GENERAL HOSPITAL,NOCONA,TX,Acute Care Hospitals,Government - Hospital District or Authority,Yes,1
321305,NOR-LEA HOSPITAL DISTRICT,LOVINGTON,NM,Critical Access Hospitals,Government - Hospital District or Authority,Yes,Not Available
370008,NORMAN REGIONAL,NORMAN,OK,Acute Care Hospitals,Government - Hospital District or Authority,Yes,2
394001,NORRISTOWN STATE HOSPITAL,NORRISTOWN,PA,Psychiatric,Government - State,No,Not Available
221304,NORTH ADAMS REGIONAL HOSPITAL CORPORATION,NORTH ADAMS,MA,Critical Access Hospitals,Government - Federal,Yes,Not Available
010006,NORTH ALABAMA MEDICAL CENTER,FLORENCE,AL,Acute Care Hospitals,Proprietary,Yes,2
010157,NORTH ALABAMA SHOALS HOSPITAL,MUSCLE SHOALS,AL,Acute Care Hospitals,Proprietary,Yes,Not Available
040017,NORTH ARKANSAS REGIONAL MEDICAL CENTER,HARRISON,AR,Acute Care Hospitals,Voluntary non-profit - Private,Yes,2
450809,NORTH AUSTIN MEDICAL CENTER,AUSTIN,TX,Acute Care Hospitals,Proprietary,Yes,3
010129,NORTH BALDWIN INFIRMARY,BAY MINETTE,AL,Acute Care Hospitals,Voluntary non-profit - Private,Yes,3
531309,NORTH BIG HORN HOSPITAL DISTRICT,LOVELL,WY,Critical Access Hospitals,Government - Hospital District or Authority,Yes,4
191304,NORTH CADDO MEDICAL CENTER,VIVIAN,LA,Critical Access Hospitals,Government - Hospital District or Authority,Yes,Not Available
131302,NORTH CANYON MEDICAL CENTER,GOODING,ID,Critical Access Hospitals,Voluntary non-profit - Private,No,Not Available
340047,NORTH CAROLINA BAPTIST HOSPITAL,WINSTON-SALEM,NC,Acute Care Hospitals,Voluntary non-profit - Private,Yes,4
340049,NORTH CAROLINA SPECIALTY HOSPITAL,DURHAM,NC,Acute Care Hospitals,Proprietary,No,Not Available
524017,NORTH CENTRAL HEALTH CARE,WAUSAU,WI,Psychiatric,Voluntary non-profit - Other,No,Not Available
670049,NORTH CENTRAL SURGICAL CENTER LLP,DALLAS,TX,Acute Care Hospitals,Voluntary non-profit - Other,Yes,Not Available
14034F,NORTH CHICAGO VA MEDICAL CENTER,NORTH CHICAGO,IL,Acute Care - Veterans Administration,Veterans Health Administration,Yes,4
471304,NORTH COUNTRY HOSPITAL AND HEALTH CENTER,NEWPORT,VT,Critical Access Hospitals,Voluntary non-profit - Private,Yes,1
354003,NORTH DAKOTA STATE HOSPITAL,JAMESTOWN,ND,Psychiatric,Government - State,No,Not Available
120028,"NORTH HAWAII COMMUNITY HOSPITAL, INC",KAMUELA,HI,Acute Care Hospitals,Voluntary non-profit - Private,Yes,3
240001,NORTH MEMORIAL HEALTH HOSPITAL,ROBBINSDALE,MN,Acute Care Hospitals,Voluntary non-profit - Private,Yes,1
250004,NORTH MISSISSIPPI MEDICAL CENTER,TUPELO,MS,Acute Care Hospitals,Voluntary non-profit - Private,Yes,2
250025,NORTH MISSISSIPPI MEDICAL CENTER-GILMORE AMORY,AMORY,MS,Acute Care Hospitals,Proprietary,Yes,3
254009,NORTH MISSISSIPPI STATE HOSPITAL,TUPELO,MS,Psychiatric,Government - State,No,Not Available
190015,NORTH OAKS MEDICAL CENTER,HAMMOND,LA,Acute Care Hospitals,Government - Hospital District or Authority,Yes,2
100122,NORTH OKALOOSA MEDICAL CENTER,CRESTVIEW,FL,Acute Care Hospitals,Voluntary non-profit - Private,Yes,3
531317,NORTH PLATTE VALLEY MEDICAL CENTER,SARATOGA,WY,Critical Access Hospitals,Voluntary non-profit - Private,Yes,Not Available
104087,NORTH PORT BEHAVIORAL HEALTH,NORTH PORT,FL,Psychiatric,Proprietary,No,Not Available
451315,NORTH RUNNELS HOSPITAL,WINTERS,TX,Critical Access Hospitals,Government - Hospital District or Authority,Yes,Not Available
241317,NORTH SHORE HEALTH,GRAND MARAIS,MN,Critical Access Hospitals,Government - Hospital District or Authority,Yes,Not Available
100029,NORTH SHORE MEDICAL CENTER,MIAMI,FL,Acute Care Hospitals,Proprietary,Yes,1
220035,NORTH SHORE MEDICAL CENTER -,SALEM,MA,Acute Care Hospitals,Voluntary non-profit - Private,Yes,5
330106,NORTH SHORE UNIVERSITY HOSPITAL,MANHASSET,NY,Acute Care Hospitals,Voluntary non-profit - Private,Yes,5
024001,NORTH STAR HOSPITAL,ANCHORAGE,AK,Psychiatric,Proprietary,Yes,Not Available
251318,NORTH SUNFLOWER MEDICAL CENTER CAH,RULEVILLE,MS,Critical Access Hospitals,Government - Local,Yes,1
104075,NORTH TAMPA BEHAVIORAL HEALTH,WESLEY CHAPEL,FL,Psychiatric,Proprietary,No,Not Available
450090,NORTH TEXAS MEDICAL CENTER,GAINESVILLE,TX,Acute Care Hospitals,Voluntary non-profit - Private,Yes,4
454008,NORTH TEXAS STATE HOSPITAL,WICHITA FALLS,TX,Psychiatric,Government - State,No,Not Available
241337,NORTH VALLEY HEALTH CENTER,WARREN,MN,Critical Access Hospitals,Voluntary non-profit - Private,Yes,Not Available
501321,NORTH VALLEY HOSPITAL,TONASKET,WA,Critical Access Hospitals,Government - Hospital District or Authority,Yes,Not Available
290005,NORTH VISTA HOSPITAL,NORTH LAS VEGAS,NV,Acute Care Hospitals,Voluntary non-profit - Private,Yes,3
100365,NORTH WALTON DOCTORS HOSPITAL,DEFUNIAK SPRINGS,FL,Acute Care Hospitals,Physician,Yes,Not Available
22009F,NORTHAMPTON VA MEDICAL CENTER,LEEDS,MA,Acute Care - Veterans Administration,Veterans Health Administration,No,Not Available
050367,NORTHBAY MEDICAL CENTER,FAIRFIELD,CA,Acute Care Hospitals,Voluntary non-profit - Private,Yes,2
314018,NORTHBROOK BEHAVIORAL HEALTH HOSPITAL,BLACKWOOD,NJ,Psychiatric,Proprietary,No,Not Available
364011,NORTHCOAST BEHAVIORAL HEALTHCARE NORTHFIELD CAMPUS,NORTHFIELD,OH,Psychiatric,Government - State,No,Not Available
010078,NORTHEAST ALABAMA REGIONAL MEDICAL CENTER,ANNISTON,AL,Acute Care Hospitals,Government - Local,Yes,1
104007,NORTHEAST FLORIDA STATE HOSPITAL,MACCLENNY,FL,Psychiatric,Government - State,No,Not Available
110041,NORTHEAST GEORGIA MEDICAL CENTER HABERSHAM,DEMOREST,GA,Acute Care Hospitals,Government - Hospital District or Authority,Yes,3
110237,NORTHEAST GEORGIA MEDICAL CENTER LUMPKIN,DAHLONEGA,GA,Acute Care Hospitals,Voluntary non-profit - Other,Yes,5
110029,"NORTHEAST GEORGIA MEDICAL CENTER, INC",GAINESVILLE,GA,Acute Care Hospitals,Government - Local,Yes,3
220033,NORTHEAST HOSPITAL CORPORATION,BEVERLY,MA,Acute Care Hospitals,Voluntary non-profit - Private,Yes,3
260022,NORTHEAST REGIONAL MEDICAL CENTER,KIRKSVILLE,MO,Acute Care Hospitals,Proprietary,Yes,2
154050,NORTHEASTERN CENTER,AUBURN,IN,Psychiatric,Voluntary non-profit - Private,No,Not Available
370089,NORTHEASTERN HEALTH SYSTEM,TAHLEQUAH,OK,Acute Care Hospitals,Government - Hospital District or Authority,Yes,2
290008,NORTHEASTERN NEVADA REGIONAL HOSPITAL,ELKO,NV,Acute Care Hospitals,Proprietary,Yes,3
471303,NORTHEASTERN VERMONT REGIONAL HOSPITAL,SAINT JOHNSBURY,VT,Critical Access Hospitals,Voluntary non-profit - Private,Yes,3
031302,"NORTHERN COCHISE COMMUNITY HOSPITAL, INC.",WILLCOX,AZ,Critical Access Hospitals,Voluntary non-profit - Private,Yes,Not Available
330049,NORTHERN DUTCHESS HOSPITAL,RHINEBECK,NY,Acute Care Hospitals,Voluntary non-profit - Private,Yes,4
051324,NORTHERN INYO HOSPITAL,BISHOP,CA,Critical Access Hospitals,Government - Hospital District or Authority,Yes,3
200018,NORTHERN LIGHT  A R GOULD HOSPITAL,PRESQUE ISLE,ME,Acute Care Hospitals,Voluntary non-profit - Private,Yes,2
204006,NORTHERN LIGHT ACADIA HOSPITAL,BANGOR,ME,Psychiatric,Voluntary non-profit - Private,No,Not Available
201300,NORTHERN LIGHT BLUE HILL MEMORIAL HOSPITAL,BLUE HILL,ME,Critical Access Hospitals,Voluntary non-profit - Private,Yes,Not Available
201301,NORTHERN LIGHT C A DEAN HOSPITAL,GREENVILLE,ME,Critical Access Hospitals,Government - Hospital District or Authority,No,Not Available
200033,NORTHERN LIGHT EASTERN MAINE MEDICAL CENTER,BANGOR,ME,Acute Care Hospitals,Voluntary non-profit - Private,Yes,5
200050,NORTHERN LIGHT MAINE COAST HOSPITAL,ELLSWORTH,ME,Acute Care Hospitals,Voluntary non-profit - Other,Yes,3
201309,NORTHERN LIGHT MAYO HOSPITAL,DOVER FOXCROFT,ME,Critical Access Hospitals,Government - Hospital District or Authority,Yes,2
200008,NORTHERN LIGHT MERCY HOSPITAL,PORTLAND,ME,Acute Care Hospitals,Voluntary non-profit - Church,Yes,4
201313,NORTHERN LIGHT SEBASTICOOK VALLEY HOSPITAL,PITTSFIELD,ME,Critical Access Hospitals,Voluntary non-profit - Private,Yes,2
190086,NORTHERN LOUISIANA MEDICAL CENTER,RUSTON,LA,Acute Care Hospitals,Proprietary,Yes,2
201317,NORTHERN MAINE MEDICAL CENTER,FORT KENT,ME,Critical Access Hospitals,Voluntary non-profit - Private,Yes,Not Available
271348,NORTHERN MONTANA HOSPITAL,HAVRE,MT,Critical Access Hospitals,Voluntary non-profit - Private,Yes,Not Available
320059,NORTHERN NAVAJO MEDICAL CENTER,SHIPROCK,NM,Acute Care Hospitals,Government - Federal,Yes,3
290032,NORTHERN NEVADA MEDICAL CENTER,SPARKS,NV,Acute Care Hospitals,Voluntary non-profit - Private,Yes,3
340003,NORTHERN REGIONAL HOSPITAL,MOUNT AIRY,NC,Acute Care Hospitals,Government - Hospital District or Authority,Yes,4
271337,NORTHERN ROCKIES MEDICAL CENTER,CUT BANK,MT,Critical Access Hospitals,Voluntary non-profit - Private,No,Not Available
494010,NORTHERN VIRGINIA MENTAL HEALTH INSTI,FALLS CHURCH,VA,Psychiatric,Government - State,No,Not Available
330162,NORTHERN WESTCHESTER HOSPITAL,MOUNT KISCO,NY,Acute Care Hospitals,Voluntary non-profit - Private,Yes,5
240014,NORTHFIELD HOSPITAL,NORTHFIELD,MN,Acute Care Hospitals,Government - Local,Yes,4
194007,NORTHLAKE BEHAVIORAL HEALTH SYSTEM,MANDEVILLE,LA,Psychiatric,Voluntary non-profit - Private,No,Not Available
33019F,NORTHPORT VA MEDICAL CENTER,NORTHPORT,NY,Acute Care - Veterans Administration,Veterans Health Administration,Yes,5
050116,NORTHRIDGE HOSPITAL MEDICAL CENTER,NORTHRIDGE,CA,Acute Care Hospitals,Voluntary non-profit - Private,Yes,4
140010,NORTHSHORE UNIVERSITY HEALTHSYSTEM - EVANSTON HOSPITAL,EVANSTON,IL,Acute Care Hospitals,Voluntary non-profit - Other,Yes,5
110161,NORTHSIDE HOSPITAL,ATLANTA,GA,Acute Care Hospitals,Voluntary non-profit - Private,Yes,3
110008,NORTHSIDE HOSPITAL CHEROKEE,CANTON,GA,Acute Care Hospitals,Voluntary non-profit - Other,Yes,4
110252,NORTHSIDE HOSPITAL DULUTH,DULUTH,GA,Acute Care Hospitals,Voluntary non-profit - Private,Yes,4
110005,NORTHSIDE HOSPITAL FORSYTH,CUMMING,GA,Acute Care Hospitals,Voluntary non-profit - Private,Yes,4
110087,NORTHSIDE HOSPITAL GWINNETT,LAWRENCEVILLE,GA,Acute Care Hospitals,Government - Hospital District or Authority,Yes,3
330181,NORTHWELL HOSPITAL GLEN COVE,GLEN COVE,NY,Acute Care Hospitals,Voluntary non-profit - Private,Yes,5
374001,NORTHWEST CENTER FOR BEHAVIORAL HEALTH (NCBH),FORT SUPPLY,OK,Psychiatric,Government - State,No,Not Available
140252,NORTHWEST COMMUNITY HOSPITAL 1,ARLINGTON HEIGHTS,IL,Acute Care Hospitals,Voluntary non-profit - Private,Yes,4
101308,NORTHWEST FLORIDA COMMUNITY HOSPITAL,CHIPLEY,FL,Critical Access Hospitals,Voluntary non-profit - Private,Yes,2
150035,NORTHWEST HEALTH - PORTER,VALPARAISO,IN,Acute Care Hospitals,Proprietary,Yes,2
150102,NORTHWEST HEALTH - STARKE,KNOX,IN,Acute Care Hospitals,Proprietary,Yes,1
150006,NORTHWEST HEALTH-LA PORTE,LA PORTE,IN,Acute Care Hospitals,Voluntary non-profit - Private,Yes,3
450808,NORTHWEST HILLS SURGICAL HOSPITAL,AUSTIN,TX,Acute Care Hospitals,Voluntary non-profit - Private,Yes,Not Available
210040,NORTHWEST HOSPITAL CENTER,RANDALLSTOWN,MD,Acute Care Hospitals,Voluntary non-profit - Private,Yes,2
030085,NORTHWEST MEDICAL CENTER,TUCSON,AZ,Acute Care Hospitals,Proprietary,Yes,2
010086,NORTHWEST MEDICAL CENTER,WINFIELD,AL,Acute Care Hospitals,Proprietary,Yes,4
030148,NORTHWEST MEDICAL CENTER SAHUARITA,SAHUARITA,AZ,Acute Care Hospitals,Voluntary non-profit - Private,Yes,3
040022,NORTHWEST MEDICAL CENTER-SPRINGDALE,SPRINGDALE,AR,Acute Care Hospitals,Proprietary,Yes,3
250042,NORTHWEST MISSISSISSIPPI REGIONAL MEDICAL CENTER,CLARKSDALE,MS,Acute Care Hospitals,Proprietary,Yes,3
264007,NORTHWEST MISSOURI PSYCHIATRIC REHAB CTR,SAINT JOSEPH,MO,Psychiatric,Government - State,No,Not Available
364014,NORTHWEST OHIO PSYCHIATRIC HOSPITAL,TOLEDO,OH,Psychiatric,Government - State,Yes,Not Available
130066,NORTHWEST SPECIALTY HOSPITAL,POST FALLS,ID,Acute Care Hospitals,Proprietary,No,Not Available
370192,NORTHWEST SURGICAL HOSPITAL,OKLAHOMA CITY,OK,Acute Care Hospitals,Physician,Yes,Not Available
450209,NORTHWEST TEXAS HOSPITAL,AMARILLO,TX,Acute Care Hospitals,Voluntary non-profit - Private,Yes,3
140130,NORTHWESTERN LAKE FOREST HOSPITAL,LAKE FOREST,IL,Acute Care Hospitals,Voluntary non-profit - Other,Yes,5
470024,NORTHWESTERN MEDICAL CENTER INC,SAINT ALBANS,VT,Acute Care Hospitals,Voluntary non-profit - Other,Yes,4
140242,NORTHWESTERN MEDICINE CENTRAL DUPAGE HOSPITAL,WINFIELD,IL,Acute Care Hospitals,Voluntary non-profit - Private,Yes,5
140211,NORTHWESTERN MEDICINE DELNOR COMMUNITY HOSPITAL,GENEVA,IL,Acute Care Hospitals,Voluntary non-profit - Private,Yes,5
140286,NORTHWESTERN MEDICINE KISHWAUKEE HOSPITAL,DEKALB,IL,Acute Care Hospitals,Voluntary non-profit - Private,Yes,5
140116,NORTHWESTERN MEDICINE MCHENRY,MCHENRY,IL,Acute Care Hospitals,Voluntary non-profit - Other,Yes,5
140281,NORTHWESTERN MEMORIAL HOSPITAL,CHICAGO,IL,Acute Care Hospitals,Voluntary non-profit - Private,Yes,5
351312,NORTHWOOD DEACONESS HEALTH CENTER,NORTHWOOD,ND,Critical Access Hospitals,Voluntary non-profit - Church,Yes,Not Available
150009,NORTON CLARK HOSPITAL,JEFFERSONVILLE,IN,Acute Care Hospitals,Voluntary non-profit - Other,Yes,3
171348,NORTON COUNTY HOSPITAL,NORTON,KS,Critical Access Hospitals,Government - Local,Yes,Not Available
180088,"NORTON HOSPITALS, INC",LOUISVILLE,KY,Acute Care Hospitals,Voluntary non-profit - Private,Yes,2
151334,NORTON SCOTT HOSPITAL,SCOTTSBURG,IN,Critical Access Hospitals,Proprietary,Yes,2
021308,NORTON SOUND REGIONAL HOSPITAL,NOME,AK,Critical Access Hospitals,Tribal,Yes,Not Available
150069,NORTON-KING'S DAUGHTERS' HEALTH,MADISON,IN,Acute Care Hospitals,Voluntary non-profit - Private,Yes,2
070034,NORWALK HOSPITAL,NORWALK,CT,Acute Care Hospitals,Voluntary non-profit - Private,Yes,3
524019,NORWOOD HEALTH CENTER,MARSHFIELD,WI,Psychiatric,Government - Local,No,Not Available
220126,NORWOOD HOSPITAL,NORWOOD,MA,Acute Care Hospitals,Proprietary,Yes,Not Available
340195,NOVANT HEALTH BALLANTYNE MEDICAL CENTER,CHARLOTTE,NC,Acute Care Hospitals,Voluntary non-profit - Private,Yes,Not Available
340158,NOVANT HEALTH BRUNSWICK MEDICAL CENTER,SUPPLY,NC,Acute Care Hospitals,Voluntary non-profit - Other,Yes,4
340014,NOVANT HEALTH FORSYTH MEDICAL CENTER,WINSTON-SALEM,NC,Acute Care Hospitals,Voluntary non-profit - Private,Yes,4
420080,NOVANT HEALTH HILTON HEAD MEDICAL CENTER,HILTON HEAD ISLAND,SC,Acute Care Hospitals,Voluntary non-profit - Other,Yes,2
340183,NOVANT HEALTH HUNTERSVILLE MEDICAL CENTER,HUNTERSVILLE,NC,Acute Care Hospitals,Voluntary non-profit - Private,Yes,4
340171,NOVANT HEALTH MATTHEWS MEDICAL CENTER,MATTHEWS,NC,Acute Care Hospitals,Voluntary non-profit - Other,Yes,5
340148,NOVANT HEALTH MEDICAL PARK HOSPITAL,WINSTON-SALEM,NC,Acute Care Hospitals,Voluntary non-profit - Other,No,5
340190,NOVANT HEALTH MINT HILL MEDICAL CENTER,CHARLOTTE,NC,Acute Care Hospitals,Voluntary non-profit - Private,Yes,5
340141,NOVANT HEALTH NEW HANOVER REGIONAL MEDICAL CENTER,WILMINGTON,NC,Acute Care Hospitals,Government - Local,Yes,3
340053,NOVANT HEALTH PRESBYTERIAN MEDICAL CENTER,CHARLOTTE,NC,Acute Care Hospitals,Voluntary non-profit - Private,Yes,5
340015,NOVANT HEALTH ROWAN MEDICAL CENTER,SALISBURY,NC,Acute Care Hospitals,Voluntary non-profit - Private,Yes,4
340085,NOVANT HEALTH THOMASVILLE MEDICAL CENTER,THOMASVILLE,NC,Acute Care Hospitals,Voluntary non-profit - Private,Yes,3
490045,NOVANT PRINCE WILLIAM MEDICAL CENTER,MANASSAS,VA,Acute Care Hospitals,Voluntary non-profit - Private,Yes,3
050131,NOVATO COMMUNITY HOSPITAL,NOVATO,CA,Acute Care Hospitals,Voluntary non-profit - Private,Yes,5
251307,NOXUBEE GENERAL CRITICAL ACCESS HOSP,MACON,MS,Critical Access Hospitals,Government - State,Yes,Not Available
330045,NS/LIJ HS HUNTINGTON HOSPITAL,HUNTINGTON,NY,Acute Care Hospitals,Voluntary non-profit - Private,Yes,5
330043,NS/LIJ HS SOUTHSIDE HOSPITAL,BAY SHORE,NY,Acute Care Hospitals,Voluntary non-profit - Private,Yes,3
330100,NY EYE AND EAR INFIRMARY OF MOUNT SINAI,NEW YORK,NY,Acute Care Hospitals,Voluntary non-profit - Private,No,Not Available
330104,NYACK HOSPITAL,NYACK,NY,Acute Care Hospitals,Voluntary non-profit - Private,Yes,2
330214,NYU LANGONE HOSPITALS,NEW YORK,NY,Acute Care Hospitals,Voluntary non-profit - Private,Yes,5
370093,O U MEDICAL CENTER,OKLAHOMA CITY,OK,Acute Care Hospitals,Voluntary non-profit - Private,Yes,2
331305,O'CONNOR HOSPITAL,DELHI,NY,Critical Access Hospitals,Voluntary non-profit - Private,Yes,Not Available
050067,OAK VALLEY HOSPITAL DISTRICT,OAKDALE,CA,Acute Care Hospitals,Government - Hospital District or Authority,Yes,1
450330,OAKBEND MEDICAL CENTER,RICHMOND,TX,Acute Care Hospitals,Government - Hospital District or Authority,Yes,3
190106,OAKDALE COMMUNITY HOSPITAL,OAKDALE,LA,Acute Care Hospitals,Proprietary,Yes,3
230217,OAKLAWN HOSPITAL,MARSHALL,MI,Acute Care Hospitals,Voluntary non-profit - Other,Yes,4
154031,OAKLAWN PSYCHIATRIC CENTER INC,GOSHEN,IN,Psychiatric,Voluntary non-profit - Private,No,Not Available
520196,OAKLEAF SURGICAL HOSPITAL,ALTOONA,WI,Acute Care Hospitals,Physician,No,Not Available
374025,"OAKWOOD SPRINGS, LLC",OKLAHOMA CITY,OK,Psychiatric,Proprietary,No,Not Available
034029,OASIS BEHAVIORAL HEALTH HOSPITAL,CHANDLER,AZ,Psychiatric,Proprietary,No,Not Available
501314,OCEAN BEACH HOSPITAL,ILWACO,WA,Critical Access Hospitals,Government - Hospital District or Authority,Yes,2
310052,OCEAN MEDICAL CENTER,BRICK,NJ,Acute Care Hospitals,Voluntary non-profit - Other,Yes,4
054153,OCEAN VIEW PSYCHIATRIC HEALTH FACILITY,LONG BEACH,CA,Psychiatric,Proprietary,No,Not Available
454110,OCEANS BEHAVIORAL  HOSPITAL OF PERMIAN BASIN,MIDLAND,TX,Psychiatric,Proprietary,No,Not Available
454122,OCEANS BEHAVIORAL HOSPITAL OF ABILENE,ABILENE,TX,Psychiatric,Proprietary,No,Not Available
194096,OCEANS BEHAVIORAL HOSPITAL OF ALEXANDRIA,ALEXANDRIA,LA,Psychiatric,Proprietary,No,Not Available
454154,OCEANS BEHAVIORAL HOSPITAL OF AMARILLO,AMARILLO,TX,Psychiatric,Proprietary,No,Not Available
194086,OCEANS BEHAVIORAL HOSPITAL OF BATON ROUGE,BATON ROUGE,LA,Psychiatric,Proprietary,No,Not Available
454155,OCEANS BEHAVIORAL HOSPITAL OF CORPUS CHRISTI,CORPUS CHRISTI,TX,Psychiatric,Proprietary,No,Not Available
194081,OCEANS BEHAVIORAL HOSPITAL OF DERIDDER,DERIDDER,LA,Psychiatric,Proprietary,No,Not Available
194098,OCEANS BEHAVIORAL HOSPITAL OF GREATER NEW ORLEANS,KENNER,LA,Psychiatric,Proprietary,No,Not Available
254014,OCEANS BEHAVIORAL HOSPITAL OF JACKSON,JACKSON,MS,Psychiatric,Proprietary,No,Not Available
454136,OCEANS BEHAVIORAL HOSPITAL OF KATY,KATY,TX,Psychiatric,Proprietary,No,Not Available
194091,OCEANS BEHAVIORAL HOSPITAL OF KENTWOOD,KENTWOOD,LA,Psychiatric,Proprietary,No,Not Available
194090,OCEANS BEHAVIORAL HOSPITAL OF LAKE CHARLES,LAKE CHARLES,LA,Psychiatric,Proprietary,No,Not Available
454117,OCEANS BEHAVIORAL HOSPITAL OF LONGVIEW,LONGVIEW,TX,Psychiatric,Proprietary,No,Not Available
454157,OCEANS BEHAVIORAL HOSPITAL OF LUBBOCK,LUBBOCK,TX,Psychiatric,Proprietary,No,Not Available
454123,OCEANS BEHAVIORAL HOSPITAL OF LUFKIN LLC,LUFKIN,TX,Psychiatric,Proprietary,No,Not Available
194095,OCEANS BEHAVIORAL HOSPITAL OF OPELOUSAS,OPELOUSAS,LA,Psychiatric,Proprietary,No,Not Available
454147,OCEANS BEHAVIORAL HOSPITAL OF PASADENA,PASADENA,TX,Psychiatric,Proprietary,No,Not Available
254013,OCEANS BEHAVIORAL HOSPITAL OF TUPELO,TUPELO,MS,Psychiatric,Proprietary,No,Not Available
454150,OCEANS BEHAVIORAL HOSPITAL OF WACO,WACO,TX,Psychiatric,Proprietary,No,Not Available
254012,OCEANS BEHAVIORAL HOSPITAL- BILOXI,BILOXI,MS,Psychiatric,Proprietary,No,Not Available
194073,OCEANS HOSPITAL OF BROUSSARD,BROUSSARD,LA,Psychiatric,Proprietary,No,Not Available
451359,OCHILTREE GENERAL HOSPITAL,PERRYTON,TX,Critical Access Hospitals,Government - Hospital District or Authority,Yes,Not Available
190053,OCHSNER AMERICAN LEGION HOSPITAL,JENNINGS,LA,Acute Care Hospitals,Voluntary non-profit - Private,Yes,2
011304,OCHSNER CHOCTAW GENERAL,BUTLER,AL,Critical Access Hospitals,Voluntary non-profit - Private,Yes,Not Available
190002,OCHSNER LAFAYETTE GENERAL MEDICAL CENTER,LAFAYETTE,LA,Acute Care Hospitals,Voluntary non-profit - Private,Yes,3
251322,OCHSNER LAIRD HOSPITAL,UNION,MS,Critical Access Hospitals,Voluntary non-profit - Private,Yes,Not Available
190011,OCHSNER LSU HEALTH MONROE,MONROE,LA,Acute Care Hospitals,Voluntary non-profit - Private,Yes,3
190098,OCHSNER LSU HEALTH SHREVEPORT,SHREVEPORT,LA,Acute Care Hospitals,Voluntary non-profit - Private,Yes,2
190317,OCHSNER LSU HEALTH SHREVEPORT-ST MARY MEDICAL CENT,SHREVEPORT,LA,Acute Care Hospitals,Voluntary non-profit - Private,No,2
190202,OCHSNER MEDICAL CENTER - BATON ROUGE,BATON ROUGE,LA,Acute Care Hospitals,Voluntary non-profit - Private,Yes,4
190036,OCHSNER MEDICAL CENTER ACUTE,NEW ORLEANS,LA,Acute Care Hospitals,Voluntary non-profit - Private,Yes,4
250162,OCHSNER MEDICAL CENTER-HANCOCK,BAY SAINT LOUIS,MS,Acute Care Hospitals,Government - Local,Yes,3
190274,OCHSNER MEDICAL CENTER-KENNER,KENNER,LA,Acute Care Hospitals,Voluntary non-profit - Private,Yes,4
250069,OCHSNER RUSH HOSPITAL,MERIDIAN,MS,Acute Care Hospitals,Voluntary non-profit - Private,Yes,3
251323,OCHSNER SCOTT REGIONAL,MORTON,MS,Critical Access Hospitals,Voluntary non-profit - Private,Yes,Not Available
191324,OCHSNER ST ANNE GENERAL HOSPITAL,RACELAND,LA,Critical Access Hospitals,Voluntary non-profit - Other,Yes,Not Available
191302,OCHSNER ST MARTIN HOSPITAL,BREAUX BRIDGE,LA,Critical Access Hospitals,Voluntary non-profit - Private,Yes,Not Available
190014,OCHSNER ST MARY,MORGAN CITY,LA,Acute Care Hospitals,Voluntary non-profit - Private,Yes,2
251335,OCHSNER STENNIS MEMORIAL HOSPITAL,DE KALB,MS,Critical Access Hospitals,Voluntary non-profit - Private,Yes,Not Available
190006,OCHSNER UNIVERSITY HOSPITAL AND CLINICS,LAFAYETTE,LA,Acute Care Hospitals,Voluntary non-profit - Private,Yes,3
251316,OCHSNER WATKINS HOSPITAL,QUITMAN,MS,Critical Access Hospitals,Voluntary non-profit - Private,Yes,Not Available
520062,OCONOMOWOC MEMORIAL HOSPITAL,OCONOMOWOC,WI,Acute Care Hospitals,Voluntary non-profit - Private,Yes,5
501307,ODESSA MEMORIAL HEALTHCARE CENTER,ODESSA,WA,Critical Access Hospitals,Government - Hospital District or Authority,Yes,Not Available
450661,ODESSA REGIONAL MEDICAL CENTER,ODESSA,TX,Acute Care Hospitals,Proprietary,Yes,3
281355,OGALLALA COMMUNITY HOSPITAL,OGALLALA,NE,Critical Access Hospitals,Government - Hospital District or Authority,Yes,Not Available
460005,OGDEN REGIONAL MEDICAL CENTER,OGDEN,UT,Acute Care Hospitals,Proprietary,Yes,3
181323,OHIO COUNTY HOSPITAL,HARTFORD,KY,Critical Access Hospitals,Proprietary,Yes,2
364041,OHIO HOSPITAL FOR PSYCHIATRY,COLUMBUS,OH,Psychiatric,Proprietary,No,Not Available
360085,OHIO STATE UNIVERSITY STATE HEALTH SYSTEM,COLUMBUS,OH,Acute Care Hospitals,Government - State,Yes,3
360355,OHIO VALLEY SURGICAL HOSPITAL,SPRINGFIELD,OH,Acute Care Hospitals,Voluntary non-profit - Private,No,Not Available
360118,OHIOHEALTH MANSFIELD HOSPITAL,MANSFIELD,OH,Acute Care Hospitals,Voluntary non-profit - Private,Yes,3
361313,OHIOHEALTH MORROW COUNTY HOSPITAL,MOUNT GILEAD,OH,Critical Access Hospitals,Government - Local,Yes,Not Available
360014,OHIOHEALTH O'BLENESS HOSPITAL,ATHENS,OH,Acute Care Hospitals,Voluntary non-profit - Other,Yes,3
361324,OHIOHEALTH SHELBY HOSPITAL,SHELBY,OH,Critical Access Hospitals,Voluntary non-profit - Private,Yes,4
380009,OHSU HOSPITAL AND CLINICS,PORTLAND,OR,Acute Care Hospitals,Voluntary non-profit - Other,Yes,3
371327,OKEENE MUNICIPAL HOSPITAL,OKEENE,OK,Critical Access Hospitals,Government - Local,Yes,Not Available
370212,OKLAHOMA CENTER FOR ORTHOPAEDIC & MULTI-SP,OKLAHOMA CITY,OK,Acute Care Hospitals,Physician,Yes,Not Available
37014F,OKLAHOMA CITY VA MEDICAL CENTER,OKLAHOMA CITY,OK,Acute Care - Veterans Administration,Veterans Health Administration,Yes,2
370234,"OKLAHOMA HEART HOSPITAL SOUTH, LLC",OKLAHOMA CITY,OK,Acute Care Hospitals,Physician,Yes,5
370215,"OKLAHOMA HEART HOSPITAL, LLC",OKLAHOMA CITY,OK,Acute Care Hospitals,Physician,Yes,4
370206,OKLAHOMA SPINE HOSPITAL,OKLAHOMA CITY,OK,Acute Care Hospitals,Physician,Yes,Not Available
370078,OKLAHOMA STATE UNIVERSITY MEDICAL CENTER,TULSA,OK,Acute Care Hospitals,Government - Hospital District or Authority,Yes,2
370210,"OKLAHOMA SURGICAL HOSPITAL, LLC",TULSA,OK,Acute Care Hospitals,Physician,Yes,5
344007,OLD VINEYARD YOUTH SERVICES,WINSTON SALEM,NC,Psychiatric,Proprietary,No,Not Available
330103,OLEAN GENERAL HOSPITAL,OLEAN,NY,Acute Care Hospitals,Proprietary,Yes,1
241306,OLIVIA HOSPITAL & CLINIC,OLIVIA,MN,Critical Access Hospitals,Voluntary non-profit - Private,Yes,2
240006,OLMSTED MEDICAL CENTER,ROCHESTER,MN,Acute Care Hospitals,Voluntary non-profit - Private,Yes,4
500072,OLYMPIC MEDICAL CENTER,PORT ANGELES,WA,Acute Care Hospitals,Government - Local,Yes,3
28006F,OMAHA VA MEDICAL CENTER (VA NEBRASKA WESTERN IOWA HEALTHCARE SYSTEM),OMAHA,NE,Acute Care - Veterans Administration,Veterans Health Administration,Yes,4
190302,"OMEGA HOSPITAL, LLC",METAIRIE,LA,Acute Care Hospitals,Physician,No,Not Available
370220,ONECORE HEALTH,OKLAHOMA CITY,OK,Acute Care Hospitals,Proprietary,Yes,Not Available
330115,ONEIDA HEALTH HOSPITAL,ONEIDA,NY,Acute Care Hospitals,Voluntary non-profit - Private,Yes,2
340042,ONSLOW MEMORIAL HOSPITAL,JACKSONVILLE,NC,Acute Care Hospitals,Government - Hospital District or Authority,Yes,1
190017,OPELOUSAS GENERAL HEALTH SYSTEM,OPELOUSAS,LA,Acute Care Hospitals,Government - Hospital District or Authority,Yes,2
111312,OPTIM MEDICAL CENTER - SCREVEN,SYLVANIA,GA,Critical Access Hospitals,Proprietary,Yes,Not Available
111323,OPTIM MEDICAL CENTER - TATTNALL,REIDSVILLE,GA,Critical Access Hospitals,Proprietary,Yes,Not Available
154057,OPTIONS BEHAVIORAL HEALTH SYSTEM,INDIANAPOLIS,IN,Psychiatric,Proprietary,No,Not Available
161360,ORANGE CITY AREA HEALTH SYSTEM,ORANGE CITY,IA,Critical Access Hospitals,Voluntary non-profit - Other,Yes,3
050746,ORANGE COUNTY GLOBAL MEDICAL CENTER,SANTA ANA,CA,Acute Care Hospitals,Proprietary,Yes,2
051311,ORCHARD HOSPITAL,GRIDLEY,CA,Critical Access Hospitals,Voluntary non-profit - Private,Yes,Not Available
384008,OREGON STATE HOSPITAL DISTINCT PART,SALEM,OR,Psychiatric,Government - State,No,Not Available
460043,OREM COMMUNITY HOSPITAL,OREM,UT,Acute Care Hospitals,Voluntary non-profit - Private,Yes,Not Available
100006,ORLANDO HEALTH,ORLANDO,FL,Acute Care Hospitals,Voluntary non-profit - Private,Yes,4
100032,ORLANDO HEALTH BAYFRONT HOSPITAL,SAINT PETERSBURG,FL,Acute Care Hospitals,Voluntary non-profit - Private,Yes,2
100291,ORLANDO HEALTH MELBOURNE HOSPITAL,MELBOURNE,FL,Acute Care Hospitals,Voluntary non-profit - Private,Yes,3
100217,ORLANDO HEALTH SEBASTIAN RIVER HOSPITAL,SEBASTIAN,FL,Acute Care Hospitals,Voluntary non-profit - Private,Yes,4
100051,ORLANDO HEALTH SOUTH LAKE HOSPITAL,CLERMONT,FL,Acute Care Hospitals,Government - Hospital District or Authority,Yes,3
100302,ORLANDO HEALTH ST CLOUD HOSPITAL,SAINT CLOUD,FL,Acute Care Hospitals,Proprietary,Yes,2
100030,ORLANDO HEALTH-HEALTH CENTRAL HOSPITAL,OCOEE,FL,Acute Care Hospitals,Government - State,Yes,3
10099F,ORLANDO VA MEDICAL CENTER,ORLANDO,FL,Acute Care - Veterans Administration,Veterans Health Administration,Yes,5
030114,ORO VALLEY HOSPITAL,ORO VALLEY,AZ,Acute Care Hospitals,Proprietary,Yes,3
050030,OROVILLE HOSPITAL,OROVILLE,CA,Acute Care Hospitals,Voluntary non-profit - Private,Yes,1
060124,ORTHOCOLORADO HOSP AT ST ANTHONY MED CAMPUS,LAKEWOOD,CO,Acute Care Hospitals,Proprietary,Yes,Not Available
150160,ORTHOINDY HOSPITAL,INDIANAPOLIS,IN,Acute Care Hospitals,Physician,No,Not Available
150167,ORTHOPAEDIC HOSPITAL AT PARKVIEW NORTH,FORT WAYNE,IN,Acute Care Hospitals,Voluntary non-profit - Private,Yes,Not Available
520194,ORTHOPAEDIC HOSPITAL OF WISCONSIN,GLENDALE,WI,Acute Care Hospitals,Physician,No,Not Available
241342,ORTONVILLE AREA HEALTH SERVICES,ORTONVILLE,MN,Critical Access Hospitals,Government - Local,Yes,Not Available
264031,OSAGE BEACH CENTER FOR BEHAVIORAL HEALTH,OSAGE BEACH,MO,Psychiatric,Proprietary,No,Not Available
171364,OSBORNE COUNTY MEMORIAL HOSPITAL,OSBORNE,KS,Critical Access Hospitals,Government - Local,Yes,Not Available
161345,OSCEOLA COMMUNITY HOSPITAL,SIBLEY,IA,Critical Access Hospitals,Voluntary non-profit - Private,Yes,Not Available
140113,OSF HEART OF MARY MEDICAL CENTER,URBANA,IL,Acute Care Hospitals,Voluntary non-profit - Church,Yes,3
141318,OSF HOLY FAMILY MEDICAL CENTER,MONMOUTH,IL,Critical Access Hospitals,Voluntary non-profit - Church,Yes,4
140179,OSF LITTLE COMPANY OF MARY MEDICAL CENTER,EVERGREEN PARK,IL,Acute Care Hospitals,Voluntary non-profit - Other,Yes,2
140093,OSF SACRED HEART MEDICAL CENTER,DANVILLE,IL,Acute Care Hospitals,Voluntary non-profit - Church,Yes,2
140052,OSF SAINT ANTHONY'S HEALTH CENTER,ALTON,IL,Acute Care Hospitals,Voluntary non-profit - Church,No,4
141337,OSF SAINT CLARE MEDICAL CENTER,PRINCETON,IL,Critical Access Hospitals,Voluntary non-profit - Church,Yes,2
140110,OSF SAINT ELIZABETH MDL CTR,PERU,IL,Acute Care Hospitals,Voluntary non-profit - Private,Yes,3
140012,OSF SAINT KATHARINE MEDICAL CENTER,DIXON,IL,Acute Care Hospitals,Voluntary non-profit - Private,Yes,2
141325,OSF SAINT LUKE MEDICAL CENTER,KEWANEE,IL,Critical Access Hospitals,Voluntary non-profit - Private,Yes,4
141310,OSF SAINT PAUL MEDICAL CENTER,MENDOTA,IL,Critical Access Hospitals,Voluntary non-profit - Church,Yes,3
231337,OSF ST FRANCIS HOSPITAL AND MEDICAL GROUP,ESCANABA,MI,Critical Access Hospitals,Voluntary non-profit - Church,Yes,4
281347,OSMOND GENERAL HOSPITAL,OSMOND,NE,Critical Access Hospitals,Voluntary non-profit - Private,Yes,Not Available
390325,OSS ORTHOPAEDIC HOSPITAL,YORK,PA,Acute Care Hospitals,Proprietary,No,Not Available
330218,OSWEGO HOSPITAL,OSWEGO,NY,Acute Care Hospitals,Voluntary non-profit - Private,Yes,3
501318,OTHELLO COMMUNITY HOSPITAL,OTHELLO,WA,Critical Access Hospitals,Government - Local,Yes,Not Available
154014,OTIS R BOWEN CENTER FOR HUMAN SERVICES INC,PIERCETON,IN,Psychiatric,Voluntary non-profit - Private,No,Not Available
171328,OTTAWA COUNTY HEALTH CENTER,MINNEAPOLIS,KS,Critical Access Hospitals,Voluntary non-profit - Other,Yes,Not Available
451364,OTTO KAISER MEMORIAL HOSPITAL,KENEDY,TX,Critical Access Hospitals,Government - Hospital District or Authority,Yes,Not Available
160089,OTTUMWA REGIONAL HEALTH CENTER,OTTUMWA,IA,Acute Care Hospitals,Proprietary,Yes,2
040050,OUACHITA COUNTY MEDICAL CENTER,CAMDEN,AR,Acute Care Hospitals,Voluntary non-profit - Private,Yes,2
410005,OUR LADY OF FATIMA HOSPITAL,NORTH PROVIDENCE,RI,Acute Care Hospitals,Proprietary,Yes,3
330011,"OUR LADY OF LOURDES MEMORIAL HOSPITAL, INC",BINGHAMTON,NY,Acute Care Hospitals,Voluntary non-profit - Private,Yes,3
190102,"OUR LADY OF LOURDES REGIONAL MEDICAL CENTER, INC",LAFAYETTE,LA,Acute Care Hospitals,Voluntary non-profit - Private,Yes,3
190312,OUR LADY OF THE ANGELS HOSPITAL,BOGALUSA,LA,Acute Care Hospitals,Voluntary non-profit - Private,Yes,4
190064,OUR LADY OF THE LAKE REGIONAL MEDICAL CENTER,BATON ROUGE,LA,Acute Care Hospitals,Voluntary non-profit - Church,Yes,3
190270,OUR LADY OF THE LAKE SURGICAL HOSPITAL,SLIDELL,LA,Acute Care Hospitals,Physician,No,Not Available
500051,OVERLAKE HOSPITAL MEDICAL CENTER,BELLEVUE,WA,Acute Care Hospitals,Voluntary non-profit - Other,Yes,2
170176,OVERLAND PARK REG MED CTR,OVERLAND PARK,KS,Acute Care Hospitals,Proprietary,Yes,4
310051,OVERLOOK MEDICAL CENTER,SUMMIT,NJ,Acute Care Hospitals,Voluntary non-profit - Private,Yes,5
19048F,OVERTON BROOKS VA MEDICAL CENTER (SHREVEPORT),SHREVEPORT,LA,Acute Care - Veterans Administration,Veterans Health Administration,Yes,2
100329,OVIEDO MEDICAL CENTER,OVIEDO,FL,Acute Care Hospitals,Proprietary,Yes,3
240069,OWATONNA HOSPITAL,OWATONNA,MN,Acute Care Hospitals,Voluntary non-profit - Other,Yes,5
180004,OWENSBORO HEALTH MUHLENBERG COMMUNITY HOSPITAL,GREENVILLE,KY,Acute Care Hospitals,Voluntary non-profit - Private,Yes,4
180038,OWENSBORO HEALTH REGIONAL HOSPITAL,OWENSBORO,KY,Acute Care Hospitals,Voluntary non-profit - Private,Yes,2
180070,OWENSBORO HEALTH TWIN LAKES MEDICAL CENTER,LEITCHFIELD,KY,Acute Care Hospitals,Voluntary non-profit - Other,Yes,3
041313,OZARK HEALTH,CLINTON,AR,Critical Access Hospitals,Voluntary non-profit - Private,Yes,4
041331,OZARKS COMMUNITY HOSPITAL OF GRAVETTE,GRAVETTE,AR,Critical Access Hospitals,Voluntary non-profit - Private,Yes,Not Available
260078,OZARKS HEALTHCARE,WEST PLAINS,MO,Acute Care Hospitals,Voluntary non-profit - Private,Yes,2
350063,P H S INDIAN HOSP AT BELCOURT-QUENTIN N BURDICK,BELCOURT,ND,Acute Care Hospitals,Government - Federal,Yes,3
270074,P H S INDIAN HOSPITAL AT BROWNING - BLACKFEET,BROWNING,MT,Acute Care Hospitals,Government - Federal,Yes,Not Available
271339,P H S INDIAN HOSPITAL CROW / NORTHERN CHEYENNE,CROW AGENCY,MT,Critical Access Hospitals,Government - Federal,Yes,Not Available
271315,P H S INDIAN HOSPITAL-FT BELKNAP AT HARLEM - CAH,HARLEM,MT,Critical Access Hospitals,Government - Federal,Yes,Not Available
054130,PACIFIC GROVE HOSPITAL,RIVERSIDE,CA,Psychiatric,Proprietary,No,Not Available
050378,PACIFICA HOSPITAL OF THE VALLEY,SUN VALLEY,CA,Acute Care Hospitals,Proprietary,Yes,Not Available
031304,PAGE HOSPITAL,PAGE,AZ,Critical Access Hospitals,Government - Hospital District or Authority,Yes,Not Available
491307,"PAGE MEMORIAL HOSPITAL, INC",LURAY,VA,Critical Access Hospitals,Voluntary non-profit - Private,Yes,5
061328,PAGOSA SPRINGS MEDICAL CENTER,PAGOSA SPRINGS,CO,Critical Access Hospitals,Government - Hospital District or Authority,Yes,Not Available
180078,PAINTSVILLE ARH HOSPITAL,PAINTSVILLE,KY,Acute Care Hospitals,Proprietary,Yes,2
451332,PALACIOS COMMUNITY MEDICAL CENTER,PALACIOS,TX,Critical Access Hospitals,Voluntary non-profit - Private,Yes,Not Available
450747,PALESTINE REGIONAL MEDICAL CENTER,PALESTINE,TX,Acute Care Hospitals,Proprietary,Yes,1
120026,PALI MOMI MEDICAL CENTER,AIEA,HI,Acute Care Hospitals,Proprietary,Yes,4
310003,PALISADES MEDICAL CENTER,NORTH BERGEN,NJ,Acute Care Hospitals,Voluntary non-profit - Private,Yes,2
100316,PALM BAY HOSPITAL,PALM BAY,FL,Acute Care Hospitals,Proprietary,Yes,3
100176,PALM BEACH GARDENS MEDICAL CENTER,PALM BEACH GARDENS,FL,Acute Care Hospitals,Proprietary,Yes,2
104082,PALM POINT BEHAVIORAL HEALTH,TITUSVILLE,FL,Psychiatric,Proprietary,No,Not Available
050204,PALMDALE REGIONAL MEDICAL CENTER,PALMDALE,CA,Acute Care Hospitals,Proprietary,Yes,3
100187,PALMETTO GENERAL HOSPITAL,HIALEAH,FL,Acute Care Hospitals,Proprietary,Yes,2
424006,PALMETTO LOWCOUNTRY BEHAVIORAL HEALTH,CHARLESTON,SC,Psychiatric,Proprietary,No,Not Available
454141,PALMS BEHAVIORAL HEALTH,HARLINGEN,TX,Psychiatric,Proprietary,No,Not Available
161357,PALO ALTO COUNTY HOSPITAL,EMMETSBURG,IA,Critical Access Hospitals,Government - Local,Yes,Not Available
05031F,PALO ALTO VA MEDICAL CENTER,PALO ALTO,CA,Acute Care - Veterans Administration,Veterans Health Administration,Yes,5
450565,PALO PINTO GENERAL HOSPITAL,MINERAL WELLS,TX,Acute Care Hospitals,Government - Hospital District or Authority,Yes,3
034030,PALO VERDE BEHAVIORAL HEALTH,TUCSON,AZ,Psychiatric,Voluntary non-profit - Private,Yes,Not Available
051339,PALO VERDE HOSPITAL,BLYTHE,CA,Critical Access Hospitals,Government - Hospital District or Authority,No,Not Available
050115,PALOMAR HEALTH DOWNTOWN CAMPUS,ESCONDIDO,CA,Acute Care Hospitals,Government - Hospital District or Authority,Yes,3
050636,PALOMAR MEDICAL CENTER POWAY,POWAY,CA,Acute Care Hospitals,Government - Hospital District or Authority,Yes,4
140062,PALOS COMMUNITY HOSPITAL,PALOS HEIGHTS,IL,Acute Care Hospitals,Voluntary non-profit - Private,Yes,4
451398,PAMPA REGIONAL MEDICAL CENTER,PAMPA,TX,Critical Access Hospitals,Voluntary non-profit - Private,Yes,Not Available
141341,PANA COMMUNITY HOSPITAL,PANA,IL,Critical Access Hospitals,Voluntary non-profit - Private,Yes,4
250781,PANOLA MEDICAL CENTER,BATESVILLE,MS,Rural Emergency Hospital,Proprietary,Yes,Not Available
390153,PAOLI HOSPITAL,PAOLI,PA,Acute Care Hospitals,Voluntary non-profit - Private,Yes,5
050024,PARADISE VALLEY HOSPITAL,NATIONAL CITY,CA,Acute Care Hospitals,Proprietary,Yes,3
340017,PARDEE HOSPITAL HENDERSON COUNTY,HENDERSONVILLE,NC,Acute Care Hospitals,Government - Local,Yes,5
141320,PARIS COMMUNITY HOSPITAL,PARIS,IL,Critical Access Hospitals,Voluntary non-profit - Private,Yes,3
450196,PARIS REGIONAL MEDICAL CENTER,PARIS,TX,Acute Care Hospitals,Proprietary,Yes,1
154060,"PARK CENTER, INC",FORT WAYNE,IN,Psychiatric,Voluntary non-profit - Private,No,Not Available
460057,PARK CITY HOSPITAL,PARK CITY,UT,Acute Care Hospitals,Proprietary,Yes,5
240053,PARK NICOLLET METHODIST HOSPITAL,SAINT LOUIS PARK,MN,Acute Care Hospitals,Voluntary non-profit - Private,Yes,3
190255,PARK PLACE SURGICAL HOSPITAL,LAFAYETTE,LA,Acute Care Hospitals,Physician,No,Not Available
104074,PARK ROYAL HOSPITAL,FORT MYERS,FL,Psychiatric,Proprietary,No,Not Available
031307,PARKER INDIAN HEALTH CENTER,PARKER,AZ,Critical Access Hospitals,Government - Federal,Yes,Not Available
450015,PARKLAND HEALTH & HOSPITAL SYSTEM,DALLAS,TX,Acute Care Hospitals,Government - Hospital District or Authority,Yes,3
260163,PARKLAND HEALTH CENTER,FARMINGTON,MO,Acute Care Hospitals,Voluntary non-profit - Private,Yes,4
260779,PARKLAND HEALTH CENTER - BONNE TERRE,BONNE TERRE,MO,Rural Emergency Hospital,Voluntary non-profit - Private,Yes,Not Available
300017,PARKLAND MEDICAL CENTER,DERRY,NH,Acute Care Hospitals,Proprietary,Yes,4
440156,PARKRIDGE MEDICAL CENTER,CHATTANOOGA,TN,Acute Care Hospitals,Proprietary,Yes,4
374021,"PARKSIDE, INC",TULSA,OK,Psychiatric,Voluntary non-profit - Private,No,Not Available
050102,PARKVIEW COMMUNITY HOSPITAL MEDICAL CENTER,RIVERSIDE,CA,Acute Care Hospitals,Proprietary,Yes,3
150045,PARKVIEW DEKALB HOSPITAL,AUBURN,IN,Acute Care Hospitals,Voluntary non-profit - Private,Yes,3
451334,PARKVIEW HOSPITAL,WHEELER,TX,Critical Access Hospitals,Government - Hospital District or Authority,Yes,Not Available
150091,PARKVIEW HUNTINGTON HOSPITAL,HUNTINGTON,IN,Acute Care Hospitals,Voluntary non-profit - Private,Yes,4
151323,PARKVIEW LAGRANGE HOSPITAL,LAGRANGE,IN,Critical Access Hospitals,Voluntary non-profit - Private,Yes,5
060020,"PARKVIEW MEDICAL CENTER, INC",PUEBLO,CO,Acute Care Hospitals,Voluntary non-profit - Private,Yes,3
150146,PARKVIEW NOBLE HOSPITAL,KENDALLVILLE,IN,Acute Care Hospitals,Voluntary non-profit - Private,Yes,3
450400,PARKVIEW REGIONAL HOSPITAL,MEXIA,TX,Acute Care Hospitals,Proprietary,Yes,Not Available
150021,PARKVIEW REGIONAL MEDICAL CENTER,FORT WAYNE,IN,Acute Care Hospitals,Voluntary non-profit - Private,Yes,3
151310,"PARKVIEW WABASH HOSPITAL, INC",WABASH,IN,Critical Access Hospitals,Voluntary non-profit - Private,Yes,3
150101,PARKVIEW WHITLEY HOSPITAL,COLUMBIA CITY,IN,Acute Care Hospitals,Voluntary non-profit - Private,Yes,4
440173,PARKWEST MEDICAL CENTER,KNOXVILLE,TN,Acute Care Hospitals,Voluntary non-profit - Private,Yes,3
254005,PARKWOOD BEHAVIORAL HEALTH SYSTEM,OLIVE BRANCH,MS,Psychiatric,Proprietary,No,Not Available
360041,PARMA COMMUNITY GENERAL HOSPITAL,PARMA,OH,Acute Care Hospitals,Voluntary non-profit - Private,No,4
451300,PARMER COUNTY COMMUNITY HOSPITAL,FRIONA,TX,Critical Access Hospitals,Voluntary non-profit - Private,Yes,Not Available
100028,PARRISH MEDICAL CENTER,TITUSVILLE,FL,Acute Care Hospitals,Government - Hospital District or Authority,Yes,2
444010,"PATHWAYS OF TENNESSEE, INC",JACKSON,TN,Psychiatric,Voluntary non-profit - Private,No,Not Available
050697,PATIENTS' HOSPITAL OF REDDING,REDDING,CA,Acute Care Hospitals,Proprietary,No,Not Available
424011,PATRICK B HARRIS PSYCHIATRIC HOSPITAL,ANDERSON,SC,Psychiatric,Government - State,No,Not Available
231300,PAUL OLIVER MEMORIAL HOSPITAL,FRANKFORT,MI,Critical Access Hospitals,Government - Local,Yes,Not Available
361300,PAULDING COUNTY HOSPITAL,PAULDING,OH,Critical Access Hospitals,Government - Local,Yes,Not Available
371309,"PAWHUSKA HOSPITAL, INC",PAWHUSKA,OK,Critical Access Hospitals,Voluntary non-profit - Private,Yes,Not Available
281302,PAWNEE COUNTY MEMORIAL HOSPITAL,PAWNEE CITY,NE,Critical Access Hospitals,Government - Local,Yes,Not Available
171345,PAWNEE VALLEY COMMUNITY HOSPITAL,LARNED,KS,Critical Access Hospitals,Voluntary non-profit - Private,Yes,Not Available
381316,PEACE HARBOR MEDICAL CENTER,FLORENCE,OR,Critical Access Hospitals,Voluntary non-profit - Church,Yes,5
381301,PEACEHEALTH COTTAGE GROVE COMMUNITY MEDICAL CENTER,COTTAGE GROVE,OR,Critical Access Hospitals,Voluntary non-profit - Church,Yes,Not Available
021311,PEACEHEALTH KETCHIKAN MEDICAL CENTER,KETCHIKAN,AK,Critical Access Hospitals,Voluntary non-profit - Church,Yes,4
501340,PEACEHEALTH PEACE ISLAND MEDICAL CENTER,FRIDAY HARBOR,WA,Critical Access Hospitals,Voluntary non-profit - Private,Yes,Not Available
500050,PEACEHEALTH SOUTHWEST MEDICAL CENTER,VANCOUVER,WA,Acute Care Hospitals,Voluntary non-profit - Private,Yes,3
500041,PEACEHEALTH ST JOHN MEDICAL CENTER,LONGVIEW,WA,Acute Care Hospitals,Voluntary non-profit - Church,Yes,4
501329,PEACEHEALTH UNITED GENERAL MEDICAL CENTER,SEDRO WOOLLEY,WA,Critical Access Hospitals,Government - Hospital District or Authority,Yes,3
114010,PEACHFORD BEHAVIORAL HEALTH SYSTEM OF ATLANTA,ATLANTA,GA,Psychiatric,Proprietary,Yes,Not Available
324012,"PEAK BEHAVIORAL HEALTH SERVICES, LLC",SANTA TERESA,NM,Psychiatric,Proprietary,No,Not Available
064026,PEAK VIEW BEHAVIORAL HEALTH,COLORADO SPRINGS,CO,Psychiatric,Proprietary,Yes,Not Available
251333,PEARL RIVER COUNTY HOSPITAL,POPLARVILLE,MS,Critical Access Hospitals,Government - Local,Yes,Not Available
330107,PECONIC BAY MEDICAL CENTER,RIVERHEAD,NY,Acute Care Hospitals,Voluntary non-profit - Other,Yes,2
451389,PECOS COUNTY MEMORIAL HOSPITAL,FORT STOCKTON,TX,Critical Access Hospitals,Government - Local,Yes,Not Available
420103,PELHAM MEDICAL CENTER,GREER,SC,Acute Care Hospitals,Government - Hospital District or Authority,Yes,5
161367,PELLA REGIONAL HEALTH CENTER,PELLA,IA,Critical Access Hospitals,Voluntary non-profit - Private,Yes,4
351319,PEMBINA COUNTY MEMORIAL HOSPITAL,CAVALIER,ND,Critical Access Hospitals,Voluntary non-profit - Private,Yes,Not Available
260070,PEMISCOT COUNTY MEMORIAL HOSPITAL,HAYTI,MO,Acute Care Hospitals,Voluntary non-profit - Other,Yes,Not Available
281349,PENDER COMMUNITY HOSPITAL,PENDER,NE,Critical Access Hospitals,Government - Local,Yes,Not Available
341307,PENDER MEMORIAL HOSPITAL,BURGAW,NC,Critical Access Hospitals,Government - Local,Yes,Not Available
050007,PENINSULA MEDICAL CENTER,BURLINGAME,CA,Acute Care Hospitals,Voluntary non-profit - Private,Yes,5
391312,PENN HIGHLANDS BROOKVILLE,BROOKVILLE,PA,Critical Access Hospitals,Voluntary non-profit - Private,Yes,4
390184,PENN HIGHLANDS CONNELLSVILLE,CONNELLSVILLE,PA,Acute Care Hospitals,Voluntary non-profit - Private,Yes,Not Available
390086,PENN HIGHLANDS DUBOIS,DUBOIS,PA,Acute Care Hospitals,Voluntary non-profit - Private,Yes,2
391315,PENN HIGHLANDS ELK,SAINT MARYS,PA,Critical Access Hospitals,Voluntary non-profit - Private,Yes,4
390056,PENN HIGHLANDS HUNTINGDON,HUNTINGDON,PA,Acute Care Hospitals,Voluntary non-profit - Private,Yes,3
390147,PENN HIGHLANDS MON VALLEY,MONONGAHELA,PA,Acute Care Hospitals,Voluntary non-profit - Private,Yes,1
391307,PENN HIGHLANDS TYRONE,TYRONE,PA,Critical Access Hospitals,Voluntary non-profit - Private,Yes,Not Available
390223,PENN PRESBYTERIAN MEDICAL CENTER,PHILADELPHIA,PA,Acute Care Hospitals,Voluntary non-profit - Other,Yes,4
390336,PENN STATE HEALTH HAMPDEN MEDICAL CENTER,ENOLA,PA,Acute Care Hospitals,Voluntary non-profit - Private,Yes,4
390004,PENN STATE HEALTH HOLY SPIRIT MEDICAL CENTER,CAMP HILL,PA,Acute Care Hospitals,Voluntary non-profit - Private,Yes,3
390339,PENN STATE HEALTH LANCASTER MEDICAL CENTER,LANCASTER,PA,Acute Care Hospitals,Voluntary non-profit - Private,Yes,3
390096,PENN STATE HEALTH ST. JOSEPH,READING,PA,Acute Care Hospitals,Voluntary non-profit - Private,Yes,3
390226,PENNSYLVANIA HOSPITAL,PHILADELPHIA,PA,Acute Care Hospitals,Voluntary non-profit - Private,Yes,4
394051,PENNSYLVANIA PSYCHIATRIC INSTITUTE,HARRISBURG,PA,Psychiatric,Proprietary,Yes,Not Available
201303,PENOBSCOT VALLEY HOSPITAL,LINCOLN,ME,Critical Access Hospitals,Voluntary non-profit - Private,Yes,Not Available
241373,PERHAM HEALTH,PERHAM,MN,Critical Access Hospitals,Government - Hospital District or Authority,Yes,3
444023,PERIMETER BEHAVIORAL CENTER OF JACKSON,JACKSON,TN,Psychiatric,Proprietary,No,Not Available
454148,PERIMETER BEHAVIORAL HOSPITAL OF ARLINGTON,ARLINGTON,TX,Psychiatric,Proprietary,No,Not Available
454149,PERIMETER BEHAVIORAL HOSPITAL OF DALLAS,GARLAND,TX,Psychiatric,Proprietary,No,Not Available
194113,PERIMETER BEHAVIORAL HOSPITAL OF NEW ORLEANS,KENNER,LA,Psychiatric,Proprietary,No,Not Available
264033,PERIMETER BEHAVIORAL HOSPITAL OF SPRINGFIELD,SPRINGFIELD,MO,Psychiatric,Proprietary,No,Not Available
044021,PERIMETER BEHAVIORAL HOSPITAL OF WEST MEMPHIS,WEST MEMPHIS,AR,Psychiatric,Voluntary non-profit - Church,No,Not Available
281356,PERKINS COUNTY HEALTH SERVICES,GRANT,NE,Critical Access Hospitals,Government - Hospital District or Authority,Yes,Not Available
450144,PERMIAN REGIONAL MEDICAL CENTER ANDREWS COUNTY HO,ANDREWS,TX,Acute Care Hospitals,Government - Hospital District or Authority,Yes,Not Available
250783,PERRY COUNTY GENERAL HOSPITAL,RICHTON,MS,Rural Emergency Hospital,Government - Local,Yes,Not Available
151322,PERRY COUNTY MEMORIAL HOSPITAL,TELL CITY,IN,Critical Access Hospitals,Voluntary non-profit - Other,Yes,2
291304,PERSHING GENERAL HOSPITAL,LOVELOCK,NV,Critical Access Hospitals,Government - Hospital District or Authority,Yes,Not Available
261307,PERSHING MEMORIAL HOSPITAL,BROOKFIELD,MO,Critical Access Hospitals,Voluntary non-profit - Private,Yes,3
340159,PERSON MEMORIAL HOSPITAL,ROXBORO,NC,Acute Care Hospitals,Proprietary,Yes,3
050136,PETALUMA VALLEY HOSPITAL,PETALUMA,CA,Acute Care Hospitals,Voluntary non-profit - Other,No,4
021304,PETERSBURG MEDICAL CENTER,PETERSBURG,AK,Critical Access Hospitals,Government - Local,Yes,Not Available
450007,PETERSON REGIONAL MEDICAL CENTER,KERRVILLE,TX,Acute Care Hospitals,Voluntary non-profit - Private,Yes,4
260017,PHELPS COUNTY REGIONAL MEDICAL CENTER,ROLLA,MO,Acute Care Hospitals,Government - Local,Yes,2
330261,PHELPS HOSPITAL,SLEEPY HOLLOW,NY,Acute Care Hospitals,Voluntary non-profit - Private,Yes,4
281362,PHELPS MEMORIAL HEALTH CENTER,HOLDREGE,NE,Critical Access Hospitals,Voluntary non-profit - Private,Yes,4
39009F,PHILADELPHIA VA MEDICAL CENTER,PHILADELPHIA,PA,Acute Care - Veterans Administration,Veterans Health Administration,Yes,5
394020,PHILHAVEN HOSPITAL,MT GRETNA,PA,Psychiatric,Voluntary non-profit - Church,No,Not Available
171353,PHILLIPS COUNTY HOSPITAL,PHILLIPSBURG,KS,Critical Access Hospitals,Government - Local,Yes,Not Available
271312,PHILLIPS COUNTY HOSPITAL - CAH,MALTA,MT,Critical Access Hospitals,Voluntary non-profit - Private,Yes,Not Available
110007,PHOEBE PUTNEY MEMORIAL HOSPITAL,ALBANY,GA,Acute Care Hospitals,Government - Hospital District or Authority,Yes,2
110044,PHOEBE SUMTER MEDICAL CENTER,AMERICUS,GA,Acute Care Hospitals,Government - Hospital District or Authority,Yes,3
111328,PHOEBE WORTH MEDICAL CENTER,SYLVESTER,GA,Critical Access Hospitals,Voluntary non-profit - Private,Yes,Not Available
033302,PHOENIX CHILDREN'S HOSPITAL,PHOENIX,AZ,Childrens,Voluntary non-profit - Private,No,Not Available
030078,PHOENIX INDIAN MEDICAL CENTER,PHOENIX,AZ,Acute Care Hospitals,Government - Federal,No,Not Available
034038,"PHOENIX MEDICAL PSYCHIATRIC HOSPITAL, LLC",PHOENIX,AZ,Psychiatric,Proprietary,No,Not Available
03012F,PHOENIX VA MEDICAL CENTER,PHOENIX,AZ,Acute Care - Veterans Administration,Veterans Health Administration,Yes,5
390127,PHOENIXVILLE HOSPITAL,PHOENIXVILLE,PA,Acute Care Hospitals,Voluntary non-profit - Private,Yes,3
430084,PHS INDIAN HOSPITAL AT ROSEBUD,ROSEBUD,SD,Acute Care Hospitals,Government - Federal,Yes,Not Available
194094,PHYSICIANS BEHAVIORAL HOSPITAL,SHREVEPORT,LA,Psychiatric,Proprietary,No,Not Available
390324,PHYSICIANS CARE SURGICAL HOSPITAL,ROYERSFORD,PA,Acute Care Hospitals,Physician,No,Not Available
450834,"PHYSICIANS CENTRE,THE",BRYAN,TX,Acute Care Hospitals,Proprietary,Yes,Not Available
190241,PHYSICIANS MEDICAL CENTER,HOUMA,LA,Acute Care Hospitals,Physician,No,Not Available
440120,PHYSICIANS REGIONAL MEDICAL CENTER,POWELL,TN,Acute Care Hospitals,Proprietary,Yes,3
100286,PHYSICIANS REGIONAL MEDICAL CENTER - PINE RIDGE,NAPLES,FL,Acute Care Hospitals,Proprietary,Yes,2
150172,PHYSICIANS' MEDICAL CENTER LLC,NEW ALBANY,IN,Acute Care Hospitals,Physician,No,Not Available
110074,PIEDMONT ATHENS REGIONAL MEDICAL CENTER,ATHENS,GA,Acute Care Hospitals,Voluntary non-profit - Other,No,4
110028,PIEDMONT AUGUSTA HOSPITAL,AUGUSTA,GA,Acute Care Hospitals,Government - Hospital District or Authority,Yes,2
110030,PIEDMONT CARTERSVILLE MEDICAL CENTER,CARTERSVILLE,GA,Acute Care Hospitals,Voluntary non-profit - Private,Yes,3
110064,PIEDMONT COLUMBUS REGIONAL MIDTOWN,COLUMBUS,GA,Acute Care Hospitals,Voluntary non-profit - Other,Yes,2
110200,PIEDMONT COLUMBUS REGIONAL NORTHSIDE,COLUMBUS,GA,Acute Care Hospitals,Proprietary,No,5
110192,PIEDMONT EASTSIDE MEDICAL CENTER,SNELLVILLE,GA,Acute Care Hospitals,Proprietary,Yes,2
110215,PIEDMONT FAYETTE HOSPITAL,FAYETTEVILLE,GA,Acute Care Hospitals,Voluntary non-profit - Private,Yes,3
110191,PIEDMONT HENRY HOSPITAL,STOCKBRIDGE,GA,Acute Care Hospitals,Government - Hospital District or Authority,No,2
110083,"PIEDMONT HOSPITAL, INC",ATLANTA,GA,Acute Care Hospitals,Government - Federal,No,4
110201,PIEDMONT MACON NORTH HOSPITAL,MACON,GA,Acute Care Hospitals,Proprietary,Yes,4
420002,PIEDMONT MEDICAL CENTER,ROCK HILL,SC,Acute Care Hospitals,Proprietary,Yes,2
110225,PIEDMONT MOUNTAINSIDE HOSPITAL INC,JASPER,GA,Acute Care Hospitals,Voluntary non-profit - Other,No,4
110229,"PIEDMONT NEWNAN HOSPITAL, INC",NEWNAN,GA,Acute Care Hospitals,Voluntary non-profit - Private,Yes,4
110018,PIEDMONT NEWTON HOSPITAL,COVINGTON,GA,Acute Care Hospitals,Voluntary non-profit - Private,Yes,3
110091,PIEDMONT ROCKDALE HOSPITAL,CONYERS,GA,Acute Care Hospitals,Proprietary,No,3
110046,PIEDMONT WALTON HOSPITAL,MONROE,GA,Acute Care Hospitals,Proprietary,Yes,4
041330,PIGGOTT COMMUNITY HOSPITAL,PIGGOTT,AR,Critical Access Hospitals,Government - Local,Yes,3
050393,PIH HEALTH DOWNEY HOSPITAL,DOWNEY,CA,Acute Care Hospitals,Voluntary non-profit - Private,Yes,4
050471,PIH HEALTH GOOD SAMARITAN HOSPITAL,LOS ANGELES,CA,Acute Care Hospitals,Proprietary,No,2
050169,PIH HEALTH HOSPITAL-WHITTIER,WHITTIER,CA,Acute Care Hospitals,Voluntary non-profit - Private,Yes,4
261333,PIKE COUNTY MEMORIAL HOSPITAL,LOUISIANA,MO,Critical Access Hospitals,Government - Local,Yes,Not Available
180044,PIKEVILLE MEDICAL CENTER,PIKEVILLE,KY,Acute Care Hospitals,Voluntary non-profit - Private,Yes,1
334013,PILGRIM PSYCHIATRIC CENTER,WEST BRENTWOOD,NY,Psychiatric,Government - State,No,Not Available
141307,PINCKNEYVILLE COMMUNITY HOSPITAL,PINCKNEYVILLE,IL,Critical Access Hospitals,Government - Hospital District or Authority,Yes,Not Available
234006,PINE REST CHRISTIAN MENTAL HEALTH SERVICES,GRAND RAPIDS,MI,Psychiatric,Government - Federal,No,Not Available
430098,PINE RIDGE IHS HOSPITAL,PINE RIDGE,SD,Acute Care Hospitals,Government - Federal,Yes,Not Available
180154,"PINEVILLE COMMUNITY HEALTH CENTER, INC",PINEVILLE,KY,Acute Care Hospitals,Voluntary non-profit - Private,Yes,1
444029,PINEWOOD SPRINGS,COLUMBIA,TN,Psychiatric,Proprietary,No,Not Available
150166,PINNACLE HOSPITAL,CROWN POINT,IN,Acute Care Hospitals,Physician,No,Not Available
271313,PIONEER MEDICAL CENTER,BIG TIMBER,MT,Critical Access Hospitals,Voluntary non-profit - Private,Yes,Not Available
381310,PIONEER MEMORIAL HOSPITAL,HEPPNER,OR,Critical Access Hospitals,Government - Hospital District or Authority,Yes,Not Available
431328,PIONEER MEMORIAL HOSPITAL - CAH,VIBORG,SD,Critical Access Hospitals,Voluntary non-profit - Private,Yes,Not Available
050342,PIONEERS MEMORIAL HEALTHCARE DISTRICT,BRAWLEY,CA,Acute Care Hospitals,Government - Hospital District or Authority,Yes,3
241374,PIPESTONE COUNTY  MEDICAL CENTER,PIPESTONE,MN,Critical Access Hospitals,Government - Local,Yes,Not Available
451350,PLAINS MEMORIAL HOSPITAL,DIMMITT,TX,Critical Access Hospitals,Government - Local,No,Not Available
320022,PLAINS REGIONAL MEDICAL CENTER,CLOVIS,NM,Acute Care Hospitals,Voluntary non-profit - Private,Yes,2
330331,PLAINVIEW HOSPITAL,PLAINVIEW,NY,Acute Care Hospitals,Voluntary non-profit - Private,Yes,4
531305,PLATTE COUNTY HOSPITAL,WHEATLAND,WY,Critical Access Hospitals,Government - Local,Yes,4
431306,PLATTE HEALTH CENTER,PLATTE,SD,Critical Access Hospitals,Voluntary non-profit - Private,Yes,Not Available
051326,PLUMAS DISTRICT HOSPITAL,QUINCY,CA,Critical Access Hospitals,Government - Hospital District or Authority,Yes,Not Available
161305,POCAHONTAS COMMUNITY HOSPITAL,POCAHONTAS,IA,Critical Access Hospitals,Government - Local,Yes,Not Available
511314,POCAHONTAS MEMORIAL HOSPITAL,BUCKEYE,WV,Critical Access Hospitals,Government - Local,Yes,Not Available
191316,POINTE COUPEE GENERAL HOSPITAL,NEW ROADS,LA,Critical Access Hospitals,Government - Hospital District or Authority,Yes,Not Available
360148,POMERENE HOSPITAL,MILLERSBURG,OH,Acute Care Hospitals,Voluntary non-profit - Private,Yes,3
050231,POMONA VALLEY HOSPITAL MEDICAL CENTER,POMONA,CA,Acute Care Hospitals,Voluntary non-profit - Private,Yes,3
271324,PONDERA MEDICAL CENTER,CONRAD,MT,Critical Access Hospitals,Voluntary non-profit - Private,Yes,Not Available
251308,PONTOTOC HEALTH SERVICE INC CAH,PONTOTOC,MS,Critical Access Hospitals,Voluntary non-profit - Private,Yes,Not Available
260119,POPLAR BLUFF REGIONAL MEDICAL CENTER,POPLAR BLUFF,MO,Acute Care Hospitals,Proprietary,Yes,2
26007F,POPLAR BLUFF VA MEDICAL CENTER,POPLAR BLUFF,MO,Acute Care - Veterans Administration,Veterans Health Administration,No,Not Available
271300,POPLAR COMMUNITY HOSPITAL,POPLAR,MT,Critical Access Hospitals,Voluntary non-profit - Private,Yes,Not Available
494022,POPLAR SPRINGS HOSPITAL,PETERSBURG,VA,Psychiatric,Proprietary,No,Not Available
104070,PORT ST LUCIE HOSPITAL,PORT SAINT LUCIE,FL,Psychiatric,Proprietary,Yes,Not Available
471307,PORTER HOSPITAL INC,MIDDLEBURY,VT,Critical Access Hospitals,Voluntary non-profit - Private,Yes,3
154052,PORTER-STARKE SERVICES INC,VALPARAISO,IN,Psychiatric,Voluntary non-profit - Private,No,Not Available
050546,PORTERVILLE DEVELOPMENTAL CENTER,PORTERVILLE,CA,Acute Care Hospitals,Government - State,No,Not Available
38003F,PORTLAND VA MEDICAL CENTER,PORTLAND,OR,Acute Care - Veterans Administration,Veterans Health Administration,Yes,5
130028,PORTNEUF MEDICAL CENTER,POCATELLO,ID,Acute Care Hospitals,Proprietary,Yes,4
300029,PORTSMOUTH REGIONAL HOSPITAL,PORTSMOUTH,NH,Acute Care Hospitals,Proprietary,Yes,3
511315,POTOMAC VALLEY HOSPITAL,KEYSER,WV,Critical Access Hospitals,Voluntary non-profit - Private,Yes,1
390123,POTTSTOWN HOSPITAL,POTTSTOWN,PA,Acute Care Hospitals,Voluntary non-profit - Private,Yes,2
060010,POUDRE VALLEY HOSPITAL,FORT COLLINS,CO,Acute Care Hospitals,Voluntary non-profit - Private,Yes,5
531310,POWELL VALLEY HOSPITAL,POWELL,WY,Critical Access Hospitals,Government - Hospital District or Authority,Yes,4
131304,POWER COUNTY HOSPITAL DISTRICT,AMERICAN FALLS,ID,Critical Access Hospitals,Government - Hospital District or Authority,Yes,Not Available
371301,PRAGUE REGIONAL MEMORIAL HOSPITAL,PRAGUE,OK,Critical Access Hospitals,Government - Local,Yes,Not Available
271309,PRAIRIE COMMUNITY CAH,TERRY,MT,Critical Access Hospitals,Government - Hospital District or Authority,Yes,Not Available
430005,"PRAIRIE LAKES HEALTHCARE SYSTEM, INC",WATERTOWN,SD,Acute Care Hospitals,Voluntary non-profit - Private,Yes,3
241379,PRAIRIE RIDGE HOSPITAL AND HEALTH SERVICES,ELBOW LAKE,MN,Critical Access Hospitals,Voluntary non-profit - Private,Yes,Not Available
354004,PRAIRIE ST JOHN'S,FARGO,ND,Psychiatric,Proprietary,No,Not Available
170027,PRATT REGIONAL MEDICAL CENTER,PRATT,KS,Acute Care Hospitals,Proprietary,Yes,4
010108,PRATTVILLE BAPTIST HOSPITAL,PRATTVILLE,AL,Acute Care Hospitals,Government - Hospital District or Authority,Yes,3
400001,PRESBYTERIAN COMMUNITY HOSPITAL,SAN JUAN,PR,Acute Care Hospitals,Voluntary non-profit - Private,Yes,Not Available
320011,PRESBYTERIAN ESPANOLA HOSPITAL,ESPANOLA,NM,Acute Care Hospitals,Voluntary non-profit - Private,Yes,Not Available
320021,PRESBYTERIAN HOSPITAL,ALBUQUERQUE,NM,Acute Care Hospitals,Voluntary non-profit - Private,Yes,2
320090,PRESBYTERIAN SANTA FE MEDICAL CENTER,SANTA FE,NM,Acute Care Hospitals,Voluntary non-profit - Private,Yes,5
140174,PRESENCE MERCY MEDICAL CENTER,AURORA,IL,Acute Care Hospitals,Voluntary non-profit - Private,Yes,3
140224,PRESENCE SAINT JOSEPH HOSPITAL - CHICAGO,CHICAGO,IL,Acute Care Hospitals,Voluntary non-profit - Church,Yes,4
140180,PRESENCE SAINTS MARY AND ELIZABETH MEDICAL CENTER,CHICAGO,IL,Acute Care Hospitals,Voluntary non-profit - Church,Yes,3
140155,PRESENCE ST MARYS HOSPITAL,KANKAKEE,IL,Acute Care Hospitals,Voluntary non-profit - Church,Yes,4
351316,PRESENTATION MEDICAL CENTER,ROLLA,ND,Critical Access Hospitals,Voluntary non-profit - Private,Yes,Not Available
511312,PRESTON MEMORIAL HOSPITAL,KINGWOOD,WV,Critical Access Hospitals,Proprietary,Yes,Not Available
191308,PREVOST MEMORIAL HOSPITAL,DONALDSONVILLE,LA,Critical Access Hospitals,Government - Hospital District or Authority,Yes,Not Available
463301,PRIMARY CHILDREN'S HOSPITAL,SALT LAKE CITY,UT,Childrens,Voluntary non-profit - Private,Yes,Not Available
010103,PRINCETON BAPTIST MEDICAL CENTER,BIRMINGHAM,AL,Acute Care Hospitals,Voluntary non-profit - Church,Yes,3
510046,PRINCETON COMMUNITY HOSPITAL ASSN INC,PRINCETON,WV,Acute Care Hospitals,Government - Local,Yes,2
420102,PRISMA HEALTH  PATEWOOD HOSPITAL,GREENVILLE,SC,Acute Care Hospitals,Voluntary non-profit - Private,No,5
420086,PRISMA HEALTH BAPTIST,COLUMBIA,SC,Acute Care Hospitals,Voluntary non-profit - Private,Yes,4
420015,PRISMA HEALTH BAPTIST EASLEY HOSPITAL,EASLEY,SC,Acute Care Hospitals,Voluntary non-profit - Private,Yes,4
420106,PRISMA HEALTH BAPTIST PARKRIDGE,COLUMBIA,SC,Acute Care Hospitals,Voluntary non-profit - Private,Yes,4
420078,PRISMA HEALTH GREENVILLE MEMORIAL HOSPITAL,GREENVILLE,SC,Acute Care Hospitals,Voluntary non-profit - Private,No,4
420033,PRISMA HEALTH GREER MEMORIAL HOSPITAL,SPARTANBURG,SC,Acute Care Hospitals,Voluntary non-profit - Private,Yes,5
420037,PRISMA HEALTH HILLCREST HOSPITAL,SIMPSONVILLE,SC,Acute Care Hospitals,Voluntary non-profit - Private,Yes,4
420038,PRISMA HEALTH LAURENS COUNTY HOSPITAL,CLINTON,SC,Acute Care Hospitals,Voluntary non-profit - Private,Yes,4
420009,PRISMA HEALTH OCONEE MEMORIAL HOSPITAL,SENECA,SC,Acute Care Hospitals,Voluntary non-profit - Private,Yes,4
420018,PRISMA HEALTH RICHLAND HOSPITAL,COLUMBIA,SC,Acute Care Hospitals,Voluntary non-profit - Private,Yes,3
420070,PRISMA HEALTH TUOMEY HOSPITAL,SUMTER,SC,Acute Care Hospitals,Voluntary non-profit - Private,Yes,3
400122,PROFESSIONAL HOSPITAL GUAYNABO INC,GUAYNABO,PR,Acute Care Hospitals,Proprietary,Yes,Not Available
260219,PROGRESS WEST HOSPITAL,OFALLON,MO,Acute Care Hospitals,Voluntary non-profit - Private,Yes,4
250785,PROGRESSIVE HEALTH GROUP OF HOUSTON,HOUSTON,MS,Rural Emergency Hospital,Proprietary,Yes,Not Available
250017,PROGRESSIVE HEALTH GROUP OF HOUSTON,HOUSTON,MS,Acute Care Hospitals,Proprietary,No,Not Available
230005,PROMEDICA CHARLES AND VIRGINIA HICKMAN HOSPITAL,ADRIAN,MI,Acute Care Hospitals,Voluntary non-profit - Private,Yes,3
361328,PROMEDICA DEFIANCE REGIONAL HOSPITAL,DEFIANCE,OH,Critical Access Hospitals,Voluntary non-profit - Private,Yes,5
230099,PROMEDICA MONROE REGIONAL HOSPITAL,MONROE,MI,Acute Care Hospitals,Voluntary non-profit - Other,Yes,1
360068,PROMEDICA TOLEDO HOSPITAL,TOLEDO,OH,Acute Care Hospitals,Voluntary non-profit - Private,Yes,4
501312,PROSSER MEMORIAL HOSPITAL,PROSSER,WA,Critical Access Hospitals,Government - Hospital District or Authority,Yes,3
500054,PROV SACRED HRT MED CTR & CHILDS HOSP.,SPOKANE,WA,Acute Care Hospitals,Voluntary non-profit - Church,Yes,3
020001,PROVIDENCE ALASKA MEDICAL CENTER,ANCHORAGE,AK,Acute Care Hospitals,Voluntary non-profit - Church,Yes,3
050761,PROVIDENCE CEDARS SINAI TARZANA MEDICAL CENTER,TARZANA,CA,Acute Care Hospitals,Voluntary non-profit - Private,Yes,3
500019,PROVIDENCE CENTRALIA HOSPITAL,CENTRALIA,WA,Acute Care Hospitals,Voluntary non-profit - Other,Yes,3
050278,PROVIDENCE HOLY CROSS MEDICAL CENTER,MISSION HILLS,CA,Acute Care Hospitals,Voluntary non-profit - Church,Yes,4
500077,PROVIDENCE HOLY FAMILY HOSPITAL,SPOKANE,WA,Acute Care Hospitals,Voluntary non-profit - Private,Yes,3
381318,PROVIDENCE HOOD RIVER MEMORIAL HOSPITAL,HOOD RIVER,OR,Critical Access Hospitals,Voluntary non-profit - Church,Yes,4
021306,PROVIDENCE KODIAK ISLAND MEDICAL CTR,KODIAK,AK,Critical Access Hospitals,Voluntary non-profit - Church,Yes,Not Available
050078,PROVIDENCE LITTLE CO OF MARY MED CTR SAN PEDRO,SAN PEDRO,CA,Acute Care Hospitals,Voluntary non-profit - Private,No,4
050353,PROVIDENCE LITTLE COMPANY OF MARY MED CTR TORRANCE,TORRANCE,CA,Acute Care Hospitals,Voluntary non-profit - Church,No,5
380075,PROVIDENCE MEDFORD MEDICAL CENTER,MEDFORD,OR,Acute Care Hospitals,Voluntary non-profit - Church,Yes,2
281345,PROVIDENCE MEDICAL CENTER,WAYNE,NE,Critical Access Hospitals,Voluntary non-profit - Private,Yes,Not Available
170146,PROVIDENCE MEDICAL CENTER,KANSAS CITY,KS,Acute Care Hospitals,Voluntary non-profit - Church,Yes,3
380082,PROVIDENCE MILWAUKIE HOSPITAL,MILWAUKIE,OR,Acute Care Hospitals,Voluntary non-profit - Church,No,3
050567,PROVIDENCE MISSION HOSPITAL,MISSION VIEJO,CA,Acute Care Hospitals,Voluntary non-profit - Private,Yes,5
501326,PROVIDENCE MOUNT CARMEL HOSPITAL,COLVILLE,WA,Critical Access Hospitals,Voluntary non-profit - Church,Yes,3
380037,PROVIDENCE NEWBERG MEDICAL CENTER,NEWBERG,OR,Acute Care Hospitals,Voluntary non-profit - Church,Yes,4
380061,PROVIDENCE PORTLAND MEDICAL CENTER,PORTLAND,OR,Acute Care Hospitals,Voluntary non-profit - Private,Yes,4
050009,PROVIDENCE QUEEN OF THE VALLEY MEDICAL CENTER,NAPA,CA,Acute Care Hospitals,Voluntary non-profit - Private,Yes,4
051318,PROVIDENCE REDWOOD MEMORIAL HOSPITAL,FORTUNA,CA,Critical Access Hospitals,Voluntary non-profit - Private,Yes,4
500014,PROVIDENCE REGIONAL MEDICAL CENTER EVERETT,EVERETT,WA,Acute Care Hospitals,Voluntary non-profit - Church,Yes,4
050235,PROVIDENCE SAINT JOSEPH MEDICAL CTR,BURBANK,CA,Acute Care Hospitals,Voluntary non-profit - Church,Yes,3
050174,PROVIDENCE SANTA ROSA MEMORIAL HOSPITAL,SANTA ROSA,CA,Acute Care Hospitals,Voluntary non-profit - Private,Yes,3
381303,PROVIDENCE SEASIDE HOSPITAL,SEASIDE,OR,Critical Access Hospitals,Voluntary non-profit - Church,Yes,3
021302,PROVIDENCE SEWARD HOSPITAL,SEWARD,AK,Critical Access Hospitals,Government - Local,Yes,Not Available
501309,PROVIDENCE ST JOSEPH HOSPITAL,CHEWELAH,WA,Critical Access Hospitals,Voluntary non-profit - Church,Yes,Not Available
050006,PROVIDENCE ST JOSEPH HOSPITAL,EUREKA,CA,Acute Care Hospitals,Voluntary non-profit - Private,Yes,4
271343,PROVIDENCE ST JOSEPH MEDICAL CENTER,POLSON,MT,Critical Access Hospitals,Voluntary non-profit - Private,Yes,Not Available
500002,PROVIDENCE ST MARY MEDICAL CENTER,WALLA WALLA,WA,Acute Care Hospitals,Voluntary non-profit - Private,Yes,3
050300,PROVIDENCE ST MARY MEDICAL CENTER,APPLE VALLEY,CA,Acute Care Hospitals,Voluntary non-profit - Private,Yes,2
500024,PROVIDENCE ST PETER HOSPITAL,OLYMPIA,WA,Acute Care Hospitals,Voluntary non-profit - Private,Yes,3
380004,PROVIDENCE ST VINCENT MEDICAL CENTER,PORTLAND,OR,Acute Care Hospitals,Voluntary non-profit - Private,Yes,4
050069,PROVIDENCE ST. JOSEPH HOSPITAL,ORANGE,CA,Acute Care Hospitals,Voluntary non-profit - Church,Yes,4
050168,PROVIDENCE ST. JUDE MEDICAL CENTER,FULLERTON,CA,Acute Care Hospitals,Voluntary non-profit - Church,Yes,4
41005F,PROVIDENCE VA MEDICAL CENTER,PROVIDENCE,RI,Acute Care - Veterans Administration,Veterans Health Administration,Yes,4
021301,PROVIDENCE VALDEZ MEDICAL CENTER,VALDEZ,AK,Critical Access Hospitals,Government - Local,Yes,Not Available
380038,PROVIDENCE WILLAMETTE FALLS MEDICAL CENTER,OREGON CITY,OR,Acute Care Hospitals,Voluntary non-profit - Private,Yes,4
140300,PROVIDENT HOSPITAL OF CHICAGO,CHICAGO,IL,Acute Care Hospitals,Government - Local,Yes,Not Available
061323,PROWERS MEDICAL CENTER,LAMAR,CO,Critical Access Hospitals,Government - Hospital District or Authority,Yes,Not Available
094004,PSYCHIATRIC INSTITUTE OF WASHINGTON,WASHINGTON,DC,Psychiatric,Voluntary non-profit - Private,No,Not Available
400138,PUERTO RICO WOMEN AND CHILDREN HOSPITAL LLC,BAYAMON,PR,Acute Care Hospitals,Proprietary,Yes,Not Available
151305,PULASKI MEMORIAL HOSPITAL,WINAMAC,IN,Critical Access Hospitals,Voluntary non-profit - Other,Yes,Not Available
501331,PULLMAN REGIONAL HOSPITAL,PULLMAN,WA,Critical Access Hospitals,Government - Hospital District or Authority,Yes,2
390199,PUNXSUTAWNEY AREA HOSPITAL,PUNXSUTAWNEY,PA,Acute Care Hospitals,Voluntary non-profit - Private,Yes,2
370158,PURCELL MUNICIPAL HOSPITAL,PURCELL,OK,Acute Care Hospitals,Government - Local,Yes,3
370083,PUSHMATAHA HOSPITAL,ANTLERS,OK,Acute Care Hospitals,Government - Hospital District or Authority,Yes,3
151333,PUTNAM COUNTY HOSPITAL,GREENCASTLE,IN,Critical Access Hospitals,Government - Local,Yes,5
261305,PUTNAM COUNTY MEMORIAL HOSPITAL,UNIONVILLE,MO,Critical Access Hospitals,Government - Local,Yes,Not Available
111313,PUTNAM GENERAL HOSPITAL,EATONTON,GA,Critical Access Hospitals,Government - Hospital District or Authority,Yes,Not Available
330273,PUTNAM HOSPITAL CENTER,CARMEL,NY,Acute Care Hospitals,Voluntary non-profit - Private,Yes,3
450875,QUAIL CREEK SURGICAL HOSPITAL,AMARILLO,TX,Acute Care Hospitals,Proprietary,Yes,Not Available
034031,QUAIL RUN BEHAVIORAL HEALTH,PHOENIX,AZ,Psychiatric,Voluntary non-profit - Other,No,Not Available
330231,QUEENS HOSPITAL CENTER,JAMAICA,NY,Acute Care Hospitals,Voluntary non-profit - Other,Yes,2
501320,QUINCY VALLEY MEDICAL CENTER,QUINCY,WA,Critical Access Hospitals,Government - Hospital District or Authority,Yes,Not Available
251339,QUITMAN COMMUNITY HOSPITAL,MARKS,MS,Critical Access Hospitals,Government - Local,Yes,Not Available
053303,RADY CHILDREN'S HOSPITAL - SAN DIEGO,SAN DIEGO,CA,Childrens,Voluntary non-profit - Other,No,Not Available
363302,RAINBOW BABIES AND CHILDRENS HOSPITAL,CLEVELAND,OH,Childrens,Voluntary non-profit - Other,No,Not Available
504013,RAINIER SPRINGS,VANCOUVER,WA,Psychiatric,Proprietary,No,Not Available
241322,RAINY LAKE MEDICAL CENTER,INTERNATIONAL FALLS,MN,Critical Access Hospitals,Voluntary non-profit - Private,Yes,Not Available
510070,RALEIGH GENERAL HOSPITAL,BECKLEY,WV,Acute Care Hospitals,Proprietary,Yes,2
344035,RALEIGH OAKS BEHAVIORAL HEALTH,GARNER,NC,Psychiatric,Proprietary,No,Not Available
314019,RAMAPO RIDGE BEHAVIORAL HEALTH HOSPITAL,WYCKOFF,NJ,Psychiatric,Voluntary non-profit - Private,No,Not Available
340123,RANDOLPH HOSPITAL,ASHEBORO,NC,Acute Care Hospitals,Voluntary non-profit - Private,Yes,4
240040,RANGE REGIONAL HEALTH SERVICES,HIBBING,MN,Acute Care Hospitals,Voluntary non-profit - Other,No,4
061307,RANGELY DISTRICT HOSPITAL,RANGELY,CO,Critical Access Hospitals,Government - Hospital District or Authority,Yes,Not Available
263303,RANKEN JORDAN PEDIATRIC BRIDGE HOSPITAL,MARYLAND HEIGHTS,MO,Childrens,Voluntary non-profit - Other,No,Not Available
451329,RANKIN HOSPITAL MEDICAL CLINIC,RANKIN,TX,Critical Access Hospitals,Government - Hospital District or Authority,Yes,Not Available
190026,RAPIDES REGIONAL MEDICAL CENTER,ALEXANDRIA,LA,Acute Care Hospitals,Proprietary,Yes,2
491308,RAPPAHANNOCK GENERAL HOSPITAL,KILMARNOCK,VA,Critical Access Hospitals,Voluntary non-profit - Private,Yes,4
310039,RARITAN BAY MEDICAL CENTER,PERTH AMBOY,NJ,Acute Care Hospitals,Voluntary non-profit - Private,Yes,4
171307,RAWLINS COUNTY HEALTH CENTER,ATWOOD,KS,Critical Access Hospitals,Voluntary non-profit - Other,Yes,Not Available
261327,RAY COUNTY MEMORIAL HOSPITAL,RICHMOND,MO,Critical Access Hospitals,Government - Local,Yes,Not Available
390044,READING HOSPITAL,WEST READING,PA,Acute Care Hospitals,Voluntary non-profit - Private,Yes,4
451301,REAGAN MEMORIAL HOSPITAL,BIG LAKE,TX,Critical Access Hospitals,Government - Hospital District or Authority,Yes,Not Available
424014,REBOUND BEHAVIORAL HEALTH,LANCASTER,SC,Psychiatric,Proprietary,Yes,Not Available
011302,RED BAY HOSPITAL,RED BAY,AL,Critical Access Hospitals,Government - Hospital District or Authority,Yes,Not Available
141348,RED BUD REGIONAL HOSPITAL,RED BUD,IL,Critical Access Hospitals,Proprietary,Yes,4
240206,RED LAKE HOSPITAL,REDLAKE,MN,Acute Care Hospitals,Government - Federal,No,Not Available
194079,"RED RIVER BEHAVIORAL CENTER, LLC",BOSSIER CITY,LA,Psychiatric,Proprietary,No,Not Available
454018,RED RIVER HOSPITAL,WICHITA FALLS,TX,Psychiatric,Proprietary,No,Not Available
201314,REDINGTON FAIRVIEW GENERAL HOSPITAL,SKOWHEGAN,ME,Critical Access Hospitals,Voluntary non-profit - Private,Yes,2
050272,REDLANDS COMMUNITY HOSPITAL,REDLANDS,CA,Acute Care Hospitals,Voluntary non-profit - Private,Yes,2
521351,REEDSBURG AREA MEDICAL CENTER,REEDSBURG,WI,Critical Access Hospitals,Voluntary non-profit - Private,Yes,5
191326,REEVES MEMORIAL MEDICAL CENTER,BERNICE,LA,Critical Access Hospitals,Government - Hospital District or Authority,Yes,Not Available
451377,REEVES REGIONAL HEALTH,PECOS,TX,Critical Access Hospitals,Government - Hospital District or Authority,Yes,2
451317,REFUGIO COUNTY MEMORIAL HOSPITAL,REFUGIO,TX,Critical Access Hospitals,Government - Hospital District or Authority,Yes,Not Available
161328,REGIONAL HEALTH SERVICES OF HOWARD COUNTY,CRESCO,IA,Critical Access Hospitals,Government - Local,Yes,4
390237,REGIONAL HOSPITAL OF SCRANTON,SCRANTON,PA,Acute Care Hospitals,Proprietary,Yes,2
161343,REGIONAL MEDICAL CENTER,MANCHESTER,IA,Critical Access Hospitals,Government - Local,Yes,4
050125,REGIONAL MEDICAL CENTER OF SAN JOSE,SAN JOSE,CA,Acute Care Hospitals,Government - Federal,Yes,3
154020,REGIONAL MENTAL HEALTH CENTER,MERRILLVILLE,IN,Psychiatric,Voluntary non-profit - Private,Yes,Not Available
440152,REGIONAL ONE HEALTH,MEMPHIS,TN,Acute Care Hospitals,Government - Hospital District or Authority,Yes,1
280061,REGIONAL WEST MEDICAL CENTER,SCOTTSBLUFF,NE,Acute Care Hospitals,Voluntary non-profit - Private,Yes,2
194115,REGIONS BEHAVIORAL HOSPITAL,BATON ROUGE,LA,Psychiatric,Voluntary non-profit - Private,No,Not Available
240106,REGIONS HOSPITAL,SAINT PAUL,MN,Acute Care Hospitals,Voluntary non-profit - Private,Yes,3
321313,REHOBOTH MCKINLEY CHRISTIAN HEALTH CARE SERVICES,GALLUP,NM,Critical Access Hospitals,Voluntary non-profit - Private,Yes,Not Available
150048,REID HEALTH,RICHMOND,IN,Acute Care Hospitals,Voluntary non-profit - Private,Yes,2
294015,"RENO BEHAVIORAL HEALTHCARE HOSPITAL, LLC",RENO,NV,Psychiatric,Proprietary,No,Not Available
290001,RENOWN REGIONAL MEDICAL CENTER,RENO,NV,Acute Care Hospitals,Voluntary non-profit - Private,Yes,3
290049,RENOWN SOUTH MEADOWS MEDICAL CENTER,RENO,NV,Acute Care Hospitals,Voluntary non-profit - Private,Yes,3
171361,REPUBLIC COUNTY HOSPITAL,BELLEVILLE,KS,Critical Access Hospitals,Voluntary non-profit - Private,Yes,3
260027,RESEARCH MEDICAL CENTER,KANSAS CITY,MO,Acute Care Hospitals,Proprietary,Yes,2
054009,RESNICK NEUROPSYCHIATRIC HOSPITAL AT UCLA,LOS ANGELES,CA,Psychiatric,Government - State,Yes,Not Available
670098,RESOLUTE HEALTH HOSPITAL,NEW BRAUNFELS,TX,Acute Care Hospitals,Proprietary,Yes,4
490107,RESTON HOSPITAL CENTER,RESTON,VA,Acute Care Hospitals,Voluntary non-profit - Private,Yes,3
340114,REX HOSPITAL,RALEIGH,NC,Acute Care Hospitals,Government - State,Yes,5
510013,"REYNOLDS MEMORIAL HOSPITAL, INC",GLEN DALE,WV,Acute Care Hospitals,Voluntary non-profit - Private,Yes,2
441310,RHEA MEDICAL CENTER,DAYTON,TN,Critical Access Hospitals,Government - Local,Yes,2
410007,RHODE ISLAND HOSPITAL,PROVIDENCE,RI,Acute Care Hospitals,Voluntary non-profit - Private,Yes,4
451312,RICE MEDICAL CENTER,EAGLE LAKE,TX,Critical Access Hospitals,Proprietary,Yes,Not Available
451328,RICELAND MEDICAL CENTER,WINNIE,TX,Critical Access Hospitals,Proprietary,Yes,Not Available
190151,RICHARDSON MEDICAL CENTER,RAYVILLE,LA,Acute Care Hospitals,Government - Hospital District or Authority,Yes,Not Available
521341,RICHLAND HOSPITAL,RICHLAND CENTER,WI,Critical Access Hospitals,Voluntary non-profit - Private,Yes,1
191323,RICHLAND PARISH HOSPITAL-DELHI,DELHI,LA,Critical Access Hospitals,Government - Hospital District or Authority,Yes,Not Available
154018,RICHMOND STATE HOSPITAL,RICHMOND,IN,Psychiatric,Proprietary,Yes,Not Available
330028,RICHMOND UNIVERSITY MEDICAL CENTER,STATEN ISLAND,NY,Acute Care Hospitals,Voluntary non-profit - Private,Yes,1
49010F,RICHMOND VA MEDICAL CENTER,RICHMOND,VA,Acute Care - Veterans Administration,Veterans Health Administration,Yes,5
390222,RIDDLE MEMORIAL HOSPITAL,MEDIA,PA,Acute Care Hospitals,Voluntary non-profit - Private,Yes,4
051333,RIDGECREST REGIONAL HOSPITAL,RIDGECREST,CA,Critical Access Hospitals,Voluntary non-profit - Private,Yes,Not Available
364047,RIDGEVIEW HOSPITAL,MIDDLE POINT,OH,Psychiatric,Proprietary,Yes,Not Available
114012,RIDGEVIEW INSTITUTE,SMYRNA,GA,Psychiatric,Proprietary,No,Not Available
114037,RIDGEVIEW INSTITUTE MONROE,MONROE,GA,Psychiatric,Proprietary,No,Not Available
240056,RIDGEVIEW MEDICAL CENTER,WACONIA,MN,Acute Care Hospitals,Voluntary non-profit - Private,Yes,4
444003,RIDGEVIEW PSYCHIATRIC HOSPITAL AND CENTER,OAK RIDGE,TN,Psychiatric,Voluntary non-profit - Private,No,Not Available
241311,RIDGEVIEW SIBLEY MEDICAL CENTER,ARLINGTON,MN,Critical Access Hospitals,Voluntary non-profit - Private,Yes,Not Available
161373,RINGGOLD COUNTY HOSPITAL,MOUNT AYR,IA,Critical Access Hospitals,Government - State,Yes,Not Available
061301,RIO GRANDE HOSPITAL,DEL NORTE,CO,Critical Access Hospitals,Proprietary,Yes,4
450711,RIO GRANDE REGIONAL HOSPITAL,MCALLEN,TX,Acute Care Hospitals,Proprietary,Yes,4
454088,RIO GRANDE STATE CENTER,HARLINGEN,TX,Psychiatric,Government - State,No,Not Available
454146,RIO VISTA BEHAVIORAL HEALTH,EL PASO,TX,Psychiatric,Proprietary,No,Not Available
521321,RIPON MEDICAL CENTER,RIPON,WI,Critical Access Hospitals,Voluntary non-profit - Private,Yes,Not Available
044007,RIVENDELL BEHAVIORAL HEALTH SERVICES,BENTON,AR,Psychiatric,Proprietary,No,Not Available
184017,RIVENDELL BEHAVIORAL HEALTH SERVICES,BOWLING GREEN,KY,Psychiatric,Government - Federal,No,Not Available
454064,RIVER CREST HOSP,SAN ANGELO,TX,Psychiatric,Proprietary,No,Not Available
521349,RIVER FALLS AREA HOSPITAL,RIVER FALLS,WI,Critical Access Hospitals,Voluntary non-profit - Private,Yes,5
331309,RIVER HOSPITAL CLINICS,ALEXANDRIA BAY,NY,Critical Access Hospitals,Voluntary non-profit - Private,Yes,Not Available
194031,RIVER OAKS HOSPITAL,NEW ORLEANS,LA,Psychiatric,Proprietary,No,Not Available
514008,RIVER PARK HOSPITAL,HUNTINGTON,WV,Psychiatric,Proprietary,No,Not Available
194114,RIVER PLACE BEHAVIORAL HEALTH,LAPLACE,LA,Psychiatric,Proprietary,No,Not Available
104016,RIVER POINT BEHAVIORAL HEALTH,JACKSONVILLE,FL,Psychiatric,Proprietary,No,Not Available
054160,RIVER VISTA BEHAVIORAL HEALTH,MADERA,CA,Psychiatric,Proprietary,No,Not Available
364061,RIVER VISTA HEALTH AND WELLNESS LLC,COLUMBUS,OH,Psychiatric,Proprietary,No,Not Available
241334,RIVER'S EDGE HOSPITAL & CLINIC,ST PETER,MN,Critical Access Hospitals,Government - Local,Yes,Not Available
191318,RIVERLAND MEDICAL CENTER,FERRIDAY,LA,Critical Access Hospitals,Government - Hospital District or Authority,Yes,Not Available
510012,RIVERS HEALTH,POINT PLEASANT,WV,Acute Care Hospitals,Voluntary non-profit - Private,Yes,1
050022,RIVERSIDE COMMUNITY HOSPITAL,RIVERSIDE,CA,Acute Care Hospitals,Proprietary,Yes,2
490143,RIVERSIDE DOCTORS' HOSPITAL OF WILLIAMSBURG,WILLIAMSBURG,VA,Acute Care Hospitals,Voluntary non-profit - Private,Yes,5
191313,RIVERSIDE MEDICAL CENTER,FRANKLINTON,LA,Critical Access Hospitals,Government - Hospital District or Authority,Yes,Not Available
140186,RIVERSIDE MEDICAL CENTER,KANKAKEE,IL,Acute Care Hospitals,Voluntary non-profit - Private,Yes,4
360006,RIVERSIDE METHODIST HOSPITAL,COLUMBUS,OH,Acute Care Hospitals,Voluntary non-profit - Private,Yes,4
490052,RIVERSIDE REGIONAL MEDICAL CENTER,NEWPORT NEWS,VA,Acute Care Hospitals,Voluntary non-profit - Private,Yes,3
490037,RIVERSIDE SHORE MEMORIAL HOSPITAL,ONANCOCK,VA,Acute Care Hospitals,Voluntary non-profit - Private,Yes,3
050292,RIVERSIDE UNIVERSITY HEALTH SYSTEM-MEDICAL CENTER,MORENO VALLEY,CA,Acute Care Hospitals,Government - Local,Yes,3
490130,RIVERSIDE WALTER REED HOSPITAL,GLOUCESTER,VA,Acute Care Hospitals,Voluntary non-profit - Private,Yes,4
044020,RIVERVIEW BEHAVIORAL HEALTH,TEXARKANA,AR,Psychiatric,Proprietary,No,Not Available
150059,RIVERVIEW HEALTH,NOBLESVILLE,IN,Acute Care Hospitals,Government - Local,Yes,4
241320,RIVERVIEW HOSPITAL,CROOKSTON,MN,Critical Access Hospitals,Voluntary non-profit - Private,Yes,Not Available
310034,RIVERVIEW MEDICAL CENTER,RED BANK,NJ,Acute Care Hospitals,Voluntary non-profit - Private,Yes,3
204008,RIVERVIEW PSYCHIATRIC CENTER,AUGUSTA,ME,Psychiatric,Government - State,No,Not Available
010046,RIVERVIEW REGIONAL MEDICAL CENTER,GADSDEN,AL,Acute Care Hospitals,Proprietary,Yes,3
241305,RIVERWOOD HEALTHCARE CENTER,AITKIN,MN,Critical Access Hospitals,Voluntary non-profit - Private,Yes,Not Available
114035,RIVERWOODS BEHAVIORAL HEALTH SYSTEM,RIVERDALE,GA,Psychiatric,Proprietary,No,Not Available
511306,ROANE GENERAL HOSPITAL,SPENCER,WV,Critical Access Hospitals,Voluntary non-profit - Private,Yes,Not Available
440031,ROANE MEDICAL CENTER,HARRIMAN,TN,Acute Care Hospitals,Government - Hospital District or Authority,Yes,4
390079,ROBERT PACKER HOSPITAL,SAYRE,PA,Acute Care Hospitals,Voluntary non-profit - Private,Yes,2
310038,ROBERT WOOD JOHNSON UNIVERSITY HOSPITAL,NEW BRUNSWICK,NJ,Acute Care Hospitals,Voluntary non-profit - Private,Yes,2
310048,ROBERT WOOD JOHNSON UNIVERSITY HOSPITAL - SOMERSET,SOMERVILLE,NJ,Acute Care Hospitals,Voluntary non-profit - Private,Yes,3
310110,ROBERT WOOD JOHNSON UNIVERSITY HOSPITAL AT HAMILTON,HAMILTON,NJ,Acute Care Hospitals,Voluntary non-profit - Private,Yes,4
310024,ROBERT WOOD JOHNSON UNIVERSITY HOSPITAL AT RAHWAY,RAHWAY,NJ,Acute Care Hospitals,Voluntary non-profit - Private,Yes,4
141312,ROCHELLE COMMUNITY HOSPITAL,ROCHELLE,IL,Critical Access Hospitals,Voluntary non-profit - Private,Yes,Not Available
330125,ROCHESTER GENERAL HOSPITAL,ROCHESTER,NY,Acute Care Hospitals,Voluntary non-profit - Private,Yes,2
334020,ROCHESTER PSYCHIATRIC CENTER,ROCHESTER,NY,Psychiatric,Government - State,Yes,Not Available
281333,ROCK COUNTY HOSPITAL,BASSETT,NE,Critical Access Hospitals,Government - Local,Yes,Not Available
170204,"ROCK REGIONAL HOSPITAL, LLC",DERBY,KS,Acute Care Hospitals,Proprietary,Yes,4
454127,ROCK SPRINGS,GEORGETOWN,TX,Psychiatric,Proprietary,No,Not Available
180115,"ROCKCASTLE COUNTY HOSPITAL, INC.",MOUNT VERNON,KY,Acute Care Hospitals,Voluntary non-profit - Private,Yes,2
084002,ROCKFORD CENTER,NEWARK,DE,Psychiatric,Proprietary,Yes,Not Available
334015,ROCKLAND PSYCH CTR,ORANGEBURG,NY,Psychiatric,Government - State,No,Not Available
371303,ROGER MILLS MEMORIAL HOSPITAL,CHEYENNE,OK,Critical Access Hospitals,Voluntary non-profit - Private,Yes,Not Available
410004,ROGER WILLIAMS MEDICAL CENTER,PROVIDENCE,RI,Acute Care Hospitals,Proprietary,Yes,3
524018,ROGERS MEMORIAL HOSPITAL,OCONOMOWOC,WI,Psychiatric,Voluntary non-profit - Private,No,Not Available
374016,"ROLLING HILLS HOSPITAL, LLC",ADA,OK,Psychiatric,Proprietary,No,Not Available
444007,ROLLING HILLS PSYCHIATRIC HOSPITAL,FRANKLIN,TN,Psychiatric,Voluntary non-profit - Private,Yes,Not Available
450055,ROLLING PLAINS MEMORIAL HOSPITAL,SWEETWATER,TX,Acute Care Hospitals,Government - Hospital District or Authority,Yes,Not Available
330215,"ROME MEMORIAL HOSPITAL, INC",ROME,NY,Acute Care Hospitals,Voluntary non-profit - Private,Yes,2
050262,RONALD REAGAN UCLA MEDICAL CENTER,LOS ANGELES,CA,Acute Care Hospitals,Government - State,Yes,4
171311,ROOKS COUNTY HEALTH CENTER,PLAINVILLE,KS,Critical Access Hospitals,Government - Hospital District or Authority,Yes,Not Available
320084,ROOSEVELT GENERAL HOSPITAL,PORTALES,NM,Acute Care Hospitals,Government - Hospital District or Authority,Yes,Not Available
271308,ROOSEVELT MEDICAL CENTER,CULBERTSON,MT,Critical Access Hospitals,Voluntary non-profit - Private,Yes,Not Available
420087,ROPER HOSPITAL,CHARLESTON,SC,Acute Care Hospitals,Voluntary non-profit - Private,Yes,4
420110,ROPER ST FRANCIS HOSPITAL-BERKELEY INC,SUMMERVILLE,SC,Acute Care Hospitals,Voluntary non-profit - Private,Yes,5
271327,ROSEBUD HEALTH CARE CENTER,FORSYTH,MT,Critical Access Hospitals,Voluntary non-profit - Private,Yes,Not Available
140068,ROSELAND COMMUNITY HOSPITAL,CHICAGO,IL,Acute Care Hospitals,Voluntary non-profit - Private,Yes,1
390322,ROTHMAN ORTHOPAEDIC SPECIALTY HOSPITAL,BENSALEM,PA,Acute Care Hospitals,Proprietary,No,Not Available
450718,ROUND ROCK MEDICAL CENTER,ROUND ROCK,TX,Acute Care Hospitals,Proprietary,Yes,3
271346,ROUNDUP MEMORIAL HEALTHCARE,ROUNDUP,MT,Critical Access Hospitals,Voluntary non-profit - Private,Yes,Not Available
390304,ROXBOROUGH MEMORIAL HOSPITAL,PHILADELPHIA,PA,Acute Care Hospitals,Proprietary,Yes,2
394050,ROXBURY TREATMENT CENTER,SHIPPENSBURG,PA,Psychiatric,Proprietary,No,Not Available
480001,"ROY LESTER SCHNEIDER HOSPITAL,THE",ST THOMAS,VI,Acute Care Hospitals,Government - Local,Yes,2
264020,ROYAL OAKS HOSPITAL,WINDSOR,MO,Psychiatric,Voluntary non-profit - Private,No,Not Available
271319,RUBY VALLEY MEDICAL CENTER,SHERIDAN,MT,Critical Access Hospitals,Government - Hospital District or Authority,Yes,Not Available
201306,RUMFORD  HOSPITAL,RUMFORD,ME,Critical Access Hospitals,Proprietary,Yes,Not Available
371318,RURAL WELLNESS FAIRFAX HOSPITAL,FAIRFAX,OK,Critical Access Hospitals,Proprietary,Yes,Not Available
371316,RURAL WELLNESS STROUD HOSPITAL,STROUD,OK,Critical Access Hospitals,Proprietary,Yes,Not Available
170781,RUSH COUNTY MEMORIAL HOSPITAL,LA CROSSE,KS,Rural Emergency Hospital,Government - Local,Yes,Not Available
151304,RUSH MEMORIAL HOSPITAL,RUSHVILLE,IN,Critical Access Hospitals,Government - Local,Yes,Not Available
140063,RUSH OAK PARK HOSPITAL,OAK PARK,IL,Acute Care Hospitals,Voluntary non-profit - Church,Yes,4
140119,RUSH UNIVERSITY MEDICAL CENTER,CHICAGO,IL,Acute Care Hospitals,Voluntary non-profit - Private,Yes,5
454009,RUSK STATE HOSP,RUSK,TX,Psychiatric,Government - State,No,Not Available
490002,RUSSELL COUNTY HOSPITAL,LEBANON,VA,Acute Care Hospitals,Voluntary non-profit - Private,Yes,4
181330,RUSSELL COUNTY HOSPITAL,RUSSELL SPRINGS,KY,Critical Access Hospitals,Government - Local,Yes,Not Available
010065,RUSSELL MEDICAL CENTER,ALEXANDER CITY,AL,Acute Care Hospitals,Voluntary non-profit - Private,Yes,3
171350,RUSSELL REGIONAL HOSPITAL,RUSSELL,KS,Critical Access Hospitals,Voluntary non-profit - Private,Yes,3
010158,RUSSELLVILLE HOSPITAL,RUSSELLVILLE,AL,Acute Care Hospitals,Proprietary,Yes,4
340013,RUTHERFORD REGIONAL MEDICAL CENTER,RUTHERFORDTON,NC,Acute Care Hospitals,Proprietary,Yes,2
470005,RUTLAND REGIONAL MEDICAL CENTER,RUTLAND,VT,Acute Care Hospitals,Voluntary non-profit - Private,Yes,3
400007,RYDER MEMORIAL HOSPITAL INC,HUMACAO,PR,Acute Care Hospitals,Voluntary non-profit - Private,Yes,Not Available
334066,Rockland Childrens Psychiatric Center,ORANGEBURG,NY,Psychiatric,Government - State,No,Not Available
251300,S E LACKEY MEMORIAL HOSPITAL,FOREST,MS,Critical Access Hospitals,Voluntary non-profit - Private,Yes,Not Available
451361,SABINE COUNTY HOSPITAL,HEMPHILL,TX,Critical Access Hospitals,Proprietary,Yes,Not Available
190218,SABINE MEDICAL CENTER,MANY,LA,Acute Care Hospitals,Proprietary,Yes,Not Available
054159,"SACRAMENTO BEHAVIORAL HEALTHCARE HOSPITAL, LLC",NORTH SACRAMENTO,CA,Psychiatric,Proprietary,No,Not Available
100025,SACRED HEART HOSPITAL,PENSACOLA,FL,Acute Care Hospitals,Voluntary non-profit - Private,Yes,4
100292,SACRED HEART HOSPITAL ON THE EMERALD COAST,MIRAMAR BEACH,FL,Acute Care Hospitals,Voluntary non-profit - Other,Yes,3
380102,SACRED HEART MEDICAL CENTER - RIVERBEND,SPRINGFIELD,OR,Acute Care Hospitals,Voluntary non-profit - Private,Yes,4
334064,SAGAMORE CHILDRENS PSYCHIATRIC CENTER,DIX HILLS,NY,Psychiatric,Government - State,No,Not Available
031309,SAGE MEMORIAL HOSPITAL,GANADO,AZ,Critical Access Hospitals,Voluntary non-profit - Private,No,Not Available
192008,SAGE SPECIALTY HOSPITAL,DENHAM SPRINGS,LA,Long-term,Proprietary,No,Not Available
530008,SAGEWEST HEALTH CARE,RIVERTON,WY,Acute Care Hospitals,Proprietary,Yes,2
210011,SAINT AGNES HOSPITAL,BALTIMORE,MD,Acute Care Hospitals,Voluntary non-profit - Church,Yes,3
050093,SAINT AGNES MEDICAL CENTER,FRESNO,CA,Acute Care Hospitals,Voluntary non-profit - Church,Yes,2
130013,SAINT ALPHONSUS MEDICAL CENTER - NAMPA,NAMPA,ID,Acute Care Hospitals,Voluntary non-profit - Church,Yes,3
380052,SAINT ALPHONSUS MEDICAL CENTER ONTARIO,ONTARIO,OR,Acute Care Hospitals,Voluntary non-profit - Church,Yes,2
130007,SAINT ALPHONSUS REGIONAL MEDICAL CENTER,BOISE,ID,Acute Care Hospitals,Voluntary non-profit - Church,Yes,3
220020,SAINT ANNE'S HOSPITAL,FALL RIVER,MA,Acute Care Hospitals,Proprietary,Yes,3
140095,SAINT ANTHONY HOSPITAL,CHICAGO,IL,Acute Care Hospitals,Voluntary non-profit - Private,Yes,2
140233,SAINT ANTHONY MEDICAL CENTER,ROCKFORD,IL,Acute Care Hospitals,Voluntary non-profit - Church,Yes,2
314022,SAINT BARNABAS BEHAVIORAL HEALTH CENTER,TOMS RIVER,NJ,Psychiatric,Voluntary non-profit - Private,No,Not Available
670121,SAINT CAMILLUS MEDICAL CENTER,HURST,TX,Acute Care Hospitals,Proprietary,Yes,Not Available
310050,SAINT CLARE'S HOSPITAL/ DENVILLE CAMPUS,DENVILLE,NJ,Acute Care Hospitals,Proprietary,Yes,2
440228,SAINT FRANCIS BARTLETT MEDICAL CENTER,BARTLETT,TN,Acute Care Hospitals,Proprietary,Yes,1
370025,SAINT FRANCIS HOSPITAL MUSKOGEE,MUSKOGEE,OK,Acute Care Hospitals,Voluntary non-profit - Private,Yes,3
370218,"SAINT FRANCIS HOSPITAL SOUTH, LLC",TULSA,OK,Acute Care Hospitals,Voluntary non-profit - Private,Yes,5
370237,"SAINT FRANCIS HOSPITAL VINITA, INC",VINITA,OK,Acute Care Hospitals,Voluntary non-profit - Private,Yes,3
370091,"SAINT FRANCIS HOSPITAL, INC",TULSA,OK,Acute Care Hospitals,Voluntary non-profit - Private,Yes,5
140080,SAINT FRANCIS HOSPITAL-EVANSTON,EVANSTON,IL,Acute Care Hospitals,Voluntary non-profit - Church,Yes,2
050104,SAINT FRANCIS MEDICAL CENTER,LYNWOOD,CA,Acute Care Hospitals,Voluntary non-profit - Church,No,3
260183,SAINT FRANCIS MEDICAL CENTER,CAPE GIRARDEAU,MO,Acute Care Hospitals,Voluntary non-profit - Private,Yes,3
140067,SAINT FRANCIS MEDICAL CENTER,PEORIA,IL,Acute Care Hospitals,Voluntary non-profit - Private,Yes,2
140161,SAINT JAMES HOSPITAL,PONTIAC,IL,Acute Care Hospitals,Voluntary non-profit - Church,No,4
170009,SAINT JOHN HOSPITAL,LEAVENWORTH,KS,Acute Care Hospitals,Voluntary non-profit - Other,Yes,3
050290,SAINT JOHN'S HEALTH CENTER,SANTA MONICA,CA,Acute Care Hospitals,Voluntary non-profit - Private,Yes,4
180143,SAINT JOSEPH EAST,LEXINGTON,KY,Acute Care Hospitals,Voluntary non-profit - Private,Yes,2
060028,SAINT JOSEPH HOSPITAL,DENVER,CO,Acute Care Hospitals,Voluntary non-profit - Private,Yes,5
180010,SAINT JOSEPH HOSPITAL,LEXINGTON,KY,Acute Care Hospitals,Voluntary non-profit - Church,Yes,3
140217,SAINT JOSEPH HOSPITAL-ELGIN,ELGIN,IL,Acute Care Hospitals,Voluntary non-profit - Church,Yes,4
180011,SAINT JOSEPH LONDON,LONDON,KY,Acute Care Hospitals,Voluntary non-profit - Private,Yes,3
140007,SAINT JOSEPH MEDICAL CENTER,JOLIET,IL,Acute Care Hospitals,Voluntary non-profit - Church,Yes,1
180064,SAINT JOSEPH MOUNT STERLING,MOUNT STERLING,KY,Acute Care Hospitals,Voluntary non-profit - Private,Yes,4
150012,SAINT JOSEPH REGIONAL MEDICAL CENTER,MISHAWAKA,IN,Acute Care Hospitals,Voluntary non-profit - Private,Yes,2
150076,SAINT JOSEPH REGIONAL MEDICAL CENTER - PLYMOUTH,PLYMOUTH,IN,Acute Care Hospitals,Voluntary non-profit - Church,Yes,4
110082,"SAINT JOSEPH'S HOSPITAL OF ATLANTA, INC",ATLANTA,GA,Acute Care Hospitals,Voluntary non-profit - Private,Yes,3
260216,SAINT LUKE'S EAST  HOSPITAL,LEES SUMMIT,MO,Acute Care Hospitals,Voluntary non-profit - Private,Yes,4
170185,SAINT LUKE'S SOUTH HOSPITAL,OVERLAND PARK,KS,Acute Care Hospitals,Voluntary non-profit - Other,Yes,4
260062,SAINT LUKES NORTH HOSPITAL,KANSAS CITY,MO,Acute Care Hospitals,Voluntary non-profit - Private,Yes,5
070016,SAINT MARY'S HOSPITAL,WATERBURY,CT,Acute Care Hospitals,Voluntary non-profit - Church,Yes,3
290009,SAINT MARY'S REGIONAL MEDICAL CENTER,RENO,NV,Acute Care Hospitals,Proprietary,Yes,4
231305,SAINT MARY'S STANDISH COMMUNITY HOSPITAL,STANDISH,MI,Critical Access Hospitals,Voluntary non-profit - Church,Yes,4
310096,SAINT MICHAEL'S MEDICAL CENTER,NEWARK,NJ,Acute Care Hospitals,Voluntary non-profit - Private,Yes,4
310070,SAINT PETER'S UNIVERSITY HOSPITAL,NEW BRUNSWICK,NJ,Acute Care Hospitals,Voluntary non-profit - Private,Yes,3
290058,SAINT ROSE DOMINICAN HOSPITALS - NORTH LAS VEGAS,NORTH LAS VEGAS,NV,Acute Care Hospitals,Proprietary,Yes,Not Available
290012,SAINT ROSE DOMINICAN HOSPITALS - ROSE DE LIMA,HENDERSON,NV,Acute Care Hospitals,Voluntary non-profit - Private,Yes,Not Available
290053,SAINT ROSE DOMINICAN HOSPITALS - SAN MARTIN CAMPUS,LAS VEGAS,NV,Acute Care Hospitals,Voluntary non-profit - Private,Yes,4
290045,SAINT ROSE DOMINICAN HOSPITALS - SIENA CAMPUS,HENDERSON,NV,Acute Care Hospitals,Voluntary non-profit - Private,Yes,3
441300,SAINT THOMAS HICKMAN HOSPITAL,CENTERVILLE,TN,Critical Access Hospitals,Voluntary non-profit - Private,No,Not Available
440192,SAINT THOMAS HIGHLANDS HOSPITAL,SPARTA,TN,Acute Care Hospitals,Proprietary,Yes,Not Available
440218,SAINT THOMAS HOSPITAL FOR SPINAL SURGERY,NASHVILLE,TN,Acute Care Hospitals,Voluntary non-profit - Other,No,Not Available
440151,SAINT THOMAS RIVER PARK HOSPITAL,MCMINNVILLE,TN,Acute Care Hospitals,Voluntary non-profit - Private,Yes,3
440053,SAINT THOMAS RUTHERFORD HOSPITAL,MURFREESBORO,TN,Acute Care Hospitals,Voluntary non-profit - Church,Yes,3
390009,SAINT VINCENT HOSPITAL,ERIE,PA,Acute Care Hospitals,Voluntary non-profit - Private,Yes,4
351310,SAKAKAWEA MEDICAL CENTER - CAH,HAZEN,ND,Critical Access Hospitals,Voluntary non-profit - Private,Yes,Not Available
381308,SALEM HEALTH WEST VALLEY HOSPITAL,DALLAS,OR,Critical Access Hospitals,Voluntary non-profit - Private,Yes,Not Available
380051,SALEM HOSPITAL,SALEM,OR,Acute Care Hospitals,Voluntary non-profit - Other,Yes,3
261318,SALEM MEMORIAL DISTRICT HOSPITAL,SALEM,MO,Critical Access Hospitals,Government - Hospital District or Authority,Yes,4
360185,SALEM REGIONAL MEDICAL CENTER,SALEM,OH,Acute Care Hospitals,Voluntary non-profit - Private,Yes,3
141345,SALEM TOWNSHIP HOSPITAL,SALEM,IL,Critical Access Hospitals,Government - Local,Yes,4
49011F,SALEM VA MEDICAL CENTER,SALEM,VA,Acute Care - Veterans Administration,Veterans Health Administration,Yes,4
170012,SALINA REGIONAL HEALTH CENTER,SALINA,KS,Acute Care Hospitals,Voluntary non-profit - Private,Yes,3
170187,SALINA SURGICAL HOSPITAL,SALINA,KS,Acute Care Hospitals,Physician,No,Not Available
050334,SALINAS VALLEY MEMORIAL HOSPITAL,SALINAS,CA,Acute Care Hospitals,Voluntary non-profit - Other,Yes,4
040084,SALINE MEMORIAL HOSPITAL,BENTON,AR,Acute Care Hospitals,Proprietary,Yes,3
464013,SALT LAKE BEHAVIORAL HEALTH,SALT LAKE CITY,UT,Psychiatric,Proprietary,No,Not Available
380022,SAMARITAN ALBANY GENERAL HOSPITAL,ALBANY,OR,Acute Care Hospitals,Voluntary non-profit - Church,Yes,4
234040,SAMARITAN BEHAVIORAL CENTER,DETROIT,MI,Psychiatric,Voluntary non-profit - Private,No,Not Available
500033,SAMARITAN HOSPITAL,MOSES LAKE,WA,Acute Care Hospitals,Proprietary,Yes,2
330180,"SAMARITAN HOSPITAL OF TROY, NEW YORK",TROY,NY,Acute Care Hospitals,Voluntary non-profit - Private,Yes,3
381323,SAMARITAN LEBANON COMMUNITY HOSPITAL,LEBANON,OR,Critical Access Hospitals,Voluntary non-profit - Church,Yes,3
330157,SAMARITAN MEDICAL CENTER,WATERTOWN,NY,Acute Care Hospitals,Voluntary non-profit - Private,Yes,2
381302,SAMARITAN NORTH LINCOLN HOSPITAL,LINCOLN CITY,OR,Critical Access Hospitals,Voluntary non-profit - Private,Yes,3
381314,SAMARITAN PACIFIC COMMUNITY HOSPITAL,NEWPORT,OR,Critical Access Hospitals,Voluntary non-profit - Private,Yes,1
430093,SAME DAY SURGERY CENTER LLC,RAPID CITY,SD,Acute Care Hospitals,Proprietary,No,Not Available
340024,SAMPSON REGIONAL MEDICAL CENTER,CLINTON,NC,Acute Care Hospitals,Government - Local,Yes,2
121306,SAMUEL MAHELONA MEMORIAL HOSPITAL,KAPAA,HI,Critical Access Hospitals,Government - State,Yes,Not Available
021312,SAMUEL SIMMONDS MEMORIAL HOSPITAL,BARROW,AK,Critical Access Hospitals,Tribal,Yes,Not Available
454132,SAN ANTONIO BEHAVIORAL HEALTHCARE HOSPITAL,SAN ANTONIO,TX,Psychiatric,Proprietary,No,Not Available
050099,SAN ANTONIO REGIONAL HOSPITAL,UPLAND,CA,Acute Care Hospitals,Voluntary non-profit - Other,Yes,3
454011,SAN ANTONIO STATE HOSP  STATE SCHOOL,SAN ANTONIO,TX,Psychiatric,Government - State,No,Not Available
45090F,SAN ANTONIO VA MEDICAL CENTER (VA SOUTH TEXAS HEALTHCARE SYSTEM),SAN ANTONIO,TX,Acute Care - Veterans Administration,Veterans Health Administration,Yes,5
031320,SAN CARLOS APACHE HEALTHCARE CORPORATION,PERIDOT,AZ,Critical Access Hospitals,Tribal,Yes,Not Available
050588,SAN DIMAS COMMUNITY HOSPITAL,SAN DIMAS,CA,Acute Care Hospitals,Proprietary,Yes,2
05130F,SAN FRANCISCO VA MEDICAL CENTER,SAN FRANCISCO,CA,Acute Care - Veterans Administration,Veterans Health Administration,Yes,4
050132,SAN GABRIEL VALLEY MEDICAL CENTER,SAN GABRIEL,CA,Acute Care Hospitals,Proprietary,Yes,4
050054,SAN GORGONIO MEMORIAL HOSPITAL,BANNING,CA,Acute Care Hospitals,Government - Hospital District or Authority,Yes,3
050167,SAN JOAQUIN GENERAL HOSPITAL,FRENCH CAMP,CA,Acute Care Hospitals,Government - Local,Yes,2
054154,SAN JOSE BEHAVIORAL HEALTH,SAN JOSE,CA,Psychiatric,Proprietary,No,Not Available
404005,SAN JUAN CAPESTRANO  HOSPITAL INC,RIO PIEDRAS,PR,Psychiatric,Proprietary,No,Not Available
461308,SAN JUAN HOSPITAL,MONTICELLO,UT,Critical Access Hospitals,Voluntary non-profit - Other,Yes,Not Available
400015,SAN JUAN MUNICIPALITY HOSPITAL,RIO PIEDRAS,PR,Acute Care Hospitals,Government - Local,Yes,Not Available
320005,SAN JUAN REGIONAL MEDICAL CENTER INC,FARMINGTON,NM,Acute Care Hospitals,Voluntary non-profit - Private,Yes,2
40003F,SAN JUAN VA MEDICAL CENTER,SAN JUAN,PR,Acute Care - Veterans Administration,Veterans Health Administration,Yes,2
061308,SAN LUIS VALLEY HEALTH CONEJOS COUNTY HOSPITAL,LA JARA,CO,Critical Access Hospitals,Voluntary non-profit - Private,No,Not Available
060008,SAN LUIS VALLEY REGIONAL  MEDICAL CENTER,ALAMOSA,CO,Acute Care Hospitals,Voluntary non-profit - Private,Yes,3
050113,SAN MATEO MEDICAL CENTER,SAN MATEO,CA,Acute Care Hospitals,Government - Local,Yes,Not Available
050689,SAN RAMON REGIONAL MEDICAL CENTER,SAN RAMON,CA,Acute Care Hospitals,Proprietary,Yes,4
014016,"SANCTUARY AT THE WOODLANDS, THE",CULLMAN,AL,Psychiatric,Proprietary,No,Not Available
241328,SANFORD BAGLEY MEDICAL CENTER,BAGLEY,MN,Critical Access Hospitals,Voluntary non-profit - Private,Yes,Not Available
244018,SANFORD BEHAVIORAL HEALTH CENTER,THIEF RIVER FALLS,MN,Psychiatric,Voluntary non-profit - Private,No,Not Available
240100,SANFORD BEMIDJI MEDICAL CENTER,BEMIDJI,MN,Acute Care Hospitals,Voluntary non-profit - Private,Yes,4
241347,SANFORD CANBY MEDICAL CENTER,CANBY,MN,Critical Access Hospitals,Government - Hospital District or Authority,Yes,Not Available
431333,SANFORD CANTON-INWOOD MEDICAL CENTER - CAH,CANTON,SD,Critical Access Hospitals,Voluntary non-profit - Private,Yes,Not Available
431329,SANFORD CHAMBERLAIN MEDICAL CENTER,CHAMBERLAIN,SD,Critical Access Hospitals,Voluntary non-profit - Private,Yes,Not Available
431307,SANFORD CLEAR LAKE MEDICAL CENTER,CLEAR LAKE,SD,Critical Access Hospitals,Voluntary non-profit - Private,Yes,Not Available
351329,SANFORD HILLSBORO,HILLSBORO,ND,Critical Access Hospitals,Voluntary non-profit - Private,Yes,Not Available
431311,SANFORD HOSPITAL WEBSTER - CAH,WEBSTER,SD,Critical Access Hospitals,Voluntary non-profit - Private,Yes,Not Available
241315,SANFORD JACKSON MEDICAL CENTER,JACKSON,MN,Critical Access Hospitals,Voluntary non-profit - Private,Yes,Not Available
241371,SANFORD LUVERNE MEDICAL CENTER,LUVERNE,MN,Critical Access Hospitals,Voluntary non-profit - Private,Yes,Not Available
351309,SANFORD MAYVILLE,MAYVILLE,ND,Critical Access Hospitals,Voluntary non-profit - Private,Yes,Not Available
430097,SANFORD MEDICAL CENTER ABERDEEN,ABERDEEN,SD,Acute Care Hospitals,Voluntary non-profit - Private,Yes,4
350015,SANFORD MEDICAL CENTER BISMARCK,BISMARCK,ND,Acute Care Hospitals,Voluntary non-profit - Private,Yes,4
350011,SANFORD MEDICAL CENTER FARGO,FARGO,ND,Acute Care Hospitals,Voluntary non-profit - Private,Yes,4
161381,SANFORD SHELDON MEDICAL CENTER,SHELDON,IA,Critical Access Hospitals,Voluntary non-profit - Private,Yes,Not Available
241381,SANFORD THIEF RIVER FALLS MEDICAL CENTER,THIEF RIVER FALLS,MN,Critical Access Hospitals,Voluntary non-profit - Private,Yes,Not Available
241303,SANFORD TRACY MEDICAL CENTER,TRACY,MN,Critical Access Hospitals,Voluntary non-profit - Private,Yes,Not Available
430027,SANFORD USD MEDICAL CENTER,SIOUX FALLS,SD,Acute Care Hospitals,Voluntary non-profit - Private,Yes,5
431336,SANFORD VERMILLION MEDICAL CENTER,VERMILLION,SD,Critical Access Hospitals,Voluntary non-profit - Private,Yes,Not Available
241302,SANFORD WESTBROOK MEDICAL CENTER,WESTBROOK,MN,Critical Access Hospitals,Voluntary non-profit - Private,Yes,Not Available
241304,SANFORD WHEATON MEDICAL CENTER,WHEATON,MN,Critical Access Hospitals,Voluntary non-profit - Private,No,Not Available
240022,SANFORD WORTHINGTON MEDICAL CENTER,WORTHINGTON,MN,Acute Care Hospitals,Voluntary non-profit - Private,Yes,4
050396,SANTA BARBARA COTTAGE HOSPITAL,SANTA BARBARA,CA,Acute Care Hospitals,Voluntary non-profit - Private,Yes,4
054125,SANTA BARBARA COUNTY PSYCHIATRIC HEALTH FACILITY,SANTA BARBARA,CA,Psychiatric,Government - Local,No,Not Available
050038,SANTA CLARA VALLEY MEDICAL CENTER,SAN JOSE,CA,Acute Care Hospitals,Government - Local,Yes,2
054152,SANTA CRUZ COUNTY PSYCHIATRIC HEALTH FACILITY,SANTA CRUZ,CA,Psychiatric,Proprietary,No,Not Available
320057,SANTA FE PHS INDIAN HOSPITAL,SANTA FE,NM,Acute Care Hospitals,Government - Federal,No,Not Available
050112,SANTA MONICA - UCLA MED CTR & ORTHOPAEDIC HOSPITAL,SANTA MONICA,CA,Acute Care Hospitals,Voluntary non-profit - Private,Yes,5
100124,SANTA ROSA MEDICAL CENTER,MILTON,FL,Acute Care Hospitals,Proprietary,Yes,4
051331,SANTA YNEZ VALLEY COTTAGE HOSPITAL,SOLVANG,CA,Critical Access Hospitals,Voluntary non-profit - Private,Yes,Not Available
380056,SANTIAM HOSPITAL & CLINICS,STAYTON,OR,Acute Care Hospitals,Voluntary non-profit - Private,Yes,Not Available
140189,SARAH BUSH LINCOLN HEALTH CENTER,MATTOON,IL,Acute Care Hospitals,Voluntary non-profit - Private,Yes,3
141333,SARAH D CULBERTSON MEMORIAL HOSPITAL,RUSHVILLE,IL,Critical Access Hospitals,Government - Hospital District or Authority,Yes,Not Available
100087,SARASOTA MEMORIAL HOSPITAL,SARASOTA,FL,Acute Care Hospitals,Government - Hospital District or Authority,Yes,5
100359,SARASOTA MEMORIAL HOSPITAL - VENICE,NORTH VENICE,FL,Acute Care Hospitals,Government - Hospital District or Authority,Yes,5
330222,SARATOGA HOSPITAL,SARATOGA SPRINGS,NY,Acute Care Hospitals,Voluntary non-profit - Private,Yes,3
160040,"SARTORI MEMORIAL HOSPITAL, INC",CEDAR FALLS,IA,Acute Care Hospitals,Voluntary non-profit - Church,Yes,Not Available
171324,"SATANTA DISTRICT HOSPITAL, CLINICS, & LTCU",SATANTA,KS,Critical Access Hospitals,Government - Hospital District or Authority,Yes,Not Available
520095,SAUK PRAIRIE HOSPITAL,PRAIRIE DU SAC,WI,Acute Care Hospitals,Voluntary non-profit - Private,Yes,5
281307,SAUNDERS MEDICAL CENTER,WAHOO,NE,Critical Access Hospitals,Government - Local,Yes,Not Available
110036,SAVANNAH HEALTH SERVICES LLC DBA MEMORIAL HEALTH UNIVERSITY MEDICAL CENTER,SAVANNAH,GA,Acute Care Hospitals,Voluntary non-profit - Other,Yes,1
190025,SAVOY MEDICAL CENTER,MAMOU,LA,Acute Care Hospitals,Voluntary non-profit - Other,Yes,4
524041,"SBH Green Bay, LLC d/b/a WILLOW CREEK BEHAVIORAL HEALTH",GREEN BAY,WI,Psychiatric,Proprietary,No,Not Available
450653,SCENIC MOUNTAIN MEDICAL CENTER,BIG SPRING,TX,Acute Care Hospitals,Proprietary,Yes,Not Available
231310,SCHEURER HOSPITAL,PIGEON,MI,Critical Access Hospitals,Voluntary non-profit - Other,Yes,Not Available
451304,SCHLEICHER COUNTY MEDICAL CENTER,ELDORADO,TX,Critical Access Hospitals,Proprietary,No,Not Available
150065,SCHNECK MEDICAL CENTER,SEYMOUR,IN,Acute Care Hospitals,Government - Local,Yes,4
231303,SCHOOLCRAFT MEMORIAL HOSPITAL,MANISTIQUE,MI,Critical Access Hospitals,Government - Local,Yes,Not Available
331313,SCHUYLER HOSPITAL,MONTOUR FALLS,NY,Critical Access Hospitals,Voluntary non-profit - Private,Yes,Not Available
390030,SCHUYLKILL MEDICAL CENTER - SOUTH JACKSON STREET,POTTSVILLE,PA,Acute Care Hospitals,Voluntary non-profit - Private,Yes,4
170779,SCK HEALTH,ARKANSAS CITY,KS,Rural Emergency Hospital,Government - Local,Yes,Not Available
261310,SCOTLAND COUNTY  HOSPITAL,MEMPHIS,MO,Critical Access Hospitals,Government - Hospital District or Authority,Yes,2
340008,SCOTLAND MEMORIAL HOSPITAL,LAURINBURG,NC,Acute Care Hospitals,Voluntary non-profit - Private,Yes,3
171372,SCOTT COUNTY HOSPITAL,SCOTT CITY,KS,Critical Access Hospitals,Voluntary non-profit - Private,Yes,2
050424,SCRIPPS GREEN HOSPITAL,LA JOLLA,CA,Acute Care Hospitals,Voluntary non-profit - Other,No,5
050503,SCRIPPS MEMORIAL HOSPITAL - ENCINITAS,ENCINITAS,CA,Acute Care Hospitals,Voluntary non-profit - Private,Yes,4
050324,SCRIPPS MEMORIAL HOSPITAL LA JOLLA,LA JOLLA,CA,Acute Care Hospitals,Physician,Yes,5
050077,SCRIPPS MERCY HOSPITAL,SAN DIEGO,CA,Acute Care Hospitals,Voluntary non-profit - Private,Yes,4
021305,SEARHC WRANGELL MEDICAL CENTER & LTC,WRANGELL,AK,Critical Access Hospitals,Tribal,Yes,Not Available
194103,SEASIDE HEALTH SYSTEM,BATON ROUGE,LA,Psychiatric,Government - Federal,No,Not Available
503300,SEATTLE CHILDREN'S HOSPITAL,SEATTLE,WA,Childrens,Voluntary non-profit - Private,Yes,Not Available
50030F,SEATTLE VA MEDICAL CENTER (VA PUGET SOUND HEALTHCARE SYSTEM),SEATTLE,WA,Acute Care - Veterans Administration,Veterans Health Administration,Yes,4
171318,SEDAN CITY HOSPITAL,SEDAN,KS,Critical Access Hospitals,Government - Local,Yes,Not Available
061310,SEDGWICK COUNTY MEMORIAL HOSPITAL,JULESBURG,CO,Critical Access Hospitals,Government - Local,Yes,Not Available
371332,SEILING MUNICIPAL HOSPITAL,SEILING,OK,Critical Access Hospitals,Government - Hospital District or Authority,Yes,Not Available
361319,SELBY GENERAL HOSPITAL,MARIETTA,OH,Critical Access Hospitals,Voluntary non-profit - Private,Yes,Not Available
420071,SELF REGIONAL HEALTHCARE,GREENWOOD,SC,Acute Care Hospitals,Voluntary non-profit - Private,Yes,4
030074,SELLS HOSPITAL,SELLS,AZ,Acute Care Hospitals,Tribal,Yes,Not Available
054124,SEMPERVIRENS,EUREKA,CA,Psychiatric,Government - Local,Yes,Not Available
051327,SENECA DISTRICT HOSPITAL,CHESTER,CA,Critical Access Hospitals,Government - Hospital District or Authority,Yes,Not Available
340109,SENTARA ALBEMARLE MEDICAL CENTER,ELIZABETH CITY,NC,Acute Care Hospitals,Government - Hospital District or Authority,Yes,3
490093,SENTARA CAREPLEX HOSPITAL,HAMPTON,VA,Acute Care Hospitals,Voluntary non-profit - Private,Yes,4
490013,SENTARA HALIFAX REGIONAL HOSPITAL,SOUTH BOSTON,VA,Acute Care Hospitals,Voluntary non-profit - Private,Yes,3
490046,SENTARA LEIGH HOSPITAL,NORFOLK,VA,Acute Care Hospitals,Voluntary non-profit - Other,No,3
490077,SENTARA MARTHA JEFFERSON HOSPITAL,CHARLOTTESVILLE,VA,Acute Care Hospitals,Voluntary non-profit - Private,Yes,4
490007,SENTARA NORFOLK GENERAL HOSPITAL,NORFOLK,VA,Acute Care Hospitals,Voluntary non-profit - Other,Yes,4
490113,SENTARA NORTHERN VIRGINIA MEDICAL CENTER,WOODBRIDGE,VA,Acute Care Hospitals,Voluntary non-profit - Private,Yes,3
490044,SENTARA OBICI HOSPITAL,SUFFOLK,VA,Acute Care Hospitals,Voluntary non-profit - Other,Yes,4
490119,SENTARA PRINCESS ANNE HOSPITAL,VIRGINIA BEACH,VA,Acute Care Hospitals,Voluntary non-profit - Other,No,5
490004,SENTARA RMH MEDICAL CENTER,HARRISONBURG,VA,Acute Care Hospitals,Voluntary non-profit - Private,Yes,5
490057,SENTARA VIRGINIA BEACH GENERAL HOSPITAL,VIRGINIA BEACH,VA,Acute Care Hospitals,Voluntary non-profit - Other,Yes,4
490066,SENTARA WILLIAMSBURG REGIONAL MEDICAL CENTER,WILLIAMSBURG,VA,Acute Care Hospitals,Voluntary non-profit - Private,Yes,5
050197,SEQUOIA HOSPITAL,REDWOOD CITY,CA,Acute Care Hospitals,Voluntary non-profit - Private,Yes,5
370112,SEQUOYAH COUNTY-CITY OF SALLISAW HOSPITAL AUTHORIT,SALLISAW,OK,Acute Care Hospitals,Government - Local,Yes,3
194074,SERENITY SPRINGS SPECIALTY HOSPITAL,RUSTON,LA,Psychiatric,Proprietary,No,Not Available
670080,SETON MEDICAL CENTER HARKER HEIGHTS,HARKER HEIGHTS,TX,Acute Care Hospitals,Proprietary,Yes,4
294012,SEVEN HILLS HOSPITAL,HENDERSON,NV,Psychiatric,Proprietary,No,Not Available
041333,SEVIER COUNTY MEDICAL CENTER,DE QUEEN,AR,Critical Access Hospitals,Government - Local,Yes,Not Available
451399,SEYMOUR HOSPITAL,SEYMOUR,TX,Critical Access Hospitals,Government - Hospital District or Authority,Yes,Not Available
110234,SGMC BERRIEN CAMPUS,NASHVILLE,GA,Acute Care Hospitals,Government - Hospital District or Authority,Yes,Not Available
110122,SGMC HEALTH,VALDOSTA,GA,Acute Care Hospitals,Government - Hospital District or Authority,Yes,2
111326,SGMC HEALTH LANIER,LAKELAND,GA,Critical Access Hospitals,Government - Hospital District or Authority,Yes,Not Available
451340,SHAMROCK GENERAL HOSPITAL,SHAMROCK,TX,Critical Access Hospitals,Government - Hospital District or Authority,Yes,Not Available
100001,SHANDS JACKSONVILLE,JACKSONVILLE,FL,Acute Care Hospitals,Voluntary non-profit - Private,Yes,4
450571,SHANNON MEDICAL CENTER,SAN ANGELO,TX,Acute Care Hospitals,Voluntary non-profit - Private,Yes,3
371341,SHARE MEDICAL CENTER,ALVA,OK,Critical Access Hospitals,Government - Hospital District or Authority,Yes,Not Available
250784,SHARKEY ISSAQUENA COMMUNITY HOSPITAL,ROLLING FORK,MS,Rural Emergency Hospital,Government - Local,Yes,Not Available
070004,SHARON HOSPITAL,SHARON,CT,Acute Care Hospitals,Proprietary,Yes,5
390211,SHARON REGIONAL MEDICAL CENTER,SHARON,PA,Acute Care Hospitals,Proprietary,Yes,3
050222,SHARP CHULA VISTA MEDICAL CENTER,CHULA VISTA,CA,Acute Care Hospitals,Proprietary,Yes,4
050234,SHARP CORONADO HOSPITAL AND HLTHCR CTR,CORONADO,CA,Acute Care Hospitals,Proprietary,Yes,4
050100,SHARP MEMORIAL HOSPITAL,SAN DIEGO,CA,Acute Care Hospitals,Voluntary non-profit - Private,Yes,4
054145,SHARP MESA VISTA HOSPITAL,SAN DIEGO,CA,Psychiatric,Voluntary non-profit - Private,No,Not Available
050764,SHASTA REGIONAL MEDICAL CENTER,REDDING,CA,Acute Care Hospitals,Proprietary,Yes,2
010016,SHELBY BAPTIST MEDICAL CENTER,ALABASTER,AL,Acute Care Hospitals,Voluntary non-profit - Private,Yes,2
161366,SHENANDOAH MEDICAL CENTER,SHENANDOAH,IA,Critical Access Hospitals,Voluntary non-profit - Private,Yes,Not Available
491305,SHENANDOAH MEMORIAL HOSPITAL,WOODSTOCK,VA,Critical Access Hospitals,Voluntary non-profit - Private,Yes,3
214000,"SHEPPARD AND ENOCH PRATT HOSPITAL, THE",BALTIMORE,MD,Psychiatric,Voluntary non-profit - Private,No,Not Available
231312,SHERIDAN COMMUNITY HOSPITAL,SHERIDAN,MI,Critical Access Hospitals,Voluntary non-profit - Private,Yes,Not Available
171347,SHERIDAN COUNTY HOSPITAL,HOXIE,KS,Critical Access Hospitals,Government - Local,Yes,Not Available
530006,SHERIDAN MEMORIAL HOSPITAL,SHERIDAN,WY,Acute Care Hospitals,Government - Local,Yes,3
271322,SHERIDAN MEMORIAL HOSPTIAL,PLENTYWOOD,MT,Critical Access Hospitals,Voluntary non-profit - Private,Yes,Not Available
53005F,SHERIDAN VA MEDICAL CENTER,SHERIDAN,WY,Acute Care - Veterans Administration,Veterans Health Administration,No,Not Available
050755,SHERMAN OAKS HOSPITAL,SHERMAN OAKS,CA,Acute Care Hospitals,Voluntary non-profit - Private,Yes,2
274004,SHODAIR CHILDREN'S HOSPITAL,HELENA,MT,Psychiatric,Voluntary non-profit - Private,No,Not Available
310047,SHORE MEDICAL CENTER,SOMERS POINT,NJ,Acute Care Hospitals,Voluntary non-profit - Private,Yes,3
131314,SHOSHONE MEDICAL CENTER,KELLOGG,ID,Critical Access Hospitals,Government - Hospital District or Authority,Yes,3
143302,SHRINERS HOSPITAL FOR CHILDREN,CHICAGO,IL,Childrens,Voluntary non-profit - Private,No,Not Available
123301,SHRINERS HOSPITAL FOR CHILDREN,HONOLULU,HI,Childrens,Voluntary non-profit - Private,No,Not Available
503302,SHRINERS HOSPITAL FOR CHILDREN,SPOKANE,WA,Childrens,Voluntary non-profit - Private,No,Not Available
383300,SHRINERS HOSPITAL FOR CHILDREN - PORTLAND,PORTLAND,OR,Childrens,Voluntary non-profit - Private,No,Not Available
263304,SHRINERS HOSPITALS FOR CHILDREN,SAINT LOUIS,MO,Childrens,Voluntary non-profit - Private,No,Not Available
423300,SHRINERS HOSPITALS FOR CHILDREN,GREENVILLE,SC,Childrens,Voluntary non-profit - Private,No,Not Available
363308,SHRINERS HOSPITALS FOR CHILDREN,DAYTON,OH,Childrens,Voluntary non-profit - Private,No,Not Available
453311,SHRINERS HOSPITALS FOR CHILDREN,GALVESTON,TX,Childrens,Voluntary non-profit - Private,No,Not Available
393309,SHRINERS HOSPITALS FOR CHILDREN - PHILADELPHIA,PHILADELPHIA,PA,Childrens,Voluntary non-profit - Other,No,Not Available
053311,SHRINERS HOSPITALS FOR CHILDREN NORTHERN CALIF,SACRAMENTO,CA,Childrens,Voluntary non-profit - Private,No,Not Available
090005,SIBLEY MEMORIAL HOSPITAL,WASHINGTON,DC,Acute Care Hospitals,Voluntary non-profit - Other,Yes,5
271344,SIDNEY HEALTH CENTER,SIDNEY,MT,Critical Access Hospitals,Voluntary non-profit - Private,Yes,3
281357,SIDNEY REGIONAL MEDICAL CENTER,SIDNEY,NE,Critical Access Hospitals,Voluntary non-profit - Private,Yes,Not Available
450668,SIERRA MEDICAL CENTER,EL PASO,TX,Acute Care Hospitals,Proprietary,Yes,2
050150,SIERRA NEVADA MEMORIAL HOSPITAL,GRASS VALLEY,CA,Acute Care Hospitals,Voluntary non-profit - Other,Yes,3
050261,SIERRA VIEW MEDICAL CENTER,PORTERVILLE,CA,Acute Care Hospitals,Voluntary non-profit - Private,Yes,3
321300,SIERRA VISTA HOSPITAL,T OR C,NM,Critical Access Hospitals,Government - Local,No,Not Available
220052,SIGNATURE HEALTHCARE BROCKTON HOSPITAL,BROCKTON,MA,Acute Care Hospitals,Voluntary non-profit - Other,Yes,3
040001,SILOAM SPRINGS REGIONAL HOSPITAL,SILOAM SPRINGS,AR,Acute Care Hospitals,Proprietary,Yes,3
140213,SILVER CROSS HOSPITAL  AND MEDICAL CENTERS,NEW LENOX,IL,Acute Care Hospitals,Voluntary non-profit - Private,Yes,5
074014,SILVER HILL HOSPITAL INC,NEW CANAAN,CT,Psychiatric,Government - Federal,No,Not Available
312024,SILVER LAKE HOSPITAL LTACH,NEWARK,NJ,Long-term,Voluntary non-profit - Church,No,Not Available
144041,SILVER OAKS BEHAVIORAL HOSPITAL,NEW LENOX,IL,Psychiatric,Proprietary,Yes,Not Available
251317,SIMPSON GENERAL HOSPITAL CAH,MENDENHALL,MS,Critical Access Hospitals,Voluntary non-profit - Private,Yes,2
210012,SINAI HOSPITAL OF BALTIMORE,BALTIMORE,MD,Acute Care Hospitals,Voluntary non-profit - Private,Yes,3
230024,SINAI-GRACE HOSPITAL,DETROIT,MI,Acute Care Hospitals,Proprietary,Yes,1
250123,SINGING RIVER GULFPORT,GULFPORT,MS,Acute Care Hospitals,Proprietary,Yes,2
250040,SINGING RIVER HEALTH SYSTEM,PASCAGOULA,MS,Acute Care Hospitals,Government - Local,Yes,1
161346,SIOUX CENTER HEALTH,SIOUX CENTER,IA,Critical Access Hospitals,Voluntary non-profit - Private,Yes,Not Available
430090,SIOUX FALLS SPECIALTY HOSPITAL,SIOUX FALLS,SD,Acute Care Hospitals,Proprietary,No,Not Available
43005F,SIOUX FALLS VA MEDICAL CENTER,SIOUX FALLS,SD,Acute Care - Veterans Administration,Veterans Health Administration,Yes,5
330078,SISTERS OF CHARITY HOSPITAL,BUFFALO,NY,Acute Care Hospitals,Voluntary non-profit - Private,Yes,3
511304,SISTERSVILLE GENERAL HOSPITAL,SISTERSVILLE,WV,Critical Access Hospitals,Proprietary,Yes,Not Available
500003,SKAGIT VALLEY HOSPITAL,MOUNT VERNON,WA,Acute Care Hospitals,Government - Hospital District or Authority,Yes,3
380050,SKY LAKES MEDICAL CENTER,KLAMATH FALLS,OR,Acute Care Hospitals,Voluntary non-profit - Private,Yes,2
060112,SKY RIDGE MEDICAL CENTER,LONE TREE,CO,Acute Care Hospitals,Voluntary non-profit - Other,Yes,3
501315,SKYLINE HOSPITAL,WHITE SALMON,WA,Critical Access Hospitals,Government - Hospital District or Authority,Yes,Not Available
241327,SLEEPY EYE MEDICAL CENTER,SLEEPY EYE,MN,Critical Access Hospitals,Government - Local,Yes,Not Available
331322,"SLHS MASSENA, INC",MASSENA,NY,Critical Access Hospitals,Voluntary non-profit - Private,Yes,Not Available
190040,SLIDELL MEMORIAL HOSPITAL,SLIDELL,LA,Acute Care Hospitals,Government - Hospital District or Authority,Yes,2
250786,SMITH COUNTY  EMERGENCY HOSPITAL,RALEIGH,MS,Rural Emergency Hospital,Government - Local,Yes,Not Available
171377,SMITH COUNTY MEMORIAL HOSPITAL,SMITH CENTER,KS,Critical Access Hospitals,Government - Local,Yes,Not Available
504012,SMOKEY POINT BEHAVIORAL HOSPITAL,MARYSVILLE,WA,Psychiatric,Proprietary,No,Not Available
351327,SMP HEALTH ST ALOISIUS,HARVEY,ND,Critical Access Hospitals,Voluntary non-profit - Private,Yes,1
490038,SMYTH COUNTY COMMUNITY HOSPITAL,MARION,VA,Acute Care Hospitals,Voluntary non-profit - Private,Yes,3
501338,SNOQUALMIE VALLEY HOSPITAL,SNOQUALMIE,WA,Critical Access Hospitals,Government - Hospital District or Authority,Yes,Not Available
114032,SO CRESCENT BEH HLTH SYS - ANCHOR HOSPITAL CAMPUS,COLLEGE PARK,GA,Psychiatric,Government - Hospital District or Authority,No,Not Available
321301,SOCORRO GENERAL HOSPITAL,SOCORRO,NM,Critical Access Hospitals,Voluntary non-profit - Private,Yes,Not Available
360360,SOIN MEDICAL CENTER,BEAVER CREEK,OH,Acute Care Hospitals,Voluntary non-profit - Private,Yes,4
364055,SOJOURN AT SENECA SENIOR BEHAVIORAL HEALTH HOSPITA,TIFFIN,OH,Psychiatric,Voluntary non-profit - Private,No,Not Available
331314,SOLDIERS AND SAILORS MEMORIAL HOSPITAL OF YATES,PENN YAN,NY,Critical Access Hospitals,Voluntary non-profit - Private,Yes,Not Available
050090,SONOMA VALLEY HOSPITAL,SONOMA,CA,Acute Care Hospitals,Government - Hospital District or Authority,Yes,2
034022,SONORA BEHAVIORAL HEALTH HOSPITAL,TUCSON,AZ,Psychiatric,Proprietary,Yes,Not Available
040088,SOUTH ARKANSAS REGIONAL HOSPITAL LLC,EL DORADO,AR,Acute Care Hospitals,Proprietary,Yes,3
334043,SOUTH BEACH PSYCHIATRIC CENTER,STATEN ISLAND,NY,Psychiatric,Government - State,No,Not Available
531301,SOUTH BIG HORN COUNTY HOSPITAL,BASIN,WY,Critical Access Hospitals,Government - Hospital District or Authority,Yes,Not Available
330196,SOUTH BROOKLYN HEALTH,BROOKLYN,NY,Acute Care Hospitals,Voluntary non-profit - Other,Yes,2
351321,SOUTH CENTRAL HEALTH,WISHEK,ND,Critical Access Hospitals,Government - Local,Yes,Not Available
250058,SOUTH CENTRAL REG MED CTR,LAUREL,MS,Acute Care Hospitals,Government - Local,Yes,1
410008,SOUTH COUNTY HOSPITAL INC,WAKEFIELD,RI,Acute Care Hospitals,Voluntary non-profit - Private,Yes,4
434003,SOUTH DAKOTA HUMAN SERVICES CENTER,YANKTON,SD,Psychiatric,Government - State,No,Not Available
100132,SOUTH FLORIDA BAPTIST HOSPITAL,PLANT CITY,FL,Acute Care Hospitals,Voluntary non-profit - Private,Yes,3
104001,SOUTH FLORIDA STATE HOSPITAL,PEMBROKE PINES,FL,Psychiatric,Government - Local,Yes,Not Available
110253,SOUTH GEORGIA SPECIALTY HOSPITAL,ALBANY,GA,Acute Care Hospitals,Proprietary,No,Not Available
531315,SOUTH LINCOLN MEDICAL CENTER - CAH,KEMMERER,WY,Critical Access Hospitals,Government - Hospital District or Authority,No,Not Available
291314,SOUTH LYON MEDICAL CENTER,YERINGTON,NV,Critical Access Hospitals,Voluntary non-profit - Private,Yes,Not Available
100154,SOUTH MIAMI HOSPITAL,MIAMI,FL,Acute Care Hospitals,Voluntary non-profit - Private,Yes,4
040782,SOUTH MISSISSIPPI COUNTY REGIONAL MEDICAL CENTER,OSCEOLA,AR,Rural Emergency Hospital,Government - Local,Yes,Not Available
254008,SOUTH MISSISSIPPI STATE HOSPITAL,PURVIS,MS,Psychiatric,Government - State,No,Not Available
334027,SOUTH OAKS HOSP,AMITYVILLE,NY,Psychiatric,Voluntary non-profit - Private,No,Not Available
021313,SOUTH PENINSULA HOSPITAL,HOMER,AK,Critical Access Hospitals,Voluntary non-profit - Private,Yes,Not Available
360144,SOUTH POINTE HOSPITAL,WARRENSVILLE HEIGHTS,OH,Acute Care Hospitals,Voluntary non-profit - Other,No,5
220100,SOUTH SHORE HOSPITAL,SOUTH WEYMOUTH,MA,Acute Care Hospitals,Voluntary non-profit - Private,Yes,2
140181,SOUTH SHORE HOSPITAL,CHICAGO,IL,Acute Care Hospitals,Voluntary non-profit - Private,Yes,Not Available
504015,SOUTH SOUND BEHAVIORAL HOSPITAL,LACEY,WA,Psychiatric,Proprietary,No,Not Available
250095,SOUTH SUNFLOWER COUNTY HOSPITAL,INDIANOLA,MS,Acute Care Hospitals,Government - Local,Yes,2
450119,SOUTH TEXAS HEALTH SYSTEM,EDINBURG,TX,Acute Care Hospitals,Proprietary,Yes,4
450856,SOUTH TEXAS SPINE AND SURGICAL HOSPITAL,SAN ANTONIO,TX,Acute Care Hospitals,Physician,Yes,Not Available
224041,SOUTHCOAST BEHAVIORAL HEALTH,DARTMOUTH,MA,Psychiatric,Proprietary,No,Not Available
220074,SOUTHCOAST HOSPITALS GROUP,FALL RIVER,MA,Acute Care Hospitals,Voluntary non-profit - Private,Yes,4
021314,SOUTHEAST ALASKA REGIONAL HEALTH CONSORTIUM,SITKA,AK,Critical Access Hospitals,Tribal,Yes,3
264034,SOUTHEAST BEHAVIORAL HOSPITAL,CAPE GIRARDEAU,MO,Psychiatric,Proprietary,No,Not Available
061311,SOUTHEAST COLORADO HOSPITAL DISTRICT,SPRINGFIELD,CO,Critical Access Hospitals,Government - Hospital District or Authority,Yes,Not Available
110146,SOUTHEAST GEORGIA HEALTH SYSTEM -- CAMDEN CAMPUS,SAINT MARYS,GA,Acute Care Hospitals,Government - Hospital District or Authority,Yes,4
110025,SOUTHEAST GEORGIA HEALTH SYSTEM- BRUNSWICK CAMPUS,BRUNSWICK,GA,Acute Care Hospitals,Government - Hospital District or Authority,No,2
010001,SOUTHEAST HEALTH MEDICAL CENTER,DOTHAN,AL,Acute Care Hospitals,Government - Hospital District or Authority,Yes,4
160057,SOUTHEAST IOWA REGIONAL MEDICAL CENTER,WEST BURLINGTON,IA,Acute Care Hospitals,Voluntary non-profit - Private,Yes,4
19047F,SOUTHEAST LOUISIANA VETERANS HEALTH CARE SYSTEM,NEW ORLEANS,LA,Acute Care - Veterans Administration,Veterans Health Administration,Yes,3
230264,SOUTHEAST MICHIGAN SURGICAL HOSPITAL LLC,WARREN,MI,Acute Care Hospitals,Voluntary non-profit - Private,No,Not Available
264005,SOUTHEAST MISSOURI MENTAL HLTH CTR,FARMINGTON,MO,Psychiatric,Government - State,No,Not Available
360203,SOUTHEASTERN OHIO REGIONAL MEDICAL CENTER,CAMBRIDGE,OH,Acute Care Hospitals,Voluntary non-profit - Private,Yes,4
340050,SOUTHEASTERN REGIONAL MEDICAL CENTER,LUMBERTON,NC,Acute Care Hospitals,Voluntary non-profit - Private,Yes,2
110233,"SOUTHEASTERN REGIONAL MEDICAL CENTER, INC",NEWNAN,GA,Acute Care Hospitals,Proprietary,No,5
050135,SOUTHERN CALIFORNIA HOSPITAL AT HOLLYWOOD,HOLLYWOOD,CA,Acute Care Hospitals,Proprietary,Yes,3
381304,SOUTHERN COOS HOSPITAL & HEALTH CENTER,BANDON,OR,Critical Access Hospitals,Government - Hospital District or Authority,Yes,2
290047,SOUTHERN HILLS HOSPITAL AND MEDICAL CENTER,LAS VEGAS,NV,Acute Care Hospitals,Proprietary,Yes,4
051302,SOUTHERN INYO HOSPITAL,LONE PINE,CA,Critical Access Hospitals,Government - Hospital District or Authority,Yes,Not Available
051336,SOUTHERN MONTEREY COUNTY MEMORIAL HOSPITAL,KING CITY,CA,Critical Access Hospitals,Voluntary non-profit - Other,Yes,Not Available
294002,SOUTHERN NEVADA ADULT MENTAL HEALTH SERVICES,LAS VEGAS,NV,Psychiatric,Government - State,No,Not Available
300020,SOUTHERN NH MEDICAL CENTER,NASHUA,NH,Acute Care Hospitals,Voluntary non-profit - Private,Yes,2
310113,SOUTHERN OCEAN MEDICAL CENTER,MANAHAWKIN,NJ,Acute Care Hospitals,Voluntary non-profit - Private,Yes,4
360008,SOUTHERN OHIO MEDICAL CENTER,PORTSMOUTH,OH,Acute Care Hospitals,Voluntary non-profit - Other,Yes,4
110165,SOUTHERN REGIONAL MEDICAL CENTER,RIVERDALE,GA,Acute Care Hospitals,Voluntary non-profit - Private,Yes,1
440175,SOUTHERN TENNESSEE REGIONAL HEALTH SYSTEM LAWRENCE,LAWRENCEBURG,TN,Acute Care Hospitals,Voluntary non-profit - Other,Yes,3
440020,SOUTHERN TENNESSEE REGIONAL HEALTH SYSTEM PULASKI,PULASKI,TN,Acute Care Hospitals,Proprietary,Yes,3
440058,SOUTHERN TENNESSEE REGIONAL HEALTH SYSTEM WINCHEST,WINCHESTER,TN,Acute Care Hospitals,Proprietary,Yes,3
494017,SOUTHERN VIRGINIA MENTAL HEALTH INSTITUTE,DANVILLE,VA,Psychiatric,Government - State,Yes,Not Available
104049,SOUTHERN WINDS HOSPITAL,HIALEAH,FL,Psychiatric,Proprietary,No,Not Available
490090,"SOUTHSIDE COMMUNITY HOSPITAL, INC",FARMVILLE,VA,Acute Care Hospitals,Voluntary non-profit - Private,Yes,4
110101,"SOUTHWELL MEDICAL, A CAMPUS OF TRMC",ADEL,GA,Acute Care Hospitals,Proprietary,No,Not Available
040153,SOUTHWEST ARKANSAS REGIONAL MEDICAL CENTER LLC,HOPE,AR,Acute Care Hospitals,Proprietary,Yes,Not Available
074012,SOUTHWEST CONNECTICUT MENTAL HEALTH SYSTEM,BRIDGEPORT,CT,Psychiatric,Government - State,No,Not Available
360155,SOUTHWEST GENERAL HEALTH CENTER,MIDDLEBURG HEIGHTS,OH,Acute Care Hospitals,Voluntary non-profit - Private,Yes,4
521354,SOUTHWEST HEALTH CENTER,PLATTEVILLE,WI,Critical Access Hospitals,Voluntary non-profit - Private,Yes,Not Available
050701,SOUTHWEST HEALTHCARE RANCHO SPRINGS HOSPITAL,MURRIETA,CA,Acute Care Hospitals,Proprietary,Yes,3
351313,SOUTHWEST HEALTHCARE SERVICES,BOWMAN,ND,Critical Access Hospitals,Voluntary non-profit - Private,Yes,Not Available
170068,SOUTHWEST MEDICAL CENTER,LIBERAL,KS,Acute Care Hospitals,Government - Local,Yes,1
061327,SOUTHWEST MEMORIAL HOSPITAL,CORTEZ,CO,Critical Access Hospitals,Voluntary non-profit - Private,Yes,4
250097,SOUTHWEST MS REGIONAL MEDICAL CENTER,MCCOMB,MS,Acute Care Hospitals,Government - Local,Yes,2
041335,SOUTHWEST REGIONAL MEDICAL CENTER LLC,HOPE,AR,Critical Access Hospitals,Proprietary,Yes,Not Available
370097,SOUTHWESTERN MEDICAL CENTER,LAWTON,OK,Acute Care Hospitals,Proprietary,Yes,2
470012,SOUTHWESTERN VERMONT MEDICAL CENTER,BENNINGTON,VT,Acute Care Hospitals,Voluntary non-profit - Private,Yes,3
494029,SOUTHWESTERN VIRGINIA MENTAL HEALTH INSTITUTE,MARION,VA,Psychiatric,Government - State,No,Not Available
490075,SOVAH HEALTH DANVILLE,DANVILLE,VA,Acute Care Hospitals,Proprietary,Yes,2
061316,SPANISH PEAKS REGIONAL HEALTH CENTER,WALSENBURG,CO,Critical Access Hospitals,Government - Hospital District or Authority,Yes,Not Available
231331,SPARROW IONIA HOSPITAL,IONIA,MI,Critical Access Hospitals,Voluntary non-profit - Private,Yes,2
141349,SPARTA COMMUNITY HOSPITAL,SPARTA,IL,Critical Access Hospitals,Government - Hospital District or Authority,Yes,3
420007,SPARTANBURG MEDICAL CENTER,SPARTANBURG,SC,Acute Care Hospitals,Government - Hospital District or Authority,Yes,2
301311,SPEARE MEMORIAL HOSPITAL,PLYMOUTH,NH,Critical Access Hospitals,Voluntary non-profit - Private,Yes,3
190278,SPECIALISTS HOSPITAL SHREVEPORT,SHREVEPORT,LA,Acute Care Hospitals,Proprietary,No,Not Available
230038,SPECTRUM HEALTH,GRAND RAPIDS,MI,Acute Care Hospitals,Voluntary non-profit - Private,Yes,4
230035,SPECTRUM HEALTH UNITED HOSPITAL,GREENVILLE,MI,Acute Care Hospitals,Voluntary non-profit - Other,No,4
160112,SPENCER MUNICIPAL HOSPITAL,SPENCER,IA,Acute Care Hospitals,Government - Local,Yes,4
50011F,SPOKANE VA MEDICAL CENTER,SPOKANE,WA,Acute Care - Veterans Administration,Veterans Health Administration,Yes,4
521332,SPOONER HEALTH SYSTEM,SPOONER,WI,Critical Access Hospitals,Voluntary non-profit - Private,Yes,5
490141,SPOTSYLVANIA REGIONAL MEDICAL CENTER,FREDERICKSBURG,VA,Acute Care Hospitals,Proprietary,Yes,3
214018,SPRING GROVE HOSPITAL CENTER,CATONSVILLE,MD,Psychiatric,Government - State,No,Not Available
294010,SPRING MOUNTAIN SAHARA,LAS VEGAS,NV,Psychiatric,Proprietary,No,Not Available
294011,SPRING MOUNTAIN TREATMENT CENTER,LAS VEGAS,NV,Psychiatric,Proprietary,No,Not Available
290046,SPRING VALLEY HOSPITAL MEDICAL CENTER,LAS VEGAS,NV,Acute Care Hospitals,Proprietary,Yes,3
180024,SPRING VIEW HOSPITAL,LEBANON,KY,Acute Care Hospitals,Proprietary,Yes,5
424007,SPRINGBROOK BEHAVIORAL HEALTH SYSTEM,TRAVELERS REST,SC,Psychiatric,Proprietary,No,Not Available
104057,SPRINGBROOK HOSPITAL,BROOKSVILLE,FL,Psychiatric,Voluntary non-profit - Private,No,Not Available
471306,SPRINGFIELD HOSPITAL,SPRINGFIELD,VT,Critical Access Hospitals,Voluntary non-profit - Private,Yes,Not Available
214004,SPRINGFIELD HOSPITAL CENTER,SYKESVILLE,MD,Psychiatric,Government - State,No,Not Available
360086,SPRINGFIELD REGIONAL MEDICAL CENTER,SPRINGFIELD,OH,Acute Care Hospitals,Voluntary non-profit - Private,Yes,4
010144,SPRINGHILL MEDICAL CENTER,MOBILE,AL,Acute Care Hospitals,Proprietary,Yes,3
190088,SPRINGHILL MEDICAL CENTER,SPRINGHILL,LA,Acute Care Hospitals,Voluntary non-profit - Private,Yes,4
044019,SPRINGWOODS BEHAVIORAL HEALTH SERVICES,FAYETTEVILLE,AR,Psychiatric,Proprietary,No,Not Available
260104,SSM HEALTH DEPAUL HOSPITAL ST LOUIS,BRIDGETON,MO,Acute Care Hospitals,Voluntary non-profit - Church,Yes,4
260105,SSM HEALTH SAINT LOUIS UNIVERSITY HOSPITAL,SAINT LOUIS,MO,Acute Care Hospitals,Voluntary non-profit - Church,Yes,1
520088,SSM HEALTH ST AGNES HOSPITAL-FOND DU LAC,FOND DU LAC,WI,Acute Care Hospitals,Voluntary non-profit - Private,Yes,4
370094,SSM HEALTH ST ANTHONY HOSPITAL - MIDWEST,MIDWEST CITY,OK,Acute Care Hospitals,Voluntary non-profit - Private,Yes,2
370037,SSM HEALTH ST ANTHONY HOSPITAL - OKLAHOMA CITY,OKLAHOMA CITY,OK,Acute Care Hospitals,Voluntary non-profit - Church,Yes,4
370149,SSM HEALTH ST ANTHONY HOSPITAL - SHAWNEE,SHAWNEE,OK,Acute Care Hospitals,Voluntary non-profit - Private,Yes,3
520057,SSM HEALTH ST CLARE HOSPITAL - BARABOO,BARABOO,WI,Acute Care Hospitals,Voluntary non-profit - Private,Yes,4
520208,SSM HEALTH ST MARY'S HOSPITAL - JANESVILLE,JANESVILLE,WI,Acute Care Hospitals,Voluntary non-profit - Other,Yes,4
520083,SSM HEALTH ST MARY'S HOSPITAL - MADISON,MADISON,WI,Acute Care Hospitals,Voluntary non-profit - Private,Yes,4
260091,SSM HEALTH ST MARY'S HOSPITAL - ST LOUIS,SAINT LOUIS,MO,Acute Care Hospitals,Voluntary non-profit - Private,Yes,3
140034,SSM HEALTH ST MARY'S HOSPITAL -CENTRALIA,CENTRALIA,IL,Acute Care Hospitals,Voluntary non-profit - Church,Yes,3
260011,SSM HEALTH ST. MARY'S HOSPITAL - JEFFERSON CITY,JEFFERSON CITY,MO,Acute Care Hospitals,Proprietary,Yes,3
260081,SSM ST CLARE HEALTH CENTER,FENTON,MO,Acute Care Hospitals,Voluntary non-profit - Private,Yes,4
260005,SSM ST JOSEPH HEALTH CENTER,SAINT CHARLES,MO,Acute Care Hospitals,Voluntary non-profit - Private,Yes,3
260200,SSM ST JOSEPH HOSPITAL WEST,LAKE SAINT LOUIS,MO,Acute Care Hospitals,Voluntary non-profit - Church,Yes,3
140290,ST ALEXIUS MEDICAL CENTER,HOFFMAN ESTATES,IL,Acute Care Hospitals,Voluntary non-profit - Church,Yes,5
351307,ST ANDREW'S HOSPITAL,BOTTINEAU,ND,Critical Access Hospitals,Voluntary non-profit - Church,Yes,Not Available
330205,ST ANTHONY COMMUNITY HOSPITAL,WARWICK,NY,Acute Care Hospitals,Voluntary non-profit - Church,No,4
500151,ST ANTHONY HOSPITAL,GIG HARBOR,WA,Acute Care Hospitals,Voluntary non-profit - Church,Yes,5
381319,ST ANTHONY HOSPITAL,PENDLETON,OR,Critical Access Hospitals,Voluntary non-profit - Church,Yes,3
161382,ST ANTHONY REGIONAL HOSPITAL & NURSING HOME,CARROLL,IA,Critical Access Hospitals,Voluntary non-profit - Private,Yes,2
060118,ST ANTHONY SUMMIT MEDICAL CENTER,FRISCO,CO,Acute Care Hospitals,Voluntary non-profit - Church,Yes,Not Available
100067,ST ANTHONYS HOSPITAL,SAINT PETERSBURG,FL,Acute Care Hospitals,Voluntary non-profit - Church,Yes,3
140032,ST ANTHONYS MEMORIAL HOSPITAL,EFFINGHAM,IL,Acute Care Hospitals,Voluntary non-profit - Church,Yes,3
330399,ST BARNABAS HOSPITAL,BRONX,NY,Acute Care Hospitals,Voluntary non-profit - Private,Yes,1
140103,ST BERNARD HOSPITAL,CHICAGO,IL,Acute Care Hospitals,Voluntary non-profit - Church,Yes,1
190308,ST BERNARD PARISH HOSPITAL,CHALMETTE,LA,Acute Care Hospitals,Government - Hospital District or Authority,Yes,4
050129,ST BERNARDINE MEDICAL CENTER,SAN BERNARDINO,CA,Acute Care Hospitals,Voluntary non-profit - Private,Yes,2
040779,ST BERNARDS FIVE RIVERS MEDICAL CENTER,POCAHONTAS,AR,Rural Emergency Hospital,Voluntary non-profit - Private,Yes,Not Available
040020,ST BERNARDS MEDICAL CENTER,JONESBORO,AR,Acute Care Hospitals,Voluntary non-profit - Private,Yes,1
150008,ST CATHERINE HOSPITAL INC,EAST CHICAGO,IN,Acute Care Hospitals,Voluntary non-profit - Private,Yes,4
330401,ST CATHERINE OF SIENA HOSPITAL,SMITHTOWN,NY,Acute Care Hospitals,Voluntary non-profit - Church,Yes,5
330246,ST CHARLES HOSPITAL,PORT JEFFERSON,NY,Acute Care Hospitals,Voluntary non-profit - Church,Yes,5
381324,ST CHARLES MADRAS,MADRAS,OR,Critical Access Hospitals,Voluntary non-profit - Private,Yes,Not Available
380047,ST CHARLES MEDICAL CENTER - BEND,BEND,OR,Acute Care Hospitals,Voluntary non-profit - Private,Yes,4
381313,ST CHARLES MEDICAL CENTER PRINEVILLE,PRINEVILLE,OR,Critical Access Hospitals,Voluntary non-profit - Private,Yes,3
190079,ST CHARLES PARISH HOSPITAL,LULING,LA,Acute Care Hospitals,Government - Hospital District or Authority,Yes,Not Available
190300,ST CHARLES SURGICAL HOSPITAL,NEW ORLEANS,LA,Acute Care Hospitals,Physician,No,Not Available
393307,ST CHRISTOPHER'S HOSPITAL FOR CHILDREN,PHILADELPHIA,PA,Childrens,Proprietary,Yes,Not Available
390228,ST CLAIR HOSPITAL,PITTSBURGH,PA,Acute Care Hospitals,Voluntary non-profit - Private,Yes,4
180018,ST CLAIRE REGIONAL MEDICAL CENTER,MOREHEAD,KY,Acute Care Hospitals,Government - Federal,Yes,2
500021,ST CLARE HOSPITAL,LAKEWOOD,WA,Acute Care Hospitals,Voluntary non-profit - Church,Yes,4
240036,ST CLOUD HOSPITAL,SAINT CLOUD,MN,Acute Care Hospitals,Voluntary non-profit - Private,Yes,4
24002F,ST CLOUD VA MEDICAL CENTER,ST. CLOUD,MN,Acute Care - Veterans Administration,Veterans Health Administration,No,Not Available
521337,ST CROIX REGIONAL MEDICAL CENTER,SAINT CROIX FALLS,WI,Critical Access Hospitals,Voluntary non-profit - Private,Yes,3
450431,ST DAVID'S MEDICAL CENTER,AUSTIN,TX,Acute Care Hospitals,Proprietary,Yes,4
450713,ST DAVID'S SOUTH AUSTIN MEDICAL CENTER,AUSTIN,TX,Acute Care Hospitals,Proprietary,Yes,3
250048,ST DOMINIC-JACKSON MEMORIAL HOSPITAL,JACKSON,MS,Acute Care Hospitals,Voluntary non-profit - Church,Yes,2
050042,ST ELIZABETH COMMUNITY HOSPITAL,RED BLUFF,CA,Acute Care Hospitals,Voluntary non-profit - Church,No,4
150086,ST ELIZABETH DEARBORN HOSPITAL,LAWRENCEBURG,IN,Acute Care Hospitals,Government - Local,Yes,5
180035,ST ELIZABETH EDGEWOOD,EDGEWOOD,KY,Acute Care Hospitals,Voluntary non-profit - Church,Yes,5
180045,ST ELIZABETH FLORENCE,FLORENCE,KY,Acute Care Hospitals,Voluntary non-profit - Private,Yes,3
180001,ST ELIZABETH FT THOMAS,FORT THOMAS,KY,Acute Care Hospitals,Voluntary non-profit - Private,Yes,5
181311,ST ELIZABETH GRANT,WILLIAMSTOWN,KY,Critical Access Hospitals,Voluntary non-profit - Church,Yes,Not Available
501335,ST ELIZABETH HOSPITAL,ENUMCLAW,WA,Critical Access Hospitals,Voluntary non-profit - Private,Yes,5
060044,ST ELIZABETH HOSPITAL,FORT MORGAN,CO,Acute Care Hospitals,Voluntary non-profit - Other,Yes,4
241335,ST ELIZABETH MEDICAL CENTER,WABASHA,MN,Critical Access Hospitals,Proprietary,Yes,Not Available
360064,ST ELIZABETH YOUNGSTOWN HOSPITAL,YOUNGSTOWN,OH,Acute Care Hospitals,Voluntary non-profit - Church,Yes,3
094001,ST ELIZABETHS HOSPITAL,WASHINGTON,DC,Psychiatric,Government - State,No,Not Available
500141,ST FRANCIS COMMUNITY HOSPITAL,FEDERAL WAY,WA,Acute Care Hospitals,Voluntary non-profit - Church,Yes,4
141350,ST FRANCIS HOSPITAL,LITCHFIELD,IL,Critical Access Hospitals,Voluntary non-profit - Church,Yes,2
080003,ST FRANCIS HOSPITAL,WILMINGTON,DE,Acute Care Hospitals,Voluntary non-profit - Private,Yes,3
440183,ST FRANCIS HOSPITAL,MEMPHIS,TN,Acute Care Hospitals,Proprietary,Yes,1
070002,ST FRANCIS HOSPITAL & MEDICAL CENTER,HARTFORD,CT,Acute Care Hospitals,Voluntary non-profit - Church,Yes,2
060133,ST FRANCIS HOSPITAL - INTERQUEST,COLORADO SPRINGS,CO,Acute Care Hospitals,Voluntary non-profit - Private,Yes,Not Available
330182,ST FRANCIS HOSPITAL - THE HEART CENTER,ROSLYN,NY,Acute Care Hospitals,Voluntary non-profit - Church,Yes,5
110129,ST FRANCIS HOSPITAL- EMORY HEALTHCARE,COLUMBUS,GA,Acute Care Hospitals,Voluntary non-profit - Private,No,3
190125,ST FRANCIS MEDICAL CENTER,MONROE,LA,Acute Care Hospitals,Voluntary non-profit - Private,Yes,3
241377,ST FRANCIS MEDICAL CENTER,BRECKENRIDGE,MN,Critical Access Hospitals,Voluntary non-profit - Church,Yes,Not Available
281322,ST FRANCIS MEMORIAL HOSPITAL,WEST POINT,NE,Critical Access Hospitals,Voluntary non-profit - Private,Yes,2
240104,ST FRANCIS REGIONAL MEDICAL CENTER,SHAKOPEE,MN,Acute Care Hospitals,Voluntary non-profit - Church,Yes,3
420023,ST FRANCIS-DOWNTOWN,GREENVILLE,SC,Acute Care Hospitals,Voluntary non-profit - Private,Yes,4
241370,ST GABRIELS HOSPITAL,LITTLE FALLS,MN,Critical Access Hospitals,Voluntary non-profit - Private,Yes,4
191300,ST HELENA PARISH HOSPITAL,GREENSBURG,LA,Critical Access Hospitals,Government - Hospital District or Authority,Yes,Not Available
194088,"ST JAMES BEHAVIORAL HEALTH HOSPITAL, INC",GONZALES,LA,Psychiatric,Physician,No,Not Available
330151,ST JAMES HOSPITAL,HORNELL,NY,Acute Care Hospitals,Voluntary non-profit - Private,Yes,3
270017,ST JAMES HOSPITAL,BUTTE,MT,Acute Care Hospitals,Voluntary non-profit - Private,Yes,2
191305,ST JAMES PARISH HOSPITAL,LUTCHER,LA,Critical Access Hospitals,Government - Hospital District or Authority,Yes,Not Available
230002,ST JOE MERCY HOSPITAL SYSTEM LIVONIA,LIVONIA,MI,Acute Care Hospitals,Voluntary non-profit - Private,Yes,2
370227,ST JOHN OWASSO,OWASSO,OK,Acute Care Hospitals,Voluntary non-profit - Private,Yes,5
330395,ST JOHN'S EPISCOPAL HOSPITAL AT SOUTH SHORE,FAR ROCKAWAY,NY,Acute Care Hospitals,Voluntary non-profit - Private,Yes,1
330208,ST JOHN'S RIVERSIDE HOSPITAL,YONKERS,NY,Acute Care Hospitals,Voluntary non-profit - Private,Yes,3
140053,ST JOHNS HOSPITAL,SPRINGFIELD,IL,Acute Care Hospitals,Voluntary non-profit - Church,Yes,2
530015,ST JOHNS MEDICAL CENTER,JACKSON,WY,Acute Care Hospitals,Government - Hospital District or Authority,Yes,5
050082,ST JOHNS REGIONAL MEDICAL CENTER,OXNARD,CA,Acute Care Hospitals,Voluntary non-profit - Private,Yes,4
150047,"ST JOSEPH HEALTH SYSTEM, LLC",FORT WAYNE,IN,Acute Care Hospitals,Proprietary,Yes,4
200001,ST JOSEPH HOSPITAL,BANGOR,ME,Acute Care Hospitals,Voluntary non-profit - Church,Yes,3
300011,ST JOSEPH HOSPITAL,NASHUA,NH,Acute Care Hospitals,Voluntary non-profit - Other,Yes,4
500030,ST JOSEPH HOSPITAL,BELLINGHAM,WA,Acute Care Hospitals,Voluntary non-profit - Other,Yes,4
140162,ST JOSEPH MEDICAL CENTER,BLOOMINGTON,IL,Acute Care Hospitals,Voluntary non-profit - Church,Yes,2
260085,ST JOSEPH MEDICAL CENTER,KANSAS CITY,MO,Acute Care Hospitals,Proprietary,Yes,3
500108,ST JOSEPH MEDICAL CENTER,TACOMA,WA,Acute Care Hospitals,Voluntary non-profit - Church,Yes,3
450035,ST JOSEPH MEDICAL CENTER,HOUSTON,TX,Acute Care Hospitals,Physician,Yes,3
141334,ST JOSEPH MEMORIAL HOSPITAL,MURPHYSBORO,IL,Critical Access Hospitals,Voluntary non-profit - Private,Yes,Not Available
130003,ST JOSEPH REGIONAL MEDICAL CENTER,LEWISTON,ID,Acute Care Hospitals,Voluntary non-profit - Private,Yes,2
054123,ST JOSEPH'S BEHAVIORAL HEALTH CENTER,STOCKTON,CA,Psychiatric,Voluntary non-profit - Private,No,Not Available
030011,ST JOSEPH'S HOSPITAL,TUCSON,AZ,Acute Care Hospitals,Voluntary non-profit - Other,Yes,3
141336,ST JOSEPH'S HOSPITAL,HIGHLAND,IL,Critical Access Hospitals,Voluntary non-profit - Church,Yes,3
110043,ST JOSEPH'S HOSPITAL - SAVANNAH,SAVANNAH,GA,Acute Care Hospitals,Voluntary non-profit - Private,Yes,2
330140,ST JOSEPH'S HOSPITAL HEALTH CENTER,SYRACUSE,NY,Acute Care Hospitals,Voluntary non-profit - Church,Yes,2
511321,"ST JOSEPH'S HOSPITAL OF BUCKHANNON, INC",BUCKHANNON,WV,Critical Access Hospitals,Voluntary non-profit - Private,Yes,3
330006,ST JOSEPH'S MEDICAL CENTER,YONKERS,NY,Acute Care Hospitals,Voluntary non-profit - Private,Yes,1
050084,ST JOSEPH'S MEDICAL CENTER OF STOCKTON,STOCKTON,CA,Acute Care Hospitals,Voluntary non-profit - Private,Yes,3
310019,ST JOSEPH'S UNIVERSITY MEDICAL CENTER INC,PATERSON,NJ,Acute Care Hospitals,Voluntary non-profit - Church,No,3
241380,ST JOSEPHS AREA  HEALTH SERVICES,PARK RAPIDS,MN,Critical Access Hospitals,Voluntary non-profit - Private,Yes,3
520063,ST JOSEPHS COMMUNITY HOSPITAL WEST BEND,WEST BEND,WI,Acute Care Hospitals,Voluntary non-profit - Private,Yes,4
140145,ST JOSEPHS HOSPITAL,BREESE,IL,Acute Care Hospitals,Voluntary non-profit - Church,Yes,4
100075,ST JOSEPHS HOSPITAL,TAMPA,FL,Acute Care Hospitals,Voluntary non-profit - Church,Yes,4
030024,ST JOSEPHS HOSPITAL AND MEDICAL CENTER,PHOENIX,AZ,Acute Care Hospitals,Voluntary non-profit - Church,Yes,4
443302,ST JUDE CHILDRENS RESEARCH HOSPITAL,MEMPHIS,TN,Childrens,Voluntary non-profit - Private,No,Not Available
334003,ST LAWRENCE PSYCHIATRIC CENTER,OGDENSBURG,NY,Psychiatric,Government - State,No,Not Available
263301,ST LOUIS CHILDRENS HOSPITAL,SAINT LOUIS,MO,Childrens,Voluntary non-profit - Other,Yes,Not Available
264010,ST LOUIS FORENSIC TREATMENT CENTER,SAINT LOUIS,MO,Psychiatric,Government - State,No,Not Available
26009F,ST LOUIS-JOHN COCHRAN VA MEDICAL CENTER,ST. LOUIS,MO,Acute Care - Veterans Administration,Veterans Health Administration,Yes,5
100260,ST LUCIE MEDICAL CENTER,PORT SAINT LUCIE,FL,Acute Care Hospitals,Proprietary,Yes,1
271325,ST LUKE COMMUNITY HOSPITAL,RONAN,MT,Critical Access Hospitals,Voluntary non-profit - Private,Yes,Not Available
171356,ST LUKE HOSPITAL & LIVING CENTER,MARION,KS,Critical Access Hospitals,Government - Hospital District or Authority,Yes,Not Available
131311,ST LUKE'S ELMORE MEDICAL CENTER,MOUNTAIN HOME,ID,Critical Access Hospitals,Voluntary non-profit - Private,Yes,5
351325,ST LUKE'S HOSPITAL,CROSBY,ND,Critical Access Hospitals,Voluntary non-profit - Private,Yes,Not Available
390335,ST LUKE'S HOSPITAL - CARBON CAMPUS,LEHIGHTON,PA,Acute Care Hospitals,Voluntary non-profit - Private,Yes,5
390162,ST LUKE'S HOSPITAL - EASTON CAMPUS,EASTON,PA,Acute Care Hospitals,Voluntary non-profit - Private,Yes,4
390057,ST LUKE'S HOSPITAL - GRAND VIEW CAMPUS,SELLERSVILLE,PA,Acute Care Hospitals,Voluntary non-profit - Other,Yes,4
390330,ST LUKE'S HOSPITAL - MONROE CAMPUS,STROUDSBURG,PA,Acute Care Hospitals,Voluntary non-profit - Private,Yes,5
390035,ST LUKE'S HOSPITAL - UPPER BUCKS CAMPUS,QUAKERTOWN,PA,Acute Care Hospitals,Proprietary,Yes,5
670075,ST LUKE'S HOSPITAL AT THE VINTAGE,HOUSTON,TX,Acute Care Hospitals,Voluntary non-profit - Private,Yes,4
131310,ST LUKE'S JEROME,JEROME,ID,Critical Access Hospitals,Voluntary non-profit - Private,Yes,Not Available
131312,ST LUKE'S MCCALL,MCCALL,ID,Critical Access Hospitals,Proprietary,Yes,Not Available
390183,ST LUKE'S MINERS MEMORIAL HOSPITAL,COALDALE,PA,Acute Care Hospitals,Voluntary non-profit - Private,Yes,4
130071,ST LUKE'S NAMPA MEDICAL CENTER,NAMPA,ID,Acute Care Hospitals,Voluntary non-profit - Private,Yes,5
670031,ST LUKE'S PATIENTS MEDICAL CENTER,PASADENA,TX,Acute Care Hospitals,Proprietary,Yes,3
130006,ST LUKE'S REGIONAL MEDICAL CENTER,BOISE,ID,Acute Care Hospitals,Voluntary non-profit - Private,Yes,5
670053,ST LUKE'S SUGAR LAND HOSPITAL,SUGAR LAND,TX,Acute Care Hospitals,Voluntary non-profit - Private,Yes,3
450862,ST LUKE'S THE WOODLANDS HOSPITAL,THE WOODLANDS,TX,Acute Care Hospitals,Voluntary non-profit - Private,Yes,3
310060,ST LUKE'S WARREN HOSPITAL,PHILLIPSBURG,NJ,Acute Care Hospitals,Voluntary non-profit - Private,Yes,5
131323,ST LUKE'S WOOD RIVER MEDICAL CENTER,KETCHUM,ID,Critical Access Hospitals,Voluntary non-profit - Private,Yes,4
260176,ST LUKES DES PERES HOSPITAL,ST LOUIS,MO,Acute Care Hospitals,Proprietary,Yes,3
160045,ST LUKES HOSPITAL,CEDAR RAPIDS,IA,Acute Care Hospitals,Voluntary non-profit - Private,Yes,4
260179,ST LUKES HOSPITAL,CHESTERFIELD,MO,Acute Care Hospitals,Voluntary non-profit - Private,Yes,4
240047,ST LUKES HOSPITAL,DULUTH,MN,Acute Care Hospitals,Voluntary non-profit - Private,Yes,3
390049,ST LUKES HOSPITAL,BETHLEHEM,PA,Acute Care Hospitals,Voluntary non-profit - Private,Yes,5
260138,ST LUKES HOSPITAL OF KANSAS CITY,KANSAS CITY,MO,Acute Care Hospitals,Voluntary non-profit - Private,Yes,5
130002,ST LUKES MAGIC VALLEY MEDICAL CENTER,TWIN FALLS,ID,Acute Care Hospitals,Voluntary non-profit - Private,Yes,4
160146,ST LUKES REGIONAL MEDICAL CENTER,SIOUX CITY,IA,Acute Care Hospitals,Voluntary non-profit - Private,Yes,2
460047,ST MARK'S HOSPITAL,SALT LAKE CITY,UT,Acute Care Hospitals,Proprietary,Yes,4
390258,ST MARY MEDICAL CENTER,LANGHORNE,PA,Acute Care Hospitals,Voluntary non-profit - Private,Yes,2
050191,ST MARY MEDICAL CENTER,LONG BEACH,CA,Acute Care Hospitals,Voluntary non-profit - Church,Yes,5
140064,ST MARY MEDICAL CENTER,GALESBURG,IL,Acute Care Hospitals,Voluntary non-profit - Church,Yes,2
150034,ST MARY MEDICAL CENTER INC,HOBART,IN,Acute Care Hospitals,Voluntary non-profit - Private,Yes,3
310006,ST MARY'S GENERAL HOSPITAL,PASSAIC,NJ,Acute Care Hospitals,Proprietary,Yes,3
330047,ST MARY'S HEALTHCARE,AMSTERDAM,NY,Acute Care Hospitals,Voluntary non-profit - Private,Yes,3
131321,ST MARY'S HOSPITAL,COTTONWOOD,ID,Critical Access Hospitals,Voluntary non-profit - Private,Yes,Not Available
110006,ST MARY'S HOSPITAL,ATHENS,GA,Acute Care Hospitals,Voluntary non-profit - Private,Yes,1
260193,ST MARY'S MEDICAL CENTER,BLUE SPRINGS,MO,Acute Care Hospitals,Proprietary,Yes,3
100288,ST MARY'S MEDICAL CENTER,WEST PALM BEACH,FL,Acute Care Hospitals,Proprietary,Yes,1
370026,ST MARY'S REGIONAL MEDICAL CENTER,ENID,OK,Acute Care Hospitals,Proprietary,Yes,3
200034,ST MARY'S REGIONAL MEDICAL CENTER,LEWISTON,ME,Acute Care Hospitals,Voluntary non-profit - Church,Yes,4
060012,ST MARY-CORWIN HOSPITAL,PUEBLO,CO,Acute Care Hospitals,Voluntary non-profit - Church,No,4
111329,ST MARYS GOOD SAMARITAN HOSPITAL,GREENSBORO,GA,Critical Access Hospitals,Proprietary,Yes,4
140166,ST MARYS HOSPITAL,DECATUR,IL,Acute Care Hospitals,Voluntary non-profit - Private,Yes,1
520097,ST MARYS HOSPITAL MEDICAL CTR,GREEN BAY,WI,Acute Care Hospitals,Voluntary non-profit - Other,Yes,3
521329,ST MARYS HOSPITAL SUPERIOR,SUPERIOR,WI,Critical Access Hospitals,Voluntary non-profit - Private,Yes,Not Available
510007,ST MARYS MEDICAL CENTER,HUNTINGTON,WV,Acute Care Hospitals,Voluntary non-profit - Church,Yes,3
040041,ST MARYS REGIONAL MEDICAL CENTER,RUSSELLVILLE,AR,Acute Care Hospitals,Proprietary,Yes,4
431327,ST MICHAEL'S HOSPITAL - CAH,TYNDALL,SD,Critical Access Hospitals,Government - Local,Yes,Not Available
670314,ST MICHAELS MEDICAL HOSPITAL LLC,SUGAR LAND,TX,Acute Care Hospitals,Proprietary,Yes,Not Available
520044,ST NICHOLAS HOSPITAL,SHEBOYGAN,WI,Acute Care Hospitals,Voluntary non-profit - Private,Yes,3
330057,ST PETER'S HOSPITAL,ALBANY,NY,Acute Care Hospitals,Voluntary non-profit - Private,Yes,2
270003,ST PETERS HEALTH,HELENA,MT,Acute Care Hospitals,Voluntary non-profit - Private,Yes,3
050002,ST ROSE HOSPITAL,HAYWARD,CA,Acute Care Hospitals,Voluntary non-profit - Church,No,1
114016,ST SIMONS-BY-THE-SEA,SAINT SIMONS ISLAND,GA,Psychiatric,Government - Federal,No,Not Available
190045,ST TAMMANY PARISH HOSPITAL,COVINGTON,LA,Acute Care Hospitals,Government - Hospital District or Authority,Yes,4
061344,ST THOMAS MORE HOSPITAL,CANON CITY,CO,Critical Access Hospitals,Voluntary non-profit - Private,Yes,4
174027,ST VERONICA,BEL AIRE,KS,Psychiatric,Voluntary non-profit - Church,No,Not Available
061319,ST VINCENT GENERAL HOSPITAL DISTRICT,LEADVILLE,CO,Critical Access Hospitals,Government - Hospital District or Authority,Yes,Not Available
150153,ST VINCENT HEART CENTER,CARMEL,IN,Acute Care Hospitals,Proprietary,Yes,5
220176,ST VINCENT HOSPITAL,WORCESTER,MA,Acute Care Hospitals,Proprietary,Yes,2
520075,ST VINCENT HOSPITAL,GREEN BAY,WI,Acute Care Hospitals,Voluntary non-profit - Church,Yes,4
040137,ST VINCENT MEDICAL CENTER/NORTH,SHERWOOD,AR,Acute Care Hospitals,Voluntary non-profit - Church,Yes,4
010056,ST VINCENT'S BIRMINGHAM,BIRMINGHAM,AL,Acute Care Hospitals,Voluntary non-profit - Private,Yes,3
010173,ST VINCENT'S CHILTON,CLANTON,AL,Acute Care Hospitals,Voluntary non-profit - Church,Yes,Not Available
070028,ST VINCENT'S MEDICAL CENTER,BRIDGEPORT,CT,Acute Care Hospitals,Voluntary non-profit - Private,Yes,4
010130,ST VINCENT'S ST CLAIR,PELL CITY,AL,Acute Care Hospitals,Voluntary non-profit - Private,Yes,3
011305,ST VINCENTS BLOUNT,ONEONTA,AL,Critical Access Hospitals,Voluntary non-profit - Private,No,Not Available
381315,ST. ALPHONSUS MEDICAL CENTER - BAKER CITY,BAKER CITY,OR,Critical Access Hospitals,Voluntary non-profit - Church,Yes,1
170023,ST. CATHERINE HOSPITAL - GARDEN CITY,GARDEN CITY,KS,Acute Care Hospitals,Voluntary non-profit - Church,Yes,2
460021,ST. GEORGE REGIONAL HOSPITAL,ST GEORGE,UT,Acute Care Hospitals,Voluntary non-profit - Private,Yes,5
030010,ST. MARY'S HOSPITAL,TUCSON,AZ,Acute Care Hospitals,Voluntary non-profit - Private,Yes,2
270014,ST. PATRICK HOSPITAL,MISSOULA,MT,Acute Care Hospitals,Voluntary non-profit - Church,Yes,5
010011,ST. VINCENT'S EAST,BIRMINGHAM,AL,Acute Care Hospitals,Voluntary non-profit - Private,Yes,3
171323,STAFFORD COUNTY HOSPITAL,STAFFORD,KS,Critical Access Hospitals,Government - Local,Yes,Not Available
490140,"STAFFORD HOSPITAL, LLC",STAFFORD,VA,Acute Care Hospitals,Voluntary non-profit - Private,Yes,4
070006,STAMFORD HOSPITAL,STAMFORD,CT,Acute Care Hospitals,Voluntary non-profit - Private,Yes,5
351364,STANDING ROCK SERVICE UNIT,"FORT YATES,",ND,Critical Access Hospitals,Government - Federal,Yes,Not Available
050441,STANFORD HEALTH CARE,STANFORD,CA,Acute Care Hospitals,Voluntary non-profit - Private,Yes,5
050283,STANFORD HEALTH CARE TRI-VALLEY,PLEASANTON,CA,Acute Care Hospitals,Voluntary non-profit - Private,Yes,5
050726,STANISLAUS SURGICAL HOSPITAL,MODESTO,CA,Acute Care Hospitals,Voluntary non-profit - Private,No,Not Available
340119,STANLY REGIONAL MEDICAL CENTER,ALBEMARLE,NC,Acute Care Hospitals,Voluntary non-profit - Private,Yes,3
171343,STANTON COUNTY HOSPITAL,JOHNSON,KS,Critical Access Hospitals,Government - Local,Yes,Not Available
531313,STAR VALLEY MEDICAL CENTER,AFTON,WY,Critical Access Hospitals,Government - Hospital District or Authority,Yes,Not Available
454093,STARCARE SPECIALTY HEALTH /SUNRISE CANYON HOSPITAL,LUBBOCK,TX,Psychiatric,Voluntary non-profit - Other,No,Not Available
450654,STARR COUNTY MEMORIAL HOSPITAL,RIO GRANDE CITY,TX,Acute Care Hospitals,Government - Hospital District or Authority,Yes,2
440068,STARR REGIONAL MEDICAL CENTER ATHENS,ATHENS,TN,Acute Care Hospitals,Proprietary,Yes,3
134010,STATE HOSPITAL SOUTH,BLACKFOOT,ID,Psychiatric,Government - State,No,Not Available
330160,STATEN ISLAND UNIVERSITY HOSPITAL,STATEN ISLAND,NY,Acute Care Hospitals,Voluntary non-profit - Private,Yes,3
261330,STE GENEVIEVE COUNTY MEMORIAL HOSPITAL,SAINTE GENEVIEVE,MO,Critical Access Hospitals,Government - Hospital District or Authority,Yes,4
131305,STEELE MEMORIAL MEDICAL CENTER,SALMON,ID,Critical Access Hospitals,Government - Local,Yes,3
110032,STEPHENS COUNTY HOSPITAL,TOCCOA,GA,Acute Care Hospitals,Government - Hospital District or Authority,Yes,2
671302,STEPHENS MEMORIAL HOSPITAL,BRECKENRIDGE,TX,Critical Access Hospitals,Government - Hospital District or Authority,Yes,Not Available
060076,STERLING REGIONAL MEDCENTER,STERLING,CO,Acute Care Hospitals,Voluntary non-profit - Private,Yes,3
190256,STERLING SURGICAL HOSPITAL,SLIDELL,LA,Acute Care Hospitals,Proprietary,No,Not Available
241363,STEVENS COMMUNITY MEDICAL CENTER INC,MORRIS,MN,Critical Access Hospitals,Voluntary non-profit - Private,Yes,Not Available
171335,STEVENS COUNTY HOSPITAL,HUGOTON,KS,Critical Access Hospitals,Government - Local,Yes,4
161350,STEWART MEMORIAL COMMUNITY HOSPITAL,LAKE CITY,IA,Critical Access Hospitals,Voluntary non-profit - Private,Yes,Not Available
271330,STILLWATER BILLINGS CLINIC,COLUMBUS,MT,Critical Access Hospitals,Voluntary non-profit - Private,Yes,Not Available
370779,STILLWATER MEDICAL - PERRY,PERRY,OK,Rural Emergency Hospital,Government - Hospital District or Authority,Yes,Not Available
370049,STILLWATER MEDICAL CENTER,STILLWATER,OK,Acute Care Hospitals,Government - Hospital District or Authority,Yes,4
370780,STILLWATER MEDICAL-BLACKWELL,BLACKWELL,OK,Rural Emergency Hospital,Government - Hospital District or Authority,Yes,Not Available
041310,STONE COUNTY MEDICAL CENTER,MOUNTAIN VIEW,AR,Critical Access Hospitals,Voluntary non-profit - Private,Yes,Not Available
194120,STONEBRIDGE BEHAVIORAL HOSPITAL,LAKE CHARLES,LA,Psychiatric,Proprietary,No,Not Available
440200,STONES RIVER HOSPITAL,WOODBURY,TN,Acute Care Hospitals,Proprietary,Yes,Not Available
490145,STONESPRINGS HOSPITAL CENTER,DULLES,VA,Acute Care Hospitals,Proprietary,Yes,4
510038,STONEWALL JACKSON MEMORIAL HOSPITAL,WESTON,WV,Acute Care Hospitals,Voluntary non-profit - Private,Yes,1
451318,STONEWALL MEMORIAL HOSPITAL DISTRICT,ASPERMONT,TX,Critical Access Hospitals,Government - Hospital District or Authority,Yes,Not Available
170074,"STORMONT VAIL HEALTH FLINT HILLS, LLC",JUNCTION CITY,KS,Acute Care Hospitals,Voluntary non-profit - Private,Yes,4
170086,STORMONT VAIL HOSPITAL,TOPEKA,KS,Acute Care Hospitals,Voluntary non-profit - Private,Yes,4
161333,STORY COUNTY HOSPITAL,NEVADA,IA,Critical Access Hospitals,Government - Local,Yes,Not Available
521343,STOUGHTON HOSPITAL,STOUGHTON,WI,Critical Access Hospitals,Voluntary non-profit - Private,Yes,3
230071,STRAITH HOSPITAL FOR SPECIAL SURGERY,SOUTHFIELD,MI,Acute Care Hospitals,Voluntary non-profit - Private,No,Not Available
344030,STRATEGIC BEHAVIORAL CENTER-LELAND,LELAND,NC,Psychiatric,Proprietary,No,Not Available
120022,STRAUB CLINIC AND HOSPITAL,HONOLULU,HI,Acute Care Hospitals,Proprietary,Yes,4
330285,STRONG MEMORIAL HOSPITAL,ROCHESTER,NY,Acute Care Hospitals,Voluntary non-profit - Private,Yes,3
220008,STURDY MEMORIAL HOSPITAL,ATTLEBORO,MA,Acute Care Hospitals,Voluntary non-profit - Other,Yes,3
230779,STURGIS HOSPITAL,STURGIS,MI,Rural Emergency Hospital,Government - Local,Yes,Not Available
390116,SUBURBAN COMMUNITY HOSPITAL,NORRISTOWN,PA,Acute Care Hospitals,Voluntary non-profit - Private,Yes,4
210022,SUBURBAN HOSPITAL,BETHESDA,MD,Acute Care Hospitals,Voluntary non-profit - Private,Yes,4
450860,SUGAR LAND SURGICAL HOSPITAL LLP,SUGAR LAND,TX,Acute Care Hospitals,Physician,Yes,Not Available
151327,SULLIVAN COUNTY COMMUNITY HOSPITAL,SULLIVAN,IN,Critical Access Hospitals,Government - Local,Yes,Not Available
261306,SULLIVAN COUNTY MEMORIAL HOSPITAL,MILAN,MO,Critical Access Hospitals,Government - Local,Yes,Not Available
360020,SUMMA HEALTH SYSTEM,AKRON,OH,Acute Care Hospitals,Voluntary non-profit - Private,Yes,3
360150,SUMMA WESTERN RESERVE HOSPITAL,CUYAHOGA FALLS,OH,Acute Care Hospitals,Voluntary non-profit - Other,Yes,3
290041,SUMMERLIN HOSPITAL MEDICAL CENTER,LAS VEGAS,NV,Acute Care Hospitals,Proprietary,Yes,3
511310,SUMMERS COUNTY ARH HOSPITAL,HINTON,WV,Critical Access Hospitals,Voluntary non-profit - Private,Yes,Not Available
511322,SUMMERSVILLE REGIONAL MEDICAL CENTER,SUMMERSVILLE,WV,Critical Access Hospitals,Voluntary non-profit - Private,Yes,2
364035,SUMMIT BEHAVIORAL HEALTHCARE,CINCINNATI,OH,Psychiatric,Government - State,No,Not Available
030062,SUMMIT HEALTHCARE REGIONAL MEDICAL CENTER,SHOW LOW,AZ,Acute Care Hospitals,Voluntary non-profit - Private,Yes,4
530034,SUMMIT MEDICAL CENTER,CASPER,WY,Acute Care Hospitals,Physician,No,Not Available
370225,"SUMMIT MEDICAL CENTER, LLC",EDMOND,OK,Acute Care Hospitals,Physician,Yes,Not Available
314001,SUMMIT OAKS HOSPITAL,SUMMIT,NJ,Psychiatric,Voluntary non-profit - Other,No,Not Available
501304,SUMMIT PACIFIC MEDICAL CENTER,ELMA,WA,Critical Access Hospitals,Government - Hospital District or Authority,Yes,2
170198,"SUMMIT SURGICAL, LLC",HUTCHINSON,KS,Acute Care Hospitals,Physician,No,Not Available
114004,SUMMITRIDGE CENTER- PSYCHIATRY & ADDICTIVE MED,LAWRENCEVILLE,GA,Psychiatric,Proprietary,No,Not Available
364058,SUN BEHAVIORAL COLUMBUS,COLUMBUS,OH,Psychiatric,Voluntary non-profit - Private,No,Not Available
084005,SUN BEHAVIORAL DELAWARE LLC,GEORGETOWN,DE,Psychiatric,Proprietary,No,Not Available
184006,SUN BEHAVIORAL HEALTH,ERLANGER,KY,Psychiatric,Proprietary,No,Not Available
454139,SUN BEHAVIORAL HOUSTON,HOUSTON,TX,Psychiatric,Proprietary,Yes,Not Available
104078,SUNCOAST BEHAVIORAL HEALTH CENTER,BRADENTON,FL,Psychiatric,Proprietary,No,Not Available
330406,SUNNYVIEW HOSPITAL AND REHABILITATION CENTER,SCHENECTADY,NY,Acute Care Hospitals,Voluntary non-profit - Private,No,Not Available
290003,SUNRISE HOSPITAL AND MEDICAL CENTER,LAS VEGAS,NV,Acute Care Hospitals,Proprietary,Yes,2
364064,SUNRISE VISTA HEALTH AND WELLNESS,CANTON,OH,Psychiatric,Proprietary,No,Not Available
330350,SUNY/DOWNSTATE UNIVERSITY HOSPITAL OF BROOKLYN,BROOKLYN,NY,Acute Care Hospitals,Government - State,Yes,1
330393,SUNY/STONY BROOK UNIVERSITY HOSPITAL,STONY BROOK,NY,Acute Care Hospitals,Government - State,Yes,5
230301,SURGEONS CHOICE MEDICAL CENTER,SOUTHFIELD,MI,Acute Care Hospitals,Proprietary,No,Not Available
450831,SURGERY SPECIALTY HOSPITALS OF AMERICA SE HOUSTON,PASADENA,TX,Acute Care Hospitals,Proprietary,Yes,Not Available
360352,SURGICAL HOSPITAL AT SOUTHWOODS,YOUNGSTOWN,OH,Acute Care Hospitals,Proprietary,No,4
370201,SURGICAL HOSPITAL OF OKLAHOMA,OKLAHOMA CITY,OK,Acute Care Hospitals,Physician,Yes,Not Available
390316,SURGICAL INSTITUTE OF READING,WYOMISSING,PA,Acute Care Hospitals,Physician,No,Not Available
190251,SURGICAL SPECIALTY CENTER OF BATON ROUGE,BATON ROUGE,LA,Acute Care Hospitals,Physician,No,Not Available
051308,SURPRISE VALLEY COMMUNITY HOSPITAL,CEDARVILLE,CA,Critical Access Hospitals,Government - Hospital District or Authority,Yes,Not Available
170017,SUSAN B ALLEN MEMORIAL HOSPITAL,EL DORADO,KS,Acute Care Hospitals,Voluntary non-profit - Private,Yes,Not Available
050014,SUTTER AMADOR HOSPITAL,JACKSON,CA,Acute Care Hospitals,Voluntary non-profit - Private,Yes,4
050498,SUTTER AUBURN FAITH HOSPITAL,AUBURN,CA,Acute Care Hospitals,Voluntary non-profit - Private,Yes,5
054096,SUTTER CENTER FOR PSYCHIATRY,SACRAMENTO,CA,Psychiatric,Voluntary non-profit - Private,No,Not Available
050417,SUTTER COAST HOSPITAL,CRESCENT CITY,CA,Acute Care Hospitals,Government - Hospital District or Authority,No,2
050537,SUTTER DAVIS HOSPITAL,DAVIS,CA,Acute Care Hospitals,Voluntary non-profit - Private,Yes,4
050523,SUTTER DELTA MEDICAL CENTER,ANTIOCH,CA,Acute Care Hospitals,Voluntary non-profit - Private,Yes,3
051329,SUTTER LAKESIDE HOSPITAL,LAKEPORT,CA,Critical Access Hospitals,Voluntary non-profit - Private,Yes,4
050714,SUTTER MATERNITY & SURGERY CENTER OF SANTA CRUZ,SANTA CRUZ,CA,Acute Care Hospitals,Voluntary non-profit - Private,No,Not Available
050108,"SUTTER MEDICAL CENTER, SACRAMENTO",SACRAMENTO,CA,Acute Care Hospitals,Voluntary non-profit - Private,Yes,4
050309,SUTTER ROSEVILLE MEDICAL CENTER,ROSEVILLE,CA,Acute Care Hospitals,Voluntary non-profit - Private,Yes,5
050291,SUTTER SANTA ROSA REGIONAL HOSPITAL,SANTA ROSA,CA,Acute Care Hospitals,Voluntary non-profit - Other,Yes,5
050101,SUTTER SOLANO MEDICAL CENTER,VALLEJO,CA,Acute Care Hospitals,Voluntary non-profit - Private,Yes,3
050766,SUTTER SURGICAL HOSPITAL - NORTH VALLEY,YUBA CITY,CA,Acute Care Hospitals,Physician,No,Not Available
050313,SUTTER TRACY COMMUNITY HOSPITAL,TRACY,CA,Acute Care Hospitals,Proprietary,Yes,4
500026,SWEDISH EDMONDS HOSPITAL,EDMONDS,WA,Acute Care Hospitals,Voluntary non-profit - Private,Yes,3
140114,SWEDISH HOSPITAL,CHICAGO,IL,Acute Care Hospitals,Voluntary non-profit - Church,Yes,3
500152,SWEDISH ISSAQUAH,ISSAQUAH,WA,Acute Care Hospitals,Voluntary non-profit - Private,Yes,4
500027,SWEDISH MEDICAL CENTER,SEATTLE,WA,Acute Care Hospitals,Voluntary non-profit - Private,Yes,4
500025,SWEDISH MEDICAL CENTER / CHERRY HILL,SEATTLE,WA,Acute Care Hospitals,Voluntary non-profit - Church,Yes,4
451311,SWEENY COMMUNITY HOSPITAL,SWEENY,TX,Critical Access Hospitals,Government - Hospital District or Authority,Yes,Not Available
440084,SWEETWATER HOSPITAL ASSOCIATION,SWEETWATER,TN,Acute Care Hospitals,Voluntary non-profit - Private,Yes,1
451349,SWISHER MEMORIAL HOSPITAL,TULIA,TX,Critical Access Hospitals,Voluntary non-profit - Private,Yes,Not Available
440018,SYCAMORE SHOALS HOSPITAL,ELIZABETHTON,TN,Acute Care Hospitals,Voluntary non-profit - Private,Yes,2
154059,SYCAMORE SPRINGS,LAFAYETTE,IN,Psychiatric,Proprietary,No,Not Available
281309,SYRACUSE AREA HEALTH,SYRACUSE,NE,Critical Access Hospitals,Government - Hospital District or Authority,No,Not Available
33024F,SYRACUSE VA MEDICAL CENTER,SYRACUSE,NY,Acute Care - Veterans Administration,Veterans Health Administration,Yes,3
131315,SYRINGA GENERAL HOSPITAL,GRANGEVILLE,ID,Critical Access Hospitals,Voluntary non-profit - Private,Yes,Not Available
180017,T J SAMSON COMMUNITY HOSPITAL,GLASGOW,KY,Acute Care Hospitals,Voluntary non-profit - Other,Yes,3
500129,TACOMA GENERAL ALLENMORE HOSPITAL,TACOMA,WA,Acute Care Hospitals,Voluntary non-profit - Private,Yes,2
051328,TAHOE FOREST HOSPITAL,TRUCKEE,CA,Critical Access Hospitals,Government - Hospital District or Authority,Yes,3
100135,TALLAHASSEE MEMORIAL HEALTHCARE,TALLAHASSEE,FL,Acute Care Hospitals,Voluntary non-profit - Private,Yes,3
251304,TALLAHATCHIE GENERAL HOSPITAL-CAH,CHARLESTON,MS,Critical Access Hospitals,Government - Local,Yes,Not Available
521359,TAMARACK HEALTH ASHLAND MEDICAL CENTER,ASHLAND,WI,Critical Access Hospitals,Voluntary non-profit - Private,Yes,3
521336,TAMARACK HEALTH HAYWARD MEDICAL CENTER,HAYWARD,WI,Critical Access Hospitals,Voluntary non-profit - Private,Yes,4
100128,TAMPA GENERAL HOSPITAL,TAMPA,FL,Acute Care Hospitals,Voluntary non-profit - Private,Yes,3
100071,TAMPA GENERAL HOSPITAL BROOKSVILLE,BROOKSVILLE,FL,Acute Care Hospitals,Voluntary non-profit - Church,Yes,1
100249,TAMPA GENERAL HOSPITAL CRYSTAL RIVER,CRYSTAL RIVER,FL,Acute Care Hospitals,Voluntary non-profit - Private,No,2
10063F,TAMPA VA MEDICAL CENTER,TAMPA,FL,Acute Care - Veterans Administration,Veterans Health Administration,Yes,4
110011,TANNER MEDICAL CENTER - CARROLLTON,CARROLLTON,GA,Acute Care Hospitals,Government - Hospital District or Authority,No,2
110015,TANNER MEDICAL CENTER VILLA RICA,VILLA RICA,GA,Acute Care Hospitals,Government - Hospital District or Authority,Yes,3
011306,TANNER MEDICAL CENTER-EAST ALABAMA,WEDOWEE,AL,Critical Access Hospitals,Government - Hospital District or Authority,Yes,Not Available
224043,TARAVISTA BEHAVIORAL HEALTH CENTER,DEVENS,MA,Psychiatric,Proprietary,No,Not Available
054148,TARZANA TREATMENT CENTER,TARZANA,CA,Psychiatric,Voluntary non-profit - Private,No,Not Available
224001,TAUNTON STATE HOSPITAL,TAUNTON,MA,Psychiatric,Government - State,No,Not Available
230100,TAWAS ST JOSEPH HOSPITAL,TAWAS CITY,MI,Acute Care Hospitals,Government - Hospital District or Authority,Yes,3
180087,TAYLOR REGIONAL HOSPITAL,CAMPBELLSVILLE,KY,Acute Care Hospitals,Government - Hospital District or Authority,Yes,2
110256,TAYLOR REGIONAL HOSPITAL,HAWKINSVILLE,GA,Acute Care Hospitals,Voluntary non-profit - Private,Yes,Not Available
141339,TAYLORVILLE MEMORIAL HOSPITAL,TAYLORVILLE,IL,Critical Access Hospitals,Voluntary non-profit - Private,Yes,2
054146,TELECARE HERITAGE PSYCHIATRIC HEALTH FACILITY,OAKLAND,CA,Psychiatric,Proprietary,No,Not Available
050775,TEMECULA VALLEY HOSPITAL,TEMECULA,CA,Acute Care Hospitals,Proprietary,Yes,4
390026,TEMPLE HEALTH - CHESTNUT HILL HOSPITAL,PHILADELPHIA,PA,Acute Care Hospitals,Voluntary non-profit - Private,Yes,2
390027,TEMPLE UNIVERSITY HOSPITAL,PHILADELPHIA,PA,Acute Care Hospitals,Voluntary non-profit - Private,Yes,4
45086F,TEMPLE VA MEDICAL CENTER (VA CENTRAL TEXAS HEALTHCARE SYSTEM),TEMPLE,TX,Acute Care - Veterans Administration,Veterans Health Administration,Yes,4
440035,TENNOVA HEALTHCARE - CLARKSVILLE,CLARKSVILLE,TN,Acute Care Hospitals,Proprietary,Yes,1
440153,TENNOVA HEALTHCARE - NEWPORT MEDICAL CENTER,NEWPORT,TN,Acute Care Hospitals,Proprietary,Yes,4
440056,TENNOVA HEALTHCARE-JEFFERSON MEMORIAL HOSPITAL,JEFFERSON CITY,TN,Acute Care Hospitals,Proprietary,Yes,2
150046,TERRE HAUTE REGIONAL HOSPITAL,TERRE HAUTE,IN,Acute Care Hospitals,Proprietary,Yes,2
190008,TERREBONNE GENERAL MEDICAL CENTER - PARISH,HOUMA,LA,Acute Care Hospitals,Government - Hospital District or Authority,Yes,4
454006,TERRELL STATE HOSPITAL,TERRELL,TX,Psychiatric,Government - State,No,Not Available
131313,TETON VALLEY HOSPITAL,DRIGGS,ID,Critical Access Hospitals,Voluntary non-profit - Private,Yes,Not Available
670125,TEXAS CENTER FOR INFECTIOUS DISEASE,SAN ANTONIO,TX,Acute Care Hospitals,Government - State,No,Not Available
453304,TEXAS CHILDRENS HOSPITAL,HOUSTON,TX,Childrens,Voluntary non-profit - Private,Yes,Not Available
453319,TEXAS CHILDRENS HOSPITAL NORTH AUSTIN CAMPUS,AUSTIN,TX,Childrens,Voluntary non-profit - Private,Yes,Not Available
260024,TEXAS COUNTY MEMORIAL HOSPITAL,HOUSTON,MO,Acute Care Hospitals,Government - Local,Yes,2
450064,TEXAS HEALTH ARLINGTON MEMORIAL HOSPITAL,ARLINGTON,TX,Acute Care Hospitals,Voluntary non-profit - Private,Yes,4
450891,TEXAS HEALTH CENTER FOR DIAGNOSTICS & SURGERY PLAN,PLANO,TX,Acute Care Hospitals,Physician,Yes,Not Available
450135,TEXAS HEALTH HARRIS METHODIST FORT WORTH,FORT WORTH,TX,Acute Care Hospitals,Voluntary non-profit - Private,Yes,4
670085,TEXAS HEALTH HARRIS METHODIST HOSPITAL ALLIANCE,FORT WORTH,TX,Acute Care Hospitals,Voluntary non-profit - Private,Yes,5
450419,TEXAS HEALTH HARRIS METHODIST HOSPITAL AZLE,AZLE,TX,Acute Care Hospitals,Voluntary non-profit - Private,Yes,4
450148,TEXAS HEALTH HARRIS METHODIST HOSPITAL CLEBURNE,CLEBURNE,TX,Acute Care Hospitals,Voluntary non-profit - Private,Yes,5
450888,TEXAS HEALTH HARRIS METHODIST HOSPITAL SOUTHLAKE,SOUTHLAKE,TX,Acute Care Hospitals,Proprietary,Yes,Not Available
450779,TEXAS HEALTH HARRIS METHODIST HOSPITAL SOUTHWEST F,FORT WORTH,TX,Acute Care Hospitals,Voluntary non-profit - Private,Yes,5
450351,TEXAS HEALTH HARRIS METHODIST HOSPITAL STEPHENVILL,STEPHENVILLE,TX,Acute Care Hospitals,Voluntary non-profit - Private,Yes,4
450639,TEXAS HEALTH HARRIS METHODIST HURST-EULESS-BEDFORD,BEDFORD,TX,Acute Care Hospitals,Voluntary non-profit - Private,Yes,4
670071,TEXAS HEALTH HEART & VASCULAR HOSPITAL ARLINGTON,ARLINGTON,TX,Acute Care Hospitals,Physician,No,4
670260,TEXAS HEALTH HOSPITAL FRISCO,FRISCO,TX,Acute Care Hospitals,Voluntary non-profit - Private,Yes,4
670309,TEXAS HEALTH HOSPITAL MANSFIELD,MANSFIELD,TX,Acute Care Hospitals,Proprietary,Yes,5
450677,TEXAS HEALTH HUGULEY HOSPITAL FORT WORTH SOUTH,FORT WORTH,TX,Acute Care Hospitals,Voluntary non-profit - Church,Yes,3
450840,TEXAS HEALTH PRESBYTERIAN HOSPITAL ALLEN,ALLEN,TX,Acute Care Hospitals,Voluntary non-profit - Private,Yes,4
450462,TEXAS HEALTH PRESBYTERIAN HOSPITAL DALLAS,DALLAS,TX,Acute Care Hospitals,Voluntary non-profit - Private,Yes,4
450743,TEXAS HEALTH PRESBYTERIAN HOSPITAL DENTON,DENTON,TX,Acute Care Hospitals,Voluntary non-profit - Private,Yes,5
670068,TEXAS HEALTH PRESBYTERIAN HOSPITAL FLOWER MOUND,FLOWER MOUND,TX,Acute Care Hospitals,Proprietary,Yes,5
450292,TEXAS HEALTH PRESBYTERIAN HOSPITAL KAUFMAN,KAUFMAN,TX,Acute Care Hospitals,Voluntary non-profit - Private,Yes,Not Available
450771,TEXAS HEALTH PRESBYTERIAN HOSPITAL PLANO,PLANO,TX,Acute Care Hospitals,Voluntary non-profit - Private,Yes,4
670044,TEXAS HEALTH PRESBYTERIAN HOSPITAL ROCKWALL,ROCKWALL,TX,Acute Care Hospitals,Proprietary,Yes,5
450889,TEXAS INSTITUTE FOR SURGERY AT PRESBYTERIAN HOSPIT,DALLAS,TX,Acute Care Hospitals,Physician,Yes,Not Available
450804,TEXAS ORTHOPEDIC HOSPITAL,HOUSTON,TX,Acute Care Hospitals,Voluntary non-profit - Other,Yes,Not Available
453314,TEXAS SCOTTISH RITE HOSPITAL FOR CHILDREN,DALLAS,TX,Childrens,Voluntary non-profit - Private,No,Not Available
450324,TEXOMA MEDICAL CENTER,DENISON,TX,Acute Care Hospitals,Proprietary,Yes,4
281304,THAYER COUNTY HEALTH SERVICES,HEBRON,NE,Critical Access Hospitals,Government - Local,Yes,Not Available
234042,THE BEHAVIORAL CENTER OF MICHIGAN,WARREN,MI,Psychiatric,Proprietary,No,Not Available
184007,THE BROOK HOSPITAL - DUPONT,LOUISVILLE,KY,Psychiatric,Voluntary non-profit - Private,No,Not Available
184008,THE BROOK HOSPITAL - KMI,LOUISVILLE,KY,Psychiatric,Government - Federal,Yes,Not Available
234041,THE CENTER FOR FORENSIC PSYCHIATRY,SALINE,MI,Psychiatric,Government - State,No,Not Available
373303,"THE CHILDREN'S CENTER, INC",BETHANY,OK,Childrens,Voluntary non-profit - Private,Yes,Not Available
013300,THE CHILDREN'S HOSPITAL OF ALABAMA,BIRMINGHAM,AL,Childrens,Voluntary non-profit - Private,Yes,Not Available
263302,THE CHILDREN'S MERCY HOSPITAL,KANSAS CITY,MO,Childrens,Voluntary non-profit - Private,Yes,Not Available
070038,THE CONNECTICUT HOSPICE INC.,BRANFORD,CT,Acute Care Hospitals,Voluntary non-profit - Private,No,Not Available
030108,THE CORE INSTITUTE SPECIALTY HOSP,PHOENIX,AZ,Acute Care Hospitals,Physician,No,Not Available
010029,THE EAST ALABAMA HEALTHCARE AUTHORITY,OPELIKA,AL,Acute Care Hospitals,Government - Hospital District or Authority,Yes,3
190316,THE GENERAL,BATON ROUGE,LA,Acute Care Hospitals,Voluntary non-profit - Private,Yes,Not Available
034023,THE GUIDANCE CENTER,FLAGSTAFF,AZ,Psychiatric,Voluntary non-profit - Private,No,Not Available
034025,THE HEALING PLACE,PRESCOTT,AZ,Psychiatric,Proprietary,No,Not Available
010150,THE HEALTH CARE AUTHORITY OF THE CITY OF GREENVILLE- LV STABLER HOSPITAL,GREENVILLE,AL,Acute Care Hospitals,Proprietary,Yes,Not Available
450893,THE HEART HOSPITAL BAYLOR DENTON,DENTON,TX,Acute Care Hospitals,Physician,Yes,5
670006,THE HOSPITAL AT WESTLAKE MEDICAL CENTER,AUSTIN,TX,Acute Care Hospitals,Physician,Yes,Not Available
070035,THE HOSPITAL OF CENTRAL CONNECTICUT,NEW BRITAIN,CT,Acute Care Hospitals,Voluntary non-profit - Other,Yes,2
670047,THE HOSPITALS OF PROVIDENCE - EAST CAMPUS,EL PASO,TX,Acute Care Hospitals,Proprietary,Yes,2
450002,THE HOSPITALS OF PROVIDENCE - MEMORIAL CAMPUS,EL PASO,TX,Acute Care Hospitals,Proprietary,Yes,2
670124,THE HOSPITALS OF PROVIDENCE HORIZON CITY CAMPUS,HORIZON CITY,TX,Acute Care Hospitals,Proprietary,Yes,Not Available
670120,THE HOSPITALS OF PROVIDENCE TRANSMOUNTAIN CAMPUS,EL PASO,TX,Acute Care Hospitals,Proprietary,Yes,2
181302,THE JAMES B. HAGGIN MEMORIAL HOSPITAL,HARRODSBURG,KY,Critical Access Hospitals,Voluntary non-profit - Other,Yes,Not Available
360016,THE JEWISH HOSPITAL-MERCY HEALTH,CINCINNATI,OH,Acute Care Hospitals,Voluntary non-profit - Private,Yes,4
340087,THE MCDOWELL HOSPITAL,MARION,NC,Acute Care Hospitals,Voluntary non-profit - Private,Yes,3
180013,THE MEDICAL CENTER (BOWLING GREEN),BOWLING GREEN,KY,Acute Care Hospitals,Voluntary non-profit - Private,Yes,2
181333,THE MEDICAL CENTER AT ALBANY,ALBANY,KY,Critical Access Hospitals,Voluntary non-profit - Private,Yes,Not Available
181318,THE MEDICAL CENTER AT FRANKLIN,FRANKLIN,KY,Critical Access Hospitals,Voluntary non-profit - Private,Yes,Not Available
181324,THE MEDICAL CENTER AT SCOTTSVILLE,SCOTTSVILLE,KY,Critical Access Hospitals,Voluntary non-profit - Private,Yes,Not Available
060100,THE MEDICAL CENTER OF AURORA & SOUTH HOSPITAL,AURORA,CO,Acute Care Hospitals,Proprietary,Yes,4
450518,THE MEDICAL CENTER OF SOUTHEAST TEXAS,PORT ARTHUR,TX,Acute Care Hospitals,Physician,Yes,3
410012,THE MIRIAM HOSPITAL,PROVIDENCE,RI,Acute Care Hospitals,Voluntary non-profit - Private,Yes,4
520028,THE MONROE CLINIC,MONROE,WI,Acute Care Hospitals,Voluntary non-profit - Private,Yes,5
280013,THE NEBRASKA MEDICAL CENTER,OMAHA,NE,Acute Care Hospitals,Voluntary non-profit - Private,Yes,4
280040,THE NEBRASKA METHODIST HOSPITAL,OMAHA,NE,Acute Care Hospitals,Voluntary non-profit - Private,Yes,4
150168,THE ORTHOPAEDIC HOSPITAL OF LUTHERAN HEALTH NETWOR,FT WAYNE,IN,Acute Care Hospitals,Proprietary,No,Not Available
341324,"THE OUTER BANKS HOSPITAL, INC",NAGS HEAD,NC,Critical Access Hospitals,Voluntary non-profit - Private,Yes,4
144029,THE PAVILION,CHAMPAIGN,IL,Psychiatric,Voluntary non-profit - Private,No,Not Available
494032,THE PAVILION AT WILLIAMSBURG PLACE,WILLIAMSBURG,VA,Psychiatric,Proprietary,No,Not Available
371314,THE PHYSICIANS' HOSPITAL IN ANADARKO,ANADARKO,OK,Critical Access Hospitals,Proprietary,Yes,Not Available
120001,THE QUEENS MEDICAL CENTER,HONOLULU,HI,Acute Care Hospitals,Voluntary non-profit - Private,Yes,3
184009,THE RIDGE BEHAVIORAL HEALTH SYSTEM,LEXINGTON,KY,Psychiatric,Proprietary,No,Not Available
400134,THE SAN JORGE HOSPITAL INC,SAN JUAN,PR,Acute Care Hospitals,Proprietary,Yes,Not Available
223304,THE SHRINERS' HOSPITAL FOR CHILDREN - BOSTON,BOSTON,MA,Childrens,Proprietary,No,Not Available
190266,THE SPINE HOSPITAL OF LOUISIANA,BATON ROUGE,LA,Acute Care Hospitals,Physician,No,Not Available
310119,THE UNIVERSITY HOSPITAL,NEWARK,NJ,Acute Care Hospitals,Government - State,Yes,1
140088,THE UNIVERSITY OF CHICAGO MEDICAL CENTER,CHICAGO,IL,Acute Care Hospitals,Voluntary non-profit - Private,Yes,4
450690,THE UNIVERSITY OF TEXAS HEALTH SCIENCE CENTER AT TYLER,TYLER,TX,Acute Care Hospitals,Government - State,Yes,4
330250,THE UNIVERSITY OF VERMONT HEALTH NETWORK  - CHAMPL,PLATTSBURGH,NY,Acute Care Hospitals,Voluntary non-profit - Private,Yes,2
331321,THE UNIVERSITY OF VERMONT HEALTH NETWORK-ALICE HY,MALONE,NY,Critical Access Hospitals,Voluntary non-profit - Private,Yes,1
104071,THE VINES HOSPITAL,OCALA,FL,Psychiatric,Proprietary,No,Not Available
150149,THE WOMEN'S HOSPITAL,NEWBURGH,IN,Acute Care Hospitals,Proprietary,Yes,5
670267,THE WOODLANDS SPECIALTY HOSPITAL,SPRING,TX,Acute Care Hospitals,Proprietary,Yes,Not Available
521355,THEDACARE MEDICAL CENTER - BERLIN INC,BERLIN,WI,Critical Access Hospitals,Voluntary non-profit - Private,Yes,3
521326,THEDACARE MEDICAL CENTER - NEW LONDON,NEW LONDON,WI,Critical Access Hospitals,Voluntary non-profit - Private,Yes,Not Available
521346,THEDACARE MEDICAL CENTER - SHAWANO,SHAWANO,WI,Critical Access Hospitals,Voluntary non-profit - Private,Yes,4
521303,THEDACARE MEDICAL CENTER - WILD ROSE,WILD ROSE,WI,Critical Access Hospitals,Voluntary non-profit - Private,Yes,Not Available
521334,THEDACARE MEDICAL CENTER-WAUPACA,WAUPACA,WI,Critical Access Hospitals,Voluntary non-profit - Private,Yes,3
520045,THEDACARE REGIONAL MED CTR - NEENAH,NEENAH,WI,Acute Care Hospitals,Voluntary non-profit - Private,Yes,4
520160,THEDACARE REGIONAL MEDICAL CENTER - APPLETON INC,APPLETON,WI,Acute Care Hospitals,Voluntary non-profit - Private,Yes,4
190004,THIBODAUX REGIONAL MEDICAL CENTER,THIBODAUX,LA,Acute Care Hospitals,Voluntary non-profit - Private,Yes,3
214012,THOMAS B FINAN CENTER,CUMBERLAND,MD,Psychiatric,Government - Local,No,Not Available
141300,THOMAS H BOYD MEMORIAL HOSPITAL,CARROLLTON,IL,Critical Access Hospitals,Government - Local,Yes,Not Available
010100,THOMAS HOSPITAL,FAIRHOPE,AL,Acute Care Hospitals,Voluntary non-profit - Private,Yes,2
390174,THOMAS JEFFERSON UNIVERSITY HOSPITAL,PHILADELPHIA,PA,Acute Care Hospitals,Voluntary non-profit - Private,Yes,3
510029,THOMAS MEMORIAL HOSPITAL,SOUTH CHARLESTON,WV,Acute Care Hospitals,Voluntary non-profit - Private,Yes,1
140115,THOREK MEMORIAL HOSPITAL,CHICAGO,IL,Acute Care Hospitals,Voluntary non-profit - Private,Yes,Not Available
320091,THREE CROSSES REGIONAL HOSPITAL LLC,LAS CRUCES,NM,Acute Care Hospitals,Proprietary,Yes,3
424008,THREE RIVERS BEHAVIORAL HEALTH,WEST COLUMBIA,SC,Psychiatric,Proprietary,No,Not Available
230015,THREE RIVERS HEALTH,THREE RIVERS,MI,Acute Care Hospitals,Government - Hospital District or Authority,No,2
501324,THREE RIVERS HOSPITAL,BREWSTER,WA,Critical Access Hospitals,Government - Hospital District or Authority,Yes,Not Available
180128,THREE RIVERS MEDICAL CENTER,LOUISA,KY,Acute Care Hospitals,Proprietary,Yes,3
294016,"THRIVE BEHAVIORAL HOSPITAL, LLC",LAS VEGAS,NV,Psychiatric,Proprietary,No,Not Available
451339,THROCKMORTON COUNTY MEMORIAL HOSPITAL,THROCKMORTON,TX,Critical Access Hospitals,Government - Local,Yes,Not Available
080006,"TIDALHEALTH NANTICOKE, INC.",SEAFORD,DE,Acute Care Hospitals,Voluntary non-profit - Private,Yes,3
210019,"TIDALHEALTH PENINSULA REGIONAL, INC",SALISBURY,MD,Acute Care Hospitals,Voluntary non-profit - Private,Yes,4
420020,TIDELANDS GEORGETOWN MEMORIAL HOSPITAL,GEORGETOWN,SC,Acute Care Hospitals,Voluntary non-profit - Private,Yes,2
420098,TIDELANDS WACCAMAW COMMUNITY HOSPITAL,MURRELLS INLET,SC,Acute Care Hospitals,Voluntary non-profit - Private,Yes,4
110095,TIFT REGIONAL MEDICAL CENTER,TIFTON,GA,Acute Care Hospitals,Government - Hospital District or Authority,No,3
460052,TIMPANOGOS REGIONAL HOSPITAL,OREM,UT,Acute Care Hospitals,Proprietary,Yes,4
351300,TIOGA MEDICAL CENTER,TIOGA,ND,Critical Access Hospitals,Voluntary non-profit - Private,Yes,Not Available
251337,TIPPAH COUNTY HOSPITAL,RIPLEY,MS,Critical Access Hospitals,Government - Local,Yes,4
250002,TISHOMINGO HEALTH SERVICES INC,IUKA,MS,Acute Care Hospitals,Voluntary non-profit - Private,Yes,2
450080,TITUS REGIONAL MEDICAL CENTER,MOUNT PLEASANT,TX,Acute Care Hospitals,Government - Hospital District or Authority,Yes,3
391314,TITUSVILLE AREA HOSPITAL,TITUSVILLE,PA,Critical Access Hospitals,Voluntary non-profit - Private,Yes,2
180149,TJ HEALTH COLUMBIA,COLUMBIA,KY,Acute Care Hospitals,Government - Hospital District or Authority,Yes,Not Available
451370,TMC- BONHAM HOSPITAL,BONHAM,TX,Critical Access Hospitals,Government - Hospital District or Authority,Yes,Not Available
20003F,TOGUS VA MEDICAL CENTER,AUGUSTA,ME,Acute Care - Veterans Administration,Veterans Health Administration,Yes,4
521320,TOMAH MEMORIAL HOSPITAL,TOMAH,WI,Critical Access Hospitals,Voluntary non-profit - Private,Yes,5
52002F,TOMAH VA MEDICAL CENTER,TOMAH,WI,Acute Care - Veterans Administration,Veterans Health Administration,No,Not Available
450774,TOPS SURGICAL SPECIALTY HOSPITAL,HOUSTON,TX,Acute Care Hospitals,Physician,No,Not Available
050351,TORRANCE MEMORIAL MEDICAL CENTER,TORRANCE,CA,Acute Care Hospitals,Voluntary non-profit - Other,Yes,5
394026,TORRANCE STATE HOSPITAL,TORRANCE,PA,Psychiatric,Government - State,No,Not Available
140077,TOUCHETTE REGIONAL HOSPITAL INC,CENTREVILLE,IL,Acute Care Hospitals,Voluntary non-profit - Private,Yes,Not Available
190046,TOURO INFIRMARY,NEW ORLEANS,LA,Acute Care Hospitals,Voluntary non-profit - Private,Yes,3
394056,TOWER BEHAVIORAL HEALTH,READING,PA,Psychiatric,Proprietary,No,Not Available
351331,TOWNER COUNTY MEDICAL CENTER,CANDO,ND,Critical Access Hospitals,Voluntary non-profit - Private,Yes,Not Available
670266,TOWNSEN MEMORIAL HOSPITAL,HUMBLE,TX,Acute Care Hospitals,Proprietary,Yes,Not Available
341319,"TRANSYLVANIA REGIONAL HOSPITAL, INC",BREVARD,NC,Critical Access Hospitals,Voluntary non-profit - Private,Yes,2
130063,TREASURE VALLEY HOSPITAL,BOISE,ID,Acute Care Hospitals,Proprietary,No,Not Available
171355,TREGO COUNTY LEMKE MEMORIAL HOSPITAL,WAKEENEY,KS,Critical Access Hospitals,Government - Local,Yes,Not Available
314013,TRENTON PSYCHIATRIC HOSP,TRENTON,NJ,Psychiatric,Government - State,No,Not Available
281348,TRI VALLEY HEALTH SYSTEM,CAMBRIDGE,NE,Critical Access Hospitals,Voluntary non-profit - Private,Yes,Not Available
050128,TRI-CITY MEDICAL CENTER,OCEANSIDE,CA,Acute Care Hospitals,Government - Hospital District or Authority,Yes,1
501332,TRI-STATE MEMORIAL HOSPITAL,CLARKSTON,WA,Critical Access Hospitals,Voluntary non-profit - Private,Yes,4
344032,TRIANGLE SPRINGS,RALEIGH,NC,Psychiatric,Proprietary,No,Not Available
420079,TRIDENT MEDICAL CENTER,CHARLESTON,SC,Acute Care Hospitals,Proprietary,Yes,3
181304,TRIGG COUNTY HOSPITAL,CADIZ,KY,Critical Access Hospitals,Voluntary non-profit - Private,Yes,Not Available
310027,TRINITAS REGIONAL MEDICAL CENTER,ELIZABETH,NJ,Acute Care Hospitals,Voluntary non-profit - Private,Yes,3
160104,TRINITY - BETTENDORF,BETTENDORF,IA,Acute Care Hospitals,Voluntary non-profit - Private,Yes,3
230156,TRINITY HEALTH ANN ARBOR HOSPITAL,ANN ARBOR,MI,Acute Care Hospitals,Voluntary non-profit - Church,Yes,4
230174,TRINITY HEALTH GRAND HAVEN HOSPITAL,GRAND HAVEN,MI,Acute Care Hospitals,Government - Hospital District or Authority,Yes,4
230069,TRINITY HEALTH LIVINGSTON HOSPITAL,HOWELL,MI,Acute Care Hospitals,Voluntary non-profit - Other,Yes,4
230066,TRINITY HEALTH MUSKEGON HOSPITAL,MUSKEGON,MI,Acute Care Hospitals,Voluntary non-profit - Private,Yes,3
230029,TRINITY HEALTH OAKLAND HOSPITAL,PONTIAC,MI,Acute Care Hospitals,Voluntary non-profit - Private,Yes,2
051315,TRINITY HOSPITAL,WEAVERVILLE,CA,Critical Access Hospitals,Government - Hospital District or Authority,Yes,Not Available
271341,TRINITY HOSPITAL,WOLF POINT,MT,Critical Access Hospitals,Voluntary non-profit - Private,Yes,Not Available
350006,TRINITY HOSPITALS,MINOT,ND,Acute Care Hospitals,Voluntary non-profit - Private,Yes,3
351305,TRINITY KENMARE COMMUNITY HOSPITAL,KENMARE,ND,Critical Access Hospitals,Voluntary non-profit - Private,Yes,Not Available
360211,TRINITY MEDICAL CTR EAST &TRINITY MEDICAL CTR WEST,STEUBENVILLE,OH,Acute Care Hospitals,Voluntary non-profit - Other,Yes,2
160013,TRINITY MUSCATINE,MUSCATINE,IA,Acute Care Hospitals,Voluntary non-profit - Private,Yes,4
160016,TRINITY REGIONAL MEDICAL CENTER,FORT DODGE,IA,Acute Care Hospitals,Voluntary non-profit - Private,Yes,2
140280,TRINITY ROCK ISLAND,ROCK ISLAND,IL,Acute Care Hospitals,Voluntary non-profit - Private,Yes,3
500053,TRIOS HEALTH,KENNEWICK,WA,Acute Care Hospitals,Government - Hospital District or Authority,Yes,2
440779,TRISTAR ASHLAND CITY MEDICAL CENTER,ASHLAND CITY,TN,Rural Emergency Hospital,Proprietary,Yes,Not Available
440161,TRISTAR CENTENNIAL MEDICAL CENTER,NASHVILLE,TN,Acute Care Hospitals,Proprietary,Yes,4
180124,TRISTAR GREENVIEW REGIONAL HOSPITAL,BOWLING GREEN,KY,Acute Care Hospitals,Proprietary,Yes,2
440194,TRISTAR HENDERSONVILLE MEDICAL CENTER,HENDERSONVILLE,TN,Acute Care Hospitals,Proprietary,Yes,4
440046,TRISTAR HORIZON MEDICAL CENTER,DICKSON,TN,Acute Care Hospitals,Proprietary,Yes,3
440065,TRISTAR NORTHCREST MEDICAL CENTER,SPRINGFIELD,TN,Acute Care Hospitals,Voluntary non-profit - Other,Yes,3
440006,TRISTAR SKYLINE MEDICAL CENTER,NASHVILLE,TN,Acute Care Hospitals,Voluntary non-profit - Private,Yes,2
440197,TRISTAR SOUTHERN HILLS MEDICAL CENTER,NASHVILLE,TN,Acute Care Hospitals,Proprietary,Yes,4
440227,TRISTAR STONECREST MEDICAL CENTER,SMYRNA,TN,Acute Care Hospitals,Proprietary,Yes,4
440150,TRISTAR SUMMIT MEDICAL CENTER,HERMITAGE,TN,Acute Care Hospitals,Proprietary,Yes,4
391305,TROY COMMUNITY HOSPITAL,TROY,PA,Critical Access Hospitals,Voluntary non-profit - Private,Yes,4
010126,TROY REGIONAL MEDICAL CENTER,TROY,AL,Acute Care Hospitals,Government - Federal,Yes,4
260048,TRUMAN MEDICAL CENTER HOSPITAL HILL,KANSAS CITY,MO,Acute Care Hospitals,Voluntary non-profit - Private,Yes,3
440231,TRUSTPOINT HOSPITAL,MURFREESBORO,TN,Acute Care Hospitals,Proprietary,No,Not Available
030073,TUBA CITY REGIONAL HEALTH CARE CORPORATION,TUBA CITY,AZ,Acute Care Hospitals,Voluntary non-profit - Other,No,Not Available
030006,TUCSON MEDICAL CENTER,TUCSON,AZ,Acute Care Hospitals,Voluntary non-profit - Private,Yes,2
220116,TUFTS MEDICAL CENTER,BOSTON,MA,Acute Care Hospitals,Voluntary non-profit - Private,Yes,2
180069,TUG VALLEY ARH REGIONAL MEDICAL CENTER,SOUTH WILLIAMSON,KY,Acute Care Hospitals,Proprietary,Yes,2
374026,TULSA CENTER FOR BEHAVIORAL HEALTH,TULSA,OK,Psychiatric,Government - State,No,Not Available
370216,TULSA SPINE & SPECIALTY HOSPITAL,TULSA,OK,Acute Care Hospitals,Proprietary,Yes,Not Available
110209,TURNING POINT HOSPITAL,MOULTRIE,GA,Acute Care Hospitals,Proprietary,No,Not Available
01021F,TUSCALOOSA VA MEDICAL CENTER,TUSCALOOSA,AL,Acute Care - Veterans Administration,Veterans Health Administration,No,Not Available
280059,TWELVE CLANS UNITY HOSPITAL,WINNEBAGO,NE,Acute Care Hospitals,Tribal,Yes,Not Available
361302,TWIN CITY MEDICAL CENTER,DENNISON,OH,Critical Access Hospitals,Voluntary non-profit - Church,Yes,Not Available
490115,TWIN COUNTY REGIONAL HOSPITAL,GALAX,VA,Acute Care Hospitals,Proprietary,Yes,2
364007,TWIN VALLEY BEHAVIORAL HEALTHCARE,COLUMBUS,OH,Psychiatric,Government - Local,Yes,Not Available
110027,"TY COBB REGIONAL MEDICAL CENTER, LLC",LAVONIA,GA,Acute Care Hospitals,Voluntary non-profit - Private,Yes,3
450460,TYLER COUNTY HOSPITAL,WOODVILLE,TX,Acute Care Hospitals,Government - Hospital District or Authority,Yes,Not Available
251312,TYLER HOLMES MEMORIAL HOSPITAL CAH,WINONA,MS,Critical Access Hospitals,Government - Local,Yes,Not Available
180066,The Medical Center at Russellville,RUSSELLVILLE,KY,Acute Care Hospitals,Proprietary,Yes,2
12001F,Tripler AMC (FT Shafter),Honolulu,HI,Acute Care - Department of Defense,Department of Defense,Yes,Not Available
010018,UAB CALLAHAN EYE HOSPITAL AUTHORITY,BIRMINGHAM,AL,Acute Care Hospitals,Voluntary non-profit - Private,Yes,Not Available
050025,UC SAN DIEGO HEALTH HILLCREST - HILLCREST MED CTR,SAN DIEGO,CA,Acute Care Hospitals,Voluntary non-profit - Other,Yes,5
100350,UCF LAKE NONA HOSPITAL,ORLANDO,FL,Acute Care Hospitals,Proprietary,Yes,3
060022,UCH-MEMORIAL HEALTH SYSTEM,COLORADO SPRINGS,CO,Acute Care Hospitals,Government - Local,Yes,4
060129,UCHEALTH BROOMFIELD HOSPITAL,BROOMFIELD,CO,Acute Care Hospitals,Proprietary,Yes,Not Available
060130,UCHEALTH GRANDVIEW HOSPITAL,COLORADO SPRINGS,CO,Acute Care Hospitals,Voluntary non-profit - Private,Yes,Not Available
060131,UCHEALTH GREELEY HOSPITAL,GREELEY,CO,Acute Care Hospitals,Voluntary non-profit - Private,Yes,4
060132,UCHEALTH HIGHLANDS RANCH HOSPITAL,HIGHLANDS RANCH,CO,Acute Care Hospitals,Voluntary non-profit - Private,Yes,5
061326,UCHEALTH PIKES PEAK REGIONAL HOSPITAL,WOODLAND PARK,CO,Critical Access Hospitals,Voluntary non-profit - Private,Yes,Not Available
060049,UCHEALTH YAMPA VALLEY MEDICAL CENTER,STEAMBOAT SPRINGS,CO,Acute Care Hospitals,Voluntary non-profit - Private,Yes,Not Available
140304,UCHICAGO MEDICINE ADVENTHEALTH BOLINGBROOK,BOLINGBROOK,IL,Acute Care Hospitals,Voluntary non-profit - Private,Yes,3
140292,UCHICAGO MEDICINE ADVENTHEALTH GLENOAKS,GLENDALE HEIGHTS,IL,Acute Care Hospitals,Voluntary non-profit - Other,Yes,3
140122,UCHICAGO MEDICINE ADVENTHEALTH HINSDALE,HINSDALE,IL,Acute Care Hospitals,Voluntary non-profit - Private,Yes,5
140065,UCHICAGO MEDICINE ADVENTHEALTH LA GRANGE,LA GRANGE,IL,Acute Care Hospitals,Voluntary non-profit - Church,Yes,5
150195,UCHICAGO MEDICINE NORTHWEST INDIANA,CROWN POINT,IN,Acute Care Hospitals,Voluntary non-profit - Private,Yes,Not Available
050570,UCI HEALTH - FOUNTAIN VALLEY,FOUNTAIN VALLEY,CA,Acute Care Hospitals,Proprietary,No,2
050551,UCI HEALTH - LOS ALAMITOS,LOS ALAMITOS,CA,Acute Care Hospitals,Proprietary,Yes,1
050581,UCI HEALTH-LAKEWOOD,LAKEWOOD,CA,Acute Care Hospitals,Proprietary,Yes,2
050348,UCI HEALTH-ORANGE,ORANGE,CA,Acute Care Hospitals,Government - Local,Yes,4
050481,UCLA WEST VALLEY MEDICAL CENTER,WEST HILLS,CA,Acute Care Hospitals,Proprietary,Yes,2
053301,UCSF BENIOFF CHILDREN'S HOSPITAL OAKLAND,OAKLAND,CA,Childrens,Voluntary non-profit - Private,Yes,Not Available
050152,UCSF HEALTH SAINT FRANCIS HOSPITAL,SAN FRANCISCO,CA,Acute Care Hospitals,Voluntary non-profit - Private,Yes,3
050457,UCSF HEALTH ST. MARY'S HOSPITAL,SAN FRANCISCO,CA,Acute Care Hospitals,Voluntary non-profit - Private,Yes,4
054144,UCSF LANGLEY PORTER PSYCHIATRIC HOSPITAL AND CLINICS,SAN FRANCISCO,CA,Psychiatric,Government - State,No,Not Available
050454,UCSF MEDICAL CENTER,SAN FRANCISCO,CA,Acute Care Hospitals,Voluntary non-profit - Other,Yes,4
100084,UF HEALTH LEESBURG HOSPITAL,LEESBURG,FL,Acute Care Hospitals,Voluntary non-profit - Private,Yes,3
100113,UF HEALTH SHANDS HOSPITAL,GAINESVILLE,FL,Acute Care Hospitals,Voluntary non-profit - Private,Yes,5
360137,UH CLEVELAND MEDICAL CENTER,CLEVELAND,OH,Acute Care Hospitals,Voluntary non-profit - Private,Yes,3
360075,UH REGIONAL HOSPITALS,CHARDON,OH,Acute Care Hospitals,Proprietary,Yes,4
360123,UH ST JOHN MEDICAL CENTER,WESTLAKE,OH,Acute Care Hospitals,Voluntary non-profit - Private,Yes,4
361307,UHHS MEMORIAL HOSPITAL OF GENEVA,GENEVA,OH,Critical Access Hospitals,Voluntary non-profit - Private,Yes,4
460019,UINTAH BASIN MEDICAL CENTER,ROOSEVELT,UT,Acute Care Hospitals,Voluntary non-profit - Other,Yes,2
214022,UM UPPER CHESAPEAKE BEHAVIORAL HEALTH PAVILION AT,ABERDEEN,MD,Psychiatric,Voluntary non-profit - Private,Yes,Not Available
220019,UMASS MEMORIAL HEALTH - HARRINGTON HOSPITAL,SOUTHBRIDGE,MA,Acute Care Hospitals,Voluntary non-profit - Private,Yes,3
220001,UMASS MEMORIAL HEALTHALLIANCE HOSPITALS,LEOMINSTER,MA,Acute Care Hospitals,Voluntary non-profit - Other,Yes,3
220049,UMASS MEMORIAL HEALTHCARE-MARLBOROUGH HOSPITAL,MARLBOROUGH,MA,Acute Care Hospitals,Voluntary non-profit - Private,Yes,2
220163,UMASS MEMORIAL MEDICAL CENTER/UNIVERSITY CAMPUS,WORCESTER,MA,Acute Care Hospitals,Voluntary non-profit - Private,Yes,3
210058,UMD REHABILITATION &  ORTHOPAEDIC INSTITUTE,BALTIMORE,MD,Acute Care Hospitals,Voluntary non-profit - Private,No,Not Available
210049,UMD UPPER CHESAPEAKE MEDICAL CENTER,BEL AIR,MD,Acute Care Hospitals,Voluntary non-profit - Other,Yes,2
340010,UNC HEALTH CARE WAYNE,GOLDSBORO,NC,Acute Care Hospitals,Voluntary non-profit - Private,Yes,3
340147,UNC HEALTH NASH,ROCKY MOUNT,NC,Acute Care Hospitals,Government - Hospital District or Authority,Yes,4
340061,UNC HOSPITALS,CHAPEL HILL,NC,Acute Care Hospitals,Government - State,Yes,5
340027,UNC LENOIR HEALTH CARE,KINSTON,NC,Acute Care Hospitals,Voluntary non-profit - Private,Yes,4
340060,UNC ROCKINGHAM,EDEN,NC,Acute Care Hospitals,Voluntary non-profit - Private,Yes,4
321304,UNION COUNTY GENERAL HOSPITAL,CLAYTON,NM,Critical Access Hospitals,Government - Local,Yes,Not Available
110051,UNION GENERAL HOSPITAL,BLAIRSVILLE,GA,Acute Care Hospitals,Government - Local,No,3
191301,UNION GENERAL HOSPITAL,FARMERVILLE,LA,Critical Access Hospitals,Voluntary non-profit - Private,Yes,Not Available
360010,UNION HOSPITAL,DOVER,OH,Acute Care Hospitals,Voluntary non-profit - Other,Yes,3
151326,UNION HOSPITAL CLINTON,CLINTON,IN,Critical Access Hospitals,Voluntary non-profit - Private,Yes,2
150023,UNION HOSPITAL INC,TERRE HAUTE,IN,Acute Care Hospitals,Voluntary non-profit - Private,Yes,3
210032,UNION HOSPITAL OF CECIL COUNTY,ELKTON,MD,Acute Care Hospitals,Voluntary non-profit - Private,No,4
420108,UNION MEDICAL CENTER,UNION,SC,Acute Care Hospitals,Voluntary non-profit - Other,Yes,Not Available
390041,UNIONTOWN HOSPITAL,UNIONTOWN,PA,Acute Care Hospitals,Voluntary non-profit - Private,Yes,2
330394,"UNITED HEALTH SERVICES HOSPITALS, INC",BINGHAMTON,NY,Acute Care Hospitals,Voluntary non-profit - Private,Yes,2
510006,"UNITED HOSPITAL CENTER, INC",BRIDGEPORT,WV,Acute Care Hospitals,Voluntary non-profit - Private,Yes,4
241369,UNITED HOSPITAL DISTRICT,BLUE EARTH,MN,Critical Access Hospitals,Government - Hospital District or Authority,Yes,5
090008,UNITED MEDICAL CENTER,WASHINGTON,DC,Acute Care Hospitals,Proprietary,Yes,3
330073,UNITED MEMORIAL MEDICAL CENTER,BATAVIA,NY,Acute Care Hospitals,Voluntary non-profit - Private,Yes,2
044017,UNITED METHODIST BEHAVIORAL HOSPITAL,MAUMELLE,AR,Psychiatric,Voluntary non-profit - Private,No,Not Available
450010,UNITED REGIONAL HEALTH CARE SYSTEM,WICHITA FALLS,TX,Acute Care Hospitals,Voluntary non-profit - Private,Yes,3
040164,UNITY HEALTH - JACKSONVILLE,JACKSONVILLE,AR,Acute Care Hospitals,Voluntary non-profit - Private,Yes,Not Available
041332,UNITY HEALTH - NEWPORT,NEWPORT,AR,Critical Access Hospitals,Government - Local,Yes,Not Available
330226,UNITY HOSPITAL,ROCHESTER,NY,Acute Care Hospitals,Voluntary non-profit - Private,Yes,2
351320,UNITY MEDICAL CENTER,GRAFTON,ND,Critical Access Hospitals,Voluntary non-profit - Private,Yes,Not Available
440007,UNITY MEDICAL CENTER,MANCHESTER,TN,Acute Care Hospitals,Voluntary non-profit - Private,Yes,3
150177,UNITY PHYSICIANS HOSPITAL,MISHAWAKA,IN,Acute Care Hospitals,Physician,No,Not Available
014018,UNITY PSYCHIATRIC CARE - HUNTSVILLE,HUNTSVILLE,AL,Psychiatric,Proprietary,No,Not Available
444019,UNITY PSYCHIATRIC CARE-CLARKSVILLE,CLARKSVILLE,TN,Psychiatric,Proprietary,No,Not Available
444021,UNITY PSYCHIATRIC CARE-COLUMBIA,COLUMBIA,TN,Psychiatric,Proprietary,No,Not Available
444005,UNITY PSYCHIATRIC CARE-MARTIN,MARTIN,TN,Psychiatric,Proprietary,No,Not Available
444024,UNITY PSYCHIATRIC CARE-MEMPHIS,MEMPHIS,TN,Psychiatric,Proprietary,No,Not Available
330411,UNITY SPECIALTY HOSPITAL,ROCHESTER,NY,Acute Care Hospitals,Voluntary non-profit - Private,No,Not Available
160082,UNITYPOINT HEALTH - DES MOINES IOWA METHODIST MEDI,DES MOINES,IA,Acute Care Hospitals,Voluntary non-profit - Private,Yes,3
160001,UNITYPOINT HEALTH - MARSHALLTOWN,MARSHALLTOWN,IA,Acute Care Hospitals,Voluntary non-profit - Private,Yes,3
520089,UNITYPOINT HEALTH - MERITER,MADISON,WI,Acute Care Hospitals,Voluntary non-profit - Private,Yes,5
470003,UNIV. OF VERMONT - FLETCHER ALLEN HEALTH CARE,BURLINGTON,VT,Acute Care Hospitals,Voluntary non-profit - Other,Yes,4
194117,UNIVERSAL BEHAVIORAL HEALTH HOSPITAL,HAMMOND,LA,Psychiatric,Proprietary,No,Not Available
170191,UNIVERSITY  OF KS HLTH SYSTEM GREAT BEND CAMPUS,GREAT BEND,KS,Acute Care Hospitals,Government - Hospital District or Authority,Yes,4
104076,UNIVERSITY BEHAVIORAL CENTER,ORLANDO,FL,Psychiatric,Voluntary non-profit - Private,No,Not Available
314011,UNIVERSITY BEHAVIORAL HEALTH CARE,PISCATAWAY,NJ,Psychiatric,Government - State,Yes,Not Available
454104,UNIVERSITY BEHAVIORAL HEALTH OF DENTON,DENTON,TX,Psychiatric,Government - State,No,Not Available
260102,UNIVERSITY HEALTH LAKEWOOD MEDICAL CENTER,KANSAS CITY,MO,Acute Care Hospitals,Voluntary non-profit - Private,Yes,4
450213,UNIVERSITY HEALTH SYSTEM,SAN ANTONIO,TX,Acute Care Hospitals,Government - Hospital District or Authority,Yes,3
440015,"UNIVERSITY HEALTH SYSTEM, INC",KNOXVILLE,TN,Acute Care Hospitals,Voluntary non-profit - Private,Yes,4
100224,UNIVERSITY HOSPITAL AND MEDICAL CENTER,TAMARAC,FL,Acute Care Hospitals,Proprietary,Yes,2
330241,UNIVERSITY HOSPITAL S U N Y HEALTH SCIENCE CENTER,SYRACUSE,NY,Acute Care Hospitals,Government - State,Yes,3
360145,UNIVERSITY HOSPITALS - ELYRIA MEDICAL CENTER,ELYRIA,OH,Acute Care Hospitals,Voluntary non-profit - Private,No,4
360359,UNIVERSITY HOSPITALS AHUJA MEDICAL CENTER,BEACHWOOD,OH,Acute Care Hospitals,Voluntary non-profit - Private,Yes,3
361308,UNIVERSITY HOSPITALS CONNEAUT MEDICAL CENTER,CONNEAUT,OH,Critical Access Hospitals,Voluntary non-profit - Other,Yes,4
360078,UNIVERSITY HOSPITALS PORTAGE MEDICAL CENTER,RAVENNA,OH,Acute Care Hospitals,Voluntary non-profit - Private,Yes,3
360002,UNIVERSITY HOSPITALS SAMARITAN MEDICAL CENTER,ASHLAND,OH,Acute Care Hospitals,Voluntary non-profit - Other,No,4
110111,UNIVERSITY MCDUFFIE COUNTY REGIONAL MEDICAL CENTER,THOMSON,GA,Acute Care Hospitals,Government - Hospital District or Authority,Yes,Not Available
290007,UNIVERSITY MEDICAL CENTER,LAS VEGAS,NV,Acute Care Hospitals,Voluntary non-profit - Other,Yes,2
450686,UNIVERSITY MEDICAL CENTER,LUBBOCK,TX,Acute Care Hospitals,Government - Hospital District or Authority,Yes,2
190005,UNIVERSITY MEDICAL CENTER NEW ORLEANS,NEW ORLEANS,LA,Acute Care Hospitals,Voluntary non-profit - Private,Yes,2
450024,UNIVERSITY MEDICAL CENTER OF EL PASO,EL PASO,TX,Acute Care Hospitals,Physician,Yes,3
310010,UNIVERSITY MEDICAL CENTER OF PRINCETON AT PLAINSBORO,PLAINSBORO,NJ,Acute Care Hospitals,Voluntary non-profit - Private,Yes,4
010033,UNIVERSITY OF ALABAMA HOSPITAL,BIRMINGHAM,AL,Acute Care Hospitals,Government - State,Yes,2
050599,UNIVERSITY OF CALIFORNIA DAVIS MEDICAL CENTER,SACRAMENTO,CA,Acute Care Hospitals,Government - Hospital District or Authority,Yes,4
360003,"UNIVERSITY OF CINCINNATI MEDICAL CENTER, LLC",CINCINNATI,OH,Acute Care Hospitals,Voluntary non-profit - Private,Yes,3
060024,UNIVERSITY OF COLORADO HOSPITAL AUTHORITY,AURORA,CO,Acute Care Hospitals,Government - Hospital District or Authority,Yes,5
140150,UNIVERSITY OF ILLINOIS HOSPITAL AND CLINICS,CHICAGO,IL,Acute Care Hospitals,Government - State,Yes,4
160029,UNIVERSITY OF IOWA HEALTH CARE MEDICAL CENTER DOWN,IOWA CITY,IA,Acute Care Hospitals,Voluntary non-profit - Church,Yes,4
160058,UNIVERSITY OF IOWA HOSPITAL & CLINICS,IOWA CITY,IA,Acute Care Hospitals,Government - State,Yes,2
170016,UNIVERSITY OF KANSAS HEALTH SYSTEM - ST FRANCIS CAMPUS,TOPEKA,KS,Acute Care Hospitals,Voluntary non-profit - Church,Yes,3
170049,UNIVERSITY OF KANSAS HEALTH SYSTEM OLATHE HOSPITAL,OLATHE,KS,Acute Care Hospitals,Voluntary non-profit - Private,Yes,4
170040,UNIVERSITY OF KANSAS HOSPITAL,KANSAS CITY,KS,Acute Care Hospitals,Government - Hospital District or Authority,Yes,5
180067,UNIVERSITY OF KENTUCKY HOSPITAL,LEXINGTON,KY,Acute Care Hospitals,Government - State,Yes,4
180141,UNIVERSITY OF LOUISVILLE HOSPITAL,LOUISVILLE,KY,Acute Care Hospitals,Voluntary non-profit - Private,Yes,1
210002,UNIVERSITY OF MARYLAND MEDICAL CENTER,BALTIMORE,MD,Acute Care Hospitals,Voluntary non-profit - Private,Yes,3
210043,UNIVERSITY OF MD BALTIMORE WASHINGTON MEDICAL CENTER,GLEN BURNIE,MD,Acute Care Hospitals,Voluntary non-profit - Other,Yes,5
210003,UNIVERSITY OF MD CAPITAL REGION MEDICAL CENTER,UPPER MARLBORO,MD,Acute Care Hospitals,Voluntary non-profit - Private,Yes,1
210035,UNIVERSITY OF MD CHARLES REGIONAL  MEDICAL CENTER,LA PLATA,MD,Acute Care Hospitals,Voluntary non-profit - Private,Yes,3
210038,UNIVERSITY OF MD MEDICAL CENTER MIDTOWN CAMPUS,BALTIMORE,MD,Acute Care Hospitals,Voluntary non-profit - Other,Yes,3
210037,UNIVERSITY OF MD SHORE MEDICAL CENTER AT EASTON,EASTON,MD,Acute Care Hospitals,Voluntary non-profit - Private,Yes,4
210030,UNIVERSITY OF MD SHORE MEDICAL CTR AT CHESTERTOWN,CHESTERTOWN,MD,Acute Care Hospitals,Voluntary non-profit - Private,Yes,5
210063,UNIVERSITY OF MD ST JOSEPH MEDICAL CENTER,TOWSON,MD,Acute Care Hospitals,Voluntary non-profit - Private,Yes,5
231327,UNIVERSITY OF MICHIGAN HEALTH - SPARROW EATON,CHARLOTTE,MI,Critical Access Hospitals,Voluntary non-profit - Other,Yes,1
230236,UNIVERSITY OF MICHIGAN HEALTH - WEST,WYOMING,MI,Acute Care Hospitals,Voluntary non-profit - Private,Yes,4
230046,UNIVERSITY OF MICHIGAN HEALTH SYSTEM,ANN ARBOR,MI,Acute Care Hospitals,Voluntary non-profit - Private,Yes,4
231326,UNIVERSITY OF MICHIGAN HEALTH- SPARROW CLINTON,SAINT JOHNS,MI,Critical Access Hospitals,Proprietary,Yes,4
230208,UNIVERSITY OF MICHIGAN HEALTH-SPARROW CARSON,CARSON CITY,MI,Acute Care Hospitals,Voluntary non-profit - Other,Yes,4
250001,UNIVERSITY OF MISSISSIPPI MED CENTER,JACKSON,MS,Acute Care Hospitals,Government - State,Yes,2
250168,UNIVERSITY OF MISSISSIPPI MEDICAL CENTER- GRENADA,GRENADA,MS,Acute Care Hospitals,Government - State,Yes,1
260141,UNIVERSITY OF MISSOURI HEALTH CARE,COLUMBIA,MO,Acute Care Hospitals,Government - State,Yes,3
450018,UNIVERSITY OF TEXAS MEDICAL BRANCH GALVESTON,GALVESTON,TX,Acute Care Hospitals,Government - State,Yes,3
360048,UNIVERSITY OF TOLEDO MEDICAL CENTER,TOLEDO,OH,Acute Care Hospitals,Government - State,Yes,3
460009,UNIVERSITY OF UTAH HOSPITAL AND CLINICS,SALT LAKE CITY,UT,Acute Care Hospitals,Government - State,Yes,5
490009,UNIVERSITY OF VIRGINIA MEDICAL CENTER,CHARLOTTESVILLE,VA,Acute Care Hospitals,Government - State,Yes,4
500008,UNIVERSITY OF WASHINGTON MEDICAL CTR,SEATTLE,WA,Acute Care Hospitals,Government - State,Yes,4
520098,UNIVERSITY OF WI  HOSPITALS & CLINICS AUTHORITY,MADISON,WI,Acute Care Hospitals,Government - Hospital District or Authority,Yes,5
403301,UNIVERSITY PEDIATRIC HOSPITAL,SAN JUAN,PR,Childrens,Government - State,Yes,Not Available
320001,UNM HOSPITAL,ALBUQUERQUE,NM,Acute Care Hospitals,Government - State,Yes,2
180040,UOFL HEALTH - JEWISH HOSPITAL and Mary & Elizabeth Hospital,LOUISVILLE,KY,Acute Care Hospitals,Voluntary non-profit - Private,Yes,2
180016,UOFL HEALTH - SHELBYVILLE HOSPITAL,SHELBYVILLE,KY,Acute Care Hospitals,Voluntary non-profit - Private,Yes,3
230108,UP HEALTH SYSTEM PORTAGE,HANCOCK,MI,Acute Care Hospitals,Voluntary non-profit - Other,Yes,5
230054,UPHS MARQUETTE DLP HOSPITAL,MARQUETTE,MI,Acute Care Hospitals,Government - Local,Yes,3
521352,UPLAND HILLS HEALTH,DODGEVILLE,WI,Critical Access Hospitals,Voluntary non-profit - Private,Yes,4
390073,UPMC ALTOONA,ALTOONA,PA,Acute Care Hospitals,Voluntary non-profit - Private,Yes,3
390117,UPMC BEDFORD MEMORIAL,EVERETT,PA,Acute Care Hospitals,Voluntary non-profit - Private,Yes,4
390058,UPMC CARLISLE,CARLISLE,PA,Acute Care Hospitals,Voluntary non-profit - Private,Yes,4
330239,UPMC CHAUTAUQUA AT WCA,JAMESTOWN,NY,Acute Care Hospitals,Voluntary non-profit - Private,Yes,2
393302,UPMC CHILDREN'S HOSPITAL OF PITTSBURGH,PITTSBURGH,PA,Childrens,Voluntary non-profit - Other,Yes,Not Available
391313,UPMC COLE,COUDERSPORT,PA,Critical Access Hospitals,Voluntary non-profit - Private,Yes,4
390328,UPMC EAST,MONROEVILLE,PA,Acute Care Hospitals,Voluntary non-profit - Private,Yes,4
390150,UPMC GREENE,WAYNESBURG,PA,Acute Care Hospitals,Voluntary non-profit - Private,Yes,Not Available
390063,UPMC HAMOT,ERIE,PA,Acute Care Hospitals,Voluntary non-profit - Private,Yes,3
390233,UPMC HANOVER,HANOVER,PA,Acute Care Hospitals,Voluntary non-profit - Private,Yes,4
390178,UPMC HORIZON,GREENVILLE,PA,Acute Care Hospitals,Voluntary non-profit - Private,Yes,4
390016,UPMC JAMESON,NEW CASTLE,PA,Acute Care Hospitals,Voluntary non-profit - Other,Yes,3
391318,UPMC KANE,KANE,PA,Critical Access Hospitals,Voluntary non-profit - Private,Yes,Not Available
390068,UPMC LITITZ,LITITZ,PA,Acute Care Hospitals,Voluntary non-profit - Other,Yes,4
390002,UPMC MCKEESPORT HOSPITAL,MC KEESPORT,PA,Acute Care Hospitals,Voluntary non-profit - Private,Yes,3
390101,UPMC MEMORIAL,YORK,PA,Acute Care Hospitals,Voluntary non-profit - Private,Yes,4
390028,UPMC MERCY,PITTSBURGH,PA,Acute Care Hospitals,Voluntary non-profit - Private,Yes,4
391301,UPMC MUNCY,MUNCY,PA,Critical Access Hospitals,Voluntary non-profit - Private,Yes,4
390091,UPMC NORTHWEST,SENECA,PA,Acute Care Hospitals,Voluntary non-profit - Other,Yes,4
390107,UPMC PASSAVANT,PITTSBURGH,PA,Acute Care Hospitals,Voluntary non-profit - Private,Yes,4
390067,UPMC PINNACLE HOSPITALS,HARRISBURG,PA,Acute Care Hospitals,Voluntary non-profit - Private,Yes,4
390164,UPMC PRESBYTERIAN SHADYSIDE,PITTSBURGH,PA,Acute Care Hospitals,Voluntary non-profit - Private,Yes,4
390039,UPMC SOMERSET,SOMERSET,PA,Acute Care Hospitals,Voluntary non-profit - Private,Yes,4
390102,UPMC ST MARGARET,PITTSBURGH,PA,Acute Care Hospitals,Voluntary non-profit - Private,Yes,3
391316,UPMC WELLSBORO,WELLSBORO,PA,Critical Access Hospitals,Voluntary non-profit - Private,Yes,3
390045,UPMC WILLIAMSPORT,WILLIAMSPORT,PA,Acute Care Hospitals,Voluntary non-profit - Private,Yes,3
301300,UPPER CONNECTICUT VALLEY HOSPITAL,COLEBROOK,NH,Critical Access Hospitals,Voluntary non-profit - Private,Yes,Not Available
360174,UPPER VALLEY MEDICAL CENTER,TROY,OH,Acute Care Hospitals,Voluntary non-profit - Private,Yes,4
110002,UPSON REGIONAL MEDICAL CENTER,THOMASTON,GA,Acute Care Hospitals,Voluntary non-profit - Other,Yes,1
33012F,UPSTATE NEW YORK VA HEALTHCARE SYSTEM (WESTERN NY VA HEALTHCARE SYSTEM),BUFFALO,NY,Acute Care - Veterans Administration,Veterans Health Administration,Yes,5
013301,USA HEALTH CHILDREN'S & WOMEN'S HOSPITAL,MOBILE,AL,Childrens,Government - State,Yes,Not Available
010090,"USA HEALTH HCA PROVIDENCE HOSPITAL, LLC",MOBILE,AL,Acute Care Hospitals,Voluntary non-profit - Church,Yes,3
010087,USA HEALTH UNIVERSITY HOSPITAL,MOBILE,AL,Acute Care Hospitals,Government - State,Yes,2
050238,USC ARCADIA HOSPITAL,ARCADIA,CA,Acute Care Hospitals,Voluntary non-profit - Private,Yes,3
050124,USC VERDUGO HILLS HOSPITAL,GLENDALE,CA,Acute Care Hospitals,Voluntary non-profit - Private,Yes,4
450872,USMD HOSPITAL AT ARLINGTON L P,ARLINGTON,TX,Acute Care Hospitals,Physician,Yes,Not Available
450389,UT HEALTH EAST TEXAS ATHENS HOSPITAL,ATHENS,TX,Acute Care Hospitals,Proprietary,Yes,2
450210,UT HEALTH EAST TEXAS CARTHAGE HOSPITAL,CARTHAGE,TX,Acute Care Hospitals,Proprietary,Yes,5
450475,UT HEALTH EAST TEXAS HENDERSON HOSPITAL,HENDERSON,TX,Acute Care Hospitals,Proprietary,Yes,5
450194,UT HEALTH EAST TEXAS JACKSONVILLE HOSPITAL,JACKSONVILLE,TX,Acute Care Hospitals,Proprietary,Yes,Not Available
451367,UT HEALTH EAST TEXAS PITTSBURG HOSPITAL,PITTSBURG,TX,Critical Access Hospitals,Proprietary,Yes,3
451380,UT HEALTH EAST TEXAS QUITMAN HOSPITAL,QUITMAN,TX,Critical Access Hospitals,Voluntary non-profit - Other,Yes,4
450083,UT HEALTH EAST TEXAS TYLER REGIONAL HOSPITAL,TYLER,TX,Acute Care Hospitals,Proprietary,Yes,2
670335,UT HEALTH SAN ANTONIO MULTISPECIALTY & RESEARCH HO,SAN ANTONIO,TX,Acute Care Hospitals,Government - State,No,Not Available
450044,UT OF TEXAS  SOUTHWESTERN UNIVERSITY HOSPITAL - WILLIAM P. CLEMENTS JR.,DALLAS,TX,Acute Care Hospitals,Government - State,Yes,4
464001,UTAH STATE HOSPITAL,PROVO,UT,Psychiatric,Government - State,Yes,Not Available
490019,UVA HEALTH CULPEPER MEDICAL CENTER,CULPEPER,VA,Acute Care Hospitals,Voluntary non-profit - Private,Yes,2
490144,UVA HEALTH HAYMARKET MEDICAL CENTER,HAYMARKET,VA,Acute Care Hospitals,Voluntary non-profit - Private,Yes,4
451387,UVALDE MEMORIAL HOSPITAL,UVALDE,TX,Critical Access Hospitals,Government - Hospital District or Authority,Yes,3
140228,UW HEALTH,ROCKFORD,IL,Acute Care Hospitals,Voluntary non-profit - Private,Yes,3
040016,University of Arkansas Medical Sciences,LITTLE ROCK,AR,Acute Care Hospitals,Government - State,Yes,2
45060F,VA AMARILLO HEALTHCARE SYSTEM,AMARILLO,TX,Acute Care - Veterans Administration,Veterans Health Administration,Yes,5
23011F,VA ANN ARBOR HEALTHCARE SYSTEM,ANN ARBOR,MI,Acute Care - Veterans Administration,Veterans Health Administration,Yes,5
43002F,VA BLACK HILLS HEALTHCARE SYSTEM,FORT MEADE,SD,Acute Care - Veterans Administration,Veterans Health Administration,Yes,5
22010F,VA BOSTON HEALTHCARE SYSTEM - JAMAICA PLAIN,JAMAICA PLAIN,MA,Acute Care - Veterans Administration,Veterans Health Administration,Yes,4
01019F,VA CENTRAL ALABAMA HEALTHCARE SYSTEM - MONTGOMERY,MONTGOMERY,AL,Acute Care - Veterans Administration,Veterans Health Administration,Yes,4
04010F,VA CENTRAL AR. VETERANS HEALTHCARE SYSTEM LR,LITTLE ROCK,AR,Acute Care - Veterans Administration,Veterans Health Administration,Yes,2
16003F,VA CENTRAL IOWA HEALTHCARE SYSTEM,DES MOINES,IA,Acute Care - Veterans Administration,Veterans Health Administration,Yes,4
06005F,VA EASTERN COLORADO HEALTHCARE SYSTEM,AURORA,CO,Acute Care - Veterans Administration,Veterans Health Administration,Yes,5
17005F,VA EASTERN KANSAS HEALTHCARE SYSTEM,TOPEKA,KS,Acute Care - Veterans Administration,Veterans Health Administration,Yes,4
05128F,VA GREATER LOS ANGELES HEALTHCARE SYSTEM,LOS ANGELES,CA,Acute Care - Veterans Administration,Veterans Health Administration,Yes,3
25042F,VA GULF COAST HEALTHCARE SYSTEM,BILOXI,MS,Acute Care - Veterans Administration,Veterans Health Administration,Yes,5
33015F,VA HUDSON VALLEY HEALTHCARE SYSTEM,MONTROSE,NY,Acute Care - Veterans Administration,Veterans Health Administration,No,5
14004F,VA ILLIANA HEALTHCARE SYSTEM - DANVILLE,DANVILLE,IL,Acute Care - Veterans Administration,Veterans Health Administration,No,Not Available
05027F,VA LONG BEACH HEALTHCARE SYSTEM,LONG BEACH,CA,Acute Care - Veterans Administration,Veterans Health Administration,Yes,4
21020F,VA MARYLAND HEALTHCARE SYSTEM - BALTIMORE,BALTIMORE,MD,Acute Care - Veterans Administration,Veterans Health Administration,Yes,2
21010F,VA MARYLAND HEALTHCARE SYSTEM - PERRY POINT,PERRY POINT,MD,Acute Care - Veterans Administration,Veterans Health Administration,No,Not Available
44018F,VA MIDDLE TENNESSEE HEALTHCARE SYSTEM,NASHVILLE,TN,Acute Care - Veterans Administration,Veterans Health Administration,Yes,4
44017F,VA MIDDLE TENNESSEE HEALTHCARE SYSTEM - MURFREESBORO,MURFREESBORO,TN,Acute Care - Veterans Administration,Veterans Health Administration,No,Not Available
27003F,VA MONTANA HEALTHCARE SYSTEM,FORT HARRISON,MT,Acute Care - Veterans Administration,Veterans Health Administration,Yes,5
05030F,VA N CALIFORNIA HEALTHCARE SYSTEM,MATHER,CA,Acute Care - Veterans Administration,Veterans Health Administration,Yes,4
15004F,VA N. INDIANA HEALTHCARE SYSTEM,MARION,IN,Acute Care - Veterans Administration,Veterans Health Administration,Yes,5
31001F,VA NEW JERSEY HEALTH CARE SYSTEM,EAST ORANGE,NJ,Acute Care - Veterans Administration,Veterans Health Administration,Yes,2
32005F,VA NEW MEXICO HEALTHCARE SYSTEM,ALBUQUERQUE,NM,Acute Care - Veterans Administration,Veterans Health Administration,Yes,3
33020F,VA NEW YORK HARBOR HEALTHCARE SYSTEM - BROOKLYN,BROOKLYN,NY,Acute Care - Veterans Administration,Veterans Health Administration,Yes,4
33017F,VA NEW YORK HARBOR HEALTHCARE SYSTEM - NY DIV.,NEW YORK,NY,Acute Care - Veterans Administration,Veterans Health Administration,Yes,3
10057F,VA NORTH FLORIDA/SOUTH GEORGIA HEALTHCARE SYSTEM - GAINESVILLE,GAINESVILLE,FL,Acute Care - Veterans Administration,Veterans Health Administration,Yes,4
10015F,VA NORTH FLORIDA/SOUTH GEORGIA HEALTHCARE SYSTEM - LAKE CITY,LAKE CITY,FL,Acute Care - Veterans Administration,Veterans Health Administration,Yes,Not Available
03033F,VA NORTHERN ARIZONA HEALTHCARE SYSTEM,PRESCOTT,AZ,Acute Care - Veterans Administration,Veterans Health Administration,Yes,5
39012F,VA PITTSBURGH HEALTHCARE SYSTEM - UNIV DR,PITTSBURGH,PA,Acute Care - Veterans Administration,Veterans Health Administration,Yes,4
38004F,VA ROSEBURG HEALTHCARE SYSTEM,ROSEBURG,OR,Acute Care - Veterans Administration,Veterans Health Administration,Yes,Not Available
03013F,VA S. ARIZONA HEALTHCARE SYSTEM,TUCSON,AZ,Acute Care - Veterans Administration,Veterans Health Administration,Yes,5
46002F,VA SALT LAKE CITY HEALTHCARE - GEORGE E. WAHLEN VA MEDICAL CENTER,SALT LAKE CITY,UT,Acute Care - Veterans Administration,Veterans Health Administration,Yes,4
05114F,VA SAN DIEGO HEALTHCARE SYSTEM,SAN DIEGO,CA,Acute Care - Veterans Administration,Veterans Health Administration,Yes,5
29002F,VA SIERRA NEVADA HEALTHCARE SYSTEM,RENO,NV,Acute Care - Veterans Administration,Veterans Health Administration,Yes,5
29004F,VA SOUTHERN NEVADA HEALTHCARE SYSTEM,N. LAS VEGAS,NV,Acute Care - Veterans Administration,Veterans Health Administration,Yes,5
060096,VAIL HEALTH HOSPITAL,VAIL,CO,Acute Care Hospitals,Voluntary non-profit - Other,Yes,5
450154,VAL VERDE REGIONAL MEDICAL CENTER,DEL RIO,TX,Acute Care Hospitals,Government - Hospital District or Authority,Yes,3
154024,VALLE VISTA HEALTH SYSTEM,GREENWOOD,IN,Psychiatric,Proprietary,No,Not Available
450028,VALLEY BAPTIST MEDICAL CENTER- BROWNSVILLE,BROWNSVILLE,TX,Acute Care Hospitals,Proprietary,Yes,3
044006,VALLEY BEHAVIORAL HEALTH SYSTEM,BARLING,AR,Psychiatric,Proprietary,No,Not Available
053300,VALLEY CHILDREN'S HOSPITAL,MADERA,CA,Childrens,Voluntary non-profit - Private,Yes,Not Available
370243,VALLEY COMMUNITY HOSPITAL,PAULS VALLEY,OK,Acute Care Hospitals,Proprietary,Yes,Not Available
281353,VALLEY COUNTY HEALTH SYSTEM,ORD,NE,Critical Access Hospitals,Government - Local,Yes,Not Available
390272,VALLEY FORGE MEDICAL CENTER,NORRISTOWN,PA,Acute Care Hospitals,Proprietary,No,Not Available
511309,VALLEY HEALTH WAR MEMORIAL HOSPITAL,BERKELEY SPRINGS,WV,Critical Access Hospitals,Voluntary non-profit - Private,Yes,5
310012,VALLEY HOSPITAL,PARAMUS,NJ,Acute Care Hospitals,Voluntary non-profit - Private,Yes,4
034026,VALLEY HOSPITAL,PHOENIX,AZ,Psychiatric,Proprietary,No,Not Available
290021,VALLEY HOSPITAL MEDICAL CENTER,LAS VEGAS,NV,Acute Care Hospitals,Proprietary,Yes,2
500088,VALLEY MEDICAL CENTER,RENTON,WA,Acute Care Hospitals,Government - Hospital District or Authority,Yes,2
050126,VALLEY PRESBYTERIAN HOSPITAL,VAN NUYS,CA,Acute Care Hospitals,Voluntary non-profit - Other,Yes,1
301308,VALLEY REGIONAL HOSPITAL,CLAREMONT,NH,Critical Access Hospitals,Voluntary non-profit - Private,Yes,3
450662,VALLEY REGIONAL MEDICAL CENTER,BROWNSVILLE,TX,Acute Care Hospitals,Proprietary,Yes,2
224047,VALLEY SPRINGS BEHAVIORAL HEALTH HOSPITAL,HOLYOKE,MA,Psychiatric,Proprietary,No,Not Available
060075,VALLEY VIEW HOSPITAL ASSOCIATION,GLENWOOD SPRINGS,CO,Acute Care Hospitals,Voluntary non-profit - Private,Yes,4
030117,VALLEY VIEW MEDICAL CENTER,FORT MOHAVE,AZ,Acute Care Hospitals,Proprietary,Yes,2
141340,VALLEY WEST COMMUNITY HOSPITAL,SANDWICH,IL,Critical Access Hospitals,Voluntary non-profit - Private,Yes,4
030022,VALLEYWISE HEALTH MEDICAL CENTER,PHOENIX,AZ,Acute Care Hospitals,Government - Local,No,1
131318,VALOR HEALTH,EMMETT,ID,Critical Access Hospitals,Government - Local,Yes,Not Available
161337,VAN BUREN COUNTY HOSPITAL,KEOSAUQUA,IA,Critical Access Hospitals,Government - Local,Yes,Not Available
161361,VAN DIEST MEDICAL CENTER,WEBSTER CITY,IA,Critical Access Hospitals,Voluntary non-profit - Other,Yes,5
360071,VAN WERT COUNTY HOSPITAL,VAN WERT,OH,Acute Care Hospitals,Voluntary non-profit - Private,No,5
511300,VANDALIA HEALTH BROADDUS HOSPITAL,PHILIPPI,WV,Critical Access Hospitals,Voluntary non-profit - Private,Yes,Not Available
440137,VANDERBILT BEDFORD HOSPITAL,SHELBYVILLE,TN,Acute Care Hospitals,Proprietary,Yes,4
440144,VANDERBILT TULLAHOMA-HARTON HOSPITAL,TULLAHOMA,TN,Acute Care Hospitals,Voluntary non-profit - Other,Yes,3
440039,VANDERBILT UNIVERSITY MEDICAL CENTER,NASHVILLE,TN,Acute Care Hospitals,Voluntary non-profit - Private,Yes,5
440193,VANDERBILT WILSON COUNTY HOSPITAL,LEBANON,TN,Acute Care Hospitals,Voluntary non-profit - Private,Yes,5
330023,VASSAR BROTHERS MEDICAL CENTER,POUGHKEEPSIE,NY,Acute Care Hospitals,Voluntary non-profit - Private,Yes,3
010118,VAUGHAN REGIONAL MEDICAL CENTER PARKWAY CAMPUS,SELMA,AL,Acute Care Hospitals,Proprietary,Yes,2
490084,VCU HEALTH TAPPAHANNOCK HOSPITAL,TAPPAHANNOCK,VA,Acute Care Hospitals,Voluntary non-profit - Private,Yes,4
050159,VENTURA COUNTY MEDICAL CENTER,VENTURA,CA,Acute Care Hospitals,Government - Local,Yes,2
030007,VERDE VALLEY MEDICAL CENTER,COTTONWOOD,AZ,Acute Care Hospitals,Voluntary non-profit - Private,Yes,4
194044,VERMILION BEHAVIORAL HEALTH SYSTEMS,LAFAYETTE,LA,Psychiatric,Proprietary,No,Not Available
474004,VERMONT PSYCHIATRIC CARE HOSPITAL,BERLIN,VT,Psychiatric,Government - State,No,Not Available
521348,VERNON MEMORIAL HOSPITAL,VIROQUA,WI,Critical Access Hospitals,Voluntary non-profit - Private,Yes,Not Available
161318,VETERANS MEMORIAL HOSPITAL,WAUKON,IA,Critical Access Hospitals,Government - Local,Yes,Not Available
450033,VHS HARLINGEN HOSPITAL COMPANY LLC,HARLINGEN,TX,Acute Care Hospitals,Proprietary,Yes,2
170200,"VIA CHRISTI HOSPITAL WICHITA ST TERESA, INC",WICHITA,KS,Acute Care Hospitals,Voluntary non-profit - Church,Yes,4
034040,VIA LINDA BEHAVIORAL HOSPITAL,SCOTTSDALE,AZ,Psychiatric,Proprietary,No,Not Available
050517,VICTOR VALLEY GLOBAL MEDICAL CENTER,VICTORVILLE,CA,Acute Care Hospitals,Voluntary non-profit - Private,Yes,1
341318,VIDANT CHOWAN HOSPITAL,EDENTON,NC,Critical Access Hospitals,Government - Local,Yes,3
340120,VIDANT DUPLIN HOSPITAL,KENANSVILLE,NC,Acute Care Hospitals,Government - Local,Yes,3
340107,VIDANT EDGECOMBE HOSPITAL,TARBORO,NC,Acute Care Hospitals,Government - Local,Yes,3
340099,VIDANT ROANOKE CHOWAN HOSPITAL,AHOSKIE,NC,Acute Care Hospitals,Voluntary non-profit - Private,Yes,2
100315,VIERA HOSPITAL,MELBOURNE,FL,Acute Care Hospitals,Voluntary non-profit - Private,Yes,5
100290,"VILLAGES REGIONAL HOSPITAL, THE",THE VILLAGES,FL,Acute Care Hospitals,Voluntary non-profit - Private,Yes,4
494025,VIRGINIA BEACH PSYCHIATRIC CENTER,VIRGINIA BEACH,VA,Psychiatric,Proprietary,No,Not Available
161349,VIRGINIA GAY HOSPITAL,VINTON,IA,Critical Access Hospitals,Voluntary non-profit - Private,Yes,4
490050,VIRGINIA HOSPITAL CENTER,ARLINGTON,VA,Acute Care Hospitals,Voluntary non-profit - Private,Yes,4
500005,VIRGINIA MASON MEDICAL CENTER,SEATTLE,WA,Acute Care Hospitals,Voluntary non-profit - Private,Yes,5
310057,VIRTUA MOUNT HOLLY HOSPITAL,MOUNT HOLLY,NJ,Acute Care Hospitals,Voluntary non-profit - Private,Yes,3
310029,VIRTUA OUR LADY OF LOURDES HOSPITAL,CAMDEN,NJ,Acute Care Hospitals,Government - State,Yes,2
310061,VIRTUA WILLINGBORO HOSPITAL,WILLINGBORO,NJ,Acute Care Hospitals,Voluntary non-profit - Private,Yes,3
044004,VISTA HEALTH FAYETTEVILLE,FAYETTEVILLE,AR,Psychiatric,Proprietary,No,Not Available
140084,VISTA MEDICAL CENTER EAST,WAUKEGAN,IL,Acute Care Hospitals,Proprietary,Yes,2
440061,VOLUNTEER COMMUNITY HOSPITAL,MARTIN,TN,Acute Care Hospitals,Proprietary,Yes,2
454158,VOYAGES BEHAVIORAL HEALTH OF CONROE,CONROE,TX,Psychiatric,Proprietary,No,Not Available
454156,VOYAGES BEHAVIORAL HEALTH OF SUGAR LAND,SUGAR LAND,TX,Psychiatric,Proprietary,No,Not Available
451337,W J MANGOLD MEMORIAL HOSPITAL,LOCKNEY,TX,Critical Access Hospitals,Physician,Yes,Not Available
10065F,W PALM BEACH VA MEDICAL CENTER,WEST PALM BEACH,FL,Acute Care - Veterans Administration,Veterans Health Administration,Yes,3
34017F,W.G. (BILL) HEFNER SALISBURY VA MEDICAL CENTER (SALSBURY),SALISBURY,NC,Acute Care - Veterans Administration,Veterans Health Administration,Yes,4
141327,WABASH GENERAL HOSPITAL 1,MOUNT CARMEL,IL,Critical Access Hospitals,Government - Hospital District or Authority,Yes,Not Available
154005,"WABASH VALLEY ALLIANCE, INC. / RIVER BEND HOSPITAL",WEST LAFAYETTE,IN,Psychiatric,Voluntary non-profit - Private,No,Not Available
450200,WADLEY REGIONAL MEDICAL CENTER,TEXARKANA,TX,Acute Care Hospitals,Physician,Yes,Not Available
431315,WAGNER COMMUNITY MEMORIAL HOSPITAL - CAH,WAGNER,SD,Critical Access Hospitals,Voluntary non-profit - Private,Yes,Not Available
370166,WAGONER COMMUNITY HOSPITAL,WAGONER,OK,Acute Care Hospitals,Government - Hospital District or Authority,Yes,2
340173,"WAKEMED, CARY HOSPITAL",CARY,NC,Acute Care Hospitals,Voluntary non-profit - Private,Yes,5
340069,"WAKEMED, RALEIGH CAMPUS",RALEIGH,NC,Acute Care Hospitals,Voluntary non-profit - Private,Yes,4
224038,"WALDEN BEHAVIORAL CARE, LLC",DEDHAM,MA,Psychiatric,Government - Federal,No,Not Available
010089,WALKER BAPTIST MEDICAL CENTER,JASPER,AL,Acute Care Hospitals,Proprietary,Yes,3
381306,WALLOWA MEMORIAL HOSPITAL,ENTERPRISE,OR,Critical Access Hospitals,Government - Hospital District or Authority,Yes,3
344033,WALTER B JONES CENTER LAKESIDE PSYCHIATRIC HOSPITA,GREENVILLE,NC,Psychiatric,Government - State,No,Not Available
234035,WALTER P REUTHER PSYCHIATRIC HOSPITAL,WESTLAND,MI,Psychiatric,Government - State,No,Not Available
251324,WALTHALL COUNTY GENERAL HOSPITAL CAH,TYLERTOWN,MS,Critical Access Hospitals,Government - Local,Yes,Not Available
171337,WAMEGO HEALTH CENTER,WAMEGO,KS,Critical Access Hospitals,Voluntary non-profit - Other,Yes,Not Available
451373,WARD MEMORIAL HOSPITAL,MONAHANS,TX,Critical Access Hospitals,Government - Local,Yes,Not Available
111316,WARM SPRINGS MEDICAL CENTER,WARM SPRINGS,GA,Critical Access Hospitals,Voluntary non-profit - Other,No,Not Available
141303,WARNER HOSPITAL AND HEALTH SERVICES,CLINTON,IL,Critical Access Hospitals,Government - Local,Yes,Not Available
390146,WARREN GENERAL HOSPITAL,WARREN,PA,Acute Care Hospitals,Voluntary non-profit - Private,Yes,3
490033,WARREN MEMORIAL HOSPITAL,FRONT ROYAL,VA,Acute Care Hospitals,Voluntary non-profit - Private,Yes,2
394016,WARREN STATE HOSPITAL,NORTH WARREN,PA,Psychiatric,Government - State,No,Not Available
531306,WASHAKIE MEDICAL CENTER,WORLAND,WY,Critical Access Hospitals,Government - Local,Yes,4
341314,WASHINGTON COUNTY HOSP INC,PLYMOUTH,NC,Critical Access Hospitals,Proprietary,Yes,Not Available
141308,WASHINGTON COUNTY HOSPITAL,NASHVILLE,IL,Critical Access Hospitals,Government - Hospital District or Authority,Yes,Not Available
171351,WASHINGTON COUNTY HOSPITAL,WASHINGTON,KS,Critical Access Hospitals,Government - Local,Yes,Not Available
011300,WASHINGTON COUNTY HOSPITAL,CHATOM,AL,Critical Access Hospitals,Government - Local,Yes,Not Available
161344,WASHINGTON COUNTY HOSPITAL AND CLINICS,WASHINGTON,IA,Critical Access Hospitals,Government - Local,Yes,Not Available
261308,WASHINGTON COUNTY MEMORIAL HOSPITAL,POTOSI,MO,Critical Access Hospitals,Government - Local,Yes,Not Available
110086,WASHINGTON COUNTY REGIONAL MEDICAL CENTER,SANDERSVILLE,GA,Acute Care Hospitals,Government - Hospital District or Authority,No,Not Available
09002F,WASHINGTON DC VA MEDICAL CENTER,WASHINGTON,DC,Acute Care - Veterans Administration,Veterans Health Administration,Yes,3
050195,WASHINGTON HOSPITAL,FREMONT,CA,Acute Care Hospitals,Government - Hospital District or Authority,Yes,2
390042,"WASHINGTON HOSPITAL, THE",WASHINGTON,PA,Acute Care Hospitals,Voluntary non-profit - Private,Yes,4
040004,WASHINGTON REGIONAL MEDICAL CENTER,FAYETTEVILLE,AR,Acute Care Hospitals,Voluntary non-profit - Private,Yes,4
340051,WATAUGA MEDICAL CENTER,BOONE,NC,Acute Care Hospitals,Government - Local,Yes,3
070005,WATERBURY HOSPITAL,WATERBURY,CT,Acute Care Hospitals,Proprietary,Yes,2
520116,WATERTOWN MEMORIAL HOSPITAL,WATERTOWN,WI,Acute Care Hospitals,Voluntary non-profit - Private,Yes,3
050194,WATSONVILLE COMMUNITY HOSPITAL,WATSONVILLE,CA,Acute Care Hospitals,Proprietary,Yes,2
524026,WAUKESHA COUNTY MENTAL HEALTH CTR,WAUKESHA,WI,Psychiatric,Government - Local,No,Not Available
520008,WAUKESHA MEMORIAL HOSPITAL,WAUKESHA,WI,Acute Care Hospitals,Voluntary non-profit - Private,Yes,4
521327,WAUPUN MEMORIAL HOSPITAL,WAUPUN,WI,Critical Access Hospitals,Voluntary non-profit - Private,Yes,5
161339,WAVERLY HEALTH CENTER,WAVERLY,IA,Critical Access Hospitals,Government - Local,Yes,5
161358,WAYNE COUNTY HOSPITAL,CORYDON,IA,Critical Access Hospitals,Government - Local,Yes,Not Available
181321,WAYNE COUNTY HOSPITAL,MONTICELLO,KY,Critical Access Hospitals,Voluntary non-profit - Private,Yes,Not Available
250077,WAYNE GENERAL HOSPITAL,WAYNESBORO,MS,Acute Care Hospitals,Government - Local,Yes,3
361335,WAYNE HOSPITAL,GREENVILLE,OH,Critical Access Hospitals,Voluntary non-profit - Private,Yes,Not Available
440780,WAYNE MEDICAL CENTER,WAYNESBORO,TN,Rural Emergency Hospital,Voluntary non-profit - Other,Yes,Not Available
390125,WAYNE MEMORIAL HOSPITAL,HONESDALE,PA,Acute Care Hospitals,Voluntary non-profit - Private,Yes,2
110124,WAYNE MEMORIAL HOSPITAL,JESUP,GA,Acute Care Hospitals,Government - Hospital District or Authority,Yes,3
371323,"WEATHERFORD REGIONAL HOSPITAL, INC OF WEATHERFORD",WEATHERFORD,OK,Critical Access Hospitals,Government - Hospital District or Authority,Yes,Not Available
281316,WEBSTER COUNTY COMMUNITY HOSPITAL,RED CLOUD,NE,Critical Access Hospitals,Government - Local,Yes,Not Available
250020,WEBSTER GENERAL HOSPITAL/ SWING BED,EUPORA,MS,Acute Care Hospitals,Voluntary non-profit - Other,Yes,4
511301,WEBSTER MEMORIAL HOSPITAL,WEBSTER SPRINGS,WV,Critical Access Hospitals,Voluntary non-profit - Private,Yes,Not Available
301303,WEEKS MEDICAL CENTER,LANCASTER,NH,Critical Access Hospitals,Voluntary non-profit - Private,Yes,Not Available
510023,"WEIRTON MEDICAL CENTER, INC",WEIRTON,WV,Acute Care Hospitals,Government - Local,Yes,1
061300,WEISBROD MEMORIAL COUNTY HOSPITAL,EADS,CO,Critical Access Hospitals,Government - Hospital District or Authority,Yes,Not Available
131307,WEISER MEMORIAL HOSPITAL,WEISER,ID,Critical Access Hospitals,Government - Hospital District or Authority,Yes,Not Available
313302,WEISMAN CHILDRENS REHABILITATION HOSPITAL,MARLTON,NJ,Childrens,Proprietary,No,Not Available
104069,WEKIVA SPRINGS,JACKSONVILLE,FL,Psychiatric,Proprietary,No,Not Available
510086,WELCH COMMUNITY HOSPITAL,WELCH,WV,Acute Care Hospitals,Government - State,Yes,Not Available
241367,WELIA HEALTH,MORA,MN,Critical Access Hospitals,Government - Local,Yes,3
454128,WELLBRIDGE HEALTHCARE FORT WORTH,FORT WORTH,TX,Psychiatric,Proprietary,No,Not Available
504016,WELLFOUND BEHAVIORAL HEALTH HOSPITAL,TACOMA,WA,Psychiatric,Voluntary non-profit - Private,No,Not Available
100275,WELLINGTON REGIONAL MEDICAL CENTER,WELLINGTON,FL,Acute Care Hospitals,Proprietary,Yes,2
440012,WELLMONT BRISTOL REGIONAL MEDICAL CENTER,BRISTOL,TN,Acute Care Hospitals,Government - Hospital District or Authority,Yes,2
440017,WELLMONT HOLSTON VALLEY MEDICAL CENTER,KINGSPORT,TN,Acute Care Hospitals,Voluntary non-profit - Private,Yes,2
390151,WELLSPAN CHAMBERSBURG HOSPITAL,CHAMBERSBURG,PA,Acute Care Hospitals,Voluntary non-profit - Private,Yes,4
390225,WELLSPAN EPHRATA COMMUNITY HOSPITAL,EPHRATA,PA,Acute Care Hospitals,Voluntary non-profit - Other,Yes,5
390013,WELLSPAN EVANGELICAL COMMUNITY HOSPITAL,LEWISBURG,PA,Acute Care Hospitals,Voluntary non-profit - Private,Yes,4
390066,WELLSPAN GOOD SAMARITAN HOSPITAL,LEBANON,PA,Acute Care Hospitals,Voluntary non-profit - Private,Yes,5
390327,WELLSPAN SURGERY AND REHABILITATION HOSPITAL,YORK,PA,Acute Care Hospitals,Voluntary non-profit - Private,No,Not Available
390138,WELLSPAN WAYNESBORO HOSPITAL,WAYNESBORO,PA,Acute Care Hospitals,Voluntary non-profit - Private,Yes,4
390046,WELLSPAN YORK HOSPITAL,YORK,PA,Acute Care Hospitals,Voluntary non-profit - Private,Yes,4
110143,WELLSTAR COBB MEDICAL CENTER,AUSTELL,GA,Acute Care Hospitals,Voluntary non-profit - Other,No,3
110184,WELLSTAR DOUGLAS MEDICAL CENTER,DOUGLASVILLE,GA,Acute Care Hospitals,Voluntary non-profit - Private,Yes,3
110035,WELLSTAR KENNESTONE REGIONAL MEDICAL CENTER,MARIETTA,GA,Acute Care Hospitals,Government - Hospital District or Authority,Yes,4
110034,"WELLSTAR MCG HEALTH, AFFILIATED WITH MED COL",AUGUSTA,GA,Acute Care Hospitals,Voluntary non-profit - Other,Yes,1
110198,WELLSTAR NORTH FULTON MEDICAL CENTER,ROSWELL,GA,Acute Care Hospitals,Proprietary,No,2
110042,WELLSTAR PAULDING MEDICAL CENTER,HIRAM,GA,Acute Care Hospitals,Voluntary non-profit - Other,No,4
110031,WELLSTAR SPALDING MEDICAL CENTER,GRIFFIN,GA,Acute Care Hospitals,Proprietary,Yes,2
111319,WELLSTAR SYLVAN GROVE MEDICAL CENTER,JACKSON,GA,Critical Access Hospitals,Government - Hospital District or Authority,No,Not Available
110016,WELLSTAR WEST GEORGIA MEDICAL CENTER,LAGRANGE,GA,Acute Care Hospitals,Voluntary non-profit - Private,Yes,5
154051,WELLSTONE REGIONAL HOSPITAL,JEFFERSONVILLE,IN,Psychiatric,Proprietary,Yes,Not Available
300018,WENTWORTH-DOUGLASS HOSPITAL,DOVER,NH,Acute Care Hospitals,Voluntary non-profit - Private,Yes,4
394014,WERNERSVILLE STATE HOSPITAL,WERNERSVILLE,PA,Psychiatric,Government - State,No,Not Available
170123,WESLEY MEDICAL CENTER,WICHITA,KS,Acute Care Hospitals,Proprietary,Yes,4
520139,WEST ALLIS MEMORIAL HOSPITAL,WEST ALLIS,WI,Acute Care Hospitals,Voluntary non-profit - Private,Yes,4
050426,WEST ANAHEIM MEDICAL CENTER,ANAHEIM,CA,Acute Care Hospitals,Proprietary,Yes,2
100268,WEST BOCA MEDICAL CENTER,BOCA RATON,FL,Acute Care Hospitals,Proprietary,Yes,3
190013,WEST CALCASIEU CAMERON HOSPITAL,SULPHUR,LA,Acute Care Hospitals,Government - Hospital District or Authority,Yes,4
191327,WEST CARROLL MEMORIAL HOSPITAL,OAK GROVE,LA,Critical Access Hospitals,Proprietary,Yes,Not Available
114013,WEST CENTRAL GEORGIA REGIONAL HOSPITAL,COLUMBUS,GA,Psychiatric,Government - State,No,Not Available
360354,WEST CHESTER HOSPITAL,WEST CHESTER,OH,Acute Care Hospitals,Voluntary non-profit - Private,Yes,3
191306,WEST FELICIANA PARISH HOSPITAL,SAINT FRANCISVILLE,LA,Critical Access Hospitals,Government - Hospital District or Authority,Yes,Not Available
07003F,WEST HAVEN VA MEDICAL CENTER,WEST HAVEN,CT,Acute Care - Veterans Administration,Veterans Health Administration,Yes,3
290062,WEST HENDERSON HOSPITAL,HENDERSON,NV,Acute Care Hospitals,Proprietary,Yes,Not Available
281343,WEST HOLT MEMORIAL HOSPITAL,ATKINSON,NE,Critical Access Hospitals,Voluntary non-profit - Private,Yes,Not Available
190039,WEST JEFFERSON MEDICAL CENTER,MARRERO,LA,Acute Care Hospitals,Voluntary non-profit - Private,Yes,3
310022,WEST JERSEY HOSPITAL,VOORHEES,NJ,Acute Care Hospitals,Voluntary non-profit - Private,Yes,3
100314,WEST KENDALL BAPTIST HOSPITAL,MIAMI,FL,Acute Care Hospitals,Voluntary non-profit - Private,Yes,5
454026,WEST OAKS HOSPITAL,HOUSTON,TX,Psychiatric,Proprietary,No,Not Available
390090,WEST PENN HOSPITAL,PITTSBURGH,PA,Acute Care Hospitals,Voluntary non-profit - Private,Yes,3
064030,WEST PINES BEHAVIORAL HOSPITAL,WESTMINSTER,CO,Psychiatric,Proprietary,No,Not Available
351330,WEST RIVER REGIONAL MEDICAL CENTER,HETTINGER,ND,Critical Access Hospitals,Voluntary non-profit - Private,Yes,4
140049,WEST SUBURBAN MEDICAL CENTER,OAK PARK,IL,Acute Care Hospitals,Voluntary non-profit - Other,No,1
441320,WEST TENNESSEE HEALTHCARE BOLIVAR HOSPITAL,BOLIVAR,TN,Critical Access Hospitals,Government - Hospital District or Authority,Yes,Not Available
441316,WEST TENNESSEE HEALTHCARE CAMDEN HOSPITAL,CAMDEN,TN,Critical Access Hospitals,Government - Hospital District or Authority,Yes,Not Available
440132,WEST TENNESSEE HEALTHCARE HENRY COUNTY HOSPITAL,PARIS,TN,Acute Care Hospitals,Government - Hospital District or Authority,Yes,3
440060,WEST TENNESSEE HEALTHCARE MILAN HOSPITAL,MILAN,TN,Acute Care Hospitals,Government - Local,Yes,Not Available
130014,WEST VALLEY MEDICAL CENTER,CALDWELL,ID,Acute Care Hospitals,Proprietary,Yes,5
510001,"WEST VIRGINIA UNIVERSITY HOSPITALS, INC",MORGANTOWN,WV,Acute Care Hospitals,Voluntary non-profit - Private,Yes,3
224044,WESTBOROUGH BEHAVIORAL HEALTHCARE HOSPITAL LLC,WESTBOROUGH,MA,Psychiatric,Proprietary,No,Not Available
330234,WESTCHESTER MEDICAL CENTER,VALHALLA,NY,Acute Care Hospitals,Voluntary non-profit - Other,Yes,2
410013,WESTERLY HOSPITAL,WESTERLY,RI,Acute Care Hospitals,Voluntary non-profit - Private,Yes,4
030101,WESTERN ARIZONA REGIONAL MEDICAL CENTER,BULLHEAD CITY,AZ,Acute Care Hospitals,Proprietary,Yes,2
210027,WESTERN MARYLAND REGIONAL MEDICAL CENTER,CUMBERLAND,MD,Acute Care Hospitals,Voluntary non-profit - Private,Yes,4
444008,WESTERN MENTAL HEALTH INSTITUTE,BOLIVAR,TN,Psychiatric,Government - Local,No,Not Available
260097,WESTERN MISSOURI MEDICAL CENTER,WARRENSBURG,MO,Acute Care Hospitals,Government - Local,Yes,4
334065,WESTERN NY CHILDRENS PSYCHIATRIC CENTER,WEST SENECA,NY,Psychiatric,Government - State,Yes,Not Available
460063,WESTERN PEAKS SPECIALTY HOSPITAL,BOUNTIFUL,UT,Acute Care Hospitals,Proprietary,No,Not Available
184002,WESTERN STATE HOSPITAL,HOPKINSVILLE,KY,Psychiatric,Government - Local,No,Not Available
494021,WESTERN STATE HOSPITAL,STAUNTON,VA,Psychiatric,Government - State,Yes,Not Available
521347,WESTERN WISCONSIN HEALTH,BALDWIN,WI,Critical Access Hospitals,Voluntary non-profit - Private,Yes,Not Available
330166,"WESTFIELD MEMORIAL HOSPITAL, INC",WESTFIELD,NY,Acute Care Hospitals,Voluntary non-profit - Private,Yes,Not Available
521345,WESTFIELDS HOSPITAL AND CLINIC,NEW RICHMOND,WI,Critical Access Hospitals,Voluntary non-profit - Private,Yes,4
531303,WESTON COUNTY HEALTH SERVICES,NEWCASTLE,WY,Critical Access Hospitals,Government - Hospital District or Authority,Yes,Not Available
670333,WESTOVER HILLS BAPTIST HOSPITAL,SAN ANTONIO,TX,Acute Care Hospitals,Proprietary,Yes,Not Available
454131,WESTPARK SPRINGS LLC,RICHMOND,TX,Psychiatric,Proprietary,Yes,Not Available
100228,WESTSIDE REGIONAL MEDICAL CENTER,PLANTATION,FL,Acute Care Hospitals,Proprietary,No,2
224023,WESTWOOD PEMBROKE HEALTH SYSTEMS,WESTWOOD,MA,Psychiatric,Proprietary,Yes,Not Available
510072,WETZEL COUNTY HOSPITAL,NEW MARTINSVILLE,WV,Acute Care Hospitals,Government - Local,Yes,3
271321,WHEATLAND MEMORIAL HOSPITAL,HARLOWTON,MT,Critical Access Hospitals,Voluntary non-profit - Private,Yes,Not Available
510050,"WHEELING HOSPITAL, INC",WHEELING,WV,Acute Care Hospitals,Voluntary non-profit - Church,Yes,2
501339,WHIDBEYHEALTH MEDICAL CENTER,COUPEVILLE,WA,Critical Access Hospitals,Government - Hospital District or Authority,Yes,2
040014,WHITE COUNTY MEDICAL CENTER,SEARCY,AR,Acute Care Hospitals,Voluntary non-profit - Private,Yes,2
031315,WHITE MOUNTAIN REGIONAL MEDICAL CENTER,SPRINGERVILLE,AZ,Critical Access Hospitals,Voluntary non-profit - Private,Yes,Not Available
330304,WHITE PLAINS HOSPITAL CENTER,WHITE PLAINS,NY,Acute Care Hospitals,Voluntary non-profit - Private,Yes,5
47001F,WHITE RIVER JCT VA MEDICAL CENTER,WHITE RIVER JUNCTION,VT,Acute Care - Veterans Administration,Veterans Health Administration,Yes,5
040119,WHITE RIVER MEDICAL CENTER,BATESVILLE,AR,Acute Care Hospitals,Voluntary non-profit - Private,Yes,3
450678,WHITE ROCK MEDICAL CENTER,DALLAS,TX,Acute Care Hospitals,Proprietary,Yes,2
030113,WHITERIVER PHS INDIAN HOSPITAL,WHITERIVER,AZ,Acute Care Hospitals,Government - Federal,No,Not Available
180002,WHITESBURG ARH HOSPITAL,WHITESBURG,KY,Acute Care Hospitals,Voluntary non-profit - Other,Yes,3
250134,WHITFIELD MEDICAL SURGICAL HOSPITAL,WHITFIELD,MS,Acute Care Hospitals,Government - State,No,Not Available
010112,WHITFIELD REGIONAL HOSPITAL,DEMOPOLIS,AL,Acute Care Hospitals,Government - Hospital District or Authority,Yes,2
501327,WHITMAN HOSPITAL AND MEDICAL CENTER,COLFAX,WA,Critical Access Hospitals,Government - Hospital District or Authority,Yes,5
050735,WHITTIER HOSPITAL MEDICAL CENTER,WHITTIER,CA,Acute Care Hospitals,Proprietary,Yes,4
224039,WHITTIER PAVILION,HAVERHILL,MA,Psychiatric,Proprietary,No,Not Available
171306,WICHITA COUNTY HEALTH CENTER,LEOTI,KS,Critical Access Hospitals,Government - Local,Yes,Not Available
17008F,WICHITA VA MEDICAL CENTER,WICHITA,KS,Acute Care - Veterans Administration,Veterans Health Administration,Yes,5
031300,WICKENBURG COMMUNITY HOSPITAL,WICKENBURG,AZ,Critical Access Hospitals,Voluntary non-profit - Other,Yes,Not Available
450584,WILBARGER GENERAL HOSPITAL,VERNON,TX,Acute Care Hospitals,Government - Hospital District or Authority,Yes,Not Available
120014,WILCOX MEMORIAL HOSPITAL,LIHUE,HI,Acute Care Hospitals,Government - Federal,Yes,2
39013F,WILKES BARRE VA MEDICAL CENTER,WILKES-BARRE,PA,Acute Care - Veterans Administration,Veterans Health Administration,Yes,5
340064,WILKES REGIONAL MEDICAL CENTER,NORTH WILKESBORO,NC,Acute Care Hospitals,Government - Local,Yes,3
390137,WILKES-BARRE GENERAL HOSPITAL,WILKES-BARRE,PA,Acute Care Hospitals,Proprietary,Yes,2
380071,WILLAMETTE VALLEY MEDICAL CENTER,MCMINNVILLE,OR,Acute Care Hospitals,Voluntary non-profit - Private,Yes,2
501303,WILLAPA HARBOR HOSPITAL,SOUTH BEND,WA,Critical Access Hospitals,Government - Hospital District or Authority,Yes,Not Available
291302,WILLIAM BEE RIRIE HOSPITAL,ELY,NV,Critical Access Hospitals,Government - Hospital District or Authority,Yes,Not Available
171383,WILLIAM NEWTON HOSPITAL,WINFIELD,KS,Critical Access Hospitals,Government - Local,Yes,4
514012,"WILLIAM R SHARPE, JR HOSPITAL",WESTON,WV,Psychiatric,Government - State,No,Not Available
070024,WILLIAM W BACKUS HOSPITAL,NORWICH,CT,Acute Care Hospitals,Voluntary non-profit - Other,Yes,4
440029,WILLIAMSON MEDICAL CENTER,FRANKLIN,TN,Acute Care Hospitals,Government - Hospital District or Authority,Yes,5
510094,WILLIAMSON MEMORIAL INC,WILLIAMSON,WV,Acute Care Hospitals,Voluntary non-profit - Private,No,Not Available
190111,WILLIS KNIGHTON MEDICAL CENTER,SHREVEPORT,LA,Acute Care Hospitals,Voluntary non-profit - Private,Yes,3
104063,"WILLOUGH AT NAPLES, THE",NAPLES,FL,Psychiatric,Proprietary,No,Not Available
054149,WILLOW ROCK CENTER,SAN LEANDRO,CA,Psychiatric,Proprietary,No,Not Available
390331,WILLS EYE HOSPITAL,PHILADELPHIA,PA,Acute Care Hospitals,Voluntary non-profit - Private,No,Not Available
111325,WILLS MEMORIAL HOSPITAL,WASHINGTON,GA,Critical Access Hospitals,Government - Hospital District or Authority,Yes,Not Available
340168,WILMINGTON TREATMENT CENTER,WILMINGTON,NC,Acute Care Hospitals,Voluntary non-profit - Private,No,Not Available
08002F,WILMINGTON VA MEDICAL CENTER,WILMINGTON,DE,Acute Care - Veterans Administration,Veterans Health Administration,Yes,4
340126,WILSON MEDICAL CENTER,WILSON,NC,Acute Care Hospitals,Voluntary non-profit - Private,Yes,1
171344,WILSON MEDICAL CENTER,NEODESHA,KS,Critical Access Hospitals,Government - Local,Yes,Not Available
360013,WILSON MEMORIAL HOSPITAL,SIDNEY,OH,Acute Care Hospitals,Voluntary non-profit - Private,Yes,2
450469,WILSON N JONES REGIONAL MEDICAL CENTER,SHERMAN,TX,Acute Care Hospitals,Proprietary,Yes,2
220105,WINCHESTER HOSPITAL,WINCHESTER,MA,Acute Care Hospitals,Voluntary non-profit - Private,Yes,3
490005,WINCHESTER MEDICAL CENTER,WINCHESTER,VA,Acute Care Hospitals,Voluntary non-profit - Private,Yes,4
070021,WINDHAM COMMUNITY MEMORIAL HOSPITAL,WILLIMANTIC,CT,Acute Care Hospitals,Voluntary non-profit - Private,Yes,3
104017,WINDMOOR HEALTHCARE OF CLEARWATER,CLEARWATER,FL,Psychiatric,Proprietary,No,Not Available
241332,WINDOM AREA HEALTH,WINDOM,MN,Critical Access Hospitals,Government - Local,Yes,Not Available
364029,WINDSOR LAURELWOOD CENTER FOR BEHAVORIAL MEDICINE,WILLOUGHBY,OH,Psychiatric,Proprietary,No,Not Available
451314,WINKLER COUNTY MEMORIAL HOSPITAL,KERMIT,TX,Critical Access Hospitals,Government - Local,Yes,Not Available
190090,WINN PARISH MEDICAL CENTER,WINNFIELD,LA,Acute Care Hospitals,Proprietary,Yes,Not Available
524002,WINNEBAGO MENTAL HEALTH INSTITUTE,WINNEBAGO,WI,Psychiatric,Government - State,No,Not Available
431334,WINNER REGIONAL HEALTHCARE CENTER - CAH,WINNER,SD,Critical Access Hospitals,Voluntary non-profit - Private,Yes,Not Available
161371,WINNMED,DECORAH,IA,Critical Access Hospitals,Government - Local,Yes,4
240044,WINONA HEALTH SERVICES,WINONA,MN,Acute Care Hospitals,Voluntary non-profit - Private,Yes,2
250027,WINSTON MEDICAL CENTER,LOUISVILLE,MS,Acute Care Hospitals,Voluntary non-profit - Private,Yes,Not Available
100052,WINTER HAVEN HOSPITAL,WINTER HAVEN,FL,Acute Care Hospitals,Voluntary non-profit - Private,Yes,3
011309,WIREGRASS MEDICAL CENTER,GENEVA,AL,Critical Access Hospitals,Government - Hospital District or Authority,Yes,Not Available
010062,WIREGRASS MEDICAL CENTER,GENEVA,AL,Acute Care Hospitals,Government - Hospital District or Authority,Yes,Not Available
150104,WITHAM HEALTH SERVICES,LEBANON,IN,Acute Care Hospitals,Government - Local,Yes,4
190128,WOMANS HOSPITAL,BATON ROUGE,LA,Acute Care Hospitals,Voluntary non-profit - Private,Yes,4
450674,"WOMANS HOSPITAL OF TEXAS,THE",HOUSTON,TX,Acute Care Hospitals,Proprietary,Yes,4
410010,WOMEN & INFANTS HOSPITAL OF RHODE ISLAND,PROVIDENCE,RI,Acute Care Hospitals,Voluntary non-profit - Private,Yes,4
360029,WOOD COUNTY HOSPITAL,BOWLING GREEN,OH,Acute Care Hospitals,Voluntary non-profit - Private,Yes,4
330396,WOODHULL MEDICAL & MENTAL HEALTH CENTER,BROOKLYN,NY,Acute Care Hospitals,Government - Local,Yes,2
450484,WOODLAND HEIGHTS MEDICAL CENTER,LUFKIN,TX,Acute Care Hospitals,Proprietary,Yes,3
050127,WOODLAND MEMORIAL HOSPITAL,WOODLAND,CA,Acute Care Hospitals,Voluntary non-profit - Other,Yes,5
454144,WOODLAND SPRINGS,CONROE,TX,Psychiatric,Proprietary,No,Not Available
151313,WOODLAWN HOSPITAL,ROCHESTER,IN,Critical Access Hospitals,Government - Local,Yes,3
360036,WOOSTER COMMUNITY HOSPITAL,WOOSTER,OH,Acute Care Hospitals,Government - Local,Yes,4
224032,WORCESTER RECOVERY CENTER AND HOSPITAL,WORCESTER,MA,Psychiatric,Government - State,No,Not Available
061309,WRAY COMMUNITY DISTRICT HOSPITAL,WRAY,CO,Critical Access Hospitals,Government - Hospital District or Authority,Yes,Not Available
261309,WRIGHT MEMORIAL HOSPITAL,TRENTON,MO,Critical Access Hospitals,Voluntary non-profit - Private,Yes,4
361329,WYANDOT MEMORIAL HOSPITAL,UPPER SANDUSKY,OH,Critical Access Hospitals,Government - Hospital District or Authority,Yes,5
230146,WYANDOTTE HOSPITAL AND MEDICAL CENTER,WYANDOTTE,MI,Acute Care Hospitals,Voluntary non-profit - Private,Yes,2
330221,WYCKOFF HEIGHTS MEDICAL CENTER,BROOKLYN,NY,Acute Care Hospitals,Voluntary non-profit - Private,Yes,2
330044,WYNN HOSPITAL,UTICA,NY,Acute Care Hospitals,Voluntary non-profit - Private,Yes,1
534004,WYOMING BEHAVIORAL INSTITUTE,CASPER,WY,Psychiatric,Proprietary,No,Not Available
331323,WYOMING COUNTY,WARSAW,NY,Critical Access Hospitals,Government - Local,Yes,Not Available
490111,WYTHE COUNTY COMMUNITY HOSPITAL,WYTHEVILLE,VA,Acute Care Hospitals,Proprietary,Yes,3
21007F,Walter Reed National Military Med Cen,Bethesda,MD,Acute Care - Department of Defense,Department of Defense,Yes,Not Available
05041F,Weed ACH (FT Irwin),Fort Irwin,CA,Acute Care - Department of Defense,Department of Defense,Yes,Not Available
45068F,William Beaumont AMG (FT Bliss),El Paso,TX,Acute Care - Department of Defense,Department of Defense,Yes,Not Available
11035F,Winn ACH (FT Stewart),Fort Stewart,GA,Acute Care - Department of Defense,Department of Defense,Yes,Not Available
34014F,Womack AMC (FT Bragg),Fort Bragg,NC,Acute Care - Department of Defense,Department of Defense,Yes,Not Available
500036,YAKIMA VALLEY MEMORIAL,YAKIMA,WA,Acute Care Hospitals,Voluntary non-profit - Private,Yes,1
070022,YALE-NEW HAVEN HOSPITAL,NEW HAVEN,CT,Acute Care Hospitals,Voluntary non-profit - Private,Yes,5
250061,YALOBUSHA GENERAL HOSPITAL,WATER VALLEY,MS,Acute Care Hospitals,Government - Local,No,Not Available
030012,YAVAPAI REGIONAL MEDICAL CENTER,PRESCOTT,AZ,Acute Care Hospitals,Voluntary non-profit - Private,Yes,2
451346,YOAKUM COMMUNITY HOSPITAL,YOAKUM,TX,Critical Access Hospitals,Voluntary non-profit - Private,Yes,3
451308,YOAKUM COUNTY HOSPITAL,DENVER CITY,TX,Critical Access Hospitals,Voluntary non-profit - Other,Yes,Not Available
281336,YORK GENERAL HEALTH CARE SERVICES,YORK,NE,Critical Access Hospitals,Voluntary non-profit - Private,Yes,4
200020,YORK HOSPITAL,YORK,ME,Acute Care Hospitals,Voluntary non-profit - Private,Yes,4
020018,YUKON KUSKOKWIM DELTA REG HOSPITAL,BETHEL,AK,Acute Care Hospitals,Tribal,Yes,5
061315,YUMA DISTRICT HOSPITAL,YUMA,CO,Critical Access Hospitals,Government - Hospital District or Authority,Yes,Not Available
030013,YUMA REGIONAL MEDICAL CENTER,YUMA,AZ,Acute Care Hospitals,Voluntary non-profit - Private,Yes,2
050228,ZUCKERBERG SAN FRANCISCO GENERAL HOSP & TRAUMA CTR,SAN FRANCISCO,CA,Acute Care Hospitals,Government - Local,Yes,2
320060,ZUNI COMPREHENSIVE COMMUNITY HEALTH CENTER,ZUNI,NM,Acute Care Hospitals,Government - Federal,No,Not Available
