Id,ORGANIZATION,NAME,GENDER,SPECIALITY,ADDRESS,CITY,STATE,ZIP,LAT,LON,ENCOUNTERS,PROCEDURES
e6d5aee1-8acb-3f47-a74e-ecdac7231c63,74ab949d-17ac-3309-83a0-13b4405c66aa,Ted955 Reilly981,M,GENERAL PRACTICE,881 Main Street,Fitchburg,MA,01420,42.586487,-71.80521,2037,0
50cc84a2-684f-31cb-bea3-563f35b93423,588f6ce6-b8db-3588-8189-29db2680a313,Terence292 Brakus656,M,GENERAL PRACTICE,461 WALNUT AVE,JAMAICA PLAIN,MA,021302331,42.311587599999996,-71.09800136347226,201,0
953a954f-d85b-310b-8307-3e9bf2a6ddd6,faffaf6a-ee1a-3673-b0b0-421a9c249244,Jaunita130 Armstrong51,F,GENERAL PRACTICE,66 WASHINGTON ST,STOUGHTON,MA,020722571,42.14415820061801,-71.10378319512402,182,0
5280e36c-678f-3000-b608-7522860f8c58,17a4bae5-8b64-34d7-8144-b428be027bd0,Lindsay928 Ward668,M,GENERAL PRACTICE,512 MAIN STREET  SUITE 211,SHREWSBURY,MA,015456406,42.295109499999995,-71.71808471110307,49,0
dea3e5d1-96da-3010-a516-8bbedd418675,4112b8b1-59df-3255-a7ca-f42ee0a4cb2e,Nereida276 Feeney44,F,GENERAL PRACTICE,37 ROUTE 6A,SANDWICH,MA,025631801,41.766329400000004,-70.5147600346998,17,0
bbd19ebf-d22d-36a3-961c-3b2e6371ae6c,e09d4c49-c2ef-3b0f-9a46-3719d9219306,Jules135 Emard19,M,GENERAL PRACTICE,60 HOSPITAL RD,LEOMINSTER,MA,014533290,42.54031915,-71.76312990486304,1469,0
07a4f414-c976-3ab0-b445-177e4db8ae54,e76b5eb0-0c9d-3593-b5da-3c0e9a97bb96,Gisele901 Lehner980,F,GENERAL PRACTICE,1400 VFW Parkway,West Roxbury,MA,02132,42.2793,-71.1657,101,0
f523488c-4469-3489-bb28-fbec88b512c0,c241b977-4131-32e4-9957-e0a00b2a1e5f,Marcos263 Vargas494,M,GENERAL PRACTICE,94 MAIN STREET,HYANNIS,MA,026013146,41.6562802,-70.27448000204822,83,0
ba6448c9-807d-3bb4-8898-a98d132cfae0,ef5390b4-cba5-3d83-96db-af783a7adb43,Milan77 Anderson154,M,GENERAL PRACTICE,360 MERRIMACK ST,MALDEN,MA,021482329,42.4250964,-71.066163,1,0
a146a21a-fdb1-3e35-b899-39ff7f8d3741,77645e49-3f69-3d1d-bb93-dc65210e2fac,Vella930 Ankunding277,F,GENERAL PRACTICE,363 HIGHLAND AVE,FALL RIVER,MA,027205246,41.7093779,-71.1460783680883,190,0
26a4f6f4-0cf6-3eab-8f82-9602d973a7d5,aa682136-a4df-3942-9f50-e6fcee6c0b73,Bradley693 Runolfsson901,M,GENERAL PRACTICE,501 CORDWAINER DRIVE,NORWELL,MA,020611630,42.1647071,-70.88149077838713,68,0
6b2a79f6-e16e-376a-9394-e2f08ea4be04,d2284f74-b6da-3a15-9791-84cdf2db18fb,Donnell534 Mosciski958,M,GENERAL PRACTICE,331 E FALMOUTH HWY,E FALMOUTH,MA,025366039,41.57853245,-70.5617374807812,54,0
266a4bef-0ec3-3ac8-92e1-06af39aef20d,5becf220-2978-3f33-bd38-9326947f85de,Thad495 Leannon79,M,GENERAL PRACTICE,240 LYNNFIELD STREET,PEABODY,MA,019605055,42.5141736,-70.97106354209534,7,0
85cf31cb-4b26-32a2-ae9c-d9d96270814a,ae88fd02-4911-3625-9e97-85b626ed3b0b,Adolph80 Farrell962,M,GENERAL PRACTICE,476 VARNUM AVE,LOWELL,MA,018542122,42.6443795,-71.34721987550876,2,0
8c923d74-687c-330d-b107-06bcb23ffa89,a58ec72a-cf43-3de5-88c1-de2fbec976a5,Riley817 Bartoletti50,M,GENERAL PRACTICE,255 CENTRAL AVE,CHELSEA,MA,021503508,42.38804035,-71.02650270378646,5,0
ec51646f-9bc8-3bde-857a-b9f9b1991e44,a418cf76-2ee3-3736-a752-29ee33e86015,Francene766 Kuhlman484,F,GENERAL PRACTICE,62 CENTER STREET,FAIRHAVEN,MA,027193823,41.63663425,-70.90101829397507,1,0
b2314477-303e-3016-a195-e43a665a9ccf,2936ca90-6594-357d-be14-53fe0ab84dd1,Daniel959 Ankunding277,M,GENERAL PRACTICE,11 TREMONT ST,KINGSTON,MA,023641231,42.00823215,-70.72984043580247,129,0
1991593a-c519-328c-bf61-52d24386267d,e3089df2-a1db-372a-b660-30392d8c197b,Isaiah615 Waters156,M,GENERAL PRACTICE,178 N MAIN ST,SHARON,MA,020671229,42.13301625,-71.17263163492832,34,0
397ef489-49fd-34e8-afe3-36febf8ad056,77d67d58-b097-3309-a94c-abd49c432528,Demetrius568 Moore224,M,GENERAL PRACTICE,383 MILL ST,WORCESTER,MA,016022414,42.2618147,-71.85253220643622,3,0
1a9ff4a8-8ddd-31fe-8bb8-48f5770e7e6b,42d4b607-f14d-370a-818e-40965685776c,Marchelle563 Hettinger594,F,GENERAL PRACTICE,3 WASHINGTON ST STE 220,NORTH EASTON,MA,023561034,42.0667665,-71.1036592,133,0
775c3874-1a99-3055-a3e6-7c6f51995028,ab701a70-a658-340e-8f69-ee196a7d40c6,Jolie499 Parisian75,F,GENERAL PRACTICE,484 RTE 134,WORCESTER,MA,016071728,42.2625621,-71.8018877,184,0
7829651d-2bdf-3ba7-9b40-2bb515114a19,41e77ca4-b0d7-3c1d-ac88-4ae5a705913d,Johnson679 Pfeffer420,M,GENERAL PRACTICE,20 CLAFLIN STREET,MILFORD,MA,017573356,42.137601149999995,-71.51680334935877,2,0
9d30e150-5a4f-37ba-a60c-f73bcc0b96f5,11ba6a26-59b4-3728-a268-6dc9929962b4,Angelic427 McCullough561,F,GENERAL PRACTICE,200 GOVERNORS AVENUE,MEDFORD,MA,021551644,42.42711615,-71.1121606632448,42,0
4bb2e999-2a14-3cc0-965f-4aab509e97db,f736c0f5-6d39-3e26-8ac1-39e1fc60dfbe,Joe656 Jakubowski832,M,GENERAL PRACTICE,11 QUARRY HILL ROAD,LEE,MA,012389645,42.2816564,-73.25307843923315,35,0
b82db73b-08ce-3a6b-ac04-56b34ca7fdef,71472d9b-aa5c-3b49-a5c3-d0eee8859015,Tyree261 Kutch271,M,GENERAL PRACTICE,118 WATERHOUSE RD STE C,BOURNE,MA,025328305,41.7281115,-70.5861571324252,75,0
e7ac3048-ed8e-3c6d-a108-4dc5aff6bf07,8a2e2731-3240-39d1-b4f0-cad14200937d,Randa356 Ritchie586,F,GENERAL PRACTICE,88 WASHINGTON ST,TAUNTON,MA,027802465,41.9062805,-71.09518121351795,185,0
039b7afe-6f38-3d01-b436-045d3fc0598d,dcbd0460-9bcf-3e7d-a923-1d22bcc5a9bd,Troy560 Dooley940,F,GENERAL PRACTICE,279 DALTON AVENUE  SUITE B,PITTSFIELD,MA,012013500,42.4606344,-73.22185917597403,9,0
98091f24-7afb-3649-87d7-072851954f18,88e28a1c-aad9-36d0-832b-b579ecb95c3d,Anthony633 Toy286,M,GENERAL PRACTICE,14 MANNING AVENUE,LEOMINSTER,MA,014535768,42.5253035,-71.7584413,145,0
9e1727a4-b6d2-38af-a9ed-b4631f00ed94,bd6cec50-10de-3696-940b-4022618764ab,Gerardo48 Graham902,M,GENERAL PRACTICE,40 MARTIN ST,MELROSE,MA,021763607,42.457050550000005,-71.07494593157304,4,0
bc8478d3-f842-301e-86d2-c485dc0e4e31,4cf79e95-2815-3a4c-a3b8-951fe548dd27,Tracey100 Champlin946,F,GENERAL PRACTICE,20 ELM ST,PITTSFIELD,MA,012016502,42.4458896,-73.2448206979669,28,0
7b1d66c0-2df6-30ce-a27d-a57545df92b6,f6dac745-644b-3837-aa26-de3c910f6b17,Connie24 Reichert620,F,GENERAL PRACTICE,10 EMORY ST,ATTLEBORO,MA,027032335,41.9447388,-71.27972821642685,5,0
b4744a03-8680-346e-9afa-460866907bed,52ecddd8-42f6-35cc-88a5-cf474c02fb49,Maxima831 Fahey393,F,GENERAL PRACTICE,94 OBERY STREET,PLYMOUTH,MA,023602130,41.93725,-70.65503160208334,25,0
1aab04b2-2381-345b-be23-2af906aff1cd,65450d34-6d61-3601-b325-9d471587b016,Leopoldo762 Moore224,M,GENERAL PRACTICE,4 COURTHOUSE LN,CHELMSFORD,MA,018241731,42.62439345,-71.35881000636567,43,0
e6abf9b8-1fe8-3230-bf0c-7da98cace875,2b376b69-72ac-3d68-aceb-018e82b8fc8f,Lucas404 Klocko335,M,GENERAL PRACTICE,113 CENTRAL AVE,HYDE PARK,MA,021363021,42.26077065,-71.1187885119897,2,0
e61a3f76-d165-3695-ac05-0e035914c6ef,3f4167a5-1477-35da-a456-fc05c8858aa7,Chance908 Bednar518,M,GENERAL PRACTICE,244 MAIN STREET ANNEX,WORCESTER,MA,016023339,42.2625621,-71.8018877,72,0
a7a2bd8c-a692-3a6b-86cb-356ecdd696e9,75f0d4cd-dbbb-3037-b6ad-2e99665728c7,Kim439 Friesen796,M,GENERAL PRACTICE,70 FULTON ST,BOSTON,MA,021091402,42.362439499999994,-71.05377386223965,78,0
d138a197-d7d1-376a-81ca-85a438afe474,fa564970-fde4-332c-91d9-c0747b032d3e,Jeremy766 Hudson301,M,GENERAL PRACTICE,34 SOUTH LINCOLN STREET,NATICK,MA,017606049,42.2731232,-71.3105334275248,23,0
4d5ee92a-492a-391b-a2d8-a5bd82d9cbbe,a3a72023-3f37-3d77-be82-62085a912993,María Luisa888 Jiménez568,F,GENERAL PRACTICE,311 STATE STREET,SPRINGFIELD,MA,011051140,42.10500795,-72.58124154847081,68,0
6a573f4b-f381-3c8a-aaae-ffe5a0924e3b,1311c44a-85cb-3aea-a143-e5d7892ced8b,Kathrine376 Reinger292,F,GENERAL PRACTICE,300 KENSINGTON AVE,SPRINGFIELD,MA,011071139,42.091896,-72.559437,279,0
ae1ef9c7-fcb2-3304-b646-b90279f6e373,5fab4eec-522e-334a-a3e0-41605e009495,Lou594 Fadel536,M,GENERAL PRACTICE,485 FRANKLIN ST,FRAMINGHAM,MA,017026215,42.2901292,-71.42823088074331,1,0
96c52c6e-7e4f-390e-80c4-c4fce7ddd7b3,817a1428-2045-3e89-9fa2-ef7d287d6fa5,Gracia333 Schuster709,F,GENERAL PRACTICE,70-71 N PARISH RD,LAWRENCE,MA,01843,42.690315,-71.150015,12,0
d81efecd-4b57-3a51-8331-72cd5dedc81f,1a40cadb-d382-3853-9975-8b74417f291b,Williams176 Kilback373,M,GENERAL PRACTICE,300 BROOKSBY VILLAGE DRIVE,PEABODY,MA,019601445,42.55186086054086,-70.97261268384547,4,0
74583461-ec28-318b-9375-a81a14752381,4bf8af75-4da2-331d-b94e-9975a887face,Rudy520 Mosciski958,M,GENERAL PRACTICE,57 PROSPECT ST,NANTUCKET,MA,025542799,41.27514065,-70.10108985970798,65,0
e0d08789-9be9-3675-a062-e0a3b6fa5ac0,b4359169-6bc8-3e93-9e0c-19c6bf518e58,Hallie315 Auer97,F,GENERAL PRACTICE,126 MONUMENT ST,HAVERHILL,MA,018322527,42.78715445,-71.10946686154523,4,0
2fa8ef17-1776-321c-b972-0cbbfd7941b3,4846e68f-845b-38e6-aa40-48196bf9ff0e,Carylon722 Corwin846,F,GENERAL PRACTICE,130 COLRAIN RD,GREENFIELD,MA,013019625,42.59140995,-72.62336230812821,4,0
1ebee9c8-75e4-3a80-9a26-c066037d3053,667b46fe-0afa-3f70-a311-bbe3d52db050,Mickey576 Borer986,F,GENERAL PRACTICE,757 BOSTON POST RD,WORCESTER,MA,016071728,42.231371,-72.165386,62,0
b9980b1b-f49f-31c9-be72-087dd8383924,a4af40b8-0ddb-34bb-ae4a-95a17e9ad6f3,Cristopher265 Heaney114,M,GENERAL PRACTICE,100 MYLES STANDISH BOULEVARD  SUITE 103,TAUNTON,MA,027807340,41.948930849999996,-71.14141318475193,113,0
de123f89-2a88-34c4-a8c1-bdd686760f1c,009f87f0-4bb6-350c-ba41-0b3235a7ca43,Delbert384 Tromp100,M,GENERAL PRACTICE,277 ELLIOT ST,NEWTON UPPER FALLS,MA,024641201,42.3134306,-71.2206105,1,0
d4746c43-526b-3202-981d-cd77037bebd7,f945589f-88aa-366b-9e9d-2418d091112d,Azzie965 Ziemann98,F,GENERAL PRACTICE,105 ERDMAN WAY,LEOMINSTER,MA,014531805,42.54685255,-71.75737313871981,90,0
5fa9b9d0-1505-3ffc-9fd3-f555a0b16a6f,775df862-d2d1-3a68-9814-043f6aa6ea66,Kimberlee228 Barrows492,F,GENERAL PRACTICE,770 CONVERSE ST,LONGMEADOW,MA,011061719,42.0639853,-72.5521444,1,0
9d58431a-6261-38ac-8f72-99cb63407582,fe675917-7b09-3afd-a6e6-128cc4de4734,Rod343 Kohler843,M,GENERAL PRACTICE,319A ALLSTON STREET,BRIGHTON,MA,021357652,42.345093,-71.139804,9,0
72564d2f-cbc8-35bd-9c43-760796d38d01,bdc3ee76-9cf3-316d-b202-a8da1ea3fa20,Laverna97 Rippin620,F,GENERAL PRACTICE,130 RUMFORD AVENUE  SUITE 211,AUBURNDALE,MA,024661370,42.35853505,-71.24125521214887,40,0
130a2331-1d41-3a76-bad0-f535b348e48d,8447e2c7-df8d-3e1f-9d88-b67dcca2bcb6,Shirley182 Baumbach677,F,GENERAL PRACTICE,22 HILLSIDE AVE,GROTON,MA,014501284,42.61232115,-71.5798529093222,1,0
98ae9469-e587-3e55-8597-3659b9562547,7f08f09e-c5f7-38cd-83ba-ddafedd88a13,Shayne60 Pacocha935,M,GENERAL PRACTICE,133 SALEM ST,REVERE,MA,021511114,42.43833805,-71.01730877599738,1,0
da0ff81d-c462-3789-a4f4-ed74e92d9b4a,643eac8e-1620-3b6a-b9f3-664b003d22cd,Frederick289 Kiehn525,M,GENERAL PRACTICE,34 GIFFORD ST,NEW BEDFORD,MA,027442610,41.6177929,-70.91890087055067,380,0
04de8438-ef60-34f8-bf14-e52ea4b24bbe,8e3ca57f-6f74-3d61-9803-ab1424290216,Humberto482 Mann644,M,GENERAL PRACTICE,89 MORTON STREET,ANDOVER,MA,018102036,42.6551409,-71.12857340697036,7,0
a27ee4f3-3d02-37cd-b462-7f06f7fddae3,8f4d4f0b-9c98-33e1-b649-c304f3a4c431,Lino542 Johnson679,M,GENERAL PRACTICE,25 ORIOL DR,WORCESTER,MA,016051911,42.29596775,-71.7668897446588,2,0
bd4e6b2b-cdba-3082-a4d5-5ec8972b9fbe,5fcff9db-16e4-3e56-aa78-abbc16338097,Marcus77 Schamberger479,M,GENERAL PRACTICE,295 VARNUM AVE,WESTFORD,MA,018863513,42.5792583,-71.4378411,2087,0
e51e6004-ab4e-33a1-a14d-10c086844266,fa09396a-2926-3b21-ad0c-9f6cabbce0eb,Raquel318 Zaragoza109,F,GENERAL PRACTICE,1210 BOSTON PROVIDENCE TPKE,NORWOOD,MA,020625061,42.1714075,-71.1951186,40,0
2e95366b-e452-3358-8e4b-33a04c668c9c,8fed5af6-8e61-33f5-9835-e5d3ac5fdd4a,Thersa321 Farrell962,F,GENERAL PRACTICE,11 SAINT ANTHONY ST,CHICOPEE,MA,010132141,42.1813162,-72.61495050899758,3,0
c0c48de7-e7f7-34bd-979a-8c3b02e112af,84abfbd5-41c1-3df4-9b31-7ca93cb2309a,Cole117 Block661,M,GENERAL PRACTICE,85 HERRICK ST,BEVERLY,MA,019151790,42.56415055,-70.8751357650672,42,0
955b61d3-d2fc-38b6-99c9-e08bad81dd69,2617efb0-1afe-3c9c-afbe-2ca94f9c198c,Mohamed943 Jast432,M,GENERAL PRACTICE,140 WOOD RD,WEYMOUTH,MA,021901338,42.2212188,-70.9391625,41,0
1d9f78f4-bd11-3edf-863a-e0959b4806fd,fa61a21b-27de-3ba7-bc4a-0d7145bf72a6,Tamesha39 Rodriguez71,F,GENERAL PRACTICE,100 CUMMINGS CTR,BEVERLY,MA,019156126,42.559237100000004,-70.88594445364896,12,0
8ad94498-6efc-3ccc-82c7-ea564ebcf85e,1ddd51d1-7297-3c3b-bad5-98aecd5e4a79,Dinah304 Kub800,F,GENERAL PRACTICE,127 CAMBRIDGE STREET  SUTIE #2B,BURLINGTON,MA,018033735,42.50188325,-71.19559351572005,57,0
b162e373-5017-3ce9-ba20-366a78f107c4,4cb90b5f-734d-322f-a2f2-776824e1ce35,Lesha323 Emard19,F,GENERAL PRACTICE,770 CONVERSE STREET,LONGMEADOW,MA,011061719,42.0639853,-72.5521444,32,0
ed370b89-8f8e-3a6a-97af-9164d1955b74,93c3d861-e05d-33b9-91eb-1768470229d7,Garret233 Thiel172,M,GENERAL PRACTICE,10 CENTENNIAL DR,PEABODY,MA,019607938,42.5261827,-70.9529896,100,0
a8c63118-2cbf-3881-9fd0-0d287ba95147,233b0cce-d2eb-3d4e-bbfb-539cb9dccf4c,Carmen818 Christiansen251,M,GENERAL PRACTICE,100 LOCKE DR,MARLBOROUGH,MA,017527235,42.34926605,-71.580845441892,1,0
181b064e-014e-3997-a698-c2b1f6d77fd7,2e1eaaf1-ebb0-332c-8921-f48e15b91879,Tambra47 Nolan344,F,GENERAL PRACTICE,2 SEAPORT DRIVE,QUINCY,MA,021711599,42.29287335,-71.03019020136307,32,0
25455843-e4a6-3f2e-877e-ca09dc63ee41,c272e12f-e154-3fee-b05d-b7c0cab2657d,Trinidad33 King743,M,GENERAL PRACTICE,800 WASHINGTON ST,NORWOOD,MA,020623487,42.1886973,-71.2005241,229,0
299c525b-8165-3607-908d-0cf4e0db82e9,7aaea79a-9ade-3982-a318-0a1613b9db55,Adán600 Hidalgo930,M,GENERAL PRACTICE,89 LEWIS BAY RD UNIT 4,HYANNIS,MA,026015240,41.6534847,-70.2823732,68,0
efb09b5b-c435-3ed9-b540-8d44fe79609e,ca1c0a76-f601-3a1c-a448-689cd3d56bb1,Livia401 Rippin620,F,GENERAL PRACTICE,96 FOREST STREET,PEABODY,MA,019603907,42.528469349999995,-70.95557442492182,12,0
1103ae3c-6b61-3d41-91e2-c7e6558325a2,8d0f0e66-b1dc-37fd-8b4e-0dcb6b3b446e,Les282 Pollich983,M,GENERAL PRACTICE,200 Springs Rd.,Bedford,MA,01730,42.503376,-71.272644,1142,0
073c5057-495a-3ee8-9f6a-f485ba3d4ea8,b66db758-a205-3227-9cfb-bf19d2c1962d,Noreen211 Stroman228,F,GENERAL PRACTICE,121 HARVARD AVENUE  2ND FL,ALLSTON,MA,021342702,42.35241825,-71.13220132573996,21,0
bae53543-4350-3281-9c1e-216e895384d7,b99b7849-2b53-33fb-8ce2-e3a95f17ae51,Diego848 Pouros728,M,GENERAL PRACTICE,910 BOSTON POST ROAD SUITE 320,MARLBOROUGH,MA,017523761,42.355106,-71.47654,44,0
8e46b1bc-2383-386d-8150-079ad77da8f4,f6a306cf-7bd6-35f4-a6b7-2d07d273914c,Carolynn568 Von197,F,GENERAL PRACTICE,63 FOUNTAIN ST STE 402,FRAMINGHAM,MA,017026280,42.27595495,-71.42631150114194,79,0
60279a98-2ff9-3a15-92a4-9c62bed949e8,32fcdfba-8c93-30f4-b15b-dd3b65c29deb,Sparkle906 Bernhard322,F,GENERAL PRACTICE,20 NORTH MAPLE STREET,HADLEY,MA,010359715,42.3615107,-72.55261320852942,28,0
8324a866-be65-3f27-9974-d6edc807097a,0ddb0329-b59d-3187-874c-602c649249c8,Lynn917 Cassin499,F,GENERAL PRACTICE,115 W SILVER ST,WESTFIELD,MA,010853678,42.1178811,-72.75935246865802,1252,0
036f9d50-5df0-37a5-bd68-8908fe86d79a,764bf964-6ab7-30eb-885b-3d713ca43265,Carrol931 Wilderman619,F,GENERAL PRACTICE,ROUTE 6   P O BOX 1430,WELLFLEET,MA,026677402,41.936423,-70.021074,42,0
72e8d987-77df-3070-9ad2-3659c4853df7,2cf06ddc-4c55-3c91-98f1-fb0188079c27,Alena861 Rolfson709,F,GENERAL PRACTICE,10 VETERANS MEMORIAL DRIVE,MILFORD,MA,017572900,42.14682295,-71.50153080894427,3,0
b332119d-e326-34c2-afd9-c49e7506fed7,d85d8f19-03ac-3ad5-957d-e8a36f7002de,Jovita355 Muller251,F,GENERAL PRACTICE,165 TOR CT,PITTSFIELD,MA,012013001,42.457583299999996,-73.2812227954125,29,0
34d3546d-26a6-3c7c-9a27-ce6fff0e7eff,02c936e2-3aee-38b2-88a4-81f3689b7bb7,Aaron697 Kohler843,M,GENERAL PRACTICE,120 FISHER AVENUE,BOSTON,MA,021203320,42.3276141,-71.1051603,50,0
4ec39ddf-b159-34f8-9f65-272ac111380d,5f7663da-4b19-3629-b8f2-fb07d75421d9,Buck819 Johnson679,M,GENERAL PRACTICE,42 ASBURY ST,SOUTH HAMILTON,MA,019821808,42.61322825,-70.87300675048934,102,0
c1b1036d-75b8-3784-bd9b-184563762be8,609ec9f1-e806-3427-b912-9e3b2915521d,Terence292 Conn188,M,GENERAL PRACTICE,575 BEECH STREET,HOLYOKE,MA,010406604,42.20105435,-72.628169560868,90,0
73282035-3c14-341b-b737-55861924b830,5fa5e611-be3d-3ebb-8f71-124325f6005f,Rachele486 Nikolaus26,F,GENERAL PRACTICE,480 ROUTE 6A,EAST SANDWICH,MA,025371438,41.742172,-70.45251,315,0
31b047a3-4f25-33ad-ab81-52ae3712e729,bff65303-97b4-3841-950a-1c9e9e735de0,Omar359 Schimmel440,M,GENERAL PRACTICE,100 AMITY ST,FALL RIVER,MA,027212202,41.6737661,-71.16934217317342,1,0
a2d149fa-f49d-3410-9049-ea32337938e8,bb3d48eb-0c30-34f4-8950-790fc984741b,Denis399 Frami345,M,GENERAL PRACTICE,1601 WASHINGTON STREET,BOSTON,MA,021181951,42.3381394,-71.0748562,66,0
b95cd2f8-0cc9-3c85-817c-728879348e66,bf556284-7513-3620-a10e-5393183a9a87,Jesus702 Roob72,M,GENERAL PRACTICE,795 MIDDLE ST,FALL RIVER,MA,027211733,41.6924092,-71.16345107025307,68,0
b7a3636c-6ba4-3145-b05c-3a5bbba05a4b,9fd71acd-3535-353d-975f-ed7dbf5f9961,Concepción765 Pérez790,F,GENERAL PRACTICE,250 GREEN ST,GARDNER,MA,01440,42.586896550000006,-71.98672640006858,95,0
2fbd9cc3-6a80-3fea-a384-39f4377a1b41,e93b27a8-6507-3595-84a5-f899ce23a72d,Gertha313 Sanford861,F,GENERAL PRACTICE,70 EAST STREET,NORTH ANDOVER,MA,018456144,42.6839894,-71.1127065,33,0
2c9e3c7b-1e75-3583-935c-daa95a6389c2,352fd476-d328-3a61-9f9b-d2c2fbb2a233,Annmarie79 Barton704,F,GENERAL PRACTICE,68 DEAN ST,TAUNTON,MA,027802713,41.904424750000004,-71.07901221565147,2,0
cb1c3724-a985-3780-afe1-2d999216b570,2b84e56e-08b4-3078-b3ea-4d159208e065,Barton704 Bahringer146,M,GENERAL PRACTICE,1029 PLEASANT ST,BRIDGEWATER,MA,023242301,41.9718173,-71.00937893001648,129,0
451e05ac-5ec4-3e93-badb-062d35a8876e,05137a62-1a8f-34ff-8baf-a0c35c238ea0,Colleen54 Olson653,F,GENERAL PRACTICE,750  ATTUCKS LANE,HYANNIS,MA,026011950,41.676027500000004,-70.29727035,16,0
ac522725-8721-3d9d-bb6d-ea7e7eb25ef4,7b9a19b2-d900-3f93-a47b-4b88491fb57b,Tommy814 Witting912,F,GENERAL PRACTICE,308 KINGSTOWN WAY,DUXBURY,MA,023324647,42.030389650000004,-70.73959947632582,1,0
7f478a99-e3ff-3c41-979a-f776505d0e50,4ffa4412-1493-3beb-b8f0-6614dde953a4,Sulema841 Ryan260,F,GENERAL PRACTICE,363 HIGHLAND AVENUE,WAREHAM,MA,025715011,41.745636,-70.658192,968,0
081e0ed9-4cd3-3199-863b-09866adee792,ede4a423-6258-3ef5-b5ba-0fa6bb579563,Olinda137 Paucek755,F,GENERAL PRACTICE,326 NICHOLS ROAD,FITCHBURG,MA,014205478,42.5974358,-71.80761197366103,184,0
bbfc997e-a383-3c90-ab81-05ed38ab7b00,a14e698d-a9ba-3eae-9c8b-682ec726433d,Brian582 Cummerata161,M,GENERAL PRACTICE,776 WESTERN AVE,LYNN,MA,019052408,42.466763,-70.9494939,249,0
5f8d6836-8812-3e6f-916b-aaeae8ba58e9,69eae27b-7445-3652-bd34-b535abe0b011,Hong136 Schneider199,F,GENERAL PRACTICE,9 BICKNELL ST,QUINCY,MA,021696003,42.252227399999995,-70.96584679278924,19,0
f3978d0d-0cde-31d8-954e-3d19cfbb6d79,dd9914b0-9491-3330-a890-d34e95e497ea,Taylor21 Haley279,M,GENERAL PRACTICE,1061 PLEASANT ST,NEW BEDFORD,MA,027406728,41.64280275,-70.92865004309593,304,0
e4724513-5124-3ab7-979a-4e27f32d83bb,d4b9a3f0-210d-3e46-a2c7-e099658ac543,Ferdinand55 Moen819,M,GENERAL PRACTICE,7000 GREAT MEADOW ROAD,DEDHAM,MA,020264090,42.266408549999994,-71.19518435636284,35,0
1f742cac-7c00-369d-8e7d-e9e6b5705d96,a247ed53-5f17-3eb5-87be-1d2257fa1579,Kayleigh718 Weissnat378,F,GENERAL PRACTICE,44 KEYSTONE DR,LEOMINSTER,MA,014531904,42.55144955,-71.74402465363428,2,0
27d9df41-1513-3215-8056-d3292ccebc2a,4f183534-3e54-301c-b121-097faefc7bfd,Marcelo725 Gleason633,M,GENERAL PRACTICE,140 HIGH ST,SPRINGFIELD,MA,011051449,42.105369,-72.57893361775467,23,0
7202cfde-ee46-3f44-a7f4-b9109162c243,4c1a8ea6-b690-3c28-a02e-ebd82190ee65,Alejandro916 Quiroz936,M,GENERAL PRACTICE,885 WASHINGTON ST,BOSTON,MA,021111415,42.3479909,-71.064924,28,0
01537aec-a121-349d-bc7a-9467c55850fc,a7147477-c4dd-3018-b921-2707d7e098ee,Chrystal576 Kreiger457,F,GENERAL PRACTICE,164 PARKINGWAY,QUINCY,MA,021695020,42.245070088637796,-71.00313070924581,24,0
0fab24b3-2264-3463-9c15-d759959a38d9,5ba6765a-f335-36b0-9c6a-6bb494c5330d,Carlota980 Solís294,F,GENERAL PRACTICE,31 OLD ROUTE 7,WESTWOOD,MA,020902333,42.2139873,-71.2244987,78,0
6ffd42b5-c37c-3c38-9bd5-727925777383,b6eeaaf7-1683-3bcb-b6ee-81ce304636ef,Ariane992 Pagac496,F,GENERAL PRACTICE,170 GOVERNORS AVE,MELROSE,MA,021763225,42.4564323,-71.064182,1454,0
888cc2de-8754-3143-8430-1c6dfc7f9a6f,12dc66ee-e2c7-3d5a-892e-157ff1d47f32,Venice604 Rogahn59,F,GENERAL PRACTICE,242 GREEN ST,WINCHENDON,MA,014751820,42.68061,-72.060691,51,0
17f94a65-4500-3c1b-99bd-a6875197c9a6,65eda534-1bdc-3192-8d02-1c3764447790,Alonso270 Hand679,M,GENERAL PRACTICE,1244 BOYLSTON ST,CHESTNUT HILL,MA,024672115,42.3214927,-71.1711481,118,0
e039ae3a-d0ef-376f-be1b-805f99d64984,14932db8-e179-331d-98ad-dc1c352cb6d3,Lora418 Barrows492,F,GENERAL PRACTICE,743 MAIN ST,MELROSE,MA,021762707,42.460108950000006,-71.06216841036309,2,0
ffaaa19f-41d0-3a23-85a7-0445f1c4e8de,d613e441-68e8-3502-8adb-3f770a1276bf,Colin861 Witting912,M,GENERAL PRACTICE,114 WATER ST,MILFORD,MA,017573007,42.13661855,-71.53474614336832,269,0
632beb96-fff4-3e66-a8f3-b95e8dc0ce83,de29a374-221b-3cb4-8051-a02c1a35e5b7,Morgan564 Marvin195,M,GENERAL PRACTICE,562 WASHINGTON ST,SOUTH ATTLEBORO,MA,027036942,41.912892049999996,-71.36135809627689,341,0
017b7fa2-6946-3706-bd81-8d88d919302b,b0b89e26-30e3-35d4-af87-29fb529579cf,Tran115 Jakubowski832,F,GENERAL PRACTICE,391 HANOVER ST,FALL RIVER,MA,027205432,41.71019285,-71.14377103194548,6,0
f13ac0a1-6e6e-3fa4-9b15-181dc9d09db9,b03b624d-c939-3688-986d-9555b8009a3b,Bennett146 Hartmann983,M,GENERAL PRACTICE,230 MAPLE ST,HOLYOKE,MA,010405144,42.207406,-72.608419,112,0
7a938cdc-2ac3-39d9-b519-908115d87d9e,ea153d0a-9ccc-3769-9a25-934b417071b7,Adam631 Towne435,M,GENERAL PRACTICE,463 WORCESTER RD,FRAMINGHAM,MA,017015354,42.3095704,-71.4413097,161,0
ebf1ce89-438d-3ce9-8191-27855149f76c,d3085315-9893-34c7-8889-3a31dc17c2b0,Ethyl508 Rau926,F,GENERAL PRACTICE,1428 MAIN ST STE 7,WALPOLE,MA,020811729,42.1325911,-71.2618886,617,0
068cf009-a576-33b7-aaf6-ef57dd00693d,ace1ac31-036a-38fd-b451-b3b87157c717,Alejandra902 Thompson596,F,GENERAL PRACTICE,170 MORTON ST,BOSTON,MA,021303735,42.299067750000006,-71.10124351911541,54,0
9930ee24-2b96-332a-9d59-54cd081cd441,469171e3-f6ec-3258-8e16-7038f6a439c0,Rodger755 Brakus656,M,GENERAL PRACTICE,COUNTRYSIDE DRIVE,MILFORD,MA,017571252,42.1413353,-71.5192019,5,0
cacc04b2-2522-369d-8c5d-ff53fc36a019,18061fd5-fda8-3e2d-87f0-0f3c87211bcc,Omer483 Koepp521,M,GENERAL PRACTICE,1493 CAMBRIDGE ST,SOMERVILLE,MA,021431408,42.3875968,-71.0994968,781,0
9cee368d-f69e-39ab-80ed-890137d784b8,1faab3d1-2ae5-3110-8e5f-c65b92ca906d,Theodore876 Ankunding277,M,GENERAL PRACTICE,29 LEWIS AVE,GREAT BARRINGTON,MA,012301713,42.19093125,-73.3715000043024,548,0
06cf2808-974a-3fb1-bed0-817ba348c1b1,c64c848c-0315-3115-87fa-80c360bb6a73,Sondra191 Zieme486,F,GENERAL PRACTICE,142 BERKELEY ST,BOSTON,MA,021164608,42.3489076,-71.0721378,36,0
6edc0a3a-bcc1-3335-87b0-e880005f2dfd,76281d34-caff-30e0-8545-bcdf33182109,Jane262 Schmeler639,F,GENERAL PRACTICE,500 WILBUR AVENUE,SOMERSET,MA,027252051,41.72075205,-71.16843052114558,80,0
58c64ddb-2357-3eff-a635-549f51cc86ec,4633340c-c833-30a3-ab0e-f5cfa5fda28b,Lincoln623 Trantow673,M,GENERAL PRACTICE,250 GREEN ST,GARDNER,MA,014401377,42.586896550000006,-71.98672640006858,37,0
be850af7-4934-39d9-a861-32df109b9149,7e97f720-f99d-3402-98a4-a144aaa5bd01,Damian46 Hansen121,M,GENERAL PRACTICE,210 JONES RD,FALMOUTH,MA,025402974,41.5614958,-70.6117407224321,108,0
19786f99-07ce-35fe-9be7-4ff1b041d7c3,b3ada130-6443-3a8e-98c7-4ec127a2b0c4,Natalya468 Haley279,F,GENERAL PRACTICE,ONE GREAT ROAD,ACTON,MA,017205601,42.4850931,-71.43284,47,0
4c3b2d2c-4537-31b0-9e4d-d2e3a5996ed5,a36dcb53-a762-38d4-ae84-40f46195a6dd,Rafael239 de Jesús414,M,GENERAL PRACTICE,260 EASTHAMPTON ROAD,HOLYOKE,MA,010401213,42.226424,-72.646798,1,0
f08178a8-eb0a-3496-9b41-b949cb2ce2ea,811cc811-0061-341c-a719-9ba7ef8dc699,Tandy422 Sporer811,F,GENERAL PRACTICE,245 VINEYARD HAVEN-EDGARTOWN ROAD,EDGARTOWN,MA,025396941,41.395500350000006,-70.5300948008162,15,0
557a5f86-e4c4-3e20-a7f6-c189889abe21,d17688c1-9cc8-3e68-980f-82fe1ed685fe,Eleonore965 Robel940,F,GENERAL PRACTICE,100 TEATICKET HWY,TEATICKET,MA,025365678,41.56361395,-70.59806084770075,38,0
33fefe47-ddd7-348e-8c5f-0deda4258b6f,7489f6e0-fee6-3fff-90b6-444868eb907c,Kasey569 Rau926,M,GENERAL PRACTICE,1 KIDDIE DRIVE  SUITE 106,AVON,MA,023221182,42.130150349999994,-71.05720685110387,18,0
16e517fb-ccba-3b6b-91f1-f3a59cfe236d,084b19be-a78e-3626-b156-a50134fa7fe2,Glinda951 Smitham825,F,GENERAL PRACTICE,10 RESEARCH PL STE 202,NORTH CHELMSFORD,MA,018632439,42.6389798,-71.3828403,12,0
09a1f9eb-e8e6-3fab-97a6-7c66063300b9,06f1d816-dd54-3409-bd94-8dc2745f807c,Erin498 Hand679,M,GENERAL PRACTICE,12 KENT WAY  SUITE 210,BYFIELD,MA,019221221,42.75468625,-70.9451078257969,38,0
a32f3df7-5e20-3291-b586-63c7fb9e2bc5,acffdfa8-1383-3929-8c99-e73969491439,Iva908 O'Keefe54,F,GENERAL PRACTICE,1153 CENTRE ST,BOSTON,MA,021303446,42.3017598,-71.12855793387442,537,0
8ebe3dc7-05ee-3a0e-9ac3-65fa89b8f512,545dcda5-7471-374e-9251-b4b685197d3c,Lezlie553 Koss676,F,GENERAL PRACTICE,175 CONNORS STREET,GARDNER,MA,014402637,42.5730593,-71.99713285,14,0
e8b35d2c-d052-397c-a79c-1565caf7d638,45ce6eff-535b-37e2-bed3-1946200aa03f,Mora209 Blanda868,F,GENERAL PRACTICE,309 BELMONT STREET,WORCESTER,MA,016041059,42.280233499999994,-71.7694812367883,176,0
e05871fe-fbdc-30c6-a866-040a599d765b,43e33b67-64ac-3314-99ee-114fb2b56b80,Vera718 Cummerata161,F,GENERAL PRACTICE,200 HILLSIDE CIRCLE  SUITE 2,WEST SPRINGFIELD,MA,010894681,42.105237,-72.6213712,16,0
423e10e0-ebee-374a-a4da-588f6aaa6e72,1e11392b-1278-3e70-93cd-f396cbd0c265,Gerry91 Block661,F,GENERAL PRACTICE,115 LINCOLN ST,NATICK,MA,017607700,42.2843753,-71.3441395,1241,0
439105c4-b095-35a4-a5b9-c2d895c09817,fe30f2b4-9bc8-346e-afba-4455d1766545,Wilson960 Turner526,M,GENERAL PRACTICE,17 LAFAYETTE AVENUE,CHELSEA,MA,021502010,42.40019115,-71.03050082480353,83,0
58a486a4-3808-31ff-aed6-c2a06585f492,00fde0ed-5951-3b9f-8413-0f25f85a8d4f,Elmo857 Hodkiewicz467,M,GENERAL PRACTICE,81 OLD COLONY WAY STE D,ORLEANS,MA,026533278,41.78403385,-70.00060868097228,193,0
ab4c3130-d557-36c3-9c36-07faa63311bf,6cf8a214-8d57-3267-85e5-7719e15cd63e,Michel472 Zulauf375,M,GENERAL PRACTICE,170 MORTON STREET,JAMAICA PLAIN,MA,021303735,42.299067750000006,-71.10124351911541,1208,0
444ca1d6-3d04-3f7c-b824-0e14ca39ca5a,13161e5b-02d2-3d19-8b48-26ef0becfc83,Janet238 Crooks415,F,GENERAL PRACTICE,165 CAPTAIN'S ROW,CHELSEA,MA,021504019,42.3917638,-71.0328284,17,0
7953c5c7-96ed-3727-b351-d1d52dcd643e,4bc0cc09-77e5-37f5-844d-64a6637cae54,Carlena776 Feil794,F,GENERAL PRACTICE,91 EAST MOUNTAIN ROAD,WESTFIELD,MA,010851801,42.110743549999995,-72.70066160206358,855,0
02f67404-fee0-3b1e-a408-180411167da6,b4e81d20-a3d6-39db-8b04-bcc4ab5de7b2,Warren653 Flatley871,M,GENERAL PRACTICE,354 WAVERLY ST,FRAMINGHAM,MA,017027079,42.276938650000005,-71.41386787587439,37,0
7e35cf01-3df4-36d9-a81e-3e2f4b957ec5,2fd34be1-9720-3dad-b8bd-815e173b92fb,Damon455 Orn563,M,GENERAL PRACTICE,87 HERRICK ST,BEVERLY,MA,019152773,42.56523335,-70.87472842494441,1,0
39282d57-8971-3d45-87b1-fdb4ed5a4abc,0fedae9f-701f-3317-9b2f-69aea2202cdc,Sharron285 Batz141,F,GENERAL PRACTICE,88 EAST NEWTON STREET,WINTHROP,MA,021522715,42.3750976,-70.982827,1481,0
eb6efede-dec2-3bf2-8d9e-e181368377e5,9043e647-568d-3e87-9fc0-756a416392d3,Alica364 Hartmann983,F,GENERAL PRACTICE,27 CENTENNIAL DR,PEABODY,MA,01960,42.52388415,-70.9519832,56,0
31fd3d5c-c964-38ab-8289-d8c82926a2ff,3e16ee4b-2dc7-3e29-ab5b-0ce980c362b1,Pandora807 Sauer652,F,GENERAL PRACTICE,1200 SUFFIELD ST,AGAWAM,MA,010012933,42.04892565,-72.63626743195428,6,0
2d82b42f-e687-3b63-b9bd-f98b3120a4c7,733fc7d0-7cf3-3995-82ef-a9883b807273,Melissa844 Yundt842,F,GENERAL PRACTICE,175 FRANKLIN STREET,NORTH ADAMS,MA,012472712,42.70707,-73.10094536747326,26,0
0ffb684d-9357-3ab8-936d-23cee8530eb7,86bbc3aa-e927-3d56-9d77-ab701b4b2926,Lucien408 Howe413,M,GENERAL PRACTICE,538 ROBESON STREET,FALL RIVER,MA,027205496,41.707225,-71.1432141111111,24,0
40ae13d4-e5d0-3ac0-a9cf-d37d0727af9c,9ab139f5-d278-31b4-b44e-feffdea65613,Shayla126 White193,F,GENERAL PRACTICE,88 ROUTE 6A 101,SANDWICH,MA,025631866,41.764922,-70.502215,72,0
3665ef6c-2d20-3aae-b6eb-0de27e2db478,21fa25b9-6842-3a3c-bef2-2eb383ad525e,Amalia471 Pizarro791,F,GENERAL PRACTICE,180 LOW ST,NEWBURYPORT,MA,019503519,42.815683050000004,-70.89666045994463,3,0
e28651f2-6897-30b5-85c9-cd79780f632b,4b7c1695-a178-3e03-8651-51acfd3b8372,Jesusita936 O'Keefe54,F,GENERAL PRACTICE,600 OLD SOMERSET AVE,NORTH DIGHTON,MA,027641824,41.86399,-71.1244904,209,0
7d781627-492a-3c7a-95f2-1d00c099f639,a3327df4-d092-350b-b551-e60c82076c9a,Javier97 Tejeda887,M,GENERAL PRACTICE,46 NORTH MAIN ST,W BROOKFIELD,MA,015853232,42.23754835,-72.13791547215251,35,0
80dfb724-3809-3169-9908-1d910164b2ce,0b5f4cda-f9ae-36a8-a94c-ffbf56f45236,Guadalupe206 Hodkiewicz467,M,GENERAL PRACTICE,210 MARKET ST,NORTH ANDOVER,MA,018451656,42.6839894,-71.1127065,1,0
988ba8a2-86dc-39dd-99be-495f9abf3f98,aade280a-3b90-3e48-9648-91109a964a63,Johna806 Klein929,F,GENERAL PRACTICE,909 SUMNER ST,DARTMOUTH,MA,027473826,41.6332267,-70.9879928,1398,0
e17e257a-ee1e-3fc7-a2ba-c64c401d4d61,6adc9d34-9b73-3285-abb7-56e567f1ba26,Candy565 Wunsch504,F,GENERAL PRACTICE,271 NAHANT RD,NAHANT,MA,019081341,42.42554385,-70.91995214383596,5,0
d9e70ee3-94ed-385a-b236-9b4367aa0c70,18764c6a-31fe-391c-80ac-6a5b761e06d6,Eleonor544 Doyle959,F,GENERAL PRACTICE,19 OBERY ST,PLYMOUTH,MA,023602129,41.94456995,-70.64966444737888,4,0
d6f9a5fd-9783-310d-b274-1a3ea1f5d8bf,df3ffcde-b9eb-3965-acdf-f56a6d1424c4,Mayte822 Garica503,F,GENERAL PRACTICE,1 ARSENAL MARKET PL,WAYLAND,MA,017781840,42.3632063,-71.3606721,3,0
591c3240-8b06-30b8-977c-5be563c251ab,981338c4-287c-3621-bc45-8b0b9f1b8922,Cari853 Kohler843,F,GENERAL PRACTICE,640 BOLTON ST,MARLBOROUGH,MA,017523999,42.3658183,-71.55914630258509,328,0
1694ae22-6629-31ba-9b5f-3be04e845b63,96e9e829-0b71-3ad3-8b41-60e25b5d47d7,Lesley194 Crooks415,F,GENERAL PRACTICE,111 ORIENT AVE,EAST BOSTON,MA,021281006,42.39055278090538,-71.00587148689957,4,0
e493d144-f83c-3ee6-93b1-e63bde9bb421,e59fb2d5-508c-38c6-af2e-21d8216dd2b0,Logan497 Fisher429,M,GENERAL PRACTICE,759 CHESTNUT ST,WARE,MA,010821625,42.256476,-72.237482,893,0
7fd6223d-e83b-36cc-84dc-c68383688e70,7a3b8310-02eb-3c47-aa1b-3f55b3ed9de9,Lauretta754 Dare640,F,GENERAL PRACTICE,6 HATFIELD ST,NORTHAMPTON,MA,010602545,42.333172950000005,-72.6566355591273,36,0
055e864f-9485-391b-a067-3714d6840990,84de2bcf-1b1a-3ce2-9f6d-9e0cb34991f6,Margery365 Rippin620,F,GENERAL PRACTICE,45 DAN RD,WELLESLEY,MA,024813503,42.2964859,-71.2925571,28,0
29e56dd8-3c69-3ac9-8fe0-22b184a9237c,ecadbc11-930c-3903-b706-f8ef4bc9089e,Erwin847 Baumbach677,M,GENERAL PRACTICE,780 CHESTNUT ST,SPRINGFIELD,MA,011031109,42.1211633,-72.60614164702717,78,0
336d3f78-4344-312b-9ae5-f47b39f58fc3,0f9d1260-db33-3483-b2b6-5483cfcb739c,Felipe97 Lebsack687,M,GENERAL PRACTICE,361 WOODWARD ST,WABAN,MA,024682027,42.326011949999994,-71.2254251580706,84,0
9bfc7d4f-4ecb-3de2-bbef-32655732a6ce,ad007cc5-a3df-3aa7-886d-5123ab59d189,Antoine384 Maggio310,M,GENERAL PRACTICE,85 N WASHINGTON ST,NORTH ATTLEBORO,MA,027601634,41.98443775,-71.33190349847027,5,0
130401ae-df28-3713-bc33-7fbcf67647b2,980d9bfa-a344-3bff-8c02-232dd0e8fd34,Teresa94 Mireles421,F,GENERAL PRACTICE,100 TRADE CENTER SUITE G-700,WOBURN,MA,018011851,42.4792618,-71.1522766,123,0
eed1ae54-26f6-3a0e-a6c0-95e1344b13c6,f480acd0-7ef1-350d-aae6-d8e7d53ace57,Gil594 Ondricka197,M,GENERAL PRACTICE,1193 SEA ST,QUINCY,MA,021693544,42.26883395,-70.95264075087945,120,0
285d5d69-a1d3-3f0c-90fe-2a5aedd533eb,440fa4b8-c731-3cf5-81d9-aa3f30a37b95,Bennie663 Abbott774,M,GENERAL PRACTICE,41 & 45 MALL ROAD,PEABODY,MA,019602901,42.5278731,-70.9286609,1479,0
6225a5bd-dbd0-386e-ac84-20f13f261def,a1434ca1-a1ac-3884-abc7-fc4c35cc8b68,Guillermo498 Dietrich576,M,GENERAL PRACTICE,390 ORLEANS ROAD,NORTH CHATHAM,MA,026501154,41.700306363636365,-69.96549390909091,4,0
eb26f35f-8346-3714-aafe-fa27b18fb826,0fab3c4e-a028-39a6-b15a-be5a88b6aa2a,Cletus494 Paucek755,M,GENERAL PRACTICE,222 STATE STREET,LUDLOW,MA,010563437,42.15547415,-72.47222226666076,929,0
b28c6fdb-116f-3b9d-852e-271dbdf3c9e5,b0016371-afcb-37a6-8f90-5e3786e7806f,Irene779 Águilar229,F,GENERAL PRACTICE,629 SALISBURY ST,WORCESTER,MA,016091120,42.2932691,-71.8390048,1,0
4bb5af16-cfe7-32b7-8109-273ca7311c88,3b021cb6-4745-3d9d-8436-230055f770bd,Eleni953 Franecki195,F,GENERAL PRACTICE,148 CHESTNUT ST,NEEDHAM,MA,024943238,42.27728075,-71.23665362814043,902,0
4b834b53-ff90-3bad-b62c-ffa6532dbcca,7b95b4ab-5bb6-3abc-b0e5-02689f84228d,Philip822 Beatty507,M,GENERAL PRACTICE,20 POND MEADOW DR,READING,MA,018673261,42.516645499999996,-71.09917578750729,106,0
8ebdbefa-4a09-36f1-8e62-3a00de1abe1f,86880e58-8753-3c63-b057-33781df70528,Glenn0 Keeling57,F,GENERAL PRACTICE,49 SAMOSET AVE,HULL,MA,020452512,42.2810432,-70.8703157542509,24,0
21a6ce43-1d7c-3f48-80cd-f7511ae0d33c,52261c45-f32b-3666-9da7-890705373c9d,Ramon749 Johnston597,M,GENERAL PRACTICE,30 PERWAL ST,WESTWOOD,MA,020901928,42.21397175,-71.1786332019174,4,0
a2b7eee1-51fa-3e6b-b18a-20f94e7ef68e,aaa7ebaf-b1a0-38c1-ba89-a16712cf431c,Buford910 Halvorson124,M,GENERAL PRACTICE,16 PLEASANT STREET,BRIDGEWATER,MA,023242420,41.98625885,-70.97978204646246,9,0
11a9adcb-1303-3a12-9612-b851ce84c697,ab074997-79db-3114-b6ac-5c21cda8ee3a,Maryanne663 Abernathy524,F,GENERAL PRACTICE,111 HEADWATERS DR,HARWICH,MA,026451028,41.705945549999996,-70.08904355,3,0
dc3347e6-125f-35b7-90d1-2859ce4dd751,6b209cfb-56fd-31b8-895e-c936839bfa1d,Catheryn300 Glover433,F,GENERAL PRACTICE,37 BIRCH ST,MILFORD,MA,017575501,42.1424349,-71.48943173357203,12,0
6dbfaaaf-ffbc-3748-956a-b2718aa2fe88,ce53c877-0290-390a-b4b4-2462001a1713,Anabel269 Hilll811,F,GENERAL PRACTICE,847 ROGERS STREET  SUITE 201,LOWELL,MA,018524345,42.6275246,-71.27673639687623,36,0
d0680cd6-b810-358a-8752-17b7a261cc94,34f0b10a-5e29-31de-a75e-e0bb03c0c0d4,Heath320 Leuschke194,M,GENERAL PRACTICE,56 COLPITTS RD,WESTON,MA,024931568,42.36610065,-71.3036759,197,0
0048cc4b-5c44-3f84-ac8f-23799bed484f,e9a24be5-b0a3-3fd2-a606-dd13498024ea,Darwin703 O'Hara248,M,GENERAL PRACTICE,85 E MAIN ST STE A,NORTON,MA,027662307,41.971697,-71.17689334021827,41,0
822ba824-cbe5-3f04-a84e-b0ca6b3ab481,545ea18f-060c-389b-98f8-b6943979c207,Izetta651 Farrell962,F,GENERAL PRACTICE,6 ESSEX CENTER DR STE 201,PEABODY,MA,019602906,42.539944,-70.950156,28,0
b34fe9a3-b4ba-37aa-ba52-e331f5a89e6b,57e4e5fa-d68d-3caa-a5ad-37beb1b51207,Latrina689 White193,F,GENERAL PRACTICE,800 WASHINGTON ST,NORWOOD,MA,020623487,42.1886973,-71.2005241,1010,0
3a43a8f7-e42f-3979-b162-031632a11aac,2c1eda9d-6d75-3c4e-86f1-d850d4ccfcdf,Hisako109 Moore224,F,GENERAL PRACTICE,238 W MAIN ST,NORTHBOROUGH,MA,015321804,42.31181264999999,-71.65685612428547,1,0
fd6957d7-dadd-33c0-b390-d168e196625d,195620ae-835c-3da6-8600-3bd89fe8292d,Major265 Auer97,M,GENERAL PRACTICE,125 OAKLAND ST,WELLESLEY HILLS,MA,024815338,42.308723900000004,-71.26421651568413,1,0
f464883a-0c3b-3486-a508-b78ef4e199b9,b20a0fe1-53b3-33fc-8acb-bc9a2df64e57,Carla633 Santiago500,F,GENERAL PRACTICE,3 PATTERSON ROAD  SUITE 3,SHIRLEY,MA,014642907,42.552462649999995,-71.62383665745185,14,0
5e8326d9-8917-36cf-b420-cf3dab073edb,2befa435-3070-3350-a15c-e43ac1e84b24,Mateo562 Arredondo74,M,GENERAL PRACTICE,575 BEECH STREET,HOLYOKE,MA,010406604,42.20105435,-72.628169560868,40,0
fcfff51b-0e23-3449-a15c-d2395dfb0e53,c92cc255-6778-3307-8092-987d667be4ce,Andrés117 Ruiz676,M,GENERAL PRACTICE,89 FOSTER ST,PEABODY,MA,019608925,42.5278731,-70.9286609,28,0
4d237931-ea93-394b-9d4c-60c526af6149,00ffb204-07b4-3c72-a678-fa252e6cf86c,Alex454 Satterfield305,M,GENERAL PRACTICE,450 BEDFORD ST,LEXINGTON,MA,02420,42.47370735,-71.25090005,237,0
cdf73cc0-7807-3893-955f-d1c8cd1ee2a7,ad82d624-72eb-3c7d-a76d-79f2668d1390,Georgianne697 Howe413,F,GENERAL PRACTICE,3 WOODLAND RD,STONEHAM,MA,021801711,42.452443099999996,-71.08939988105112,137,0
aa7eab24-3d97-3253-b70b-086c3579078b,70a26106-6797-39f8-83e6-6bcf212b99ad,Zackary401 Mohr916,M,GENERAL PRACTICE,340 MAIN ST,WORCESTER,MA,016081601,42.53616075,-71.74831883675786,10,0
8c737a31-0a83-353e-8651-167df4342bf2,b8421363-9807-3b16-a146-95336eea5cfb,Saundra460 Kuphal363,F,GENERAL PRACTICE,30 LOCUST ST,NORTHAMPTON,MA,010602052,42.33032115,-72.65330802608176,2600,0
da9d0c06-6064-353c-ae78-9c5c653e8737,2d578863-d945-3e48-91c8-3912d31e5078,Tora746 Kertzmann286,F,GENERAL PRACTICE,65 FREMONT ST,MARLBOROUGH,MA,017521271,42.352030400000004,-71.55517867455714,18,0
fa8d79ed-965d-3e87-9f20-1fcfa53deb92,8424b5ec-ba0a-32e9-94ae-a9d397884093,Ileen763 Casper496,F,GENERAL PRACTICE,49 BLANCHARD STREET  SUITE 101,LAWRENCE,MA,018431456,42.69651155,-71.1612176954981,5,0
b4f83f28-edf0-3ce2-93c7-cbb13da0a659,3498e7d3-90fd-366b-bc6a-6f41dad6bae6,Olympia319 Bradtke547,F,GENERAL PRACTICE,112 WEST MAIN STREET,NORTHBOROUGH,MA,015321824,42.318559050000005,-71.65097281611972,10,0
f0c60aa5-203d-3ca4-bc0c-4f850de83031,37111f41-8bc5-35d3-9cd9-5b447a11ffd1,Ilene33 Greenholt190,F,GENERAL PRACTICE,TEN INGALLS COURT,METHUEN,MA,018443712,42.7262016,-71.1908924,48,0
d8355f65-d2d7-3ac2-80b1-2eb67cbc1bdf,68ea50ba-275f-3f6c-ad1f-0aefae7144eb,Carletta836 West559,F,GENERAL PRACTICE,25 ARMORY ST,WEST NEWTON,MA,024652110,42.3504314,-71.21988040449209,3,0
2e7ecaed-e343-383d-8adf-b680c3882bf9,24460683-f514-37ef-98c1-724b2fc9aa2a,Dale454 Wilderman619,M,GENERAL PRACTICE,60 HODGES AVE,TAUNTON,MA,027803034,41.91158935,-71.10129620180315,407,0
f9649cd0-5894-3267-8a08-1f5cb8aa3f19,945104f1-4b95-3eed-bd02-5efa0afbf34d,Lauri399 Keebler762,F,GENERAL PRACTICE,20 CENTRAL AVE # 506,LYNN,MA,019011201,42.46410018181818,-70.9465129090909,6,0
8eae84e2-3218-3c8a-ae26-64b99e757527,3076e02a-deac-3e81-96a9-1d32cbda6fca,Randy380 Kilback373,F,GENERAL PRACTICE,59 EASTWOOD CIRCLE,GARDNER,MA,014403901,42.567006649999996,-71.97817904424542,12,0
eacf17e4-884f-331f-92a0-7ad3e56d7c3b,e854f053-5621-31fa-afa1-29040b0d7466,Zane918 Ferry570,M,GENERAL PRACTICE,1575 BLUE HILL AVE,BOSTON,MA,021262122,42.2698727,-71.0940406,47,0
0c1d6730-6183-3455-bb53-8c80d616436d,752c7570-1637-36cf-8b74-03ea3acfa98c,Hiram237 Moen819,M,GENERAL PRACTICE,12 LITTLEVILLE RD,HUNTINGTON,MA,010509761,42.257603957277915,-72.87133712317558,80,0
e03b6790-bbfb-30e8-b390-51758d59c5b3,1563fcb4-76a9-3ea4-863d-e276f38b9b3e,Elma843 McCullough561,F,GENERAL PRACTICE,700 ESSEX STREET,LAWRENCE,MA,018414396,42.7020708,-71.17231,37,0
72a8448c-ab82-3861-90f8-8353ca14c5f8,fbd4ccdf-2fdb-3652-9bbe-1ccff886bd34,Jermaine675 Collins926,M,GENERAL PRACTICE,320 CENTRAL STREET  UNIT A2,SAUGUS,MA,019062372,42.4632069,-71.0093761,29,0
cde6e993-7461-3bdd-a187-11043c0dc9e5,136e0049-9edf-355f-9d7c-aabc5c74761d,Leonardo412 Schiller186,M,GENERAL PRACTICE,255 LEBANON AVE,PITTSFIELD,MA,012017828,42.4320582,-73.3065210384207,1,0
6d472f3c-d4b6-3947-9613-f869ed5b8a2a,65f0254a-73a3-3b06-bced-54d511445535,Elbert916 Carter549,M,GENERAL PRACTICE,720 BOSTON POST ROAD,MARLBOROUGH,MA,017523766,42.355106,-71.47654,6,0
6d41eeef-ee6b-3c17-b24c-ea13458f98d9,901c2d40-1ca3-3879-9a20-c663b8adc0a9,Emory494 Schuster709,M,GENERAL PRACTICE,800 WASHINGTON STREET,STONEHAM,MA,021802445,42.4863168,-71.0928919,962,0
65b97803-2fde-33c8-8c6c-12a9ccacb405,6170552c-4d27-3e64-8068-64a380f1837d,Jackelyn13 Pacocha935,F,GENERAL PRACTICE,76 SUMMER ST,HAVERHILL,MA,018305814,42.7786873,-71.07306505177553,770,0
0abb8a8a-0a2f-36bb-aa56-2f3384535d33,e6cc6043-299a-3581-8f6b-b3b5d62c46ae,Fritz267 Farrell962,M,GENERAL PRACTICE,532 SUMNER AVE,SPRINGFIELD,MA,011082458,42.08631583333334,-72.55792579166666,211,0
7b64d1be-3013-3b17-b9a3-705829b28d5b,b9e35b8a-9831-32d8-a6dc-d7a546c126b0,Venus149 Blick895,F,GENERAL PRACTICE,111 HUNTOON MEMORIAL HIGHWAY  1ST FLOOR,SPRINGFIELD,MA,011092550,42.1018764,-72.5886727,1922,0
219a05e2-49fa-32a6-8df8-68450a7cb811,70d5bbef-3c05-3318-b9d7-003dc8fbb8cf,Shenika151 Little434,F,GENERAL PRACTICE,33 SUMMER ST,TAUNTON,MA,027803479,41.9005416,-71.08895606814966,5,0
7bcf51c8-b264-32aa-951a-bfb028ec92a7,22249c0a-8ce9-3726-a3bb-b037c773ce5c,Leah288 Sauer652,F,GENERAL PRACTICE,337 NEPONSET AVENUE,DORCHESTER,MA,021223103,42.2875144,-71.0470691675753,60,0
a6df7375-15f0-3b0e-8362-b3603cf94675,18df2721-3f76-3f83-94d5-63597cedd298,Kylee806 Romaguera67,F,GENERAL PRACTICE,909 SUMNER ST,STOUGHTON,MA,020723396,42.1005097,-71.0830269025407,86,0
871e4196-f446-33d6-babf-06b110371cac,46a09a29-4bda-3572-89dd-5def154669ed,Julian715 Kiehn525,M,GENERAL PRACTICE,4901 N MAIN ST,FALL RIVER,MA,027202080,41.758923100000004,-71.11356439219409,2,0
52280687-1ecf-3409-9a60-665f899e376b,b1965e0b-9ef4-3e96-bad6-cb88ea7e7324,Ana Luisa894 Benavídez820,F,GENERAL PRACTICE,1 HOSPITAL RD,OAK BLUFFS,MA,025571406,41.46063105,-70.57989080295974,249,0
18d0af1e-ea49-307e-9a81-94b1842dc373,38508743-50d1-3429-8fe2-37e42ddaf20e,Marth98 Mayer370,F,GENERAL PRACTICE,164 HIGH ST,GREENFIELD,MA,013012778,42.595268700000005,-72.59288632376354,3982,0
7c016f97-9a03-376a-abc5-be4ff4a0a210,2f735290-1603-31b5-b561-7c8e0d413170,Jerónimo599 Vargas494,M,GENERAL PRACTICE,100 FOXBOROUGH BLVD STE 230,FOXBOROUGH,MA,020352878,42.041851949999995,-71.23486657070565,203,0
891bb415-0758-35c0-a8b3-0ab678f0bcaa,6b2e5b97-70f6-3219-8c99-86de138e6808,Tomeka87 Rutherford999,F,GENERAL PRACTICE,123 SUMMER ST,WORCESTER,MA,01608,42.26496835,-71.79655403681465,70,0
66f56c30-e0b8-3e3b-9c93-8ba453cf8240,27bf2e46-7445-35e7-9106-3ce1b074db47,Alfred550 Donnelly343,M,GENERAL PRACTICE,80 BOSTON RD,NORTH BILLERICA,MA,018621034,42.5871093,-71.2948553,1,0
1b3878f3-5f2e-3580-81a9-7ad494269069,e1818b21-4458-3b9c-b2b8-7ed6f57ae078,Sid118 Wilderman619,M,GENERAL PRACTICE,2399 BOSTON ROAD,WILBRAHAM,MA,010951185,42.14668485,-72.45048427046072,223,0
fc4c96ad-cb7c-310a-a33e-e7df9ad77817,970993ce-f590-3150-9733-0e02c569b87f,Anthony633 Wilderman619,F,GENERAL PRACTICE,150 YORK ST,STOUGHTON,MA,020721829,42.144646800000004,-71.09875876961266,1,0
9814d1ce-9775-3bd2-afd6-cd38d8e13ab6,328f813e-4de8-3ec2-a113-43f3ddfb0b2a,Eldridge510 Roob72,M,GENERAL PRACTICE,30-40 WESTPARK STREET,BROCKTON,MA,023015241,42.0834335,-71.0183787,143,0
c3d006a8-e60d-36dc-bf06-5a2bfa90887b,8d110f42-6f75-3751-b0c5-b45ab08333a1,Shonna561 Feest103,F,GENERAL PRACTICE,88 WASHINGTON ST,TAUNTON,MA,027802465,41.9062805,-71.09518121351795,306,0
00258405-426c-3c78-af88-4fc352a0ee2a,200746fc-5d0f-3ec7-a2a9-3d9a219ee139,Latrisha74 Rippin620,F,GENERAL PRACTICE,800 CUMMINGS PARK  SUITE 3100,WOBURN,MA,018016355,42.4977745,-71.1237712,32,0
9fc5bbb7-1417-3805-810d-56d79c64973a,dd3307db-114c-3f11-be44-a9eef6bb3fc5,Francis500 Ratke343,M,GENERAL PRACTICE,269 UNION STREET,LYNN,MA,019011201,42.4652772,-70.94362420273097,194,0
09381608-ef6e-3909-9fc8-a1511c4a5cdf,36d96ba1-1b43-3fda-b4b0-84205d5b3a16,Nickie321 O'Conner199,F,GENERAL PRACTICE,10 BELLAMY ST,BRIGHTON,MA,021351502,42.354847649999996,-71.16853348093532,1,0
d6036a5c-04a6-306e-b659-15c153b94ee9,1d87bbfa-19aa-3128-adca-420ff8d5a12a,Junior695 Pacocha935,M,GENERAL PRACTICE,771 CHURCH ST,NORTH ADAMS,MA,012474109,42.680927100000005,-73.09950699822534,27,0
36653860-563c-3455-9cec-38caaf38b5d2,f2068cee-c75c-321d-9b2c-c33535db89c9,Octavio643 Prosacco716,M,GENERAL PRACTICE,32 BOSSI AVE,RANDOLPH,MA,023682002,42.20017865,-71.0582074,283,0
1462394f-86cd-3a7e-9899-de291daae843,66505876-04a4-3f6e-9aa8-7232ee43ab76,Iola859 Rodriguez71,F,GENERAL PRACTICE,548 ELM STREET,NORTHAMPTON,MA,010602832,42.327755,-72.657308,2,0
57c031d2-36f4-3d53-8813-c94c822192ea,9285ca02-6788-3ae1-b1b7-3b313abbfea1,Everett935 Dach178,M,GENERAL PRACTICE,59 COOLIDGE HILL RD,WATERTOWN,MA,024722816,42.36721805,-71.1528107445055,2,0
a7381248-0a86-3f6e-9691-5123cee64eaf,9b1f8cd0-2246-3f4f-82df-23ea314c7665,Claudio955 Bruen238,M,GENERAL PRACTICE,800 ESSEX ST,LAWRENCE,MA,018414617,42.70162725,-71.1755487945157,3,0
cb6b49c5-fb7a-3cc9-add6-69464b5c33fa,15d4c950-4691-3996-b4c4-bf06bfb58ff7,Azucena377 Crona259,F,GENERAL PRACTICE,70 EAST ST,METHUEN,MA,018445883,42.7285558,-71.16833738237946,1846,0
391060c7-02c5-3ba5-8c06-a898c39bd501,655f2a4f-419c-39d3-8ed6-6c4117eb7e32,Aurore252 Herzog843,F,GENERAL PRACTICE,21 MAIN ST,NORTH READING,MA,018641326,42.566971949999996,-71.10799861135133,81,0
2457ed60-2574-3cd6-88fb-841087625ef8,118e081c-c2f2-35cd-b9c3-ef534f1b7830,Brooks264 Ziemann98,M,GENERAL PRACTICE,1364 MAIN ST,READING,MA,018671137,42.55581805,-71.10585713492983,4,0
6adbb0bf-23f1-360a-80a9-dc81a0cb11b6,5018c664-e283-30eb-932a-529d9a19b3b5,Numbers230 Stehr398,M,GENERAL PRACTICE,300 SOUTH ST,WOBURN,MA,018014979,42.473347,-71.144086,378,0
7eabebe7-ce19-3bc1-85f3-3d4136240d31,2e8b42f8-4300-30a9-a576-d513d1021a0a,Chris95 Haag279,M,GENERAL PRACTICE,600 CLARK RD,TEWKSBURY,MA,018761699,42.63120935,-71.27023603178071,314,0
f3609c25-8a3d-3416-b6ff-b0682a9933a3,0caa0116-ef9a-3d4c-bcff-9c405a9d2bda,Yasmin241 Emard19,F,GENERAL PRACTICE,105 CHESTNUT ST STE 35,PLYMOUTH,MA,023604054,41.884685,-70.847219,68,0
83b21303-cb65-35ca-9e4d-54d56bcb4502,5ba77f2c-8ce5-3dde-bb46-3ffcceb3bfbf,Isidra572 Quitzon246,F,GENERAL PRACTICE,188 FLORENCE ST,CHESTNUT HILL,MA,024672641,42.31835025,-71.17401686317635,4,0
796c2382-35f0-3095-8eb1-905d81acb494,847ba43f-362d-3325-a095-93eb95d9dd90,Lawanda300 Bayer639,F,GENERAL PRACTICE,60 E SILVER ST,WESTFIELD,MA,010854434,42.1147598,-72.73956114707532,3,0
bdae2644-48eb-36bc-b8de-e3071e0faba1,d140ed3f-2696-3e78-bd77-1c959ec4fc4d,Jamal145 Marks830,M,GENERAL PRACTICE,863 HATHAWAY ROAD,NEW BEDFORD,MA,027401916,41.6512968,-70.9669902070805,28,0
cef68d99-efb9-3cea-b065-fe9cd44230cb,1cff30ba-b91f-3ea2-b80b-770d67856358,Duncan491 Halvorson124,M,GENERAL PRACTICE,359 JONES RD,FALMOUTH,MA,025403341,41.5591273,-70.60352436630029,20,0
5fd85854-509d-304c-a3c6-39778a994325,d4e48a16-0a60-3e90-81e5-c35b22ffe6af,Bertram873 Kutch271,M,GENERAL PRACTICE,856 STATE RD,NORTH ADAMS,MA,012473027,42.69967208677275,-73.16330754755236,99,0
48573a74-b640-3b60-b6e9-01f1df1caf15,a609d72c-6c90-3703-8500-02b8c9c0f6dc,Lenard338 Dickens475,M,GENERAL PRACTICE,1000 NORTH ST,PITTSFIELD,MA,012011520,42.4680348,-73.24334506233173,2,0
485878e0-651b-37e0-ae18-110679df52f0,4ff8b164-4cf5-3ab4-b0f2-7ce8fda920e5,Latrisha74 Mante251,F,GENERAL PRACTICE,800 WASHINGTON ST,WORCESTER,MA,016550002,42.180483,-71.867782,427,0
126d7e5b-0572-3b38-ab8c-2076a4c903f3,f7171d7c-0d92-33cf-98dc-abd628d79750,Wilford267 Schmidt332,M,GENERAL PRACTICE,431 POND ST,JAMAICA PLAIN,MA,021303402,42.310128500000005,-71.1321602569144,1,0
43fd0edf-39fb-35f2-ae9e-f884a2feef8f,d41a8965-a4fd-3c8b-92f9-b9a8e49cabf7,Alfreda3 Little434,F,GENERAL PRACTICE,237 MILLBURY ST,WORCESTER,MA,016102177,42.2495115,-71.80061565103092,3,0
06173aba-1c78-3736-82ec-74879fca42ba,6f95a7a4-3343-3d14-b8b5-35d1e3247551,Denis399 Bailey598,M,GENERAL PRACTICE,254 BILLERICA RD,CHELMSFORD,MA,018244114,42.5969934,-71.3233653623669,1,0
c079d315-a501-30c6-bf34-b052837f734f,39c15c0f-5c49-311e-99d2-1fb99d80e06e,Nancie476 Homenick806,F,GENERAL PRACTICE,398 NEPONSET AVE,DORCHESTER,MA,021223134,42.286764399999996,-71.04402811508834,242,0
e32079bd-cbfa-3479-92ea-f32d8c413114,e39e92a8-2fde-314a-8fb1-8551218f03d9,Oliva247 Runolfsdottir785,F,GENERAL PRACTICE,60 EAST ST,METHUEN,MA,018444547,42.7265686,-71.16640139527428,69,0
082134df-5e29-3ab4-8167-4998021a6f00,8f22037a-070f-3fcf-8f39-fa879f0ae107,Albert312 Hermann103,M,GENERAL PRACTICE,567 DARTMOUTH ST,S DARTMOUTH,MA,027481826,41.61112,-70.93937914285715,7,0
3ebc1036-770f-31d3-ad8e-9fe55188c40a,bccd7d67-203c-3d93-b6b0-bff5a146cd1d,Courtney281 Kihn564,M,GENERAL PRACTICE,286 WASHINGTON ST,STOUGHTON,MA,020721763,42.1384306,-71.1022598,460,0
3f2e49de-20e4-31e9-b3a6-b6f0aae2af93,07baae96-3d74-3c69-a845-dad7b792eb52,Sheryl275 Brekke496,F,GENERAL PRACTICE,42 ASBURY ST,SOUTH HAMILTON,MA,019821808,42.61322825,-70.87300675048934,103,0
06407e89-1f93-30b8-927a-38348e4d7490,63cb4d95-04a9-3a35-b5d9-f89e0377a48d,Thanh759 Weber641,M,GENERAL PRACTICE,211 PARK ST,ATTLEBORO,MA,027033143,41.9419187,-71.2752081695297,2130,0
ee432c38-4643-3f68-b779-9c297bededa9,6e290541-eba3-37fc-a3e2-e58f77e84c7e,Christeen33 Toy286,F,GENERAL PRACTICE,15 LENOX ST.,SPRINGFIELD,MA,011083122,42.085779,-72.55846414285715,398,0
0675fa96-a61b-3ba9-bc09-7a757a4b47b4,263d1b03-1560-3fc3-b93d-c33a0cbd5837,Clemente531 Treutel973,M,GENERAL PRACTICE,10 RIVERSIDE DRIVE  STE 201,LAKEVILLE,MA,023471689,41.8771119,-70.92344635,19,0
53c95e1f-4f7e-3a6d-af3d-f8cab55ed115,32741060-a632-36de-907b-3c21caacf07a,Agustin437 Wehner319,M,GENERAL PRACTICE,455 BRAYTON AVE,SOMERSET,MA,027262642,41.7294555,-71.16190171707717,1,0
efe3e6c6-64cc-3892-b39f-67982ad4f409,4e880cb9-1ca0-3582-b8cf-8a59b0d2b878,Haywood675 Bednar518,M,GENERAL PRACTICE,51 S CHURCH ST,PITTSFIELD,MA,012016178,42.44648205,-73.25863241543368,265,0
00e5b8f0-a571-3649-b0d4-aa309b0484e9,a2a41caf-758f-3962-8e5f-e6e603f93d17,Noelle559 Padberg411,F,GENERAL PRACTICE,111 HUNTOON MEMORIAL HWY,ROCHDALE,MA,015421305,42.2020225,-71.89891616754682,2755,0
15bc99b0-fcae-3f2f-93da-122ebc9cd9c5,ca62a361-9c79-32d1-92cc-ffc0d5d19679,Benedict104 Barrows492,M,GENERAL PRACTICE,19 HENRY ST,SHARON,MA,020671714,42.109147300000004,-71.20768205338297,158,0
ada9d09b-ca02-3007-9d54-d52b7ba63482,0d24cc89-3256-330c-b36d-d8de8babef84,Delicia67 Bernhard322,F,GENERAL PRACTICE,1030 FALMOUTH RD,SOUTH YARMOUTH,MA,026641218,41.6667779,-70.1847414,186,0
1cdbd1ab-15da-33af-9c66-cbba612e812d,db28cc9a-fdfb-35a6-aef7-ab9b933ef244,Clement78 Gleason633,M,GENERAL PRACTICE,8 DANA STREET,CAMBRIDGE,MA,021385402,42.3694992,-71.11011030010101,79,0
8ba3d5e6-f3d1-3d1a-88f8-83235836327b,b7bec03f-a254-3059-b3f7-616d9a70d26f,Mitch821 Powlowski563,M,GENERAL PRACTICE,751 SCHOOL ST,WEBSTER,MA,015702924,42.036747500000004,-71.88077470887096,1,0
bd0a430d-9f42-314c-803a-65051059291b,19a65317-5d32-355e-8f82-88933d48366d,Carl856 King743,F,GENERAL PRACTICE,5 PRECINCT ST,LAKEVILLE,MA,023471468,41.8455651,-70.95195924208448,39,0
948d571a-2a7e-3703-918f-effc64e1899d,844a8cb2-4164-35b2-88b8-dffa2889a738,Shemeka786 Conn188,F,GENERAL PRACTICE,150 UNIVERSITY DRIVE,AMHERST,MA,010022232,42.368937,-72.53247107203978,41,0
6458010b-0b93-38da-a720-224a8a71a6e8,ee6705d5-db4a-3120-bbe1-1e72972a841f,Regena252 Huel628,F,GENERAL PRACTICE,101 JACKSON ST,LOWELL,MA,018522103,42.64221447368421,-71.31029421052632,99,0
c701cdf1-7fea-3817-9457-59c3e94110ed,a6fb79e7-4abb-3a68-b62d-e501427fdca4,Barb55 Renner328,F,GENERAL PRACTICE,489 WASHINGTON ST STE 202,AUBURN,MA,015015709,42.187836,-71.83104,509,0
6df1e2d9-b587-3642-a8e5-289109797c70,52e42aa3-27fb-3298-a3ae-25529dfe6347,Ambrose149 Mills423,M,GENERAL PRACTICE,85 BEAUMONT DR,NORTHBRIDGE,MA,015341093,42.15719035,-71.6521339767302,3,0
6051e863-419a-3e9e-84d7-f4057eb7c7e1,756ed90d-15f4-377d-b99f-ca1de5633481,Cathleen724 Runte676,F,GENERAL PRACTICE,115 HOLLISTON ST,MEDWAY,MA,020531954,42.158983899999996,-71.41067830029175,2,0
34f1adaf-5286-3ea0-8a5f-e8160d703602,b92c875d-5390-3cc7-9cc5-67ade724daf3,Deon400 Hansen121,F,GENERAL PRACTICE,65 COOPER ST,AGAWAM,MA,010010325,42.07895845,-72.62045515660407,3,0
c2d8f039-ce69-3b2f-ab1f-cc97e1486b72,4e3c60e6-dbed-32c3-9b03-767d7fbc82b0,Gordon377 Lind531,M,GENERAL PRACTICE,222 RIVER RD,LEEDS,MA,010539783,42.364084399999996,-72.70745188531934,8,0
8d07e9fa-d330-3e61-9411-39159209f382,fcad54de-c1cb-3039-8e22-1d2d28134044,Cleveland582 Lesch175,M,GENERAL PRACTICE,70 EAST ST,METHUEN,MA,018444597,42.7285558,-71.16833738237946,9,0
5e6dfb53-c2f6-358a-bb79-c1133104a63c,9d0e702d-50a0-3f4c-9126-0951d560fd4b,Hellen346 Roberts511,F,GENERAL PRACTICE,189 MAY ST,WORCESTER,MA,016024339,42.25986305,-71.83597786023279,910,0
d17b72b3-d6b0-3bf3-91a3-cb0e1eb5bd73,f0e3e152-0b08-3819-b962-b043f63f6dc1,Kirby843 Rippin620,M,GENERAL PRACTICE,1010 VARNUM AVENUE,LOWELL,MA,018541915,42.6422606,-71.36626685573418,13,0
a3236cd6-35a6-34f4-9043-6bffa6a54f34,81b1ef2b-8d3c-3923-859d-ae56099e037a,Graciela518 Pabón228,F,GENERAL PRACTICE,19 VARNUM STREET,LOWELL,MA,018502132,42.6520846,-71.29979019978185,2,0
e5b86524-d188-3e08-ac09-8cf09cbc656b,2fa36ef4-0a5b-358e-b76f-f4ada6c48e8b,Blanca837 Magaña874,F,GENERAL PRACTICE,90 ROUTE 6A,SANDWICH,MA,025635301,41.76404705,-70.50066669296109,127,0
4612978b-5ee4-3848-9f39-fa6b1f8b9e70,ea8d287f-b3a9-3800-8798-788e334ee406,Palmer257 Kuphal363,M,GENERAL PRACTICE,81 HIGHLAND AVE,SWAMPSCOTT,MA,019072928,42.4699241,-70.9171507,633,0
1ce9f45f-c07f-36d8-acaf-8e6851a56dad,c7542447-e06e-32cb-b6db-243c23a0dbc2,Carson894 Krajcik437,M,GENERAL PRACTICE,30 WARREN ST,BOSTON,MA,021353602,42.3501483,-71.14393324457691,1389,0
1c82f3cd-a626-364e-bf1f-315b913eb4d7,d9fe2c9c-135e-3da3-8de8-1a0ff165d886,Eldridge510 Marquardt819,M,GENERAL PRACTICE,1430 MAIN ST,WORCESTER,MA,016091121,42.2492003,-71.92931780325071,297,0
d05f8aad-8b27-3418-8d1d-8fc91c242783,50c47685-8125-3c50-8311-8bd7ba9e9108,Beth967 McKenzie376,F,GENERAL PRACTICE,4199 WASHINGTON ST,ROSLINDALE,MA,021311733,42.2871447,-71.1277526,391,0
d3d51020-b6e5-3a31-952d-752497b69e7d,8bf5325a-c11b-35c4-b07d-17a5aeba8353,Rueben647 Okuneva707,M,GENERAL PRACTICE,815 WORCESTER STREET,SPRINGFIELD,MA,011511001,42.1018764,-72.5886727,43,0
e3971d97-d1e8-366d-8335-ad314a66252e,6dafa732-cdaa-37ab-a33c-b14878e841d7,Taylor21 Howe413,M,GENERAL PRACTICE,400 BROOKSBY VILLAGE DRIVE,PEABODY,MA,019601488,42.55186794282506,-70.97276672693852,9,0
9ed2643c-453d-3fc9-a0fb-cd2f97ac9e2a,87f3b181-1c52-3161-a15a-ea2d9a04b35f,Frederick289 Gerhold939,M,GENERAL PRACTICE,565 TURNPIKE ST STE 71,NORTH ANDOVER,MA,018455936,42.664934200000005,-71.11635234067887,32,0
de9f642c-0b4c-3503-a3e7-458d867ebf27,43e22208-dae0-3196-b30b-17b3c50679c2,Shayne60 O'Kon634,F,GENERAL PRACTICE,147 PELHAM ST,METHUEN,MA,018442060,42.7288158,-71.20222773774655,147,0
046cc419-f25e-3d3e-9457-9acf728852bb,46375470-1e20-3ddc-8dc5-010ba53826b6,Jude172 Reynolds644,M,GENERAL PRACTICE,40 WRIGHT ST,PALMER,MA,010691138,42.16934095,-72.34120457065711,2498,0
c84fac80-8c15-32a0-8833-2222e8fac45c,9d2a1656-0f4d-30d1-bc63-eb365a05529c,Maynard46 Ward668,M,GENERAL PRACTICE,235 N PEARL ST,BROCKTON,MA,023011794,42.09805395,-71.0609587194362,127,0
13a3041d-4192-33d4-a6d8-d143315dd5d2,aba3e6f6-4562-342e-b90f-dd61b117f394,Maryjane289 White193,F,GENERAL PRACTICE,438 CHESTNUT STREET,SPRINGFIELD,MA,011072008,42.11291091861002,-72.59692685125127,129,0
0c8905d8-c842-36b3-8318-938ba1eb9908,a4b91172-69e7-3895-bd89-b9a0868de5c2,Shanita956 Wolff180,F,GENERAL PRACTICE,651 ORCHARD ST,NEW BEDFORD,MA,027441052,41.6149879,-70.93113851963673,253,0
ccba6434-2330-3e46-ac3e-fb5c38786d22,47fb5a56-bee5-3ecd-9958-706b20831c82,Ezra452 Torp761,M,GENERAL PRACTICE,600 CUMMINGS CENTER  SUITE 270X,WOBURN,MA,018016356,42.4792618,-71.1522766,5,0
7fe0fe9b-d455-36e8-9169-e532cde31301,72f50aa0-d8c9-34dc-ac58-c428323f3bcd,Ricky354 Little434,M,GENERAL PRACTICE,55 FRUIT ST,BOSTON,MA,021142696,42.36286045,-71.06875296664998,138,0
dea75734-b262-3390-afbb-db8eb5517781,9203d0d2-ca7d-3421-9361-974402ffb561,Shelby741 Shields502,M,GENERAL PRACTICE,58 OLD NORTH RD,WORTHINGTON,MA,010989708,42.414246,-72.93841842197347,185,0
febbf5c9-46fc-3f8f-86bd-f073adce3c3e,3fea2678-1991-3390-b5f1-ebe38f28888b,Jannet618 Buckridge80,F,GENERAL PRACTICE,135 WEBSTER ST,WEYMOUTH,MA,021901613,42.2212188,-70.9391625,26,0
86bdb84f-5d01-35d1-9f1d-39cef4352f86,ca8a919a-05f9-3687-bfb6-42800a70031e,Josue598 Flatley871,M,GENERAL PRACTICE,6111 OAK TREE BLVD STE 301,FRAMINGHAM,MA,017014613,42.3095704,-71.4413097,168,0
81f6d98c-9fd8-371a-8846-c4df0ebef4da,b1581267-6289-3035-9c95-ddd030f098c1,Weldon459 Hettinger594,M,GENERAL PRACTICE,26 HARVARD ST,WORCESTER,MA,016092833,42.27170425,-71.801564,4,0
a43fda80-ba23-3978-b49d-91ab75cdca90,eee00932-ca82-36bc-b7e8-e3fff6dbaeaa,Cira533 Hane680,F,GENERAL PRACTICE,450 BROOKLINE AVE,WEYMOUTH,MA,021893141,42.2212188,-70.9391625,2104,0
378637ba-2fde-3eb7-a50f-332e2faa6111,50c7f768-9138-3dae-a67d-953bdf9ad754,Marco Antonio298 Guerrero997,M,GENERAL PRACTICE,125 COUNTY STREET,TAUNTON,MA,027803561,41.8960599,-71.07799243944345,66,0
16fbb86c-4613-3f24-aac1-2af44ccbf882,a194e94a-dd16-347e-95ea-8d00052c14d1,Elvera717 Gusikowski974,F,GENERAL PRACTICE,833 MAIN ST,S YARMOUTH,MA,026645254,41.65171785,-70.21464095380932,76,0
d20c3f30-cc0b-3763-a53f-107deb47c618,be509ccb-bfb7-3b87-8945-8426b689ef9d,Man114 Balistreri607,M,GENERAL PRACTICE,2049 DORCHESTER AVENUE,BOSTON,MA,021244742,42.3554334,-71.060511,64,0
476b3480-01ed-3f17-b20c-1fee7b1bf6d0,c0719377-d40a-3e9c-9f7c-af47c93b3f40,Freeman822 Sawayn19,M,GENERAL PRACTICE,80 SUMMER ST STE 1,BOSTON,MA,021101218,42.35403315,-71.05809515865283,28,0
1d28ccc0-5737-3a19-88ab-a53d3204319d,065eba51-cef7-3976-8654-ba8e7df887ce,Lyndon118 Block661,M,GENERAL PRACTICE,1165 NORTH PLEASANT STREET,AMHERST,MA,01002,42.40927615,-72.52971238527101,40,0
ca3f9c09-a2ae-3765-a450-2bcd776e1c58,a06b1a97-d6ce-3ea1-ba4a-2ef85a8114ab,Kyle55 Goyette777,M,GENERAL PRACTICE,400 GROTON ROAD,AYER,MA,014321171,42.57821195,-71.5733060441645,87,0
8464bb1a-d041-3896-a104-64ab82630ad3,73c7eaf8-f8b3-383f-b3e1-4d8ff5ca255d,Nicki254 Bartell116,F,GENERAL PRACTICE,161 FALMOUTH RD,MASHPEE,MA,026492662,41.6314877,-70.46769809885944,4,0
406cfe88-4ed4-38d1-9262-be3cd576e34e,71455c27-ff31-3c99-a1ac-9773f7bcba96,Patrice780 Walsh511,F,GENERAL PRACTICE,6 MORRILL PL,AMESBURY,MA,019133502,42.84870445,-70.9320636014072,3,0
66f0b84f-5cd9-33b6-82b4-791dd41a2906,1214636f-3c27-3011-a715-3191a36a2a85,Darell496 Ebert178,M,GENERAL PRACTICE,28 ESSEX ST,LYNN,MA,019021754,42.47493315,-70.9274241816419,2,0
c3b704ee-2938-388d-bc4c-2cdb0b4f9442,6873525f-1680-3ceb-b536-270d44b46e2e,Raymond398 Nicolas769,M,GENERAL PRACTICE,500 COLUMBIA RD,DORCHESTER,MA,021252322,42.3147979,-71.067633,102,0
a3bd0ff3-b3e1-3a45-a370-01785d5e6780,6c7fe370-02c4-3537-8f5e-373b2168b933,Charlesetta336 Swift555,F,GENERAL PRACTICE,60 HOSPITAL ROAD,LEOMINSTER,MA,014533791,42.54031915,-71.76312990486304,11,0
cc590d9f-b976-3d20-8b1f-d7dfd6adf300,9fbf3c5e-5f22-3b9f-9032-39d6de320874,Rufus33 Langosh790,M,GENERAL PRACTICE,150 FLANDERS RD,WESTBOROUGH,MA,015811017,42.2770724,-71.5679154706427,1,0
f3a48382-2862-37bc-861d-c98420d7bece,f8918a95-31e8-3ac4-8d12-29ca6080ebda,Domitila545 Vandervort697,F,GENERAL PRACTICE,199 REEDSDALE RD,MILTON,MA,021863926,42.251368299999996,-71.0768393856917,1381,0
1c571819-703f-351c-a385-14b372cfb2ed,bce5b907-584b-345d-bbcf-912cf56cb6c3,Monte325 Parisian75,M,GENERAL PRACTICE,11-15 SANDERSDALE ROAD,WORCESTER,MA,016032467,42.0667952,-72.0084995,210,0
6d2c1c0c-58d9-36eb-805d-fea0b577b986,9cec3b3c-fe3f-344e-b9c3-e414dafcd19f,Parthenia862 Dickens475,F,GENERAL PRACTICE,120 MAIN ST,MALDEN,MA,021486904,42.41918695,-71.06618960434116,8,0
9a72643d-38a4-3f09-b169-9366755440c1,8d5880eb-1dd8-31ea-b7c5-21709f3bb341,Nicholle822 Satterfield305,F,GENERAL PRACTICE,50 ROWE ST,MELROSE,MA,021763201,42.4592093,-71.06078096379728,352,0
6e540f3e-e57e-36d8-ace0-05e0a6a5a89f,ca9ee1b8-abeb-3b62-a017-8839fbe10847,Mikel238 Miller503,M,GENERAL PRACTICE,172 LAWRENCE STREET,LAWRENCE,MA,018413849,42.7138132,-71.1639172,22,0
370ef325-34d9-38f0-9986-e8ad5ac8043c,0ec04450-c150-322d-b2c3-1449d672a23c,Renaldo199 Huels583,M,GENERAL PRACTICE,110 W SQUANTUM ST,NORTH QUINCY,MA,021712122,42.27259075,-71.03082765,28,0
322eb247-6b87-3e98-89de-78c13edaf242,fd650ebc-a642-3818-b073-692473cd31f1,Tobias236 Kris249,M,GENERAL PRACTICE,900 CUMMING CENTER,BEVERLY,MA,019156181,42.5584284,-70.8800491,43,0
e24be242-2124-3d89-aafb-878fbe149e08,f99f149d-87f2-3900-b433-d2d87144e34e,Esteban536 Metz686,M,GENERAL PRACTICE,1 HOSPITAL RD,OAK BLUFFS,MA,025572747,41.46063105,-70.57989080295974,5,0
2efffea8-ded1-376e-b668-3a186a1dcd2b,3ff0f58b-7a1f-3334-9449-ff15f68b7d86,Crystle668 McCullough561,F,GENERAL PRACTICE,275 SANDWICH ST,PLYMOUTH,MA,023607761,41.94186605,-70.6455366462985,735,0
35a7a239-0e4a-3b50-a78b-7f7a8b885775,4e0ec952-dd08-359e-87af-b13809b955ac,María842 Gallegos952,F,GENERAL PRACTICE,37 DERBY ST,QUINCY,MA,021697564,42.2509914,-71.0037374,40,0
853559e8-ee56-30e7-aad1-cb4848430e33,70e3ad4f-b9ff-3f3e-9990-2cd7e23a9d1c,Tambra47 Bosco882,F,GENERAL PRACTICE,1238 RIVERDALE ST,WEST SPRINGFIELD,MA,010894675,42.1373438,-72.62624707492338,467,0
1104fe82-fba5-3443-bc03-10e79ac2bc74,dbe1e521-57da-3855-9aa0-aabadbd17e32,Dorsey40 Stark857,M,GENERAL PRACTICE,454 WASHINGTON ST,NORWELL,MA,020612050,42.1592792,-70.85480698781902,4,0
6f2bef13-8981-3f3f-9f03-efdd28727941,80458ace-5754-39b0-807a-1a5b119cb5bb,Wilbert25 Nolan344,M,GENERAL PRACTICE,11 PONTIAC AVE,WEBSTER,MA,015701629,42.06282535,-71.87016198711046,2,0
5a01308a-6687-330a-bd0e-1f04dbef3ec5,8ddbad9e-b5fc-3895-8a1c-17f32197a865,Robert854 Nicolas769,M,GENERAL PRACTICE,1455 MAIN STREET,CHATHAM,MA,026332083,41.6827332,-69.98755685244114,53,0
92ef95ab-5d6d-3d96-8c7d-a73d574119d3,9cfdd210-a2ed-34d6-9381-2f5d999011ca,Warren653 Beier427,M,GENERAL PRACTICE,21 HIGHLAND AVE,NEWBURYPORT,MA,019503873,42.814341671166744,-70.88998002772408,141,0
aaa94530-38f4-3704-826c-2ef29da54cf8,75846b1f-d0ec-3255-9bdd-d09eb0a9dd0d,Paul232 Bartell116,M,GENERAL PRACTICE,575 BEECH ST,HOLYOKE,MA,010402296,42.20105435,-72.628169560868,84,0
277fb4da-98e0-35fa-abdf-dbcf259ae704,dbb0b9c3-e4f7-3fe9-9d53-7289f69a4211,Asha251 Grimes165,F,GENERAL PRACTICE,500 GRANITE AVE,MILTON,MA,021865626,42.25526705,-71.03889973111342,18,0
e783da97-6fb0-3913-b0dd-eb5559141501,7e8bd0f2-2746-355e-92ef-9473818c58a2,Ivory697 Okuneva707,M,GENERAL PRACTICE,90 SUTTON STREET  SUITE 3-4,NORTH ANDOVER,MA,018451655,42.705281049999996,-71.13643624887442,7,0
41efd6cf-bbb4-31c0-8d63-d8306848ba61,dd280187-8662-3732-af81-595d10572911,Clifton91 Lakin515,M,GENERAL PRACTICE,4499 ACUSHNET AVE,NEW BEDFORD,MA,027454707,41.74026055,-70.9450945705336,1116,0
1b169127-cc6d-32a0-b87d-7bd1b5f8a316,a6964d47-8af0-3df2-b99d-d8414eb1cfa3,Reggie481 Schiller186,M,GENERAL PRACTICE,200 MAY ST,SOUTH ATTLEBORO,MA,027035520,41.924394750000005,-71.36076410900014,1911,0
e4cef194-9b7e-3523-999a-17f10f9b4f5e,004554b4-3068-3938-832d-fa7cbe1cd1fb,Lacy523 Littel644,M,GENERAL PRACTICE,25 STONEHAVEN DRIVE,WEYMOUTH,MA,021903951,42.1589443,-70.94970431672323,38,0
afff241d-d46f-36d0-9aa5-f68cb6310850,dae3ee01-f383-366e-9ad6-dc92963064ea,Orville751 Will178,M,GENERAL PRACTICE,1233 MAIN ST,HOLYOKE,MA,010405381,42.16578055,-72.63389634691956,266,0
38add211-b063-3943-b767-51cea96357b5,a7b047dd-186a-32de-8187-b0853c05aed6,Melida518 Mayert710,F,GENERAL PRACTICE,180 LOW STREET,NEWBURYPORT,MA,019503519,42.815683050000004,-70.89666045994463,22,0
54326ab2-b67b-3010-8b89-722713e7fd50,2c708a72-2e25-36a1-8209-d2a708874eff,Kyoko885 Strosin214,F,GENERAL PRACTICE,1324 BELMONT STREET #202,BROCKTON,MA,023014435,42.057156895761736,-71.06994368825448,6,0
cd5f7259-903d-32ae-87a3-61063f685a1b,dac75bc1-cbfa-306b-9a0a-88d5edf3638d,Henry768 Ebert178,M,GENERAL PRACTICE,170 COREY ROAD,BRIGHTON,MA,021358244,42.3433093,-71.14003855124017,107,0
7a284816-44ef-3f68-801c-9bb5c3ff39fd,b7488009-cd48-3a0d-87c4-6c47d1ceb3c8,Marielle507 Hayes766,F,GENERAL PRACTICE,95 COMMERCIAL STREET,BRAINTREE,MA,021844301,42.22110375,-70.97097247044559,71,0
653b2107-66ed-3538-b7e5-146ad81930b2,744bdf85-6223-367c-b1ab-e8c8e0a5eb28,Stella203 Hammes673,F,GENERAL PRACTICE,2 REEDSDALE RD,MILTON,MA,021863800,42.258080449999994,-71.08070895097364,89,0
363a5078-2c4b-3e61-b4d7-e9cf418ca697,b7b02632-03e1-330a-aa40-fdee22899633,Rob341 Cormier289,M,GENERAL PRACTICE,840 HARRISON AVE,ROXBURY,MA,021203432,42.3279605,-71.0830607,72,0
8c3d8ab0-7ece-3484-8974-0345181056a8,679a8e99-0f35-3eec-94ed-d8341e9fe33c,Tony646 Hahn503,M,GENERAL PRACTICE,140 WEBB STREET,WEYMOUTH,MA,021882736,42.22281125,-70.96226691624932,38,0
131c6abf-78bc-3b8f-b586-81d2998d0d40,c6907774-d9cd-3408-b554-08b135423b40,Darrell400 Stokes453,M,GENERAL PRACTICE,642 BOSTON POST RD,SUDBURY,MA,017763302,42.36142375,-71.44123077142632,1,0
fd82ed61-fee4-3232-8e9f-efc52d0c7240,63b4f233-fb49-3b1e-a17c-2d572367b131,Jerry654 Baumbach677,M,GENERAL PRACTICE,2222 CENTRE STREET,WEST ROXBURY,MA,021324034,42.27370345,-71.15856364656862,33,0
ee50763d-b534-3ed5-918c-5f028558096d,f82ff162-c689-3682-876c-220cf96eb97b,Janey243 Schoen8,F,GENERAL PRACTICE,74 MAIN ST,FRAMINGHAM,MA,017022952,42.2976266,-71.42605348361442,79,0
9e222b47-a1e4-3fe6-ade0-20f8b98068d7,9d989fcf-4ad9-3972-ada3-f275d967781e,Cristi782 Miller503,F,GENERAL PRACTICE,100 TER HEUN DR,SANDWICH,MA,025632377,41.7579043,-70.4968152,1732,0
d9b4dfdb-b18f-3359-8a77-23d841f85dc9,87472bc2-7c23-37cc-8355-7f3e88614b6b,Dean966 Kris249,M,GENERAL PRACTICE,305 MAPLE STREET,EAST LONGMEADOW,MA,010282765,42.059258494749486,-72.53388585052694,36,0
36dfefe8-b244-3592-8f8d-085f76c5f562,7a5f7ae1-8437-3f5e-b788-5c2ad57f0a0b,Clay913 Mertz280,M,GENERAL PRACTICE,29 ORCHARD ST,SOUTHBRIDGE,MA,015504003,42.076356200000006,-72.04167805,17,0
9f7d3545-ec60-31f7-82da-16c7b14c357a,b69bccdc-5ad3-3ded-a018-3cd8f369c9d2,Marleen824 Ziemann98,F,GENERAL PRACTICE,120 S MAIN STREET,CENTERVILLE,MA,026323246,41.649898300000004,-70.34309844876677,38,0
fb14c2ea-005d-3a2e-aa50-3afad3563641,af3871c3-2098-3051-bcb7-8a919e194a16,Sherwood961 O'Conner199,M,GENERAL PRACTICE,97 LIBBEY PKWY,WEYMOUTH,MA,021893110,42.19322885,-70.94589987654936,209,0
ece91ff2-860c-38c1-bf26-37138d8cbe3f,542185c1-943a-30f4-aba0-0efaa92488a4,Wilbur107 Rau926,M,GENERAL PRACTICE,142 LAKE ST,ARLINGTON,MA,024764738,42.40328885,-71.15140830652837,147,0
eee003a0-e4f9-3406-8298-e4c9f468d279,de32e6d9-848e-35d4-a217-e62eb5e0bc7b,Rayford811 Abbott774,M,GENERAL PRACTICE,77 HIGH ST,NEWBURYPORT,MA,019503071,42.8055312,-70.87001791778893,2,0
1a7c2b4b-fc85-3336-af49-5dc265bd7785,0319f6d9-60a3-36ac-9f26-b782d7997b1c,Maybell872 Quitzon246,F,GENERAL PRACTICE,22 MILL ST,ARLINGTON,MA,024764738,42.4177455,-71.1579688,56,0
8c82a03c-897c-3cf1-85e8-6048e201454a,a2cc09de-c1e2-3126-8c09-d49f95225281,Cristi782 Leannon79,F,GENERAL PRACTICE,300 LONGWOOD AVE,WALTHAM,MA,024532741,42.3756401,-71.2358004,259,0
ef304dd0-664d-3015-a003-5794f2caeb56,9f2f60a6-87a4-3f45-b753-b63b5b7e9993,Maricruz991 Considine820,F,GENERAL PRACTICE,332 HANOVER STREET,BOSTON,MA,021131901,42.3647421,-71.0536619,272,0
6a16074a-c9df-3e00-bf4b-437931a0c455,44cb1162-a345-3477-8723-c202a3c8cdcd,Shaquita282 Graham902,F,GENERAL PRACTICE,73 W MAIN ST,HOPKINTON,MA,017481619,42.21799145,-71.54005509979045,38,0
fccd70fc-6cac-30a2-a7ba-9f66d6ebcb8f,c5306a86-09a1-32d9-875a-67ef56e131c0,Maragret485 Gutkowski940,F,GENERAL PRACTICE,242 SUTTON ST,NORTH ANDOVER,MA,018451631,42.70773345,-71.1300651,92,0
292bea5e-c44f-3450-bfc2-da0873de89ad,ab16be57-62ea-39a5-8f7a-ee1285cf6934,Ciara810 Gibson10,F,GENERAL PRACTICE,115 MILL ST,PETERSHAM,MA,013669503,42.4865962,-72.1893057,17,0
ef11b548-7a41-361b-bef5-9c463b91530c,f341c366-8313-3790-ab26-d8d27b116ff5,Odell776 Greenholt190,F,GENERAL PRACTICE,80 LINCOLN STREET,WALTHAM,MA,024535465,42.39322121170625,-71.24104146434591,80,0
2fe8af3b-ecb6-3b67-842c-b683ea654879,0d7ef8ee-4e45-3b40-9f2b-f558dce71574,Douglas31 Kuhlman484,M,GENERAL PRACTICE,200 BOYLSTON ST,CHESTNUT HILL,MA,024672008,42.318869649999996,-71.17524247213663,65,0
a55fc5c7-2ddb-3f40-87a6-361669402f5a,1de1aeee-4088-391b-af7a-95d7cfaeaf32,Jerrod232 Denesik803,M,GENERAL PRACTICE,57 PROSPECT ST,NANTUCKET,MA,025542799,41.27514065,-70.10108985970798,23,0
8e7404f6-326c-3122-8582-ecb693a626b9,f312977e-8f41-3816-84cc-e5b12ba36955,Eldora89 Langosh790,F,GENERAL PRACTICE,1153 CENTRE ST,JAMAICA PLAIN,MA,021303446,42.3017598,-71.12855793387442,75,0
e8f4ad00-b27d-3e96-8818-482df2bf47fc,0519b293-2e92-3eb3-aeef-233da0babc93,Joslyn677 Friesen796,F,GENERAL PRACTICE,40 PARKHURST ROAD,CHELMSFORD,MA,018241511,42.6198215,-71.36189212971482,59,0
c3f8196e-bb85-3cbe-8843-f9c49e09c15f,5c896155-eb9a-383e-9162-a43ebb7f1cc5,Sammy219 Mayert710,M,GENERAL PRACTICE,400 LINDEN PONDS WAY,HINGHAM,MA,020433784,42.1972249,-70.91712645007524,13,0
c2848c49-ad29-3bde-8c07-aeca3f1f18b3,c5403c4f-14d5-3171-9227-a9b8327f3149,Tyler508 Ferry570,M,GENERAL PRACTICE,52 OLNEY RD,CHICOPEE,MA,010202103,42.1487691,-72.6071119,127,0
e9e4ce69-e7bb-381a-9666-f8ce27f7814d,a730c5e6-a15f-3e36-8112-8579e507d330,Drew592 Ankunding277,M,GENERAL PRACTICE,28 LORD RD,MARLBOROUGH,MA,017524549,42.34718040987546,-71.57283065352654,122,0
7a130384-578b-3111-ae0d-0e82a9faf9b6,4ffc4e4b-9d8d-3c30-ad84-fc9a7209da94,Troy560 Carter549,M,GENERAL PRACTICE,4525 ACUSHNET AVENUE,NEW BEDFORD,MA,027454727,41.74080975,-70.94731021257817,36,0
0f8715bd-1612-3077-afa8-22184c12ede2,389323ef-b127-3a06-a22d-e24aef033e5d,Eugenio846 Streich926,M,GENERAL PRACTICE,200 PROVIDENCE HWY,DEDHAM,MA,020261881,42.22214545274341,-71.18159060546684,66,0
03124f80-5a35-3690-baf9-7adfab3d71a3,bebc1dac-6c42-3225-b0ba-23278cdf2a62,Antonia30 Hackett68,M,GENERAL PRACTICE,464 MAIN STREET,AGAWAM,MA,010011826,42.07695165,-72.62026217030348,217,0
b9b7516c-191b-3623-9f19-e9cb662f1498,82248deb-13cc-31b2-8764-0233e159a93a,Hank686 Kemmer137,M,GENERAL PRACTICE,19 DEPOT STREET,ADAMS,MA,012201856,42.623644600000006,-73.11852130252683,130,0
ec0c160d-5614-3905-ad49-ef377b3b4d72,5a6fa8a5-90e2-3f70-bb3e-3d9dd7ad2f96,Myrle831 D'Amore443,F,GENERAL PRACTICE,44 NEW LOMBARD RD,CHICOPEE,MA,010204857,42.1678446,-72.54203576723424,8,0
2c7c3331-e5af-379c-9a2e-34cd25f38167,ce4d0501-49eb-396a-bc56-545fdfc624b0,Mauricio81 Daniel959,M,GENERAL PRACTICE,1 HOSPITAL RD,OAK BLUFFS,MA,025571406,41.46063105,-70.57989080295974,430,0
da104170-66c3-31d4-a4f0-5580ecf67c45,70e943de-a18b-3e03-a204-ecca2f01b6d1,Joshua658 Wolf938,M,GENERAL PRACTICE,76 NORTH MAIN STREET,WEST BOYLSTON,MA,015831130,42.393642299999996,-71.79207534741954,7,0
d0762780-b9c0-3257-9d08-6d25ff478ff5,e69e7cbb-8362-30d1-83f2-3a0c492fe2b1,Chris95 Kub800,F,GENERAL PRACTICE,110 LONG POND RD,PLYMOUTH,MA,023602642,41.9255829,-70.65514326847389,157,0
8a36acd3-7249-334b-b619-b41a9f725a4d,1ef8d603-bec1-35f5-a830-2a0b919cf47f,Dudley365 Kutch271,M,GENERAL PRACTICE,1801 TURNPIKE STREET,NORTH ANDOVER,MA,018456322,42.6355548,-71.0761760490546,3,0
c45b5d78-f83a-354f-9e89-c028810d69a7,154cc5db-4906-3411-8aa3-39902c6b3af2,Rodrigo242 Serrano248,M,GENERAL PRACTICE,12 VICTORIA LN,STONEHAM,MA,021802221,42.4916624,-71.10288588889674,29,0
16f8401a-7afb-3f9b-8cb8-4bc73383c44d,d13ac855-c068-3b57-8d65-fc3c90f32558,Mertie42 Orn563,F,GENERAL PRACTICE,383 SOUTH ORLEANS ROAD,BREWSTER,MA,026312870,41.738964949999996,-70.00124453922743,4,0
09e7180f-0cc8-3f22-ac5c-3df5454f8904,9e469108-97a0-350a-b6ba-be2a286b3dcc,David908 Mueller846,M,GENERAL PRACTICE,150 FLANDERS RD,WESTBOROUGH,MA,015811017,42.2770724,-71.5679154706427,2,0
da8aa75b-cc38-3a89-b01e-c97ce5928ec8,afc661fd-71d9-3fc3-adf2-3fc3b5e8a140,Leontine92 Schmeler639,F,GENERAL PRACTICE,680 CENTRE ST,RAYNHAM,MA,02767,41.9487118,-71.0731008,883,0
727375c0-067f-320d-bddd-b060453800aa,be9a14c1-72a6-3186-b199-fdb070768458,Tanner110 Roob72,M,GENERAL PRACTICE,18 FRANCES ST,WOBURN,MA,018013006,42.488288600000004,-71.15015700746171,1,0
893557cf-077b-3024-bd5d-bd46586c6514,06cc2462-430f-3322-9c87-7e971125f510,Kai187 Mann644,F,GENERAL PRACTICE,133 OLD ROAD TO 9 ACRE COR,WESTFORD,MA,018863198,42.5792583,-71.4378411,1042,0
9f75c664-a41f-3507-aa96-83055e9f5dbf,479427f6-9419-3eba-b2c2-b037b4b89493,Karlene380 O'Keefe54,F,GENERAL PRACTICE,180 GEORGE WASHINGTON BLVD,HULL,MA,020453069,42.2630377,-70.8606109,85,0
c2c2f2d5-dfb0-325f-8dcd-92f9865e1826,4932efc0-a23f-3f57-803e-554caa6ae7a8,Lucas404 Nitzsche158,M,GENERAL PRACTICE,2446 HIGHLAND AVE,FALL RIVER,MA,027204504,41.73521465,-71.12778915697172,3,0
087b036f-04a7-3a59-895b-e26094997f22,0c6e2aac-bd59-351f-a144-b2a6855c50f8,Jamila16 Conroy74,F,GENERAL PRACTICE,319 CONCORD ROAD,WESTON,MA,024931310,42.3828732,-71.3206139,1,0
68e9675d-89a6-3bdf-9102-799594287485,8e1aab52-fc16-3b51-ac7b-30379ebf5630,Maria750 Durgan499,M,GENERAL PRACTICE,168 INDUSTRIAL DR,NORTHAMPTON,MA,010602379,42.335726,-72.63284732269418,41,0
8b64a581-af52-323c-a0f8-9d53a9b7638e,759de184-595f-3131-ba20-6a412553496d,Laurie826 Pacocha935,F,GENERAL PRACTICE,49 THOMAS PATTEN DR,RANDOLPH,MA,023683901,42.1594587,-71.06112167252701,3,0
611df3e8-e625-3051-bd2e-d1a98768ef2d,dfc0bac0-55a9-3f25-b0e3-78f9f586560c,Luis923 Alaniz897,M,GENERAL PRACTICE,444 STOCKBRIDGE ROAD,GREAT BARRINGTON,MA,012301295,42.22088152406833,-73.34280352682327,60,0
beeab795-270b-341b-893e-0ba8a4e4c18f,2b3f6816-b774-3bb5-8654-915e5f712f9c,Dante562 White193,M,GENERAL PRACTICE,1650 WASHINGTON ST,WEST NEWTON,MA,024652241,42.34253672934744,-71.23694527065257,1,0
a23f2500-bb75-3af7-90d8-0e9bf9c5b13a,db106514-f254-3402-b6a4-6d210c78c7e2,Morris740 Runolfsdottir785,M,GENERAL PRACTICE,211 FRANKLIN STREET,QUINCY,MA,021697833,42.23691085,-71.00237199954586,41,0
513a8d13-75fb-395a-8928-331b50dff342,ee7fab6f-6438-394f-b1f2-3e452f8f055a,Trey250 Satterfield305,M,GENERAL PRACTICE,75 BRIMBAL AVENUE,BEVERLY,MA,019156009,42.570099299999995,-70.87108224250409,154,0
b951de3a-bdb3-39c1-a68c-e6b8ea311c91,79508e39-d0b0-3613-9d54-168f6e1c3a18,Antonette454 Tromp100,F,GENERAL PRACTICE,200 GROTON ROAD,GROTON,MA,014502056,42.577352149999996,-71.57414587343038,691,0
e1848af3-7397-3a91-8ad1-5ddc2248cdd1,e52b37d6-60d6-354d-90f9-6e9f9eb1d209,Ryan260 Kshlerin58,F,GENERAL PRACTICE,289 ELM ST,EVERETT,MA,021495228,42.4152341,-71.0348323,1,0
bedaa2c9-6812-3ed7-bf2b-71eae523e333,907b1d2f-2bf8-31b5-abc2-14d6b75faa96,Ellis535 Ernser583,M,GENERAL PRACTICE,340 MAPLE ST,MARLBOROUGH,MA,017523200,42.3358161,-71.54106510218209,296,0
a01ca371-4612-3043-a770-44ab55ef293a,1ce0d1a3-b507-3ad1-afc5-b25bfe48b8dc,Margarito178 Welch179,M,GENERAL PRACTICE,10 PEARL STREET,STOUGHTON,MA,020722364,42.125716800000006,-71.1025481568314,27,0
08cfcb1a-0ad8-39d4-bf07-c3ea096a75ab,922d1031-d968-39c2-b73c-d5a495c39068,Todd315 Steuber698,M,GENERAL PRACTICE,350 LINCOLN ST STE 1102,HINGHAM,MA,020432801,42.248735,-70.9209846,85,0
d9339d8b-e93c-3b36-a86e-153a425899d5,17512c83-b259-3632-964e-7fa864c557fd,Ai120 Hyatt152,F,GENERAL PRACTICE,329 CONWAY ST,GREENFIELD,MA,013011522,42.6031458,-72.60983214642542,5,0
5ae9b110-af82-39d4-a10d-937bbc0860df,65cf1d58-590c-3fc8-b68b-f429129a0f79,Josef103 Miller503,M,GENERAL PRACTICE,241 WINTER ST,HAVERHILL,MA,018314835,42.77792505,-71.08618205019678,1,0
05151744-8f51-37b9-8a80-f5ce51933623,880fad59-9c38-3a21-a39f-ccc801502ab3,Halina47 Pollich983,F,GENERAL PRACTICE,799 CONCORD AVENUE,CAMBRIDGE,MA,021381048,42.390849395521705,-71.1556550001627,91,0
103cb743-5b47-3189-9b7d-8259772985d3,352f2e3b-0708-3eb4-9f7e-e73a685bf379,Araceli695 Willms744,F,GENERAL PRACTICE,157 UNION ST,SOUTHBOROUGH,MA,017721215,42.3056501,-71.5245087,3118,0
7588d6dd-492e-33f6-9b6f-b72ae710ca86,5b142cbe-a07c-3f6e-9780-a563644f66e2,Somer38 Wisozk929,F,GENERAL PRACTICE,73 Huttleton Ave.  Unit 2,Fairhaven,MA,02719,41.6318,-70.8801,702,0
d5a0a921-3e45-3bab-ba1d-8e133d8b751d,49fa72da-905b-3258-b22a-06e007c74c81,Theo630 Weissnat378,F,GENERAL PRACTICE,30 CAPITAL DR STE A,WESTFIELD,MA,010851832,42.1390327,-72.7584859,75,0
225924f8-4151-3cbc-806a-67ba5e65bc56,e34d8448-8b98-3f91-9fe7-faeb8a78e1db,Gordon377 Monahan736,M,GENERAL PRACTICE,NEW ENGLAND SINAI HOSPITAL,MILTON,MA,021862377,42.2501425,-71.065573,187,0
e5a3d61a-ba03-3c8d-9f40-e1ba845a2809,a2d45ee8-b930-3169-b612-f602961ad212,Adán600 Abeyta738,M,GENERAL PRACTICE,37 MINUTEMAN WAY,SHREWSBURY,MA,015452229,42.288207,-71.73443816915585,468,0
4605aa5e-4b1e-3009-8e11-87f4ac42be8d,0fa1cab9-83c1-3c85-b7bc-53d8b922e2f7,Annita733 Frami345,F,GENERAL PRACTICE,115 LINCOLN STREET,WORCESTER,MA,016081216,42.2768165,-71.795274,1014,0
f79e23dc-fe36-37c1-8804-02f037ef2e97,817f4acb-0184-3146-9ce0-87197d8f115a,Julienne688 Buckridge80,F,GENERAL PRACTICE,30 NEWCROSSING RD STE 301,READING,MA,01867,42.51809619399502,-71.0959083715027,29,0
ff48547c-7634-396a-a7d6-1020f7b84a8b,4887dc20-9ef6-3cc2-9c56-858388049a50,Kimberlie352 Kertzmann286,F,GENERAL PRACTICE,168 WEST CENTRAL STREET,NATICK,MA,017604122,42.282113100000004,-71.37898579435048,41,0
b45ec43b-77b8-3683-b86f-02a3247c7f8d,10ffe7b1-2f94-3f12-9288-679da05a1ec9,Odessa199 Hintz995,F,GENERAL PRACTICE,133 LITTLETON RD,WESTFORD,MA,01886,42.57056335,-71.41736646422413,289,0
2df56bc7-ea8d-318d-b649-98f975ac0054,4fa643ae-1f58-3c2e-9f33-0ba56345ad10,Trevor374 Williamson769,M,GENERAL PRACTICE,361 MAIN ST,WAREHAM,MA,025712153,41.761384899999996,-70.71911431737183,230,0
ef812581-e956-315d-ac39-87d17aec3384,e98ef46c-e94c-34bc-9cf5-134d8ddcbac5,Patsy569 Olson653,F,GENERAL PRACTICE,10 EMORY ST,ATTLEBORO,MA,027033002,41.9447388,-71.27972821642685,4,0
0f7f4be5-1000-375d-9860-54e8c32d095f,fa34d205-5ac2-3ba2-80a4-bef345dc57f5,Shawnna218 Daniel959,F,GENERAL PRACTICE,37 BROADWAY,ARLINGTON,MA,024745552,42.408086,-71.135914,3,0
f0437553-41bc-3878-9786-b9345fad9411,a73a3693-57ac-367e-b29e-f0f834cbaf66,Chelsey293 Simonis280,F,GENERAL PRACTICE,10 CORDAGE PARK CIR,PLYMOUTH,MA,023607318,41.9788991,-70.6879608,3,0
e8fcfee9-eed2-32e8-ade2-a883c8a45520,fdca6c7b-03d4-3dbe-a0d6-73ea9d295a7a,Nu535 Huel628,F,GENERAL PRACTICE,143 Munson Street,Greenfield,MA,01301,42.580627,-72.623634,97,0
b2589fa6-84c5-3609-b1df-5f101cb4c74b,e6d63525-40f0-3391-a58a-e6a03598911f,Arron144 Kassulke119,M,GENERAL PRACTICE,400 STANLEY ST,FALL RIVER,MA,027206009,41.7148511,-71.13527009152534,56,0
a4f5e457-d095-3e7b-9bda-66fb7590da4d,fb4a08b8-57ee-382b-b3cb-43d94f1bb4c0,Jude172 Hammes673,M,GENERAL PRACTICE,1010 SOUTH MAIN STREET,FALL RIVER,MA,027242855,41.690775450000004,-71.16515282264554,77,0
926aeb01-9b8a-3d1c-a94a-bb8a46c6353a,2b97893e-dc50-378b-a266-f089b8450329,Magdalena964 Torphy630,F,GENERAL PRACTICE,250 MOUNT VERNON ST,DORCHESTER,MA,021253120,42.3194571,-71.04610844302991,322,0
03069d23-c09e-34b4-970a-7ac2d00bbd86,d0894f6b-78d7-338d-82ad-b63de4d40014,Dewayne363 Lemke654,M,GENERAL PRACTICE,330 MOUNT AUBURN STREET,WALTHAM,MA,02452,42.3756401,-71.2358004,688,0
39fefa47-90e0-3ef9-8f57-28d6e3ca1c30,02661a4d-56da-3bfb-8ca0-0ecc77ba9fa6,Maria750 Koepp521,M,GENERAL PRACTICE,30 CAPITAL DR STE A,WEST SPRINGFIELD,MA,010891359,42.13809525,-72.62351832623938,2,0
bcc85d87-c5f5-3c79-8089-fbf36ca3982f,310d02fb-ba0c-3b5a-9ab3-8d7bb8e7b661,Felica690 Farrell962,F,GENERAL PRACTICE,709 WASHINGTON STREET,CANTON,MA,02021,42.1561851,-71.1452049,106,0
7e7de549-d2c4-3ad0-b9eb-d43526498fa7,2513c728-9d3e-376d-aedd-0f00fde719b2,Lilia791 Murillo232,F,GENERAL PRACTICE,55 WEST ST,WALPOLE,MA,020811837,42.1442924,-71.2579691,10,0
8577358c-f77c-3591-9be3-f1058e0d3076,5d1b509e-a048-357f-807e-6b863006e337,Celestina960 Reichert620,F,GENERAL PRACTICE,65 WALNUT ST,WELLESLEY HILLS,MA,024812118,42.3213892,-71.2586343,42,0
d5bc3ebd-8390-3dde-8a9e-1c0a2e80a0a5,3d5fbf38-c781-3e04-8c7e-5a402611b7d4,Enriqueta274 Barton704,F,GENERAL PRACTICE,260 ELM ST,SOMERVILLE,MA,021442951,42.3955992,-71.1227391,829,0
daac5e5e-4dde-3bf2-9204-abd36743f8ae,f43f97f2-af04-3ed0-a42e-3681718cc9b2,Adriana394 Calderón210,F,GENERAL PRACTICE,725 NORTH ST,PITTSFIELD,MA,012014109,42.4600752,-73.2492795834909,309,0
a74fb68b-3e72-3585-bdad-e07300154717,fd5342f0-10c0-3f48-9c7e-7100a64db139,Robby860 Abshire638,M,GENERAL PRACTICE,30 PRINCETON BOULEVARD,LOWELL,MA,018512405,42.6353691,-71.3322833,15,0
0fde4ed2-bb68-3ad4-a802-96f08c9b116b,e119dcbb-0c33-3ec1-bf97-5f477799e5cb,Karey608 Kerluke267,F,GENERAL PRACTICE,312 MILLBURY AVENUE,MILLBURY,MA,015273622,42.22515325,-71.75735371350069,6,0
29f2e9e5-5873-3e7d-9a24-c4452e9d6b33,03c5769d-b185-35ee-b563-9e651cff95bc,Alina705 Rohan584,F,GENERAL PRACTICE,807 WILBRAHAM RD,SPRINGFIELD,MA,011092067,42.1108434,-72.5341133,6,0
2c94c62e-8c09-3610-b8f2-8d705a8c6250,f202fe9c-c1dd-30d5-805e-6a26904dbbce,María José279 Marrero674,F,GENERAL PRACTICE,256 GEORGETOWN RD,BOXFORD,MA,019211642,42.697599999999994,-70.98887494259449,77,0
c5c0a407-7e97-3e48-80fb-b2fe829d0737,9ed61c49-1d0c-3774-b528-d75b50938fe2,Wilmer32 Stoltenberg489,M,GENERAL PRACTICE,110 West Squantum Street,Quincy,MA,02169,42.272617,-71.03133,638,0
6dab3263-b710-3f55-8e1f-7eecbe301497,7ac466c6-7968-33fd-882c-6d5418f88c8a,Alvin56 Hayes766,M,GENERAL PRACTICE,2 MEETING HOUSE RD,CHELMSFORD,MA,018242700,42.60140085,-71.35097894451894,189,0
4bf91879-6edf-3452-968e-6ee64953df26,2f67494e-f17e-3248-ba68-3ca42913cca1,Brock407 Bergstrom287,M,GENERAL PRACTICE,184 MAIN STREET,FAIRHAVEN,MA,027193259,41.646106,-70.90865208079187,149,0
c748a89e-b934-3eb2-84f3-04e339337bfc,0d19a52f-6f9b-32aa-9aad-6b7027cc668e,Spencer878 Mills423,M,GENERAL PRACTICE,7 SANDISFIELD ROAD BOX 216,SANDISFIELD,MA,012559621,42.1131485,-73.1299243,29,0
896d2b36-4363-3393-955f-d435a8acc142,326bc5bc-8da8-3337-a76a-7d44202dae3d,Charley358 Hermiston71,M,GENERAL PRACTICE,184 SWANTON ST,WINCHESTER,MA,018901921,42.4606573,-71.13806547771736,2,0
924f26f2-8b65-374b-9235-985a3a6d6f23,88975fd9-b47e-3af6-af78-c58e1ecf0d5e,Azzie965 Feil794,F,GENERAL PRACTICE,115 W SILVER ST,WESTFIELD,MA,010853628,42.1178811,-72.75935246865802,1408,0
d3a15e5c-6647-351b-b00f-f78261cf3957,15c0c270-968e-3651-8afe-e162149e5e3e,Vida128 Kohler843,F,GENERAL PRACTICE,10 George Street  Gateway Center,Lowell,MA,01852,42.642513,-71.3062,353,0
4d5ff113-0439-3c4c-a868-653b88ed604a,46e66051-c061-3c31-b439-1d71df92db1c,Bree992 Denesik803,F,GENERAL PRACTICE,11 NORTH ST,STONEHAM,MA,021801040,42.50329135,-71.10023035268328,2,0
1fadeba8-2515-3559-bd21-138217685dac,52efa2e5-007f-3396-a83a-28ca015f0595,Walton167 Turner526,M,GENERAL PRACTICE,20 N PARK AVE STE 2200A,PLYMOUTH,MA,023604090,41.960434631488596,-70.67007876763536,102,0
e8772e1a-32c3-37f3-8957-e1cf6105c809,eb7b9a53-ce15-3de6-85b9-4aa4e3f26bac,Carli641 Witting912,F,GENERAL PRACTICE,194 BOARDMAN ST,HAVERHILL,MA,018306405,42.77171213955692,-71.05879730251671,2,0
2f2bddb9-d748-35fb-95db-2a670d551ea2,19439108-9835-38fe-8ee2-1226a355cfba,Anderson154 Kunze215,M,GENERAL PRACTICE,694 WORCESTER RD,WELLESLEY,MA,024822837,42.2964859,-71.2925571,18,0
c1edb225-cf1f-3e3c-aab6-0182c348326e,cf3467b5-7d92-3bbc-b7c1-358e4a12cccf,Tarra676 Cremin516,F,GENERAL PRACTICE,413 NEPONSET AVE,DORCHESTER,MA,021223131,42.2861758,-71.0437453,7,0
a919f0a6-dae8-31d1-82dc-a690c7b98119,fd938c9f-a355-3ec7-96f8-516240ea1ba2,Kandi717 Beahan375,F,GENERAL PRACTICE,529 MAIN ST STE 126,PLYMOUTH,MA,023604842,41.7664657,-70.7266525,2,0
ae9ed980-6dd1-3fd2-9cbd-5640c911beff,b5789b71-fc8e-3b7e-9eb2-3fc577943117,Javier97 Sánchez310,M,GENERAL PRACTICE,81 RESERVOIR DRIVE,ATHOL,MA,013314901,42.581152349999996,-72.18775715069674,30,0
f7dd45e6-f842-39c4-a255-dda55fead45c,0506a7b9-05cd-32d6-a687-7589e67f8587,Buddy254 Ullrich385,M,GENERAL PRACTICE,111 HUNTOON MEMORIAL HWY,ROCHDALE,MA,015421305,42.2020225,-71.89891616754682,1,0
6e24f8cc-5be2-3bb1-a6ef-205086deeb41,edd58f69-ad5f-346b-b1f9-530ccdc895f6,Shawn523 Padberg411,F,GENERAL PRACTICE,52 CARPENTER ST,ATTLEBORO,MA,027032472,41.9369576,-71.27996091755344,206,0
09ee19d8-0610-329a-ba10-86c0b9ba29d5,94ac48ba-e215-3ab9-ba88-a0b926d29cef,Nerissa37 Hahn503,F,GENERAL PRACTICE,300 WINTHROP STREET,MEDFORD,MA,021552311,42.421527,-71.11834,77,0
f78284cb-667a-359f-8303-243c42ce3cac,0334ad53-5d57-384e-a411-63b075139c06,Stephen891 Stamm704,F,GENERAL PRACTICE,66 CENTRAL STREET,EAST BRIDGEWATER,MA,023331913,42.03160525,-70.9572577506426,17,0
324bd7a8-3fe6-3ebf-a1f4-96e2d1ce9b45,069b90f9-309b-35e4-b990-d1dbacb962cc,Thomas756 Strosin214,M,GENERAL PRACTICE,36 LOWER WESTFIELD ROAD,HOLYOKE,MA,010402749,42.16975305,-72.63488031242107,181,0
0798d552-e83b-3bb3-8e07-2cf0f94aeb61,b3f4de6b-901d-3856-ba81-35dc48a63d17,Darren774 Cronin387,M,GENERAL PRACTICE,451 ANDOVER ST STE 205,NORTH ANDOVER,MA,018455079,42.6734518,-71.1268776,14,0
209aa79d-e340-37cf-9b8f-e1f95c87c26a,4ba48ef6-19f2-3177-bfaf-096daaebf26a,Jaime666 Naranjo39,M,GENERAL PRACTICE,275 TURNPIKE ST,BRAINTREE,MA,021845328,42.2064195,-71.005067,130,0
477f315e-cc53-3a73-a3dd-f4aae71ed54f,d087a353-12da-3785-b121-fb1291f8a721,Ettie537 Baumbach677,F,GENERAL PRACTICE,17 CLARENCE ST,WORCESTER,MA,016052430,42.287673653061226,-71.80890779591836,32,0
983b0151-16ec-30c9-827f-86b9f99f5c69,aaa0fec8-a112-35c1-81d8-20cba5d2d00e,Colton403 Shields502,M,GENERAL PRACTICE,80 DEACONESS RD,CONCORD,MA,017424168,42.451360756038156,-71.37688541994147,1,0
56bd2b9a-ddc0-3997-869a-32569be776c4,e5ce3b83-f5e6-308d-aa64-82539fc2d906,Kyong970 Dach178,F,GENERAL PRACTICE,1842 BEACON ST,BROOKLINE,MA,024451922,42.33728028715071,-71.14536064081996,3,0
745ddf2c-01ce-3218-8cf6-9e8a8ba2d2f4,90044527-f49c-3399-b978-7f64914e8f5e,Forest317 Hilll811,M,GENERAL PRACTICE,397 COUNTY STREET,NEW BEDFORD,MA,027404933,41.630275999999995,-70.92928239809834,1,0
322292bf-e375-3e9f-8588-ea720da070ec,2c2e6afc-9578-3ba5-bb12-eed97d3a823b,Sunni15 Schroeder447,F,GENERAL PRACTICE,405 RIVER ST,MATTAPAN,MA,021262210,42.2699017,-71.09061872585616,3,0
2f3a5e53-1a38-3ca6-93bc-3171bec189f6,f438b8e0-d856-328a-b193-2b014fc4cb97,Karri995 Reinger292,F,GENERAL PRACTICE,981 VARNUM AVENUE,LOWELL,MA,018541913,42.64591185,-71.36487149058269,47,0
dd66a4db-6326-3b6a-a5d4-efe4841c03ea,a2047ff6-62f2-34d7-beb9-7e164d989c75,Emma804 Larkin917,F,GENERAL PRACTICE,1200 CENTRE STREET,ROSLINDALE,MA,021311011,42.29768,-71.130463,22,0
22488d99-5a00-3824-9b12-d20766b89230,936ceb96-2b12-371f-aa68-ee02a9c06f4c,Eddie505 Keeling57,F,GENERAL PRACTICE,225 BOSTON ST,LYNN,MA,019043124,42.470497449999996,-70.96003668151566,459,0
a0f28dd2-335f-3108-9575-20c8d6910fee,5d0d1d11-dd8a-3d28-b029-93062b6798a5,Tamika537 Flatley871,F,GENERAL PRACTICE,378 PLANTATION STREET,WORCESTER,MA,016052324,42.27966095,-71.7626143755108,1,0
ff7a99d8-6782-3691-881a-a33402b8ce10,dfcd78f1-f67e-321d-84e3-f658c482c474,Sacha430 Wisoky380,F,GENERAL PRACTICE,64 WOODLANDS WAY,BREWSTER,MA,026312550,41.737807,-70.0036669,184,0
abacc484-6117-3d02-bf07-c5bc929dee18,5818ce99-2a75-34ef-9cc7-e6cbf3b93ddb,Monroe732 Ankunding277,M,GENERAL PRACTICE,146 FEDERAL ST,GREENFIELD,MA,013012511,42.5928222,-72.5984235,71,0
d325eddf-6830-332e-bec3-f7d32dfe5388,686dbc4c-72c6-37b9-a8a8-46839da327a2,Trinidad33 Mertz280,M,GENERAL PRACTICE,34 PEARLY LN,GREENFIELD,MA,01301,42.6097476,-72.5979752,6,0
c0251aad-4217-39b8-877a-1b3e569d1d7c,51759ecf-0948-3f61-b8fc-09dd8f2b90a1,Damon455 Schultz619,M,GENERAL PRACTICE,CHRISTIAN HILL ROAD,GREAT BARRINGTON,MA,012301108,42.207865,-73.360405,33,0
55f79f53-4721-31b5-8fb0-172e2e18afb6,a855314b-4fb5-37fc-8015-5caa96c928b1,Terrence276 Kiehn525,M,GENERAL PRACTICE,759 CHESTNUT ST,SPRINGFIELD,MA,011991001,42.121522049999996,-72.60300615153007,57,0
3e1e2c58-fd7f-3c40-aa2f-3ccb7ecf4e92,48a6d3ab-50ef-349e-8945-2558a78f378e,Junior695 Kuhlman484,M,GENERAL PRACTICE,795 MIDDLE ST,SWANSEA,MA,027774114,41.730919,-71.208117,431,0
bce5f03f-9d05-30d5-9355-95f00a0e33f8,0a8a4b11-d0b8-3cd2-92cd-983de5189cfa,Del587 Nicolas769,M,GENERAL PRACTICE,111 BIRCH STREET,LYNN,MA,019021574,42.47859105,-70.93458444045801,62,0
51186ffa-70b0-3a7e-a300-712bde8c5771,cabc0f0d-dcca-34a2-bc6b-519ed1cc7f74,Elicia233 Huels583,F,GENERAL PRACTICE,191 MERRIMACK ST STE 712,HAVERHILL,MA,018306199,42.7742236,-71.08181133783422,56,0
ea6b3f1e-bfc0-38ea-8bfc-5a7128587078,d3fe08e0-6fdc-36bc-8f88-c8b7654cdcd8,Eustolia154 Paucek755,F,GENERAL PRACTICE,545 SW CUTOFF STE 9,WORCESTER,MA,016071766,42.211685200000005,-71.7968399931798,4,0
00113a6b-7aff-318d-a70e-e5cc4615b3ca,d94fe085-4c7b-36c9-a255-3f700d402d36,Bertram873 Goyette777,M,GENERAL PRACTICE,430 N CANAL ST,LAWRENCE,MA,018401246,42.70511426530612,-71.16431740816327,69,0
b0f80376-1360-3a0c-a8a8-20fc093dde29,335fe080-43f9-3219-84bd-031c4fcfe9d5,Nikki942 Hilll811,F,GENERAL PRACTICE,146 PARK AVE,ARLINGTON,MA,024765829,42.421350950000004,-71.18224816367342,5,0
56f67bd3-1f27-383c-8747-1bf5e2ffa02f,7b7ce654-a413-37d1-9d34-97240c0ac580,Liberty95 Kihn564,F,GENERAL PRACTICE,1 WRENTHAM ST,BELLINGHAM,MA,020192532,42.025037350000005,-71.48945118224057,89,0
d29bdcc5-ecac-32b8-afdf-69e622e68361,93bf4a6b-8fb3-3a1e-9be6-4958736f2bfb,Dee580 Trantow673,F,GENERAL PRACTICE,1102 WASHINGTON ST,BRAINTREE,MA,021845438,42.19876545530798,-71.00672788298964,1,0
94046238-4551-3e96-9a72-5b6e5b7726d8,95b01a7c-e16a-37d4-b354-c404baa00203,Saturnina961 Gibson10,F,GENERAL PRACTICE,290 SOUTH STREET,PITTSFIELD,MA,012016824,42.440485002637104,-73.25677853480586,2,0
e81ef1c8-8a5d-3044-971c-7c7306dc142d,929528f5-8239-36c7-aacb-39424ede9cc5,Enola75 Schinner682,F,GENERAL PRACTICE,40 SUNSET AVENUE,LENOX,MA,012402018,42.35951405,-73.28778674276077,7,0
c2fd2372-98cb-3000-887b-a02b2f5eab75,f1c6e386-ed52-3f97-a2b0-4e21ad2d0966,Frederick289 Bins636,M,GENERAL PRACTICE,54 COURT ST,TAUNTON,MA,027803201,41.9028629,-71.09718927122583,186,0
7f61c98f-2eee-3ad7-9f78-42387830b23d,7b20d1c4-c56b-3647-801c-5e4e13679073,Mozell819 Prohaska837,F,GENERAL PRACTICE,275 SANDWICH ST,PLYMOUTH,MA,023602183,41.94186605,-70.6455366462985,709,0
0b8ae90d-9d68-3556-a736-fd9412019eac,880c8804-deb0-35b0-9132-06950118b8b3,Elijah719 Flatley871,M,GENERAL PRACTICE,150 LINCOLN STREET,NEEDHAM,MA,024922914,42.2743931,-71.23662905222776,12,0
87b03407-d259-3d74-9f02-66c0f5344577,df852cb2-9fe0-3c90-87ac-46e5f980ee3b,Ricardo560 Olvera69,M,GENERAL PRACTICE,3 PATTERSON ROAD  SUITE 3,SHIRLEY,MA,014642907,42.552462649999995,-71.62383665745185,16,0
27812bea-ac6c-3bbb-9640-cf5fbcf40d8d,281525ef-5743-34a8-9339-66c8b4be6668,Nilda678 Crona259,F,GENERAL PRACTICE,555 PLANTATION STREET,WORCESTER,MA,016052376,42.2907683,-71.7649752,17,0
447fff03-8b2b-3902-9fe8-e6ecb57c3cda,2399f9b0-28d7-3355-ae52-474326a3b021,Viki353 Boehm581,F,GENERAL PRACTICE,23 N ASHLAND ST,WORCESTER,MA,016093041,42.26901755,-71.80739730766234,66,0
e475b2d9-02c1-331e-b092-3ba5af321125,3e97ce4f-3ad7-3cea-883f-e2bb4ca89d83,Fidel864 Swift555,M,GENERAL PRACTICE,30 NEW CROSSING RD,READING,MA,018673270,42.51809619399502,-71.0959083715027,103,0
29ea2124-256d-3dc9-acde-bd580f6a810b,e982819a-87b3-3124-a0f2-85f8afcc7731,Alfred550 Goldner995,M,GENERAL PRACTICE,140 COMMONWEALTH AVE STE 202,DANVERS,MA,019233625,42.5524742,-70.94443165548033,35,0
1ced97d1-686b-3f68-91eb-5324c94d0319,c60fc3df-9dbd-3f31-a456-41c84490266f,Lavonna163 Johnson679,F,GENERAL PRACTICE,146 MAC ARTHUR BOULEVARD,BOURNE,MA,025323902,41.7412166,-70.5989196,29,0
5ea4922b-d372-3db4-82bd-ede57dda53ec,46daa26f-fda5-38a9-9c45-fda430d28fa6,Trenton748 Bernier607,M,GENERAL PRACTICE,25 RAILROAD SQUARE  SUITE 501,HAVERHILL,MA,018325721,42.7736752,-71.08561759491305,14,0
f71e5cf0-4e6d-3680-8684-52f2522e8ad1,c0132cf6-1703-3aad-89b4-cc2f2bbc123e,Lovie151 Schoen8,F,GENERAL PRACTICE,66 NEWTON STREET,WALTHAM,MA,024536058,42.3746705,-71.22789736306842,17,0
04da79d2-ea14-3cb6-ab39-88e48b83862e,d5920b72-ac1a-3ec4-81ca-e3b75cb7aadd,Merrilee429 Daugherty69,F,GENERAL PRACTICE,251 Causeway St.,Boston,MA,02114,42.3665,-71.05931,929,0
f24375d8-d00b-3a90-ae4f-840c2822256f,4f59f709-8b84-3d27-a04b-c6b7b5544413,Barbara209 Aranda843,F,GENERAL PRACTICE,70 BOLTWOOD WALK,AMHERST,MA,010022271,42.3768779,-72.51840280783739,442,0
37f786f9-32b4-3837-8903-72a29f12f732,c4e5b33c-17b8-3f51-a8ba-a327d54e642a,Alton320 Dibbert990,M,GENERAL PRACTICE,94 N ELM ST,WESTFIELD,MA,010852917,42.1322823,-72.7436679,664,0
98f496d7-9c28-30b9-8431-ddd8dc0966e1,36d328a2-68bb-3967-a9bf-00897a7c945f,Jettie913 Rodriguez71,F,GENERAL PRACTICE,299 WAREHAM STREET,MIDDLEBORO,MA,023462905,41.869676,-70.873384,12,0
5fcdf567-1f53-3b8e-b290-381b149d1d01,5225cc87-6a30-303c-a882-5f001cee7f0e,Ila598 Boyer713,F,GENERAL PRACTICE,110 W SQUANTUM ST,QUINCY,MA,021712122,42.27259075,-71.03082765,64,0
d608c375-6f45-3ab5-a6c5-e7b8b1805ade,6d6ef57e-b2ce-3a69-bacf-4305c51834b0,Lesha323 Skiles927,F,GENERAL PRACTICE,186 HIGHLAND AVE,SOMERVILLE,MA,021431507,42.38845955,-71.10666839512322,7,0
d0c610ee-1719-3bdf-b2ef-9281b382dc44,c25911bc-3240-358a-86ce-5f45bb8f0c53,Brock407 Hammes673,M,GENERAL PRACTICE,325 WOOD RD,WELLESLEY HILLS,MA,024812188,42.3130588,-71.2738201,19,0
37e849fb-196e-36a1-b30f-dc4a71d9659e,a9f0c80c-2cc2-31ea-9ead-d13d373a6fe4,Mohamed943 Hartmann983,M,GENERAL PRACTICE,140 PRESCOTT ST,NORTH ANDOVER,MA,018451826,42.7052468,-71.11780689673651,5,0
33d57825-948e-39ca-aa0f-fdc5ec385f8d,552ede7f-2ba4-39ef-9217-29d27b89b8a7,Shameka870 Reichert620,F,GENERAL PRACTICE,87 SHATTUCK STREET,HAVERHILL,MA,018302319,42.796917699999995,-71.05216081525802,65,0
bcda18ce-21e7-351b-bda9-6a075f68b1d0,a079d416-e8fe-3286-8ef3-6d289d7b5ad9,Nan75 Collins926,F,GENERAL PRACTICE,233 Stevens St,Hyannis,MA,02601,41.651745,-70.294235,20,0
ed1b256b-989b-3b6c-88bf-2839f3d1b13d,79d49935-bcc0-36ca-920b-45365c367438,Jamel269 Hudson301,M,GENERAL PRACTICE,409 W BROADWAY,SOUTH BOSTON,MA,021272245,42.336831,-71.047958,217,0
aabe58bb-8ac8-3eac-8223-ae92d46cb83c,0f2c58ec-5323-3c0f-9bdf-af0df7eb2a2b,Mana631 Boehm581,F,GENERAL PRACTICE,130 DORCHESTER STREET,SOUTH BOSTON,MA,021272642,42.3334312,-71.0494949,41,0
db0b010e-6d84-3a2b-baad-cc7c870f9b36,666c3e81-2ec6-3bff-9dcc-a704edd86960,Cassi819 McClure239,F,GENERAL PRACTICE,770 CONVERSE STREET,LONGMEADOW,MA,011061719,42.0639853,-72.5521444,29,0
e12b3b6f-9d25-346c-b109-ec66cf16b341,680532c8-2661-3b39-875a-b6ec0746ccf5,Buford910 Dach178,M,GENERAL PRACTICE,30 ATHOL ST,ALLSTON,MA,021341124,42.36075595,-71.13397379082869,70,0
b7c00fe2-5571-33b7-83a1-7670ad056292,cc400ddc-c38d-3604-8d89-cea21555719f,Fritz267 Kirlin939,M,GENERAL PRACTICE,87 CHESTNUT ST,NATICK,MA,017603644,42.293559188306446,-71.35158050924959,145,0
b2a8e3e8-849e-32a9-8eef-740147123bdd,51370692-6296-3150-8672-559fc73f964f,Almeda560 Okuneva707,F,GENERAL PRACTICE,75 FRANCIS ST,WEST BRIDGEWATER,MA,023791542,42.0219112,-71.019004,489,0
7255c443-2ed6-36b1-a490-4714f4991adf,10dcd91e-6eda-385b-bafb-d5e1ae92dc34,Adolfo777 Abernathy524,M,GENERAL PRACTICE,677 W MAIN ST,HYANNIS,MA,026013493,41.652312699999996,-70.32027525205335,55,0
4411b0a2-555b-3f38-8e36-500277d14d74,362cc3af-dcb0-31d0-a2be-a5ba9d016aeb,Roberto515 Tromp100,M,GENERAL PRACTICE,629 SALISBURY ST,WORCESTER,MA,016091121,42.2932691,-71.8390048,7,0
ceb348e6-9091-318b-93ea-93cfb6b1da3e,cdc87240-38e9-36f8-959b-706642e01e11,Chun678 Armstrong51,F,GENERAL PRACTICE,243 CHARLES ST,STONEHAM,MA,021803559,42.4814675,-71.0924311,7,0
f91b23c6-8812-334b-adf3-a44512542e0b,c6b019eb-28ec-36f6-abf3-bcc4d1d58966,Maren639 Aufderhar910,F,GENERAL PRACTICE,33 AVON ST,WAKEFIELD,MA,018802310,42.50403445,-71.07462951514611,224,0
b727273a-97b2-39e6-832a-3626542ef814,b5b380d2-df21-3389-abf0-08551c7e1f2d,Madeline975 Friesen796,F,GENERAL PRACTICE,85 PATTON RD,DEVENS,MA,014344401,42.5304204,-71.61505519305638,326,0
a1ef715c-b44c-3f7f-8dd9-5ac79e99eab1,31e00f85-6909-3d9f-afc6-5ae507ab0c06,Josephine273 Collier206,F,GENERAL PRACTICE,382 GROVE STREET,BRAINTREE,MA,021847324,42.189369400000004,-70.98451984814267,354,0
4d7376dd-4ba0-3b78-8731-ad807ccb0320,dd8f40be-2c90-347a-abf6-c07a5ad4148f,Kirstin394 Bashirian201,F,GENERAL PRACTICE,105 CHESTNUT ST,NEEDHAM,MA,024922520,42.2784618,-71.23770041644639,28,0
a4c910cb-0512-37a1-9586-902644d398e9,06376cbe-4880-384b-b459-7ce3eef36ced,Cody889 Ratke343,F,GENERAL PRACTICE,387 QUARRY ST,FALL RIVER,MA,027231026,41.6932713,-71.1402431739568,149,0
d79025c1-8d90-3971-a31a-3db67d12403f,b3312a2d-37e9-35a8-b50d-6c165c437baa,Eliseo499 Reinger292,M,GENERAL PRACTICE,45 DIMOCK ST,ROXBURY,MA,021191029,42.32030665,-71.09721114916246,30,0
b559f3d6-9698-3aa3-96c5-69c1b6790e3d,b6717471-7f78-32c4-b1c5-e3a6310553d7,Noe500 Roob72,M,GENERAL PRACTICE,15 RAILROAD AVE,TOPSFIELD,MA,01983,42.6375935,-70.9494966,57,0
bcabdf0a-cc1c-398e-be63-4a4f8612aa76,2836d9ac-c6a6-39d1-8f13-fdf0fc8928f4,Carlton317 Koch169,M,GENERAL PRACTICE,365 EAST ST,TEWKSBURY,MA,018761950,42.6069472,-71.2180803,2872,0
e5886247-8b07-347c-8e64-3342a37a5eb9,a2f8d8fe-665e-390f-8b9b-efdc0b14a77c,Armand155 Towne435,M,GENERAL PRACTICE,161 JACKSON ST,LOWELL,MA,018522103,42.6425382,-71.3093946,159,0
f0115434-30ad-3897-abf3-a21c48046672,126b88f5-592a-3099-a433-c8b933f96d04,Kourtney511 Rempel203,F,GENERAL PRACTICE,573 GRANBY RD,SOUTH HADLEY,MA,010752122,42.23920485,-72.5586160752016,1,0
0ecdf11c-642a-3a27-8242-40f8095a164b,7dddc0c2-9f1d-3e4e-b2f2-fc7e6abbed31,Genevie117 Gibson10,F,GENERAL PRACTICE,160 MERRIMACK STREET  SUITE 1,METHUEN,MA,018446117,42.7334079,-71.13599310716302,20,0
0f467225-dd20-3156-b542-e3e508db7244,82c72223-f521-3a34-9b9b-4ff366365399,Margaret865 Reinger292,F,GENERAL PRACTICE,2100 DORCHESTER AVENUE,QUINCY,MA,021691870,42.2509914,-71.0037374,674,0
9dc4f998-9f06-385b-a3f0-bc5b8cd9ccb8,470e2fc6-33df-31c6-a448-ac918dcc19d9,Andreas188 Swaniawski813,M,GENERAL PRACTICE,34 MAIN ST,HAMPDEN,MA,010369642,42.1226047,-72.2062130792683,2,0
87f6beb9-59c4-30b9-8a14-edfd3e0c0cb4,b1cbaecc-a62b-3f8f-8791-e090f947a41c,Lizabeth515 Bergstrom287,F,GENERAL PRACTICE,150 BERKELEY STREET,LAWRENCE,MA,018411224,42.72074925,-71.16392537985021,8,0
5a38b74b-cb03-3082-a614-2582bebba55e,15e26ce3-9006-3ce2-9327-493180a15ec1,Marlin805 Breitenberg711,M,GENERAL PRACTICE,6 GROVE ST,NORWELL,MA,020611534,42.172231693916025,-70.87836493029226,121,0
9d9f0457-7220-3850-b52e-6ef94ab14167,b5e6f1bd-c744-3556-9775-5ff8399eea33,Whitney250 Wiza601,M,GENERAL PRACTICE,2284 MAIN ST,CONCORD,MA,017423829,42.44300895,-71.42458458423982,174,0
425eb0bc-3ff8-3490-a79c-d7e7733e6384,7c625dc4-2593-31eb-95fd-6a912832b8bb,Imogene688 Braun514,F,GENERAL PRACTICE,980 WASHINGTON STREET  SUITE 124,DEDHAM,MA,020266704,42.228918,-71.18501264023513,26,0
2a82b8af-8591-3126-9157-d9616f885662,f22bc2ac-f8bd-3f9f-9a40-93db37639d3f,Kirk871 Erdman779,M,GENERAL PRACTICE,735 ATTUCKS LN,HYANNIS,MA,026011867,41.6747631,-70.29768515601289,103,0
7fea17ae-4c93-3bcc-b15c-3303c72a869a,04b252db-4231-3cb5-963d-6f096fb4b97c,José3 Menéndez746,M,GENERAL PRACTICE,1177 PROVIDENCE HIGHWAY,NORWOOD,MA,020625019,42.194543,-71.1994976,86,0
b9f715c6-3a80-37e0-87de-c1230cd18a50,83579123-f29c-39b8-9f5f-8f79e91683c7,Reggie481 Kassulke119,M,GENERAL PRACTICE,100 CENTURY DR,WORCESTER,MA,016061244,42.3138278,-71.7707002,208,0
22bf2f0b-6f0f-3538-b8ea-19bca5bc7a8d,a94f4f6e-88ad-39ff-a935-dc87f13327b1,Fae378 Wiza601,F,GENERAL PRACTICE,370 WEST STREET,LEOMINSTER,MA,014532073,42.535877150000005,-71.77537115047085,42,0
fd108b1f-9b55-3326-98c4-707b849ce823,94f6a3ae-7d8d-3cbc-a788-e400732da7e5,Malcolm243 Kuvalis369,M,GENERAL PRACTICE,450 WEST RIVER ST,ORANGE,MA,013649603,42.5928702,-72.32953998953418,7,0
78160431-dd06-389b-834e-f1a7a08b0cb1,4bde4cbc-55f7-3501-90eb-2c88178c7be1,Melvin857 Nikolaus26,M,GENERAL PRACTICE,50 MEMORIAL DR,LEOMINSTER,MA,014532238,42.541995,-71.7628835,58,0
a4e49e52-bdc5-3b37-867a-02bee81f725b,adf66683-c158-3efa-8e6c-7b2a273aa4ba,Brant303 Lebsack687,M,GENERAL PRACTICE,15 MILL ST,MARION,MA,027381546,41.71414569747417,-70.7725958636297,2,0
813c5f6b-8e9b-34e1-a4cb-59b7c0a7ff56,e2eab39c-5195-34aa-b35f-e89e37cfed01,Miguel815 Roberts511,M,GENERAL PRACTICE,55 FOGG ROAD,WEYMOUTH,MA,021893141,42.175539799999996,-70.9539153674405,1233,0
cbeac145-a0f9-31ee-abf2-8d9e9b20a058,4fa8411f-42f8-3353-8947-bf15254c9dee,Luis Miguel102 Beltrán716,M,GENERAL PRACTICE,90 GREENWOOD STREET,WAKEFIELD,MA,018804039,42.476321150000004,-71.06922169005762,49,0
7fd47994-5d7c-331b-99da-1fe5094a6e75,21989e2e-249c-3b79-acf0-240211e16b4b,Mignon230 Ullrich385,F,GENERAL PRACTICE,1290 TREMONT ST,ROXBURY,MA,021203432,42.3327398,-71.09194864251029,87,0
6e26c30d-e77e-33e5-ad38-0ec83a525608,a977feef-f585-3fa8-8deb-7e60fc2cab30,Keneth579 Schulist381,M,GENERAL PRACTICE,2314 MAIN STREET,TEWKSBURY,MA,018763128,42.58023655,-71.19367180835906,39,0
f153a305-4bef-3390-b12c-08297ff24806,b411fd60-9bd5-30f1-99b4-c24a409964a1,Wanetta360 Schumm995,F,GENERAL PRACTICE,42 ASBURY ST,SOUTH HAMILTON,MA,019821808,42.61322825,-70.87300675048934,41,0
9eb4dacd-1f35-3c64-adf7-d1722ce7b5b3,73158a24-c079-3fb1-800a-2d7e26d9c566,Boris111 Wehner319,M,GENERAL PRACTICE,6 ESSEX CENTER DR,PEABODY,MA,019602907,42.539944,-70.950156,41,0
adbe7da8-3202-3fc7-9236-0fd65d10f997,22b57e3f-4143-33e6-abb9-e6ff074f1c46,Deangelo7 Hintz995,M,GENERAL PRACTICE,750 WOBURN STREET,WILMINGTON,MA,018873480,42.5346051,-71.14953004087923,7,0
59af4a36-5f34-3692-a9b1-f6d9da9c1367,1de7e7d9-9a7a-3a3f-bf4c-b4de450711f2,Clelia416 Morissette863,F,GENERAL PRACTICE,198 LITTLETON RD,WESTFORD,MA,018863429,42.564282,-71.42620615382347,330,0
8c87d795-75bc-3501-b877-6d10e63e7a34,940d491c-ad61-3bd3-9054-d6d884280934,Morton637 Huels583,M,GENERAL PRACTICE,321 CENTRE STREET,DORCHESTER,MA,021221112,42.29394375,-71.06005213312326,4,0
be383c98-a22c-3266-94a4-4ab12c4b5472,7e4a295e-51a9-3064-8f00-b10e1eec7f38,María José279 Cabán897,F,GENERAL PRACTICE,162 CHANDLER ST,WORCESTER,MA,016092924,42.26037525,-71.81434480717176,112,0
d7a2e38b-a8ea-3dc6-804a-6d3e31b0414f,f52777bd-7313-3b27-8dd5-cd3f87bd3275,Larraine124 Torphy630,F,GENERAL PRACTICE,9 HOPE AVE,WESTWOOD,MA,020902914,42.2139873,-71.2244987,28,0
af0d947c-e140-3bb3-9bba-f237070dfe35,df3f566c-97e5-31ed-b0fe-4b452666f736,Sandie760 Rodriguez71,F,GENERAL PRACTICE,300 CHESTNUT ST,NEEDHAM,MA,024922477,42.27522125,-71.23743483674366,291,0
23225074-1b76-32e6-9297-b789bc77454c,05cc5056-7af4-3afb-9a5a-d7a1c23a2509,Francis500 Lehner980,M,GENERAL PRACTICE,2069 ROOSEVELT AVENUE,WEST SPRINGFIELD,MA,010892595,42.105237,-72.6213712,4,0
6c13af56-5dc2-3ab5-9587-26c71ea30b6a,4705a8fd-19cd-32c1-8b3e-34bcfe84d0bd,Jimmie93 Mayert710,M,GENERAL PRACTICE,55 N WASHINGTON ST,NORTH ATTLEBORO,MA,027601607,41.983529,-71.332241,469,0
60e0f48f-b064-337e-a667-41b68621664e,f5ccbb53-e4a0-32e5-a693-02150497a8f4,Astrid395 Huels583,F,GENERAL PRACTICE,100 HIGHLAND ST,MILTON,MA,021863881,42.250705749999995,-71.07724199194602,124,0
17b72bd1-f395-3225-a462-75816165631a,497f39dd-280e-3d58-af5b-c5e3a3a09b10,Arden380 Bergstrom287,M,GENERAL PRACTICE,27 PARK ST,HYANNIS,MA,026015230,41.65363635,-70.27352219234834,4349,0
599506d1-21f4-3830-8f34-f9f41714ec3e,f2a6c4f7-f5b2-361a-95c4-3d635b352a46,Dusty207 Lynch190,F,GENERAL PRACTICE,546 SOUTH STREET EAST,RAYNHAM,MA,027671079,41.8984957,-71.03751432894776,30,0
aea78b81-521d-348d-91cf-7702f8b4290e,54937333-e7d6-3b48-a8dd-cf60aa38d206,Rod343 Durgan499,M,GENERAL PRACTICE,11 MCGRATH HIGHWAY,QUINCY,MA,021695311,42.2492941,-70.99830205267904,4,0
45f3e9ce-8f12-3c80-8f52-3001fcff70e7,b0762027-dc86-335b-8310-f4f031c1caca,Buena501 Swift555,F,GENERAL PRACTICE,765 WEST CENTER STREET,WEST BRIDGEWATER,MA,023791517,42.01302315,-71.05345585281756,5,0
b4257248-282d-3696-8df7-b218fd6efdb1,eaaf102d-0188-3a69-a751-030645e2a7b0,Errol226 Kiehn525,M,GENERAL PRACTICE,605 MAIN STREET,WAREHAM,MA,025711031,41.76766153042966,-70.73096212925822,11,0
50dfd5e6-467d-36b7-9383-898bd3fee725,578b56de-fe9c-32e1-aea4-876f8bc01e9c,Ollie731 Dooley940,M,GENERAL PRACTICE,49 HILLSIDE STREET,FALL RIVER,MA,027205211,41.707406500000005,-71.14593659462452,46,0
44dfecb8-bc96-3232-82a8-02d1a7e4ee3a,5608c6ae-1f1d-368e-8172-aea4d9d2aefd,Karin721 Sporer811,F,GENERAL PRACTICE,12 KENT WAY STE 210,BYFIELD,MA,019221221,42.75468625,-70.9451078257969,2,0
ac0eac46-86fb-3e74-86e8-db03ebae7844,0d7fd824-1c7b-3f8b-a662-f6c2005e82e1,Lyndon118 Trantow673,M,GENERAL PRACTICE,88 MASONIC HOME ROAD,CHARLTON,MA,015071394,42.1389039,-71.9782681,96,0
e2e3016c-7e14-3bc9-b261-a51898746e1f,ed0c5b98-dc8a-3fc9-9856-61f1a1c75b11,Werner409 Gerhold939,M,GENERAL PRACTICE,40 JULIO DR,SHREWSBURY,MA,015453010,42.29191827853838,-71.70343631978118,8,0
9499efdc-88b7-3e3c-8812-09e86b41ced4,a525d084-5a8f-3859-a048-2130a4092ec8,Linette249 Runte676,F,GENERAL PRACTICE,2 MOUNT ROYAL AVENUE  SUITE 350,MARLBOROUGH,MA,017521976,42.34042135,-71.57841367654626,32,0
24dca1ab-61eb-3f04-b94d-4f3eaceeee61,accb8cdd-6560-3fef-b0a6-f12c3295026a,Kerrie266 Bergstrom287,F,GENERAL PRACTICE,969 PARK STREET,ATTLEBORO,MA,027035115,41.9266899,-71.2611303145582,149,0
a2a21089-8d11-3cbe-b6ce-03bd6dd96cb3,792f1ce2-3420-3f91-bd8c-ce680ef4c5d2,Sunshine777 Leannon79,F,GENERAL PRACTICE,309 DRIFTWAY,SCITUATE,MA,020661905,42.1766448,-70.74318482072749,1,0
16d07b6d-9277-3b4d-b509-af8d4a5b3a86,6618f4ef-656a-347f-b61e-ed4d6c21763a,Marc757 Greenholt190,M,GENERAL PRACTICE,231 SUTTON ST STE 1A,NORTH ANDOVER,MA,018451620,42.70554405,-71.12856345,31,0
671349e4-8b18-3b52-b465-1f6eb8832c57,83445caa-116b-3a1e-a75e-8104d321c4c3,Peter292 Crona259,M,GENERAL PRACTICE,315 MAIN ST STE 101,NORTH READING,MA,018641326,42.596733799999996,-71.11988300141903,62,0
9d74c20e-20d9-387e-8dde-030191bc67ff,7445ae34-b648-3d3a-b8cf-0eb630061b6e,Pearline482 Pagac496,F,GENERAL PRACTICE,34 CEDAR ST STE 4,WEST ROXBURY,MA,021324338,42.2792649,-71.1494972,4,0
50a7fa0e-344e-3644-9be1-5de3e532420b,a2df2aea-9c53-31f4-baea-02ea5ea1e553,Almeta56 Lehner980,F,GENERAL PRACTICE,95 LAUREL STREET,GREENFIELD,MA,013013106,42.58163075,-72.61795013515538,104,0
76f20d97-952a-3a36-ae3a-24a5d2694a0e,390a2aa4-70b4-3a64-a12f-9bd777834c8d,Hunter736 Howe413,M,GENERAL PRACTICE,710 MAIN STREET,HARWICH PORT,MA,026461931,41.669654699920855,-70.06169919459835,369,0
ded6cae8-5235-3133-80d9-a5af21a56c60,d0e8679a-02c2-31bb-9d6f-4073835a6b1e,Ian270 Flatley871,M,GENERAL PRACTICE,259 NORWOOD ST,SHARON,MA,020671099,42.142070399999994,-71.19701120843712,5,0
23c4373c-1f98-30b1-b025-3485f1a1f15a,18a96051-91f4-3cba-af96-056ea14dfee0,Silva841 Grimes165,F,GENERAL PRACTICE,25 HIGHLAND AVENUE,NEWBURYPORT,MA,019503872,42.81369325,-70.89091645747592,1015,0
a24b0226-a3f1-3cfd-9968-5f23352348c4,c5d5a544-0277-342f-8422-d30848a82438,Adela471 King743,F,GENERAL PRACTICE,151 ROCK ST,FALL RIVER,MA,027203201,41.70365955,-71.15259151299796,174,0
8510af28-d692-301b-8bb0-b41759661ffd,c2e93fb4-abf2-3210-b6ec-4d1ecb2b76f0,Kyle55 Halvorson124,M,GENERAL PRACTICE,62 BROWN ST,HAVERHILL,MA,01830,42.76512700000001,-71.04617174286321,39,0
7b98d0ac-523e-37b1-bf46-d2c23f281b32,e1d085f0-8179-3ead-89e0-55e21a2f1649,Madalyn472 Hoppe518,F,GENERAL PRACTICE,120 DUDLEY STREET,ATTLEBORO,MA,027033258,41.9438129,-71.2806515,11,0
ebd0355c-c152-3818-bcc6-b8be55cdca0b,1ab2b5f9-cb95-3236-beec-9b9d4a407c61,Carroll471 Eichmann909,M,GENERAL PRACTICE,725 NORTH ST,PITTSFIELD,MA,012014109,42.4600752,-73.2492795834909,799,0
bf6c7371-42f8-3256-b59a-95866485de43,07ae483b-b351-3add-8b05-afba832b88ea,Lanette41 Murray856,F,GENERAL PRACTICE,5 REDLANDS ROAD,WEST ROXBURY,MA,021321506,42.2879347,-71.15108161583282,95,0
067462d8-f96d-3afd-aa31-b07eba3dc7bc,af529652-1184-30c0-a3a4-501704d8f27f,Salvatore257 Nolan344,M,GENERAL PRACTICE,510 NORTH STREET,PITTSFIELD,MA,012015493,42.4555231,-73.25112385377099,42,0
1da4290f-c7f2-3c57-a7cb-2779a0cba490,b5d7a9c3-9232-3f0e-a707-9aba443ca12f,Earnest658 King743,M,GENERAL PRACTICE,39 LAFAYETTE ST,MARBLEHEAD,MA,019451939,42.49376315,-70.87528080424494,1,0
25bf7b3c-39b3-364c-ac1c-2fe10cc99461,a43fd704-ddbc-3f63-b3a0-e97c5d42ab5e,Alysia661 Bogan287,F,GENERAL PRACTICE,447 HILL ST,WHITINSVILLE,MA,015881016,42.1216837,-71.6715608,1,0
83945a3a-63ed-3517-95da-1d95d871c10f,aebbaa5c-2d54-3002-8042-83f6513ccbd2,Kellee902 Buckridge80,F,GENERAL PRACTICE,14 TOWNSIDE LN,WALPOLE,MA,020813541,42.1528227,-71.24396289112357,18,0
17aeffa9-596d-351e-af73-d571322783ea,1bed5229-19d7-3168-94a2-f1f2abb00270,Nilsa143 Moore224,F,GENERAL PRACTICE,88 WASHINGTON ST,TAUNTON,MA,027802465,41.9062805,-71.09518121351795,537,0
f52c8e20-5a26-3808-90bf-67ed9091d378,41e2a44c-477c-3511-96f9-12c476aa3b6a,Antwan357 Lindgren255,M,GENERAL PRACTICE,85 E NEWTON ST,BOSTON,MA,021183553,42.336277100000004,-71.07085295687423,1569,0
1cbfda07-b3c1-3c1e-abf4-f06cffa80ad5,f00601d0-d49e-30ed-bc3e-314379f2103e,Elijah719 White193,M,GENERAL PRACTICE,490 MAIN ST,MELROSE,MA,021763841,42.4550741,-71.0654799,37,0
b7bcd6a4-367f-3f7f-8fd4-8415474339e1,08a245b0-5f91-323e-a467-5df39c62fb75,Ray930 Lueilwitz711,M,GENERAL PRACTICE,39 QUEEN ST,WORCESTER,MA,016102433,42.2576289,-71.81397814307789,1,0
47748d15-2993-3722-a943-eeb37e0e5f9d,9d41e4fc-9507-3ddb-82ad-966046fca031,Cleo27 Lehner980,M,GENERAL PRACTICE,104 RANDOLPH ROAD,WORCESTER,MA,016062465,42.29955605000001,-71.79838133819244,65,0
d932e4f3-86af-3f66-874b-3885a7df904a,71a1e089-024e-3255-a536-9204586fa4fc,Millard193 Doyle959,M,GENERAL PRACTICE,1 GORHAM IS,WEST YARMOUTH,MA,026733200,41.6501114,-70.2411312,3,0
de3aede0-612c-3493-adfb-2f7498024fba,5b0cd0a0-f277-3a66-bee6-d64b5be4a3f5,Waldo53 Hintz995,M,GENERAL PRACTICE,725 NORTH ST,PITTSFIELD,MA,012015493,42.4600752,-73.2492795834909,1352,0
5cdfd6c1-d6f6-3a86-b1bb-d5f55921d865,79a06fd6-9f2b-35e3-9b11-0bc5ff89e17c,Lady554 Kovacek682,F,GENERAL PRACTICE,225 Boston Road  Suite 107,Lynn,MA,01904,42.470093,-70.95994,74,0
9f8754ad-ba5d-3eb4-ba6b-f640cd8be21e,fbc9efe8-4c66-37e5-9079-2015a5e6dd85,Cinderella355 Koelpin146,F,GENERAL PRACTICE,90 TAUNTON ST,WRENTHAM,MA,020931349,42.06277713070037,-71.32544828485624,1,0
6b1f0e8b-4fff-306b-b846-f49d56a5e672,d2ff60c8-34c8-359e-a9c5-e4f3da28b330,Clyde817 Konopelski743,F,GENERAL PRACTICE,199 Main Street,Gloucester,MA,01930,42.613102,-70.66085,85,0
641296d4-3572-3c00-9f6e-cc3e081cb4d1,f5b88e0f-3f0a-3400-b56f-26247e2a35ac,Laci507 O'Keefe54,F,GENERAL PRACTICE,585 LINCOLN ST,WORCESTER,MA,016051906,42.2962766,-71.7688972944814,36,0
e03a84e7-52bc-3f95-bf5a-4bd9dcc9f071,4956f573-3dc2-3a67-9692-2f57451744e6,Kathe603 Davis923,F,GENERAL PRACTICE,400 BOLTON STREET,MARLBOROUGH,MA,017523912,42.35966285,-71.55290125539051,44,0
81a54b0e-281c-38a3-8ca3-b8f0749cbfbe,69195f53-626c-3031-b4de-d0b206f75d8c,Hal307 Wiegand701,M,GENERAL PRACTICE,174 FOREST HILLS ST,BOSTON,MA,021303353,42.306401050000005,-71.10237442688054,4,0
1e2e7209-f800-3510-92c0-bc6ae01d9dd1,b44955d1-f0e2-3beb-a013-708a81dbe430,Idella49 Runte676,F,GENERAL PRACTICE,680 CENTRE ST,WEST BRIDGEWATER,MA,023791600,42.0219112,-71.019004,108,0
710d3268-33df-3534-afc7-5b54b6d711b8,363631be-d437-3548-98c2-d10b909c1721,Elaina826 Ferry570,F,GENERAL PRACTICE,50 MANSION DRIVE,ROWLEY,MA,019691026,42.73718535100735,-70.88053187301136,34,0
7a307352-7cee-3aeb-97e7-93005b62cf8e,60e897f9-7491-3610-81e5-d44b3d36b8c4,Aaron697 Strosin214,M,GENERAL PRACTICE,63 STATE RD,GREAT BARRINGTON,MA,012301224,42.20224745,-73.35469687339696,20,0
5eb9b25c-4ff9-3137-adf1-ecad80636f2f,c1986c0c-f756-3596-8f90-08adacf220fe,Cristy798 Auer97,F,GENERAL PRACTICE,73 CHESTNUT STREET,SAUGUS,MA,019061605,42.4573919,-70.9918055,120,0
07e66341-0d91-399b-af0d-8ca0afd532bf,ad2dab07-4f85-3950-baaa-7c7cd2aa770c,Elvira561 Ureña88,F,GENERAL PRACTICE,55 LAKE AVENUE NORTH,WORCESTER,MA,016550002,42.2774799,-71.76166994969458,378,0
e53ae0a9-c437-316f-9f43-c72d263d472e,18b1bb7e-2f93-3253-a7ae-d19c13ffeaa1,Derick144 Bashirian201,M,GENERAL PRACTICE,29 E 29TH ST,WEST NEWBURY,MA,019854201,42.8014795,-70.989778,101,0
4577ada8-0a42-3cfa-bfa3-caaabc1ffc52,67d2f85b-ddc7-3ed0-b90b-6fa5b7b8358a,Norah104 Jenkins714,F,GENERAL PRACTICE,43 FOUNDRY AVE,WALTHAM,MA,024538313,42.37050535,-71.21908334877376,171,0
b433a980-213e-33e7-9c73-dc446b8bd802,78eb7e47-26d6-37d4-8e01-5eabfc9d068f,Jill895 Hagenes547,F,GENERAL PRACTICE,78 BRICKYARD RD,ATHOL,MA,01331,42.58312735,-72.2583516123911,46,0
ceb68f71-6e28-3a2b-bbbd-c1eaecf8750e,1d45436f-15a9-326e-a452-2e9ffc9fc5e5,Odilia72 Mraz590,F,GENERAL PRACTICE,75 SPRINGFIELD RD,WESTFIELD,MA,010851832,42.111428849999996,-72.71189899299209,360,0
57a18e78-ab34-3860-872c-a9296930c429,a69c3469-9552-3474-9928-20350c16191b,Cristina921 Salazar800,F,GENERAL PRACTICE,64 PERFORMANCE DR.,WEYMOUTH,MA,021893104,42.196492899999996,-70.94257445685295,1,0
f504d674-a181-367a-bbc7-cdec82d44836,ce89d7ed-54eb-3eae-881a-15df8e631c47,Silvia880 Howe413,F,GENERAL PRACTICE,36 WILLIAM STREET,LEOMINSTER,MA,014533276,42.5267443,-71.7614891,5,0
dcf658ca-9d5b-374f-920e-52b5af02bd39,0d9b0d22-585e-3fd8-ab02-26b5be7915d1,Duane703 Koelpin146,M,GENERAL PRACTICE,516 CAREW ST,SPRINGFIELD,MA,011042330,42.12133575,-72.59217953646302,383,0
dd44f802-3389-3334-a7e8-86e507ba25be,e4dbbb2f-5a51-341d-b5a5-dd91b968b217,Errol226 Gaylord332,M,GENERAL PRACTICE,329 WASHINGTON ST,NORWELL,MA,020611737,42.16319935,-70.86354427737673,1,0
d6d6be94-5db1-315e-8e57-8045bd78648a,d3335d07-2a2c-35d7-9b87-c022393b6793,Xavier983 Lubowitz58,M,GENERAL PRACTICE,137 NICHOLS STREET,NORWOOD,MA,020622009,42.1930792,-71.20868232395514,2,0
831a228f-2ea7-3aba-a23b-7dbbd08b0808,0d1570ab-371c-3898-9397-95905d8c5166,Jose871 Dicki44,M,GENERAL PRACTICE,750 WASHINGTON ST,BOSTON,MA,021111552,42.3499038,-71.0631836,783,0
0eaf1171-0b9b-31d6-844c-022bb25defdb,1853aeef-5897-326a-80d6-aa4b0459eb6d,Jewel43 Kassulke119,M,GENERAL PRACTICE,381 WICKENDEN ST,ATTLEBORO,MA,027032247,41.9438129,-71.2806515,385,0
7def5a91-1e69-3f18-9ac9-86882eb7622b,4b7e26e6-e5b1-38c9-b4ac-fde9a0f93177,Maggie320 Eichmann909,F,GENERAL PRACTICE,38 BROAD STREET,QUINCY,MA,021694604,42.2560352,-70.99469254391217,195,0
dbc25e9a-3d20-36f9-ab0b-5d71b9a23a5b,93552c27-f173-385f-8849-ee56c25f638b,Rubin812 Cummerata161,M,GENERAL PRACTICE,359 HIGH ST,GREENFIELD,MA,013012617,42.6033006,-72.58135309677492,8,0
ff0fc177-bfc9-3103-a175-6fe5f3a31d8f,f3030ee3-dfa5-3595-b684-9769e52a580a,Etsuko685 Torp761,F,GENERAL PRACTICE,88 MASONIC HOME ROAD  DAVENPORT BLDG  2ND FL,WEST SPRINGFIELD,MA,010891357,42.105237,-72.6213712,7,0
7e5142c9-f374-3471-b94e-3dc2828be1a5,94dda4e1-7476-367a-b1f8-37ea7f61a1b7,Chanell45 Robel940,F,GENERAL PRACTICE,145 WARD HILL AVENUE,WESTBOROUGH,MA,015811017,42.2694308,-71.6129907,57,0
2486ebc8-150a-3801-94a3-5f27088433e6,01bb7b5c-f850-3c4e-a3f1-442d8273559a,Dennis979 Effertz744,F,GENERAL PRACTICE,395 PLEASANT ST,NORTHAMPTON,MA,010603914,42.3150543,-72.62555561349089,77,0
d6379c20-0c1b-35a6-a0ae-4b7132a30497,bdaa3017-130e-34e9-b3ac-ca6d992e8b50,Theron432 Bednar518,M,GENERAL PRACTICE,150 WATER STREET,HAVERHILL,MA,018306213,42.77508795,-71.07182802882255,7,0
d579395c-4e23-3097-be99-7c32656697c7,22fa6d28-92b6-3446-a388-f5aba50debaf,Lenard338 Robel940,M,GENERAL PRACTICE,123 CAPTAIN'S ROW,CHELSEA,MA,021504019,42.3917638,-71.0328284,33,0
b30ca4fb-1a28-3f87-8ac7-e7c4385cf4bf,8a87ef73-eaa2-340a-bec5-c3cef01ef836,Kristle148 Rodriguez71,F,GENERAL PRACTICE,3 PARK DR,WESTFORD,MA,018863511,42.556814700000004,-71.43463308318695,1,0
b25402e9-89e8-3e33-babc-5aad8fc0f645,2ca615f3-87f7-3283-a447-d919a883b676,Isaias604 Dickinson688,M,GENERAL PRACTICE,1399 WASHINGTON ST,HANOVER,MA,023391653,42.1441354,-70.8440854,137,0
c5d684d6-77d9-3399-8bc1-2d0233e7c0ad,c0a33465-d309-3d2a-932e-9d554a7cc19c,Vicente970 Gamboa193,M,GENERAL PRACTICE,100 CENTURY DR,WORCESTER,MA,016061244,42.3138278,-71.7707002,987,0
f8abfab3-2d9b-30c0-8bc0-631e83834c7b,0583e4f7-f1c2-3100-8e0c-d0decc7ef261,Dusti191 Howe413,F,GENERAL PRACTICE,123 WATERHOUSE ROAD,BOURNE,MA,025323890,41.72840155,-70.58506829999999,111,0
8b3e043a-3255-36bb-862f-65e2ff6ba635,ce81052f-7c77-3cd7-8c30-930339a79ceb,Mathew182 Cummings51,M,GENERAL PRACTICE,363 ALBANY ST,BOSTON,MA,021182503,42.342456,-71.062887,72,0
835959c1-c305-33dd-ac4e-4dfd9449308c,689f8809-c101-38db-b3c9-580b4c37f268,Reina25 Quesada500,F,GENERAL PRACTICE,364 STATE RD,VINEYARD HAVEN,MA,025685624,41.44720825,-70.61474940346154,50,0
52370534-940a-3b81-93f4-2abaa1dfc8da,7f32dd7d-5c35-3ddb-839b-8fbbb930d412,Luna60 Littel644,F,GENERAL PRACTICE,863 CENTRAL STREET,FRAMINGHAM,MA,017014813,42.30758060362541,-71.42846215724606,54,0
9a85ce59-359b-31c5-b046-62a1f2bee570,65bd3883-56ee-3eea-8e86-b7e677a30727,Dan465 Block661,M,GENERAL PRACTICE,150 FLANDERS RD,WESTBOROUGH,MA,015811017,42.2770724,-71.5679154706427,1,0
19fd1bcc-3790-356c-a824-f4a8e211dc0d,51d38e67-9350-39b8-bbb3-91cc879ae415,Darrick836 Hoppe518,M,GENERAL PRACTICE,335 NICHOLS ROAD,FITCHBURG,MA,014201932,42.598254850000004,-71.80841914533654,32,0
b5ac3ae2-3c0a-3abb-8087-0c18e721624b,80646050-1c76-3046-bbc8-fd5f0b7c34e6,Mateo562 Barajas558,M,GENERAL PRACTICE,140 ARNHOW FARM ROAD,FITCHBURG,MA,014201369,42.5903661,-71.8119837,118,0
5093cc8a-bf4a-3e42-b57f-238dd23baaa3,0a689d33-2b0d-3942-8de8-e28812e91c69,Noah480 Pagac496,M,GENERAL PRACTICE,47 SEAVERNS AVE # 5,BROOKLINE,MA,024463806,42.3317642,-71.1211635,159,0
14f9d962-ac18-3683-8705-aa3084e98a38,cac6f8b3-eafd-31b3-9fa3-8015752ccc2c,Celine582 Pagac496,F,GENERAL PRACTICE,123 SUMMER ST,WORCESTER,MA,016081216,42.26496835,-71.79655403681465,938,0
cf78f8df-d174-38e3-bfe0-02724f7cf5d9,e02d9c87-52cb-3f3c-9f97-fe95f260c437,Sheldon401 Hoeger474,M,GENERAL PRACTICE,321 MANLEY STREET,WEST BRIDGEWATER,MA,023791022,42.0338457,-71.05496436428572,1,0
5c6b7be4-e8ec-3b1c-965e-b47ab9b80d1c,6e517750-a29e-3170-a02b-5733ff523458,Margarita164 Abbott774,F,GENERAL PRACTICE,101 BARRY RD,WORCESTER,MA,016091275,42.3030701,-71.8333408960994,251,0
15dfa2c9-750a-35f8-a12d-f97ea2e37f1d,7b1b5168-1ee7-3bff-ba75-d36a229d5e64,Benny518 Jast432,M,GENERAL PRACTICE,394 LOWELL ST STE 11,LEXINGTON,MA,024202550,42.44858045,-71.19926263869804,13,0
f91bfd62-65a9-3290-ad4a-4b702af48ed8,d36eba4a-0dfb-3a26-b9fe-eb74594bbe3c,Bonita405 Boyer713,F,GENERAL PRACTICE,1350 MAIN ST,WORCESTER,MA,016031550,42.2416259,-71.85047518091996,3,0
b998ee56-08c5-30b9-b132-5684ca0c30e9,bb867d36-0c8d-33b4-b19c-a8c026655b6c,Lahoma872 Macejkovic424,F,GENERAL PRACTICE,200 KENDALL ST,SPRINGFIELD,MA,011042532,42.12161175,-72.57784860231564,1,0
b7954dda-3b8b-3ee5-953d-76d26c9a6b99,1b3fe590-8793-3f08-865d-01fc425a84d4,Mathilde204 Wintheiser220,F,GENERAL PRACTICE,1340 BOYLSTON ST,BOSTON,MA,022154302,42.34392675,-71.09888049065322,236,0
81664933-3a84-3dc0-b00f-6bb83d578595,0be0e035-8dad-387e-bbdd-a5a469c4311f,Deane47 Howe413,F,GENERAL PRACTICE,480 MAPLE ST,DANVERS,MA,019234065,42.584178050000006,-70.97197467750539,254,0
bedf1d28-b82d-3fe9-ba6c-4ffdafb60e61,3f12ebb4-e03c-3453-88d2-4fc9682383df,Irina619 Stiedemann542,F,GENERAL PRACTICE,726 COUNTY ST,NORTH DARTMOUTH,MA,027473603,41.6389926,-70.9703171,204,0
df1e929e-4c0f-3d11-b054-4141d0f7f643,a9fc7aa5-d3b3-314d-9cf7-af29051d3dd9,Rudolf736 Hermiston71,M,GENERAL PRACTICE,1193 SEA STREET,TAUNTON,MA,027803960,41.8946107,-71.11113,62,0
273d5c15-ad0e-35fe-8ce9-847109e8a785,477c3c1a-ba1a-3102-8a91-56624ba236e4,Denver542 Davis923,M,GENERAL PRACTICE,642 BOSTON POST RD,SUDBURY,MA,017763302,42.36142375,-71.44123077142632,4,0
95a0ebd2-7ddc-3c3b-b3d2-80bcf0a53f70,9c9d017c-0a4d-3e03-9802-4d310ea05c71,Essie785 Schaefer657,F,GENERAL PRACTICE,70 FULTON ST,BOSTON,MA,021091402,42.362439499999994,-71.05377386223965,2,0
e32802b5-afae-315d-bf82-e144d0f16393,8ec2ca51-abb4-35dd-b90f-6c6aad6d2124,Oda116 Conn188,F,GENERAL PRACTICE,22 JOHNSON STREET,PEABODY,MA,019602311,42.54644385,-70.99288129112277,73,0
6278b4dd-6679-3fc8-9f8d-efdc882fe17f,ea468462-3080-302e-b405-9127a396c310,Caroll955 Rowe323,F,GENERAL PRACTICE,600 CUMMINGS CTR STE 270X,WOBURN,MA,018013200,42.4792618,-71.1522766,1,0
acc56948-dcad-36ae-9a81-a19191f14005,8af3b144-0e1a-3c90-937d-81a4ed026080,Latasha666 Fay398,F,GENERAL PRACTICE,800 WASHINGTON STREET,NORWOOD,MA,020623489,42.1886973,-71.2005241,692,0
0778b103-c0fb-3dda-9d85-c453ef176859,9fdce5d5-d4d0-3156-a8d5-8757bfe4e9b3,Rosario163 Kilback373,M,GENERAL PRACTICE,1 FARMER CIR,ARLINGTON,MA,024742866,42.42405225,-71.16792616556859,312,0
7afe34b0-3b17-3421-a08b-0c84f124d7a6,86f41096-d81f-3e26-b770-b26adc017d3e,Floyd420 Prohaska837,M,GENERAL PRACTICE,288 WASHINGTON STREET,QUINCY,MA,021695523,42.24983615,-70.9902487341626,28,0
c97bf82e-8eac-3f49-8e4f-6ef20ee1e7de,a35fd733-dc1a-33f0-a308-292ff5581287,Julianne852 Schaefer657,F,GENERAL PRACTICE,15 STRAW AVE,FLORENCE,MA,010621491,42.335654,-72.663286,69,0
f2846bb6-49c6-34fb-be29-12db1e426c8c,b014aec7-7bd8-351f-8808-3e280cbc5be6,Sergio619 Volkman526,M,GENERAL PRACTICE,70 EAST ST,HAVERHILL,MA,018306700,42.7777829,-71.0767724,414,0
cd83a70d-4668-3454-85aa-cd5ada945c13,5cf11f0d-eea6-39bb-b83a-bd99e4259b83,Josh874 Hackett68,M,GENERAL PRACTICE,190 NORTH AVE,HAVERHILL,MA,018302238,42.801287200000004,-71.08349835346564,4,0
a895345e-67f9-3a84-a7ec-c8d85e81e228,b3b56527-d366-3353-bca9-266a12f23051,Obdulia648 Schroeder447,F,GENERAL PRACTICE,60 QUAKER HIGHWAY,UXBRIDGE,MA,015691628,42.06100105,-71.62352848737622,32,0
461fae1a-84fe-3707-af3a-74ce895a58e7,f1664435-2eca-3eff-bd1a-13701e7ad1bd,Elvin140 Marks830,M,GENERAL PRACTICE,300 PASTEUR DRIVE,NEWTON,MA,024592058,42.3370414,-71.2092214,254,0
0a93bf36-817e-3ae1-8740-4e675eab719e,125eccb3-d003-34ea-9bd8-360dff059782,Mickey576 Gerlach374,M,GENERAL PRACTICE,125 PARKER HILL AVENUE,DEDHAM,MA,020266146,42.2489143,-71.1755732,1134,0
95b412fd-b824-35ef-905d-d9da756ad30d,c5742266-625d-3824-9ed3-4b5c6bc3e296,Rod343 Goyette777,M,GENERAL PRACTICE,22 BRAMHALL ST,SCITUATE,MA,020664312,42.1939754,-70.7697128,207,0
f520a8fb-6706-3f81-8649-e88422bc35ee,68027854-a51a-324b-8f20-2da7be608ebf,Ruth999 Legros616,F,GENERAL PRACTICE,50 RECREATION PARK DRIVE,HINGHAM,MA,020434206,42.176395,-70.90419664699353,4,0
a3999596-1bd0-31ba-9829-c9fa51192291,52323856-2b6a-3c09-8277-7d4ff9cb325a,Robby860 Schuster709,M,GENERAL PRACTICE,99 PARK STREET,BROOKLINE,MA,024464406,42.3398029,-71.1238599,1,0
7aaebae7-4df7-3c6b-aff0-c86714b819e3,b242f971-3c74-3778-b148-81366c1e6a3f,Leland44 Bernier607,M,GENERAL PRACTICE,10 CAREMATRIX DR,DEDHAM,MA,020266149,42.2270762,-71.17237295563174,604,0
2a804749-2380-3d22-a69a-afb431725f3d,e8d0fea4-45cb-32d3-8798-0fe6156c4409,Dannie881 Howell947,F,GENERAL PRACTICE,265 ESSEX STREET,BEVERLY,MA,019151958,42.56513015,-70.86168781456092,4,0
8e3a16ad-b08d-3068-a975-44e0638a58a5,b93ffa11-ffab-3fe0-8c28-657817801192,Burt293 Berge125,M,GENERAL PRACTICE,9 MAPLE ST,WILBRAHAM,MA,010951730,42.150018599999996,-72.42537320933242,6,0
03374d34-4e4d-3488-97d8-8c4a53c1cdb6,e5b9db6a-8dd8-3622-b9ce-3dc593e111d1,Carmelita854 Tromp100,F,GENERAL PRACTICE,1223 BEACON ST STE A,BROOKLINE,MA,024465332,42.3430087,-71.1170155,99,0
b80510ee-9172-373c-b80c-0a586562b4c2,36c8b677-a6ce-3266-b71e-ed86d778d0fa,Rebekah348 Rippin620,F,GENERAL PRACTICE,300 FRIBERG PKWY,WESTBOROUGH,MA,015813900,42.28350315,-71.58027718702151,144,0
5ed6ea39-d058-31b8-9d1a-5e52126d699c,e92dad8b-f485-315a-8fc4-1d7adfdc9c00,Conchita9 Rosas160,F,GENERAL PRACTICE,581 FAUNCE CORNER RD,DARTMOUTH,MA,027471242,41.676111381167445,-70.98788528176077,301,0
c9a0bf12-2dd9-3994-879e-473a22b0cb8e,6929d249-cc27-33aa-a871-b6f26059615d,Deon400 Fritsch593,M,GENERAL PRACTICE,ONE HOSPITAL ROAD  FIRST FL  WING 5   PO BOX 1477,OAK BLUFFS,MA,025571406,41.4538523,-70.5684713,568,0
ff4ce425-c82a-377d-a152-8a7b94032b2f,aad05540-c9cb-3805-b3c4-f9b9d9b42b2e,Quentin28 Fritsch593,M,GENERAL PRACTICE,821 E MAIN ST STE 3,CHICOPEE,MA,010206306,42.155774795300516,-72.55672263289513,566,0
6fb3727e-3b1c-3557-8c22-5d9dd0b133be,1aa9084e-2b86-3d6e-93ab-dbe6d4dda601,Casey401 Schultz619,M,GENERAL PRACTICE,100 OLD BILLERICA RD,BEDFORD,MA,017301267,42.499905749999996,-71.25668964877971,4,0
6a7e509a-b5fb-3538-9912-e3152e4592b4,2e73956a-942f-36f3-b88c-f88e782e578f,Elli820 Boyle917,F,GENERAL PRACTICE,790 TURNPIKE STREET  SUITE 202,NORTH ANDOVER,MA,018456138,42.661547049999996,-71.10774565195425,19,0
db68fb20-93a2-301b-a445-7a0a98fe84ec,2987ddf5-7ff2-3e4a-9e25-d654a10313fd,Josefina523 O'Connell601,F,GENERAL PRACTICE,519 MAIN STREET,MEDFIELD,MA,020522522,42.186209649999995,-71.30745495273302,35,0
13d1771b-430a-31d1-86fb-ee5d9faa9dd2,ce3b504c-f15c-3bcf-ba6e-dcb551cc7d7f,José Eduardo181 Madrigal893,M,GENERAL PRACTICE,112 SOUTHAMPTON ST,BOSTON,MA,021182711,42.33240995,-71.06915010706255,73,0
a23fada0-bf9f-3a47-9ef5-fa008586fe91,eea92149-820f-301f-911e-b170e8312842,Tracey100 Hamill307,M,GENERAL PRACTICE,123 SUMMER STREET,WORCESTER,MA,016102177,42.26496835,-71.79655403681465,409,0
ed1e2786-f479-3d53-b793-27b976e44d49,19a3afba-b409-3650-a0ab-f3faf6e391ef,Haywood675 Strosin214,M,GENERAL PRACTICE,199 REEDSDALE RD,WALTHAM,MA,024511433,42.3756401,-71.2358004,188,0
34b8921a-2e05-3a7c-afb5-476e4083320c,0e9d0119-1157-35a0-8bb5-7e0aa3041928,Kari181 Trantow673,F,GENERAL PRACTICE,1049 MAIN STREET,SPRINGFIELD,MA,011032114,42.09977055,-72.58470990760483,196,0
0c22c86d-d153-3274-a6d3-0da3741aa0a0,5de0661c-5943-365b-93c7-8ab84e1df09c,Delbert384 Carter549,M,GENERAL PRACTICE,28 LINWOOD RD,LYNN,MA,019051638,42.4703546,-70.964796190519,7,0
bcab3799-56a1-3d6b-8688-efcfa83bb222,76b7dbb5-0a02-32a4-9a01-3511f7e45016,Emerita401 Satterfield305,F,GENERAL PRACTICE,59 COUNTRY WAY,SCITUATE,MA,020663746,42.1806871,-70.74862935148246,77,0
7af9d5cf-e40d-3fae-80de-95d92a9d7482,83a08dcf-7ed6-3d2e-afc0-a72c05d2563c,Jerri638 Stiedemann542,F,GENERAL PRACTICE,755 MAIN ST,HAVERHILL,MA,018302166,42.797835,-71.0878121,276,0
e3f9d53e-6d97-35e9-b2ae-213760faac29,562176c7-c337-3bd1-b8f4-89853772589b,Theresa98 Schuppe920,F,GENERAL PRACTICE,877 SOUTH ST,PITTSFIELD,MA,012018243,42.417399950000004,-73.25836946569122,1,0
8e71005a-455b-32d3-8299-44a01eda2546,b826cbda-f69b-32d0-9e6e-edcb80f692bb,Kisha966 Beahan375,F,GENERAL PRACTICE,169 VALENTINE ROAD,PITTSFIELD,MA,012013042,42.45821049070386,-73.27683573566691,95,0
ed88e921-6fb4-3d1b-8f55-bb84f4047469,25c85bcc-7e25-36bc-89e8-08e0d473db23,Sharron285 Okuneva707,F,GENERAL PRACTICE,138 S MAIN ST STE 14,MILFORD,MA,017573272,42.1270746,-71.51639128815474,624,0
0c02e368-b0e6-3c17-b5e3-c43e560758ed,b90ee64e-4559-32db-97d7-0341740a71f1,Angelika194 Cartwright189,F,GENERAL PRACTICE,123 SUMMER ST,WORCESTER,MA,016081216,42.26496835,-71.79655403681465,98,0
65ade71d-c0c3-33fe-92e7-e67088d2b25f,eb9188f8-3f7a-3794-a349-94f88f7ff41c,Hattie299 Kuhlman484,F,GENERAL PRACTICE,119 PROVIDENCE STREET,WORCESTER,MA,016044429,42.25031935,-71.79212030621437,1,0
d64ffe60-0455-35aa-9b44-857d53e0a13b,d9b71ccf-6649-3555-9e99-44eac0af257f,Javier97 Collier206,M,GENERAL PRACTICE,655 DEDHAM ST,WRENTHAM,MA,020931135,42.084901,-71.30689224201797,113,0
06057386-77b5-36ec-a28b-f7e7aa693271,c4ac39af-31c3-3e1b-bd95-faa239bce600,Lindsey52 Crona259,M,GENERAL PRACTICE,374 ROUTE 28,WEST YARMOUTH,MA,026734717,41.6514493,-70.24627055149762,38,0
2314d0d3-f498-36f0-991b-be072573f41c,7348f15f-ec3d-3aef-821a-8de550c90f26,Rosalie939 Pfannerstill264,F,GENERAL PRACTICE,292 WASHINGTON ST,GLOUCESTER,MA,019304832,42.6249323,-70.6824382785235,4,0
c645dab6-f994-3b1d-b9e1-37536c86a069,81991e0d-8034-36c8-be5c-624b44cb67de,Clemente531 Guevara385,M,GENERAL PRACTICE,76 NORTH ST,MIDDLEBORO,MA,023461619,41.9014651,-70.91375666607357,3,0
7319c3e7-4631-3ca1-a3a1-60c350c2b8d8,5876b638-1603-348c-86ef-9c708bd240dd,Chassidy418 Heathcote539,F,GENERAL PRACTICE,500 W CUMMINGS PARK STE 6300,WOBURN,MA,018016541,42.495389450000005,-71.12874638292683,1,0
41eb0b91-3eac-361b-87d6-4d3b9688edad,e68de1a0-767e-3466-b9a6-43948ee073d3,Gene733 Ratke343,M,GENERAL PRACTICE,160 WELLS AVENUE,NEWTON,MA,024593302,42.29337605,-71.19806353028767,78,0
214708b6-5fbb-38e4-a527-0a52c37c59d6,2fb77691-5353-358a-bc94-90af77dd654b,Sasha806 D'Amore443,F,GENERAL PRACTICE,200 GROTON RD,AYER,MA,014321168,42.577352149999996,-71.57414587343038,477,0
597afb4b-4bf4-3c50-b5c0-c3ba61d61d88,ede8251b-e165-3ef6-b8a0-305217ba8e88,Elijah719 Boyle917,M,GENERAL PRACTICE,710 STOCKBRIDGE RD,LEE,MA,012389316,42.29155405,-73.28210389651024,22,0
1a4183c1-f119-34a1-93bb-c294ce1977e0,f002fb4c-544a-3139-b3f1-439864d5474a,Sanjuana985 Cruickshank494,F,GENERAL PRACTICE,266 LINCOLN AVE,SAUGUS,MA,019063037,42.44952884999999,-70.99452689295308,5,0
3145343f-1173-3331-88ed-168657196364,d6c165ec-d9ca-35a5-9bc8-2061cbfb83a2,Linn541 Lynch190,F,GENERAL PRACTICE,10 ADAMS ST,NORTH CHELMSFORD,MA,018631780,42.6389249,-71.3840196,179,0
189f9ccb-a5ad-3fbf-948f-c07a0c28faa6,cbebae9e-f95e-3d2c-9712-289ea8d6aeec,Xochitl483 Haley279,F,GENERAL PRACTICE,49 ROBINWOOD AVENUE,QUINCY,MA,021698130,42.2509914,-71.0037374,1841,0
10922a31-d2e6-316c-9dc5-af11f8a5933a,1cec4304-9757-3a10-ad4f-7e2090c56131,Eugene421 Rohan584,F,GENERAL PRACTICE,55 LAKE AVE N,WORCESTER,MA,016550002,42.2774799,-71.76166994969458,607,0
f3971960-321b-3e87-ad36-e805fbc98fb9,82ed13dd-9643-31e1-a56c-ff9a28a9d671,Mohammed454 Cartwright189,M,GENERAL PRACTICE,290 ROUTE 130,FORESTDALE,MA,02644,41.713592,-70.4889162,26,0
5fdc7fea-c490-3dd3-ab93-4651fad3ae9b,5862e05c-9533-3f7a-8f73-215d50f5ee2f,Emilio417 Barton704,M,GENERAL PRACTICE,1200 CENTRE ST,ROSLINDALE,MA,021311000,42.29768,-71.130463,401,0
c74a044e-2bae-3c7a-bca3-5648f06da190,ec7e487e-7e78-3eac-a9ee-37f8de98a0f9,Sid118 Hammes673,M,GENERAL PRACTICE,277 WASHINGTON STREET,ABINGTON,MA,023512489,42.10060947239023,-70.94967338146704,39,0
daf69b31-0b4a-3d7e-8345-06668a4b821c,ad482681-b4c4-3fce-ac59-78c83d31b0ba,Carmelo33 Turner526,M,GENERAL PRACTICE,130 CHESTNUT ST,FRANKLIN,MA,020383903,42.08345955,-71.38413379825735,7,0
91a4c711-0860-3d23-99fb-3b7d039f6682,a8f1424c-00bc-3403-8db5-cd600978f3a4,Corazon138 Bogan287,F,GENERAL PRACTICE,8 BURNHAM ST,TURNERS FALLS,MA,013761816,42.6042523,-72.5564777,629,0
95170718-3aff-3067-b1d7-6e78909e00b1,411f14a5-de79-3e08-81d6-301270cc2275,Janee223 Harvey63,F,GENERAL PRACTICE,64 CONCORD STREET,WILMINGTON,MA,018872179,42.55962465,-71.13772203658047,186,0
f738d790-c62e-306f-9bbd-d435d57b3fa7,471f7ca2-38f8-3080-8109-187c73ec0b1f,Collin529 Johnson679,M,GENERAL PRACTICE,27 CONGRESS ST,SALEM,MA,019707308,42.518722068313224,-70.88940635956651,213,0
dea87797-774d-3cce-8394-eb637b109cb4,a5577e5c-b886-37a0-8eee-8ff6feb7ea6b,Leopoldo762 Keebler762,M,GENERAL PRACTICE,330 MOUNT AUBURN ST,CAMBRIDGE,MA,021385502,42.3741033,-71.13417575971958,1187,0
26d6be94-1969-3b9b-b708-29e8867944d5,20df65a4-7567-3066-b680-0f71b0c31d38,Rayford811 Bashirian201,M,GENERAL PRACTICE,242 GREEN ST,GARDNER,MA,014401336,42.58685735,-71.98748072431209,438,0
ebc6c5d3-bec0-3f3c-bbe2-b1be8e5adff8,5581e43d-0463-3a0b-afc7-a60aea5ac96c,Brock407 VonRueden376,M,GENERAL PRACTICE,57 RIVER RD,ANDOVER,MA,018101144,42.69112645,-71.19636086287642,241,0
33912e8c-d050-3682-95fa-27f7907253e9,7dcab1ad-0e13-3700-9eb0-70767c5e2b55,Tomás404 Saucedo620,M,GENERAL PRACTICE,1515 ALLEN ST,SPRINGFIELD,MA,011181803,42.095299499999996,-72.50943136142334,111,0
83b6efa7-df3e-348e-81be-26130ac1886d,ce9c1582-994d-32bf-835c-474a249d2804,Clifton91 Veum823,M,GENERAL PRACTICE,275 MARTINE STREET  SUITE 104,FALL RIVER,MA,027231500,41.68393816525316,-71.1220830626733,10,0
aab29cd3-ba85-3dec-8437-5dcee9634206,b4064f5c-4729-31ef-a5b1-5343474c9520,Ariel183 Boyer713,F,GENERAL PRACTICE,63 KENDRICK ST,NEEDHAM,MA,024942708,42.2972045,-71.21072731380494,2,0
1af31435-b27b-33cb-a297-e15cc1ce73be,9485907a-9f9c-3c19-a424-b402ee8f99c2,Tynisha348 Bogisich202,F,GENERAL PRACTICE,101 PLANTATION STREET,WORCESTER,MA,016043025,42.258026400000006,-71.78384882397785,127,0
54b3dc22-ed6d-3bbf-9b27-f34b892b35ce,6ea4d3d6-d820-387a-a3d1-ed5944ad47a2,Nicolasa738 Larkin917,F,GENERAL PRACTICE,232 PLEASANT ST,METHUEN,MA,018447152,42.7397562,-71.17113575205717,216,0
fe39c94e-66cc-35a1-8528-9a6ef5742410,e7722de2-0e62-3dc9-a163-a7003956673b,Víctor493 Ceballos171,M,GENERAL PRACTICE,1 EDGEWATER DRIVE  SUITE 103,NORWOOD,MA,020624669,42.16153305,-71.20162617190071,34,0
16dd3ee5-9f6b-31af-a1ff-92acb0490d21,c630c98b-cbfb-3260-a984-4bbf511de98d,Selma398 Beier427,F,GENERAL PRACTICE,135 S HUNTINGTON AVE,BOSTON,MA,021304885,42.328899,-71.110855,2,0
df7d6fd1-0c49-318c-a247-95386cc41049,9b8a7a25-b923-3710-9f3c-d42919a3f54f,Kayce253 Ondricka197,F,GENERAL PRACTICE,146 MAIN ST,MAYNARD,MA,017542651,42.4309786,-71.4552968,179,0
6d05a80d-22db-3c4a-b8bb-cc1ffc429433,62b55e5b-b58f-354d-8f2d-f2a330bc619e,Paz9 Gerlach374,F,GENERAL PRACTICE,201 HIGHLAND ST,CLINTON,MA,015101037,42.42738865,-71.69329092351188,467,0
05d19fcd-c9ac-3cc5-9404-217e995030c4,be8fdb3e-0f3e-3b1b-a35a-795d9800f060,Christena299 Smith67,F,GENERAL PRACTICE,29 NEWBRIDGE WAY,DEDHAM,MA,020267011,42.26368805,-71.2021309784077,8,0
e19b7a23-123f-364f-8e1e-1a88e1bd5cb6,966245ce-e84d-36b0-a838-2e0b5bb2e668,Refugio197 Crooks415,M,GENERAL PRACTICE,1425 BLUE HILL AVENUE,MATTAPAN,MA,021262122,42.2754929,-71.09384131587021,100,0
72b7dff0-1ed3-394f-b6ac-055d8afcb92b,58d6127e-ee48-37c3-9f2d-dcd3c050fb25,Thomasena108 Gutmann970,F,GENERAL PRACTICE,73 RUSSELL RD,HUNTINGTON,MA,010509777,42.2244752,-72.8709216,77,0
cc2f98b9-351f-3095-8409-86674de57141,b9a91cbd-3263-31d9-9cff-55873cf8b2e2,Danita413 Becker968,F,GENERAL PRACTICE,25 Bond Street,Springfield,MA,01104,42.110065,-72.60007,769,0
3d6e3058-4076-3bb9-aab9-b9249ee8a9c9,b574fc4f-313c-38a4-9baf-7e12e431a499,Steven797 Schulist381,M,GENERAL PRACTICE,511 W GROVE ST,MIDDLEBORO,MA,023461479,41.90036455,-70.9535889372234,48,0
aa08f25a-e900-3189-9689-6c73c23948a3,9dbd44ba-59b2-3d1d-ac91-3880af8081d2,Rob341 Larson43,M,GENERAL PRACTICE,529 MAIN ST STE B,ACTON,MA,017203965,42.4878132338563,-71.43046999422496,181,0
9271b999-9bb8-37d4-b9bc-67cd3058d7fb,af45b6a5-7289-300a-8e98-afa85eefd92e,Steve819 McGlynn426,M,GENERAL PRACTICE,270 BROADWAY UNIT 1,SAUGUS,MA,019064510,42.4648183,-71.010051,8,0
8d98b97a-dbd4-3373-bc1c-6c5a51c4f35b,2bde75a8-708f-3930-8d57-100ab365d413,Cedrick207 Gleason633,M,GENERAL PRACTICE,173 WORCESTER ST,WELLESLEY,MA,024815521,42.2964859,-71.2925571,32,0
264909cb-8409-36db-b90d-73b599390ca7,35eba9db-902f-32e6-b302-0e5ef8fa5c68,Laverne101 Schumm995,F,GENERAL PRACTICE,66 BROAD ST,WESTFIELD,MA,010852927,42.1165587,-72.74727440058362,8,0
c4177845-a0c7-37e6-8f00-3cef5ec30f45,b7866c75-5e56-36b0-b9c5-c63051677b69,Elias404 Skiles927,M,GENERAL PRACTICE,45 RESNIK RD,SANDWICH,MA,02563,41.7579043,-70.4968152,183,0
a7277c89-cf41-3a7a-8ad4-bba9ef19bf9a,9656a864-3b93-356f-9fa6-d7988e249977,France571 Feil794,F,GENERAL PRACTICE,950 N MAIN ST STE 203,RANDOLPH,MA,023683064,42.1871612,-71.0568102,104,0
4a4c7675-dc3b-3388-ab2a-3c6f849cf5cc,3465062e-288a-395c-abbe-2813f9c7b8a1,Gisela897 Veum823,F,GENERAL PRACTICE,22 MAPLE ST,AMESBURY,MA,019131304,42.857005,-70.94281582407783,2,0
01bab315-8663-376e-a9bf-30df036a0913,4eddfa13-f996-3048-9bbc-541b0a29038a,Vince741 Schmidt332,M,GENERAL PRACTICE,736 CAMBRIDGE ST,BRIGHTON,MA,021353601,42.348649949999995,-71.14799584850206,170,0
17b8f127-74c7-35ce-9f01-4928913a3ce7,845fbd9b-2d1c-39a8-8261-28ae40e4fab2,Sam879 Rippin620,F,GENERAL PRACTICE,14 PROSPECT STREET,UPTON,MA,015681431,42.1700209025178,-71.59409308099494,1085,0
cad4cc89-df13-30e2-9f25-b5aa8305284f,946ec45f-5c4a-361f-b158-927144864133,Glynda607 Harvey63,F,GENERAL PRACTICE,19 MIDSTATE DRIVE  SUITE 130,AUBURN,MA,015011856,42.1894693,-71.85604765,34,0
3d2518f8-ce53-3559-9c7c-0324b24c3bdb,bac9dc0c-cb0f-3fa6-aa12-819dd0fb922a,Floy720 Greenfelder433,F,GENERAL PRACTICE,1493 CAMBRIDGE ST,SOMERVILLE,MA,021452935,42.3875968,-71.0994968,698,0
4686d66d-36c1-36ab-a7cb-499a6202accf,84d5768f-3a21-3da9-aad2-bbf7a3ae2700,Hank686 Schneider199,M,GENERAL PRACTICE,817 MERRIMACK ST,LOWELL,MA,018543548,42.650296999999995,-71.32263756223612,233,0
ae50d573-2d88-3d81-9aee-87207d9cbd62,9ce6072b-d039-3cde-8eaf-950211b8ae88,Terrie907 Ratke343,F,GENERAL PRACTICE,147 S MAIN ST,MIDDLETON,MA,019492446,42.585787222720036,-71.00861442427218,436,0
439f879c-4de1-3ef8-88cd-366b2f16b31a,2576629d-4a1a-3a63-8c08-779cbd8ef98b,Naoma512 Bashirian201,F,GENERAL PRACTICE,204 MAIN ST,ORLEANS,MA,026533428,41.78516795,-69.96772048551409,54,0
363f75fa-5e6f-30fa-88fa-cd6ebbb77e3c,af8566eb-8918-3ec7-ba44-92b6a2cf8097,Madelaine318 Walker122,F,GENERAL PRACTICE,81 HIGHLAND AVE,SALEM,MA,019702714,42.5112107,-70.90516241826194,1647,0
ac8d9e0d-a377-3c98-b3b7-fd7dce298e05,d4a03501-69f6-3a89-ac27-ed25976fdb6f,Virgen207 Hyatt152,F,GENERAL PRACTICE,25 WOODLAND ROAD,STONEHAM,MA,021801705,42.450448800000004,-71.09076944938434,7,0
c40634e3-c499-3d41-9e83-6f782ed61320,d1d4d104-68cb-356b-9086-888de7d2826f,Ellyn26 Windler79,F,GENERAL PRACTICE,61 Lincoln Street  Suite 112,Framingham,MA,01702,42.28348,-71.41845,811,0
d6c04af6-2c69-355e-87fd-d9b7fcf43245,ecd3b321-0a8a-3ce6-81f0-982dd77fce43,Tracie996 Lesch175,F,GENERAL PRACTICE,25 HIGHLAND AVE,NEWBURYPORT,MA,019503867,42.81369325,-70.89091645747592,500,0
e475859c-a095-3211-be8e-b2cb32ae4e6e,eb2596c3-8814-3add-8516-474214bf5c62,Jaqueline846 Lemke654,F,GENERAL PRACTICE,250 W UNION ST,ASHLAND,MA,017211420,42.24214015,-71.48110671819278,1,0
fb035044-5b2d-3c82-b4b1-d9f6e29724cb,c762a0ef-bfba-3261-b90c-4059f7bcc87d,Jerrod232 Cormier289,M,GENERAL PRACTICE,160 MAIN STREET,WALPOLE,MA,020814037,42.168752850000004,-71.23027591232932,2,0
e8dca2f9-7252-3bb2-a763-d8463d2b2467,42c13743-f36f-370a-a5ca-3e3c9795e02d,Wade235 Toy286,M,GENERAL PRACTICE,17 CHIPMAN WAY,KINGSTON,MA,023641039,42.0115267956362,-70.78988939618995,3,0
dbbd8f1d-34e3-3dd8-9f09-17cd02e3f32c,058176fd-cbb0-328b-8411-c19f5045032d,Dion244 Sanford861,M,GENERAL PRACTICE,840 EMERSON GARDENS ROAD,LEXINGTON,MA,02420,42.43761961817366,-71.19888753880475,39,0
69654534-9583-3823-bea7-c2e1eedd20eb,a036cdf2-bbc5-3ffd-987f-56e437fd8b74,Shayne60 Gutmann970,M,GENERAL PRACTICE,265 N MAIN ST,SOUTH YARMOUTH,MA,026642083,41.680980000000005,-70.18292625685085,25,0
a78f26b9-6713-30b2-b409-5afdf3140306,03d7ee12-bdfe-3e48-9d29-757eb6f01ad0,Phuong301 Wisozk929,F,GENERAL PRACTICE,44 SUMMER ST,DANVERS,MA,019231574,42.57663745,-70.94996137026163,1,0
98338d00-d84d-37ec-bb01-f73fd63b1835,2fbb592e-2154-3a4d-856e-467d7ba5bed7,Cora299 Pagac496,F,GENERAL PRACTICE,780 MAIN ST,GREAT BARRINGTON,MA,012302148,42.17823835,-73.36310566431717,47,0
a6c37627-885c-3e07-8e50-b4d5b3f1dce4,4f5e8f16-a31b-3071-8556-d7188ede313d,Barrett790 Wolf938,M,GENERAL PRACTICE,575 BEECH ST,HOLYOKE,MA,010402223,42.20105435,-72.628169560868,1143,0
c721cc44-4bd5-36a2-8580-2b493bbfe968,69cb2157-b620-3c51-9c94-f516462d2d55,Luther918 Schroeder447,M,GENERAL PRACTICE,11 WATER ST,ARLINGTON,MA,02476,42.41642055,-71.15424293038585,289,0
1e99b17e-d1c9-34fc-941a-784c53d5c3fd,ae3eab22-8868-37bb-9a59-2b8bfe14bf34,Elise948 Smitham825,F,GENERAL PRACTICE,2033 MAIN STREET,ATHOL,MA,01331,42.58522105,-72.20868129339888,109,0
4ed56820-8775-356d-ba72-2771334ac6aa,615416de-5217-3c11-9828-2d4bacd1d9cb,Brooks264 Williamson769,M,GENERAL PRACTICE,434 ROUTE 134,HYANNIS,MA,026011854,41.6753274,-70.309939,5,0
4415927c-f3cd-3f6f-9e23-a8d9664f7191,218e58e4-9642-3ebd-9b39-34d15f22c620,Jung484 Lowe577,F,GENERAL PRACTICE,977 MAIN ST,WALTHAM,MA,024517406,42.376452150000006,-71.25063779999999,75,0
4892b07f-bb2e-326f-bd44-c52a20eb3da1,9a20d707-68e4-32c0-b2b2-2f5d5c2012cd,Gerard367 Pouros728,M,GENERAL PRACTICE,131 CAMBRIDGE ST STE 1,BURLINGTON,MA,018033711,42.50284395,-71.19574553661971,269,0
65166fe4-1884-33f4-adbb-9ea283aeb147,f90ef475-defe-363d-a926-573b38f804a2,Bea654 Schiller186,F,GENERAL PRACTICE,54 HOPEDALE ST,HOPKINTON,MA,017481672,42.2288875,-71.5196439,48,0
21dbba33-a7ef-30f3-885e-26941196ac25,071a898d-3535-39fd-bf61-d33301aacd04,Felicidad691 Luettgen772,F,GENERAL PRACTICE,104 CHARLES ELDRIDGE RD,LAKEVILLE,MA,023471370,41.8459353,-70.9494854,124,0
c38971c0-3b21-3648-90fc-4c4fc9aa4d99,41f66e18-8eb7-32f2-9371-7df5bf2b8d21,Lonnie913 Mraz590,M,GENERAL PRACTICE,170 UNIVERSITY DRIVE,GREENFIELD,MA,013011238,42.6097476,-72.5979752,385,0
0b231812-3cb8-3875-b80e-95a502d9680d,a25107f7-f4f5-36fc-98e4-f3e1b5875c91,Yesenia104 Wilderman619,F,GENERAL PRACTICE,1285 BEACON ST,WOBURN,MA,018012157,42.4979478,-71.1684508,230,0
817f222e-ff9e-3868-82db-27a46bf342ce,0e6c3ad1-24c1-34cb-bb6d-e8438fa319e2,Eufemia350 Casper496,F,GENERAL PRACTICE,50 DODGE ST,SWAMPSCOTT,MA,019071300,42.4699241,-70.9171507,52,0
755e0e9b-9711-3244-abc0-5816dc62d790,b4ca31a9-9d34-3ea1-93c4-443941622304,Ellie521 Nicolas769,F,GENERAL PRACTICE,102 MAIN ST,GREENFIELD,MA,013013224,42.5879173,-72.6055828841603,220,0
0fa8bf37-bd45-38a4-8a0c-0b8aaba5ab9d,3662bcd2-07cc-364c-bd86-161bb738aacf,Bernardo699 Apodaca347,M,GENERAL PRACTICE,1340 CENTRE ST STE 208,NEWTON,MA,024611900,42.3281027,-71.19582114345262,1,0
643fcdee-266b-3681-bba1-03d6bd230564,4f9dd195-07b8-3a81-8b7a-58852a0e6cdf,Tonja658 Goyette777,F,GENERAL PRACTICE,47 E MAIN ST,WEST BROOKFIELD,MA,015852906,42.2355113,-72.1381676,1,0
e93f06c0-2d81-312c-84ca-a09fd9132936,43ee6bb5-8efa-3bfc-8ca8-1579a5267753,Guillermina633 Rivera179,F,GENERAL PRACTICE,235 N PEARL ST,BROCKTON,MA,023011794,42.09805395,-71.0609587194362,138,0
d791be95-744f-36a6-a677-dde4f4538d74,3695125c-c052-3ece-898a-2a6448987ae5,Rosanna866 DuBuque211,F,GENERAL PRACTICE,2040 BOSTON RD STE 5,WILBRAHAM,MA,010951380,42.150295650000004,-72.47288272264812,63,0
9437a634-fc78-3919-89c1-84ae94d9263c,45db4ed7-a93e-3946-9c31-b567ca373de6,Domenic627 Toy286,M,GENERAL PRACTICE,7 Drydock Ave  Suite 2070,Boston,MA,02210,42.34461,-71.03728,287,0
94df526b-6b43-3a6a-8396-e41ef0d46b1d,63b93742-6c13-3309-92b6-f7c858e9f320,Marietta439 Schmeler639,F,GENERAL PRACTICE,77B WARREN ST,BRIGHTON,MA,021353601,42.348002699999995,-71.14205064012461,26,0
946f6dc6-53ab-3de0-9e76-c99e6319c255,bdd9ad72-443a-3563-a626-4c45f6d058b2,Angele108 Bogan287,F,GENERAL PRACTICE,147 PELHAM STREET,WORCESTER,MA,016072105,42.265209,-71.814005,44,0
8f4832f5-cb9b-3b55-96b3-830d5554a65a,05fcf001-ab24-3d7d-85f7-f64942d82738,Nickolas58 Schumm995,M,GENERAL PRACTICE,250 POND STREET,FRAMINGHAM,MA,017014592,42.2838619,-71.4093719,2465,0
bddb8020-3d29-3d47-b232-a985dfec1efc,8789c07e-d15d-378d-ba2b-d2b49ebb6db4,Ollie731 Bosco882,F,GENERAL PRACTICE,800 WASHINGTON ST,WOBURN,MA,018011976,42.4946907,-71.1242899,41,0
190a8524-7ce7-37e8-a10a-dc9d3d5a8086,7e6db51f-7c1b-3555-9e1c-6269ba6d704d,Drew592 Streich926,M,GENERAL PRACTICE,120 STAFFORD STREET SUITE 206,WORCESTER,MA,016031461,42.239638,-71.8443785891577,155,0
a1f2ba5e-04b7-33a1-a48e-9535b028ba79,83769f98-fff3-3535-8781-6ace5957136f,Harland508 Breitenberg711,M,GENERAL PRACTICE,115 NORTH AVENUE,ROCKLAND,MA,023702129,42.13496385,-70.92237824494691,9,0
ffd6e176-8b5a-3048-bd99-5ddb830c3717,e87cda4c-1ad8-3a9e-b55f-7bfe987610ce,Josephina269 Bechtelar572,F,GENERAL PRACTICE,326 NICHOLS RD,FITCHBURG,MA,014201914,42.5974358,-71.80761197366103,117,0
51d41432-4c0b-3408-9b0e-beb1567dc2d4,b7f2e542-f3b6-3f5e-9aed-511ff6f0ee56,Karry11 Tillman293,F,GENERAL PRACTICE,37 BROADWAY STE 2,ARLINGTON,MA,024745552,42.408086,-71.135914,21,0
2c84573f-d77c-373a-a539-82f93154c3c1,b529b631-551f-3344-82e4-c58c8b3b1716,Kirk871 Hills818,M,GENERAL PRACTICE,135 ELLIS AVE,NORWOOD,MA,020623946,42.2071374,-71.1867275198222,1,0
abe489a2-df9a-39a8-b933-d4329cb1c73c,e7b77e8f-b607-3273-aef9-ad1bca48813f,Rolland302 Turcotte120,M,GENERAL PRACTICE,209 W CENTRAL ST STE 216,NATICK,MA,017603716,42.28202598359604,-71.3899479380402,109,0
f4ce6229-fe10-30fa-a9f1-197d5969c184,05cd3fbb-08ce-38bf-b680-721a3e902d43,Lacy523 White193,M,GENERAL PRACTICE,9 WARREN CT,SALEM,MA,019703163,42.51586993877551,-70.90514912244899,25,0
72730aca-5886-30e4-8b80-0d9873c7f69a,0e3a24c3-b772-3059-b3fd-8a4710068a82,Malka46 Gerhold939,F,GENERAL PRACTICE,416 BROADWAY,RAYNHAM,MA,027671737,41.940680799999996,-71.07864352196617,421,0
ed8430f7-b1e7-3528-8db9-8db5fdbc59fd,28d71598-85eb-3a0e-90c1-22e0be1af57c,Jodie811 Hermann103,F,GENERAL PRACTICE,38 MULBERRY ST STE 204,NORTHAMPTON,MA,010602832,42.35436315,-72.70256804599192,239,0
95a62764-7c34-3f16-af4a-f536f239c0c2,f68ebf98-ba5b-35af-b2bd-da56cc5b13be,Jen355 Hintz995,F,GENERAL PRACTICE,270 LITTLETON RD STE 22,WESTFORD,MA,018863524,42.5569148,-71.4366336131239,7,0
ea289128-33ef-3dc9-9997-2f05fc3446b5,7d43f2a3-b6a3-3613-bae4-3b8b869e79e3,Nikita578 Rogahn59,F,GENERAL PRACTICE,1485 DORCHESTER AVE STE 205,BOSTON,MA,021221301,42.3554334,-71.060511,15,0
efad46f7-93ba-3390-98e9-6d2fe0dff274,b8d40f5c-9e4d-3639-89ef-8bf375cb3184,Sarai636 Howe413,F,GENERAL PRACTICE,190 OLD DERBY STREET,HINGHAM,MA,020434065,42.1807101,-70.9170852970031,2,0
4cb5b771-e2d5-3daa-a009-f441a45585c9,a537b406-fdfa-36b4-84da-12512e7e6c63,Ernesto186 Davis923,M,GENERAL PRACTICE,795 MIDDLE ST,STOUGHTON,MA,020721829,42.1252079,-71.1022015,399,0
9885c35a-4c3e-34ab-8629-ca3bd16934ad,e96bc963-a050-3502-955f-7fd274ea5fde,Juan88 Hessel84,F,GENERAL PRACTICE,459 BROADWAY,EVERETT,MA,021493614,42.4075632,-71.05472988596371,24,0
d927bd43-1cb4-3165-9b7f-03f2c287f5b7,f5c6acf1-d209-3ba2-9fec-f70dda7001f0,Enrique929 Lehner980,M,GENERAL PRACTICE,320 MAPLE AVE,GREAT BARRINGTON,MA,012301951,42.18317635,-73.37707900285446,3,0
b301ec1d-cc1e-3c0b-bd9f-3943434d44e5,40d5ac54-6e92-353d-8bce-63afb7e8fb0b,Murray856 Jacobs452,M,GENERAL PRACTICE,1325 SPRINGFIELD STREET STE 12,PITTSFIELD,MA,012016187,42.451302,-73.260018,10,0
b6d2ff57-651c-3667-b284-20582882dd4f,e5d50afe-8c7d-35f5-96f5-fb8941403b0f,Bernardo699 Barela183,M,GENERAL PRACTICE,125 S CLARK ST STE 900,FALL RIVER,MA,02722,41.74223,-71.129706,449,0
625c8fc6-0809-373a-9ed5-2aae696dcef2,7baecfbc-ac9c-3f96-9db7-6453ab224b73,Tamra871 Kerluke267,F,GENERAL PRACTICE,675 MAIN ST,MELROSE,MA,02176,42.4586199,-71.0629807,67,0
9e7bb881-026d-302d-b474-c7ad770b202b,8dcaef28-eeff-348a-b5f6-cc14f3cf5ec8,Jamey282 Carroll471,F,GENERAL PRACTICE,135 BENTON DRIVE,EAST LONGMEADOW,MA,010283117,42.05060015,-72.53143410709065,1,0
5a23b54e-5c61-392d-9e25-fb0953e98253,9adfae03-673d-365d-9052-f705098fa3e4,Daniel959 Wolff180,M,GENERAL PRACTICE,51 BLOSSOM ST,BOSTON,MA,021142699,42.36305545,-71.06643399281765,2175,0
454e5067-a31b-30c7-92a0-5494ef53e8a4,48a07866-e8d7-3268-aa3c-ca3237c8e6f3,Devona405 Stamm704,F,GENERAL PRACTICE,188 PROVIDENCE ST,HYDE PARK,MA,021361861,42.2682551,-71.12174592925336,90,0
06c99bfa-bcbc-34b7-94fd-c8a84ba3071c,9f85a8c8-007c-3490-a7b7-4a0324c13307,Augustus49 Robel940,M,GENERAL PRACTICE,70 FULTON ST,BOSTON,MA,021091402,42.362439499999994,-71.05377386223965,32,0
8615d5a0-ead7-3e41-8c73-6f4bcb4fd7f6,25431f9a-00e4-36d8-9810-4125328eec50,Kati243 Ruecker817,F,GENERAL PRACTICE,55 FRUIT ST,WALTHAM,MA,02451,42.3756401,-71.2358004,630,0
010030c6-94d9-353c-b0ca-710baa0da627,029b3003-b21a-30e7-b84e-0063558fc04b,Shizuko29 Hills818,F,GENERAL PRACTICE,97 BETHANY RD,FRAMINGHAM,MA,017027237,42.264920202566366,-71.43067623259627,1,0
d7d8735b-f8e7-3487-a304-89e963fc54a9,a130ed39-d3a2-3b2a-91fe-0c14f5e26eb2,Chery887 Nicolas769,F,GENERAL PRACTICE,EAST CREEK ROAD,NANTUCKET,MA,025544015,41.273999,-70.091114,5,0
168f5adf-b7ef-3ccb-811f-6de914d07ad5,89171335-b9c0-3326-98d6-a837d432b9fd,Lorette239 Hauck852,F,GENERAL PRACTICE,150 FLANDERS ROAD,LYNN,MA,019042915,42.466763,-70.9494939,1286,0
3e606274-b3c1-3c71-938b-732fe41467ec,7cd7fc5c-3fa7-3b6e-b3c9-0dbaec2a3470,Frederica279 Roberts511,F,GENERAL PRACTICE,505 FRONT STREET,CHICOPEE,MA,010133140,42.14871685,-72.59756969862315,98,0
121acfd4-3324-31d9-96a0-4d74bde61639,15d0e449-642a-3d9e-8629-16c7e4a9e4b4,Zelda766 Schmitt836,F,GENERAL PRACTICE,71 CENTER ST,FAIRHAVEN,MA,027193822,41.635798300000005,-70.90010980146215,4,0
f50e02e2-0eaf-3a0c-be8c-27928e445371,c1a85a41-6758-3edc-95ec-238b8ac72a40,Wilhemina814 Lesch175,F,GENERAL PRACTICE,65 CENTRAL ST,GEORGETOWN,MA,018332112,42.7211656,-70.99324119227308,121,0
9f4cffd2-1b1c-3cae-9dd1-335d4fd7df7b,01bde980-bf89-3138-8912-7360dff33247,Caroline183 Lang846,F,GENERAL PRACTICE,456 PARK AVE,WORCESTER,MA,016101254,42.25512735,-71.82580924803523,76,0
94031ccf-7839-3f5a-a41b-9e479f66b89f,979d5316-97f4-335d-af9d-d0afba85dc6a,Bernie827 Borer986,M,GENERAL PRACTICE,57 PROSPECT ST,NANTUCKET,MA,025542799,41.27514065,-70.10108985970798,55,0
9d6e5bc9-9e08-3212-aba0-8711433acc5a,1484fc69-2eb0-3bba-8656-d5ead4973895,Lashawnda573 Schaefer657,F,GENERAL PRACTICE,260 MERRIMAC ST,NEWBURYPORT,MA,019502192,42.817380099999994,-70.88125573659471,173,0
fb5e0027-5b1e-3b41-84c0-47234e091914,d0534259-63f4-3e61-b66f-dff6d6f655f1,Georgina806 Boyer713,F,GENERAL PRACTICE,555 TURNPIKE ST,NORTH ANDOVER,MA,018455935,42.665488999999994,-71.11617940933073,34,0
488cdcd6-0aa2-38a0-8120-16b0536049f4,217cb6f6-e822-3831-9d9d-ffa104971042,Luther918 Jakubowski832,M,GENERAL PRACTICE,2 REHABILITATION WAY,WOBURN,MA,018016003,42.46352265,-71.161925472006,2653,0
73416cdf-aa1d-3c0c-8047-4bf711a855e0,8a6e21d0-da20-3378-8176-4e5ad2b51983,Laine739 Torphy630,F,GENERAL PRACTICE,84 ELM STREET,HOLLISTON,MA,017462138,42.20234485,-71.42493275079366,19,0
9df44e7c-971e-3d3c-9719-2c9e905c413b,4e56c7ec-99e5-3023-8e4f-95ad18a03f06,Regenia619 Bosco882,F,GENERAL PRACTICE,28 RIVERSIDE DR STE 101,PEMBROKE,MA,023594947,42.11004715,-70.77534154695786,237,0
67f8e152-790a-3786-b95f-5a76555defe5,e2a8b444-9b8f-36ff-84c4-05ee98589482,Elmer371 Gusikowski974,M,GENERAL PRACTICE,8 SHIPWAY PL # C-8,CHARLESTOWN,MA,021294301,42.3778749,-71.0619957,818,0
c8adc8d2-2380-302a-9412-e5e130c2043a,65dac97b-bb0c-38ae-94bc-bf29ac9687ea,Cindi877 Rowe323,F,GENERAL PRACTICE,265 MAIN STREET,DALTON,MA,012261614,42.472932099999994,-73.17745071097283,26,0
471d9f24-f31b-3afe-b433-d7f641901f94,71f4c23f-7559-31ff-8f42-a672e80b85a2,Sallie654 Jast432,F,GENERAL PRACTICE,300 FIRST AVENUE,WESTBOROUGH,MA,015812831,42.2694308,-71.6129907,446,0
6a91100e-7bf7-3819-b16b-7b8e0ddbd314,fe8b229b-11c7-31c9-994a-98321748fd2e,Danille883 Witting912,F,GENERAL PRACTICE,HARRY KEMP WAY  P O BOX 613,PROVINCETOWN,MA,026571618,42.055812,-70.185696,71,0
80337c5b-ef72-376c-8420-7d30b624b6a7,9f061925-3642-3352-815e-8c3b2fcfbfaa,Royce974 Goldner995,M,GENERAL PRACTICE,1 DEL POND DR,CANTON,MA,020212759,42.172339,-71.112632,7,0
5c1cde8e-5d01-36c0-a14e-e0080063516e,05f80ed8-6a7a-3728-8b5c-c5c995c8244a,Peter292 Cartwright189,M,GENERAL PRACTICE,150 South Huntington Avenue,Jamaica Plain,MA,02130,42.32809,-71.11076,472,0
bc450cf1-c89a-3ee0-ac7f-5da1a4161226,e0cc7e8e-e1a4-3a02-b589-0a35741d39fe,Alla648 Towne435,F,GENERAL PRACTICE,990 PARADISE RD,SWAMPSCOTT,MA,019071831,42.48374535000001,-70.90120467000462,70,0
d124339d-c8f3-3e92-be22-300428846a4a,3517aff1-b163-3cd5-8fff-19710fcdc1b7,Ladawn167 Cremin516,F,GENERAL PRACTICE,400 HEMENWAY STREET,MARLBOROUGH,MA,017526762,42.36006255767826,-71.5077613040944,65,0
01e32185-b5f2-37aa-87bd-c8cc8ed914a5,18d2c9c2-4b92-3664-9b8e-419aff3ce942,Aleshia311 Block661,F,GENERAL PRACTICE,175 GROVE STREET,BRAINTREE,MA,021847253,42.19127375,-70.99279579751581,55,0
f63db90c-852f-3665-9600-ef6def3c3857,121b0ad1-1beb-3caa-9271-3d3f726bb727,Kyoko885 Price929,F,GENERAL PRACTICE,1030 MAIN STREET,WALTHAM,MA,024517447,42.375828,-71.2527956,474,0
3e35a70d-64eb-3744-8aac-442f8d24e31c,43f37d29-0bcb-3d84-b9c0-9ee4f2485ff2,Boris111 Romaguera67,M,GENERAL PRACTICE,168 WALTON RD UNIT 19,ROWLEY,MA,019692014,42.7136977,-70.8818364,203,0
42045b67-39f1-3c61-aff8-c48c1aa6ac32,db60692f-cbef-315b-9fce-38a7f015c482,Kathi607 Hilpert278,F,GENERAL PRACTICE,72 SHARPE STREET,SCITUATE,MA,020664534,42.1939754,-70.7697128,68,0
4771fb11-b4f4-396c-b05a-238816f0e4dc,883f57b8-89c6-3dc4-b6da-047705c88623,Blanche121 Bailey598,F,GENERAL PRACTICE,363 HIGHLAND AVE,FALL RIVER,MA,027203703,41.7093779,-71.1460783680883,1300,0
5b8d884c-c255-3c15-8535-a1ca4a8d5295,9ba25035-53e5-344b-9b9e-94331a58d1d4,Edwin773 Schultz619,M,GENERAL PRACTICE,420 MAIN ST,WALPOLE,MA,020812553,42.161882199999994,-71.2388707178431,66,0
eb2c110e-a522-3894-aa5a-b35982fc2520,0a2252ba-33de-322f-8f0a-e5b0141f1780,Lincoln623 Block661,M,GENERAL PRACTICE,632 BLUE  HILL AVENUE,DORCHESTER,MA,021213213,42.2941088,-71.0885355,150,0
e00ef72e-ac40-3cf7-8659-593485462b6b,f3a64526-e8aa-36bb-ac9a-4a6b9fd7d0f6,Toby274 Corkery305,F,GENERAL PRACTICE,385 GROVE ST,WORCESTER,MA,016062726,42.286333299999995,-71.80745147942015,65,0
a3f69f6c-a440-36ee-bcf5-1315754f4f1d,4f029aea-a3f7-3429-a477-45cfe183c3f9,Marchelle563 Lesch175,F,GENERAL PRACTICE,1675 NORTH MAIN STREET,LANCASTER,MA,015232405,42.4761132,-71.6873032,40,0
8c381e6a-3897-3b3d-bad5-616a9e725f7c,f539dc91-4c3b-3c46-be61-7f10b6eb8471,Mitsuko474 Carter549,F,GENERAL PRACTICE,45 WOBURN ST,WALTHAM,MA,024527919,42.407845949999995,-71.21867165257288,1,0
f040cd81-38d6-3f54-8767-e26f77f4a348,f6ba791e-fe68-3596-bef4-60751db6a60e,Cleo27 Crooks415,M,GENERAL PRACTICE,37 BIRCH STREET,MILFORD,MA,017575501,42.1424349,-71.48943173357203,54,0
4315b79e-b79a-3435-841a-0152ea107f44,2fc3d86d-4194-3ad1-bb8a-99d5d34119a1,Delinda651 Krajcik437,F,GENERAL PRACTICE,300 CONGRESS ST STE 203,QUINCY,MA,021690907,42.2345525,-71.01493330273374,125,0
2467dd5a-cc8a-3f84-9aa4-bb44c1846542,e1892a2c-6dca-3c4c-93b7-0e00a9eb8b61,Maragaret140 Erdman779,F,GENERAL PRACTICE,20 EAST ST,HANOVER,MA,023391638,42.1278249,-70.82664947485381,61,0
4c7b6f22-00e5-3989-a314-37621d76f64c,67cade01-dcfe-37b7-8e2c-b712d9e6fbba,Terrence276 Wintheiser220,M,GENERAL PRACTICE,694 MAIN ST,HOLDEN,MA,015201862,42.3406819,-71.8390289,156,0
1f278cc5-d0e2-317e-aa6b-6899e2ab55c0,11a40a26-a5a3-331d-aef0-d06dd90e2b4e,Jacinta658 Wintheiser220,F,GENERAL PRACTICE,10 OSTERVILLE WEST BARNSTABLE RD,YARMOUTH PORT,MA,026752000,41.7020544,-70.249465,136,0
72d2385b-a768-34be-9f90-73350917f4e6,b954c464-11ea-312b-a3f8-1350775bfa54,Elisa944 Alemán808,F,GENERAL PRACTICE,123 CAPTAIN'S ROW,CHELSEA,MA,021504019,42.3917638,-71.0328284,42,0
b82272a4-052b-3504-916c-1be20f84f503,9f368e75-397f-3d77-a317-9a005512a4e2,Alta896 Pfannerstill264,F,GENERAL PRACTICE,381 PARK AVE,WORCESTER,MA,016101026,42.2583962,-71.82204240042036,141,0
6ecb8a78-cb00-3cb5-80eb-5015bab630a2,0dfa7ab2-4acc-360c-ab55-beb8e38a8c1d,Octavio643 Delatorre612,M,GENERAL PRACTICE,36 CORTADGE PARK,PLYMOUTH,MA,023607320,41.9426657,-70.7618592,47,0
11b665fc-88d3-3c80-90d3-20aab841e2bb,4d3ec6c2-f6aa-3d7b-adcc-e7107dac8530,Elsa29 Schultz619,F,GENERAL PRACTICE,14 MASONIC CIRCLE,AUBURN,MA,015011341,42.181923125,-71.86839612499999,98,0
02d4b891-572a-3b16-a211-f2e7df50f759,7cb70963-6f86-3eab-a12b-88deb31de793,Kraig824 Ledner144,M,GENERAL PRACTICE,18 DANA HILL ROAD,STERLING,MA,015642414,42.4106904,-71.7976286731579,11,0
480a5bd5-d2a3-3482-96f4-cf6037618352,95f6c328-96dd-3fb8-a56e-9aad566094b4,Milda157 Schoen8,F,GENERAL PRACTICE,4 STONY HILL ROAD,WILBRAHAM,MA,010951027,42.1552861,-72.48384800788648,14,0
dc99077c-f1ca-31bf-9c4f-461717d407aa,485ae27b-c5ba-3fd0-9a16-c9eea20be185,José3 Villareal516,M,GENERAL PRACTICE,275 MARTINE STREET  SUITE 202,FALL RIVER,MA,027231518,41.68393816525316,-71.1220830626733,4,0
7421a68b-e5cf-3527-8238-5a48cda61536,19f958ef-57cf-33c1-b068-14b32a980813,Enrique929 Saldaña5,M,GENERAL PRACTICE,155 BROADWAY RD,DRACUT,MA,018262754,42.67578279999999,-71.29320171860073,273,0
106e6724-b301-3311-8ebe-cf7c2fab63f1,da2e8443-a0d6-3e87-b651-e2697615f4b5,Rutha66 Bergstrom287,F,GENERAL PRACTICE,2000 WASHINGTON ST,NEWTON,MA,024621624,42.332192250000006,-71.24597794166553,29,0
d37bf483-614e-364e-9178-143d4f1f93ab,47602b5b-f4aa-3c73-aa26-2268ccf7a83c,Christopher407 Fisher429,M,GENERAL PRACTICE,90 LINDALL STREET,DANVERS,MA,019232125,42.574712149999996,-70.94359556912616,14,0
5f17bca0-a41b-3ccb-9cfe-a277fb51160f,035b7574-2fec-3922-8b57-2388164422e6,Shella455 Reichel38,F,GENERAL PRACTICE,874 PURCHASE ST,NEW BEDFORD,MA,027406232,41.636177,-70.926054,32,0
d2136b19-8f94-37b8-b234-d1235c4e604b,6d16a8e3-3569-38ab-afac-a2f8c1125085,Miguelina323 Crona259,F,GENERAL PRACTICE,1010 WALTHAM STREET,LEXINGTON,MA,024218052,42.4139392,-71.22929265883278,31,0
fc563520-4071-38a8-8fbb-16e068cb145b,486bf543-9696-3d51-aa70-28a3044ce490,Chad48 Weissnat378,M,GENERAL PRACTICE,777 NORTH STREET,PITTSFIELD,MA,012014147,42.46054825,-73.24880457390918,180,0
f4eae017-a11a-3858-b683-51e2a8f60d29,528231d3-78b8-39ec-a3d0-fea14af9462a,Agripina633 Mohr916,F,GENERAL PRACTICE,63 LOCUST ST,DANVERS,MA,019232240,42.57284679999999,-70.93631390759089,1,0
8add581f-dccf-348c-b041-7132627c329a,91808f17-7583-32a3-aa55-23b131b327c7,Leonie332 Wunsch504,F,GENERAL PRACTICE,200 CORDWAINER DR,NORWELL,MA,020611671,42.16352995,-70.8846291501739,197,0
cfcca21a-51dc-39fb-b94a-96b1793a4774,587f07bd-7d69-3291-9aea-abef74f30045,Pearl430 Davis923,F,GENERAL PRACTICE,228 ALMONT ST,MATTAPAN,MA,021261487,42.2805395,-71.09839825,120,0
e22fbd0c-bb8d-3d6d-a583-aeaf0411a9dc,76baa51d-0d0f-359d-a07b-7b999a43d42e,Dong972 Gibson10,F,GENERAL PRACTICE,101 STATION DR STE 240,WESTWOOD,MA,020902336,42.20728361922244,-71.15698168263435,165,0
016ec552-3477-3423-93d3-c8f7ecaa79cc,02d7b144-352f-3eac-97db-6fc4a95bf1fa,Greta919 Reinger292,F,GENERAL PRACTICE,120 SEMINARY AVENUE,AUBURNDALE,MA,024662650,42.34002614299451,-71.24911543639162,9,0
8752d65f-0c97-346e-bb01-b5a8ea428b9f,53f086de-2fc7-3d35-92c2-aca4ed944e7f,Carisa395 Kutch271,F,GENERAL PRACTICE,1 GENERAL ST,LAWRENCE,MA,018412961,42.7097143,-71.15007700778098,813,0
ff9c4347-ce0a-3744-b882-713b9952c327,44fc48e3-3fcf-3cea-b879-18d33cd93486,Mercy752 Strosin214,F,GENERAL PRACTICE,146 DEAN ST,TAUNTON,MA,027802716,41.90428012423625,-71.0752596159568,2,0
7875c577-becf-392c-9524-dbb5c347cbea,20f63278-6709-3195-b767-782d2a10bd5c,Jamie386 Krajcik437,M,GENERAL PRACTICE,640 CONCORD AVENUE,CAMBRIDGE,MA,021381116,42.389222000000004,-71.14799280677965,100,0
7047dc8c-06dd-3133-aaa3-847c1504db44,b636c344-0fda-3eea-96cf-1190f8d1d8fc,Mónica985 Montemayor547,F,GENERAL PRACTICE,780 MAIN STREET,GREAT BARRINGTON,MA,012302148,42.17823835,-73.36310566431717,54,0
632999f8-0b1e-3b87-bab7-db8891c6d9c8,6c71cd3b-4f9d-3de3-ad76-5e21f00c7ddd,Erich201 Skiles927,M,GENERAL PRACTICE,349 HAYDENVILLE RD,LEEDS,MA,010539767,42.3612643,-72.69018391711995,1,0
4d99d1a5-c3e5-3741-ac7e-bf2881e3acf5,de2ceae4-ddad-3174-9a1b-f32ea37e53f8,Quinton758 Jaskolski867,M,GENERAL PRACTICE,107 LINCOLN STREET,WORCESTER,MA,016052431,42.276415099999994,-71.79469158738553,74,0
dbfbb3b9-8179-3603-8c37-d31b3e2d6850,c709c5eb-ddd7-3778-84f7-0931a4d1c718,Jim478 Goyette777,M,GENERAL PRACTICE,1200 CENTRE ST,ROSLINDALE,MA,021311000,42.29768,-71.130463,488,0
b5c0f69b-aea8-3677-a1c0-483f7bd6d9ac,8d81bd8c-ad6c-37f7-95c9-75fd3de24e86,Hunter736 Marquardt819,M,GENERAL PRACTICE,118 MAIN ST,STURBRIDGE,MA,015661533,42.0905134,-72.06606362965572,73,0
706e1e0b-77cc-3b35-94ea-b481bc117c3d,c05d73d0-b348-32ce-9fe5-13a720950f37,Rema399 McDermott739,F,GENERAL PRACTICE,45 DRUM HILL RD,CHELMSFORD,MA,018241503,42.6255635,-71.3615131,109,0
b8cc1dc2-60ce-3f41-9704-e02342f7215c,c0cc8f8d-a479-3f83-9e1f-1fd556b944ef,Lu473 Heathcote539,F,GENERAL PRACTICE,250 PARADISE RD,SWAMPSCOTT,MA,01907,42.47638005,-70.91253402512964,43,0
2a421702-4555-34e0-951d-75ad3f824483,ac0fde88-b0ad-3388-a4a8-b8fc2a4f4af2,Bobbye345 Wuckert783,F,GENERAL PRACTICE,150 YORK STREET,STOUGHTON,MA,020729105,42.144646800000004,-71.09875876961266,529,0
2b495547-e3ac-330a-a1cd-a7c3cd460192,0e061004-bcc0-3e99-a237-d700823e817b,Kizzie166 Lehner980,F,GENERAL PRACTICE,570 BALDWINVILLE RD,BALDWINVILLE,MA,014361351,42.5953045,-72.07447782689232,110,0
a9b31edd-ae26-37f6-b50f-caf3bd6933f8,d51d98bc-ef4c-363b-8450-c01537258b11,Teofila990 Koch169,F,GENERAL PRACTICE,1007 EAST ST,DEDHAM,MA,020266363,42.22837415,-71.16281500487283,1,0
cd5299ed-9d09-3283-b5ab-4ba80ccc6e8a,d70d47dc-b40c-3a04-8342-35cbfe716409,Marcelino726 Hilpert278,M,GENERAL PRACTICE,83 LITTLEFIELD RD,NEWTON,MA,024593010,42.3104327,-71.18883283411856,88,0
8fa2b430-5af7-3ef4-98b5-e7ba5e6379a1,de3cc142-803a-3ed4-8945-75ec88a84784,Kory651 Trantow673,M,GENERAL PRACTICE,51 HOSPITAL ROAD,BALDWINVILLE,MA,014361215,42.6108483,-72.0608364,28,0
f88e0df0-85ad-3246-919c-a70513e78f93,047f6113-bd42-353b-8368-cf2352868915,Kamilah729 Schimmel440,F,GENERAL PRACTICE,62 WALNUT ST FL 2ND,WELLESLEY,MA,024812109,42.2964859,-71.2925571,97,0
44d2518f-f787-34c7-b48e-5131ad84e043,0592d4e5-a0fb-3143-83cd-8e5a6b066a96,Anderson154 Lemke654,M,GENERAL PRACTICE,20 EAST ST,HANOVER,MA,023391638,42.1278249,-70.82664947485381,380,0
9424a1d9-bb78-3a15-ad0f-458c3c8ee213,c67ca7ed-4769-3b6c-a0a9-993f1227ff10,Londa304 Veum823,F,GENERAL PRACTICE,1 BLACKBURN DR,GLOUCESTER,MA,019302237,42.6269312,-70.65555242413386,194,0
3b7602a2-16f4-356d-99d1-b0e5f3490249,6b9c5830-a278-38ff-887f-ccefd74cf8e8,Fawn386 Hettinger594,F,GENERAL PRACTICE,184 LINCOLN STREET,NORTH EASTON,MA,023561799,42.06665855,-71.11947646404934,17,0
8c1aa1c9-63b8-348c-a394-e2e9ce59b1a4,7b5bf0fc-c5c0-3f22-980b-fdfff326a9b4,Lorenzo669 Castañeda925,M,GENERAL PRACTICE,40 CUMBERLAND AVE,NORTH ATTLEBORO,MA,027604445,41.9316677,-71.35407469790115,230,0
a82183ea-3a4f-3aee-bc6c-d48068475c97,ba07b31b-bf14-39b8-be95-4c5ca5062daa,Kim439 Hyatt152,M,GENERAL PRACTICE,1575 CAMBRIDGE ST,CAMBRIDGE,MA,021384308,42.375209549999994,-71.10711344152975,341,0
3f6a73ca-2b7e-36a8-8c7a-7af7cd4788b4,064ba8c8-f6f7-3582-8f41-c963ceedfee4,Bernie827 Ankunding277,M,GENERAL PRACTICE,500 BELMONT STREET,BROCKTON,MA,023014985,42.07465845,-71.03975419622803,1,0
5e0783ba-5edd-37fe-bcef-5604eb8954f9,6aae7a31-90df-3455-ad8d-81f8cf2d21e8,Houston994 Funk324,M,GENERAL PRACTICE,680 CENTRE ST,BROCKTON,MA,023023308,42.0872752,-70.9910738855076,810,0
ae9c5693-f6d2-32b2-8b30-0d95ef3e64fa,14036728-b721-3e4b-8755-8ee8ab6ed15e,Rocky100 Schmeler639,M,GENERAL PRACTICE,625 MOUNT AUBURN ST,CAMBRIDGE,MA,021384518,42.375351,-71.1468628,188,0
99981f66-00f1-3afa-9122-17481da5fdb2,104079d4-560e-3eb8-9a48-d495835a3997,Paris331 Schmeler639,M,GENERAL PRACTICE,68 CAMP ST,MASHPEE,MA,026493465,41.6484421,-70.4811383,142,0
