request_id,hospital_id,hospital_name,city,state,required_role,department,employment_type,shift_preference,required_staff,filled_staff,open_positions,priority,request_status,request_date,assignment_start_date,assignment_end_date,duration_weeks,hourly_bill_rate
REQ000001,220015,"COOLEY DICKINSON HOSPITAL INC,THE",NORTHAMPTON,MA,Laboratory Technician,Laboratory,Local Contract,Morning,15,2,13,Medium,Partially Filled,2025-12-14,2025-12-29,2026-03-23,12,98.67
REQ000002,224001,TAUNTON STATE HOSPITAL,TAUNTON,MA,Physician,Medical Services,Per Diem,Day,11,8,3,Critical,Partially Filled,2026-06-10,2026-07-20,2026-08-17,4,249.4
REQ000003,220060,BETH ISRAEL DEACONESS HOSPITAL PLYMOUTH,PLYMOUTH,MA,ICU Nurse,Intensive Care Unit,Local Contract,Morning,5,4,1,Medium,Partially Filled,2026-05-11,2026-05-27,2026-08-19,12,149.4
REQ000004,223300,FRANCISCAN CHILDREN'S HOSPITAL & REHAB CENTER,BRIGHTON,MA,Laboratory Technician,Laboratory,Permanent Placement,Morning,2,2,0,Low,Filled,2026-04-08,2026-05-01,2026-05-29,4,91.35
REQ000005,223302,BOSTON CHILDREN'S HOSPITAL,BOSTON,MA,Physician,Medical Services,Travel Contract,Day,12,6,6,Low,Partially Filled,2025-10-22,2025-11-26,2026-03-18,16,301.82
REQ000006,224022,BOURNEWOOD HOSPITAL,BROOKLINE,MA,Laboratory Technician,Laboratory,Permanent Placement,Night,9,2,7,Low,Partially Filled,2025-08-19,2025-09-18,2026-01-08,16,93.53
REQ000007,221303,ATHOL MEMORIAL HOSPITAL,ATHOL,MA,Allied Health Professional,Allied Health,Permanent Placement,Night,2,1,1,Critical,Partially Filled,2025-11-16,2025-12-08,2026-06-08,26,106.57
REQ000008,220119,BRIGHAM AND WOMEN FAULKNER HOSPITAL,JAMAICA PLAIN,MA,Emergency Room Nurse,Emergency Department,Permanent Placement,Night,12,5,7,Medium,Partially Filled,2026-02-28,2026-03-08,2026-05-03,8,155.12
REQ000009,220083,BETH ISRAEL DEACONESS HOSPITAL - NEEDHAM,NEEDHAM,MA,Respiratory Therapist,Respiratory Care,Per Diem,Morning,4,3,1,High,Partially Filled,2025-08-20,2025-09-26,2025-11-21,8,145.99
REQ000010,224028,DR JOHN C CORRIGAN MENTAL HEALTH CENTER,FALL RIVER,MA,Registered Nurse,General Nursing,Travel Contract,Morning,6,2,4,Medium,Partially Filled,2026-07-04,2026-07-23,2026-10-22,13,120.66
REQ000011,224043,TARAVISTA BEHAVIORAL HEALTH CENTER,DEVENS,MA,Allied Health Professional,Allied Health,Travel Contract,Day,3,2,1,High,Partially Filled,2025-08-15,2025-08-29,2025-11-21,12,114.2
REQ000012,220063,LOWELL GENERAL HOSPITAL,LOWELL,MA,Respiratory Therapist,Respiratory Care,Per Diem,Day,7,3,4,High,Partially Filled,2026-06-07,2026-07-16,2026-08-13,4,85.12
REQ000013,224043,TARAVISTA BEHAVIORAL HEALTH CENTER,DEVENS,MA,Travel Nurse,Travel Nursing,Per Diem,Day,11,5,6,High,Partially Filled,2026-02-03,2026-03-09,2026-04-06,4,136.02
REQ000014,220171,"LAHEY HOSPITAL & MEDICAL CENTER, BURLINGTON",BURLINGTON,MA,Respiratory Therapist,Respiratory Care,Local Contract,Night,5,4,1,Medium,Partially Filled,2026-01-15,2026-02-16,2026-08-17,26,150.83
REQ000015,220073,BROWN UNIVERSITY HEALTH MORTON HOSPITAL,TAUNTON,MA,Physical Therapist,Rehabilitation,Per Diem,Morning,9,0,9,Medium,Open,2026-05-19,2026-06-14,2026-09-13,13,147.0
REQ000016,224047,VALLEY SPRINGS BEHAVIORAL HEALTH HOSPITAL,HOLYOKE,MA,Allied Health Professional,Allied Health,Permanent Placement,Night,11,3,8,High,Partially Filled,2026-03-27,2026-05-01,2026-07-31,13,109.87
REQ000017,224039,WHITTIER PAVILION,HAVERHILL,MA,Physical Therapist,Rehabilitation,Local Contract,Night,11,4,7,Medium,Partially Filled,2026-01-19,2026-01-31,2026-03-28,8,95.23
REQ000018,220126,NORWOOD HOSPITAL,NORWOOD,MA,Physical Therapist,Rehabilitation,Permanent Placement,Evening,15,6,9,Medium,Partially Filled,2025-09-07,2025-10-13,2026-01-12,13,102.33
REQ000019,220062,ADCARE HOSPITAL OF WORCESTER INC,WORCESTER,MA,ICU Nurse,Intensive Care Unit,Permanent Placement,Day,13,11,2,High,Partially Filled,2026-03-06,2026-03-27,2026-05-22,8,169.22
REQ000020,220086,BETH ISRAEL DEACONESS MEDICAL CENTER,BOSTON,MA,Radiologic Technologist,Radiology,Per Diem,Evening,9,8,1,High,Partially Filled,2025-10-08,2025-11-13,2026-05-14,26,132.35
REQ000021,224041,SOUTHCOAST BEHAVIORAL HEALTH,DARTMOUTH,MA,Respiratory Therapist,Respiratory Care,Permanent Placement,Morning,12,7,5,High,Partially Filled,2026-05-08,2026-06-12,2026-08-07,8,143.79
REQ000022,220095,HEYWOOD HOSPITAL -,GARDNER,MA,Laboratory Technician,Laboratory,Per Diem,Night,8,1,7,Medium,Partially Filled,2026-04-06,2026-04-28,2026-07-21,12,90.38
REQ000023,224001,TAUNTON STATE HOSPITAL,TAUNTON,MA,ICU Nurse,Intensive Care Unit,Local Contract,Day,7,2,5,Medium,Partially Filled,2025-10-10,2025-10-26,2025-12-21,8,128.16
REQ000024,220033,NORTHEAST HOSPITAL CORPORATION,BEVERLY,MA,Respiratory Therapist,Respiratory Care,Permanent Placement,Evening,7,0,7,Low,Open,2025-09-01,2025-09-21,2025-12-21,13,109.62
REQ000025,220090,MILFORD REGIONAL MEDICAL CENTER,MILFORD,MA,Respiratory Therapist,Respiratory Care,Permanent Placement,Night,15,7,8,Medium,Partially Filled,2026-05-03,2026-06-13,2026-10-03,16,118.99
REQ000026,220090,MILFORD REGIONAL MEDICAL CENTER,MILFORD,MA,Allied Health Professional,Allied Health,Local Contract,Day,3,3,0,Critical,Filled,2026-07-09,2026-08-10,2027-02-08,26,131.43
REQ000027,224018,ARBOUR HUMAN RESOURCE INSTITUTE,BROOKLINE,MA,ICU Nurse,Intensive Care Unit,Local Contract,Day,14,7,7,Medium,Partially Filled,2026-06-26,2026-07-30,2026-09-24,8,127.91
REQ000028,22009F,NORTHAMPTON VA MEDICAL CENTER,LEEDS,MA,Allied Health Professional,Allied Health,Permanent Placement,Morning,13,13,0,High,Filled,2026-01-20,2026-02-20,2026-05-15,12,122.92
REQ000029,224001,TAUNTON STATE HOSPITAL,TAUNTON,MA,Registered Nurse,General Nursing,Travel Contract,Day,2,2,0,Critical,Filled,2026-01-27,2026-02-17,2026-08-18,26,98.96
REQ000030,224013,ARBOUR HOSPITAL,BOSTON,MA,Physical Therapist,Rehabilitation,Local Contract,Evening,8,1,7,High,Partially Filled,2025-10-18,2025-11-09,2026-01-04,8,145.68
REQ000031,220110,BRIGHAM AND WOMEN'S HOSPITAL,BOSTON,MA,Physical Therapist,Rehabilitation,Travel Contract,Morning,5,0,5,High,Open,2026-06-07,2026-06-21,2026-08-16,8,155.56
REQ000032,220175,METROWEST MEDICAL CENTER,FRAMINGHAM,MA,Respiratory Therapist,Respiratory Care,Local Contract,Day,12,10,2,High,Partially Filled,2025-11-10,2025-11-21,2026-03-13,16,106.11
REQ000033,22010F,VA BOSTON HEALTHCARE SYSTEM - JAMAICA PLAIN,JAMAICA PLAIN,MA,ICU Nurse,Intensive Care Unit,Per Diem,Day,9,6,3,Medium,Partially Filled,2026-05-17,2026-05-26,2026-08-18,12,128.89
REQ000034,220098,NASHOBA VALLEY MEDICAL CENTER,AYER,MA,Radiologic Technologist,Radiology,Local Contract,Evening,11,7,4,Medium,Partially Filled,2025-09-24,2025-10-28,2026-01-20,12,118.52
REQ000035,224032,WORCESTER RECOVERY CENTER AND HOSPITAL,WORCESTER,MA,Physician,Medical Services,Per Diem,Morning,8,6,2,High,Partially Filled,2026-06-12,2026-07-23,2026-10-22,13,298.15
REQ000036,220046,BERKSHIRE MEDICAL CENTER,PITTSFIELD,MA,Physician,Medical Services,Permanent Placement,Morning,10,9,1,Low,Partially Filled,2026-03-19,2026-04-10,2026-07-10,13,299.57
REQ000037,220011,CAMBRIDGE HEALTH ALLIANCE,CAMBRIDGE,MA,Radiologic Technologist,Radiology,Per Diem,Day,6,2,4,Medium,Partially Filled,2025-11-17,2025-12-16,2026-03-10,12,95.37
REQ000038,220084,EMERSON HOSPITAL -,W CONCORD,MA,Respiratory Therapist,Respiratory Care,Permanent Placement,Evening,12,7,5,High,Partially Filled,2026-04-08,2026-05-20,2026-07-15,8,91.51
REQ000039,224028,DR JOHN C CORRIGAN MENTAL HEALTH CENTER,FALL RIVER,MA,Respiratory Therapist,Respiratory Care,Per Diem,Evening,11,9,2,High,Partially Filled,2026-07-21,2026-08-12,2026-11-04,12,109.06
REQ000040,223304,THE SHRINERS' HOSPITAL FOR CHILDREN - BOSTON,BOSTON,MA,Allied Health Professional,Allied Health,Local Contract,Day,5,2,3,High,Partially Filled,2026-01-28,2026-03-05,2026-05-28,12,112.09
REQ000041,224043,TARAVISTA BEHAVIORAL HEALTH CENTER,DEVENS,MA,Emergency Room Nurse,Emergency Department,Per Diem,Day,8,4,4,High,Partially Filled,2025-11-07,2025-11-27,2026-05-28,26,120.74
REQ000042,220066,MERCY MEDICAL CTR,SPRINGFIELD,MA,Emergency Room Nurse,Emergency Department,Per Diem,Day,9,2,7,Critical,Partially Filled,2026-01-02,2026-01-09,2026-07-10,26,138.74
REQ000043,223302,BOSTON CHILDREN'S HOSPITAL,BOSTON,MA,Radiologic Technologist,Radiology,Permanent Placement,Evening,5,3,2,Medium,Partially Filled,2025-09-22,2025-09-29,2026-01-19,16,149.58
REQ000044,220135,FALMOUTH HOSPITAL,FALMOUTH,MA,Radiologic Technologist,Radiology,Travel Contract,Night,8,1,7,Medium,Partially Filled,2025-09-28,2025-10-09,2026-01-08,13,121.4
REQ000045,224045,HOSPITAL FOR BEHAVIORAL MEDICINE,WORCESTER,MA,ICU Nurse,Intensive Care Unit,Local Contract,Evening,13,6,7,Medium,Partially Filled,2025-12-06,2025-12-20,2026-04-11,16,135.99
REQ000046,220163,UMASS MEMORIAL MEDICAL CENTER/UNIVERSITY CAMPUS,WORCESTER,MA,Respiratory Therapist,Respiratory Care,Local Contract,Night,1,0,1,Medium,Open,2026-01-04,2026-02-16,2026-06-08,16,90.68
REQ000047,220084,EMERSON HOSPITAL -,W CONCORD,MA,Emergency Room Nurse,Emergency Department,Permanent Placement,Evening,1,1,0,Medium,Filled,2026-05-10,2026-05-21,2026-07-16,8,116.2
REQ000048,220080,HOLY FAMILY HOSPITAL,METHUEN,MA,Radiologic Technologist,Radiology,Local Contract,Evening,13,12,1,Medium,Partially Filled,2025-09-06,2025-09-27,2025-12-20,12,97.74
REQ000049,224022,BOURNEWOOD HOSPITAL,BROOKLINE,MA,Physician,Medical Services,Per Diem,Evening,3,2,1,Medium,Partially Filled,2025-10-12,2025-10-23,2025-11-20,4,288.21
REQ000050,220002,MOUNT AUBURN HOSPITAL,CAMBRIDGE,MA,Physician,Medical Services,Travel Contract,Evening,8,1,7,High,Partially Filled,2026-04-14,2026-05-25,2026-08-24,13,282.26
REQ000051,224018,ARBOUR HUMAN RESOURCE INSTITUTE,BROOKLINE,MA,ICU Nurse,Intensive Care Unit,Travel Contract,Night,1,1,0,Medium,Filled,2025-11-26,2026-01-08,2026-04-30,16,150.61
REQ000052,220095,HEYWOOD HOSPITAL -,GARDNER,MA,Emergency Room Nurse,Emergency Department,Travel Contract,Evening,14,7,7,Medium,Partially Filled,2026-05-27,2026-06-30,2026-12-29,26,123.33
REQ000053,220083,BETH ISRAEL DEACONESS HOSPITAL - NEEDHAM,NEEDHAM,MA,Emergency Room Nurse,Emergency Department,Permanent Placement,Day,8,4,4,Medium,Partially Filled,2026-01-16,2026-02-18,2026-08-19,26,122.02
REQ000054,221300,MARTHA'S VINEYARD HOSPITAL INC,OAK BLUFFS,MA,ICU Nurse,Intensive Care Unit,Permanent Placement,Evening,11,8,3,Low,Partially Filled,2026-02-23,2026-04-03,2026-05-01,4,141.29
REQ000055,224044,WESTBOROUGH BEHAVIORAL HEALTHCARE HOSPITAL LLC,WESTBOROUGH,MA,Radiologic Technologist,Radiology,Local Contract,Morning,4,2,2,Medium,Partially Filled,2026-06-17,2026-07-22,2026-08-19,4,130.88
REQ000056,220086,BETH ISRAEL DEACONESS MEDICAL CENTER,BOSTON,MA,Registered Nurse,General Nursing,Per Diem,Day,12,2,10,High,Partially Filled,2026-06-19,2026-08-03,2026-09-28,8,91.52
REQ000057,220060,BETH ISRAEL DEACONESS HOSPITAL PLYMOUTH,PLYMOUTH,MA,Radiologic Technologist,Radiology,Per Diem,Evening,15,9,6,High,Partially Filled,2025-09-30,2025-10-16,2026-01-15,13,150.62
REQ000058,221302,FAIRVIEW HOSPITAL,GREAT BARRINGTON,MA,Radiologic Technologist,Radiology,Local Contract,Day,4,4,0,Medium,Filled,2026-05-10,2026-05-26,2026-08-25,13,137.3
REQ000059,220098,NASHOBA VALLEY MEDICAL CENTER,AYER,MA,Allied Health Professional,Allied Health,Per Diem,Evening,5,5,0,High,Filled,2026-04-17,2026-05-11,2026-06-08,4,121.26
REQ000060,220020,SAINT ANNE'S HOSPITAL,FALL RIVER,MA,Allied Health Professional,Allied Health,Per Diem,Night,7,7,0,Critical,Filled,2026-01-18,2026-03-01,2026-06-21,16,106.72
REQ000061,220090,MILFORD REGIONAL MEDICAL CENTER,MILFORD,MA,Travel Nurse,Travel Nursing,Permanent Placement,Evening,12,7,5,Critical,Partially Filled,2026-02-27,2026-03-08,2026-05-31,12,170.47
REQ000062,224032,WORCESTER RECOVERY CENTER AND HOSPITAL,WORCESTER,MA,Emergency Room Nurse,Emergency Department,Per Diem,Day,9,9,0,High,Filled,2026-04-11,2026-04-20,2026-06-15,8,130.82
REQ000063,220008,STURDY MEMORIAL HOSPITAL,ATTLEBORO,MA,Radiologic Technologist,Radiology,Local Contract,Day,14,10,4,Medium,Partially Filled,2025-08-08,2025-08-24,2025-11-23,13,149.84
REQ000064,220071,MASSACHUSETTS GENERAL HOSPITAL,BOSTON,MA,Physical Therapist,Rehabilitation,Permanent Placement,Morning,2,1,1,High,Partially Filled,2026-07-21,2026-08-22,2027-02-20,26,154.12
REQ000065,220052,SIGNATURE HEALTHCARE BROCKTON HOSPITAL,BROCKTON,MA,Laboratory Technician,Laboratory,Per Diem,Night,11,10,1,High,Partially Filled,2025-08-19,2025-08-30,2025-10-25,8,98.38
REQ000066,220108,BETH ISRAEL DEACONESS HOSPITAL - MILTON,MILTON,MA,ICU Nurse,Intensive Care Unit,Travel Contract,Morning,5,0,5,High,Open,2026-03-16,2026-04-02,2026-10-01,26,125.54
REQ000067,220010,MERRIMACK HEALTH LAWRENCE HOSPITAL,LAWRENCE,MA,Respiratory Therapist,Respiratory Care,Local Contract,Night,7,2,5,Low,Partially Filled,2025-10-14,2025-11-05,2026-02-25,16,145.96
REQ000068,224044,WESTBOROUGH BEHAVIORAL HEALTHCARE HOSPITAL LLC,WESTBOROUGH,MA,Travel Nurse,Travel Nursing,Per Diem,Evening,4,3,1,Medium,Partially Filled,2026-04-12,2026-05-26,2026-07-21,8,115.66
REQ000069,220033,NORTHEAST HOSPITAL CORPORATION,BEVERLY,MA,Physician,Medical Services,Per Diem,Morning,2,1,1,High,Partially Filled,2026-07-13,2026-08-23,2026-10-18,8,269.7
REQ000070,220135,FALMOUTH HOSPITAL,FALMOUTH,MA,Radiologic Technologist,Radiology,Travel Contract,Night,14,7,7,Medium,Partially Filled,2026-01-02,2026-01-21,2026-04-22,13,107.13
REQ000071,220024,HOLYOKE MEDICAL CENTER,HOLYOKE,MA,Physician,Medical Services,Permanent Placement,Morning,1,0,1,High,Open,2025-08-12,2025-09-13,2025-12-06,12,256.11
REQ000072,220070,MELROSEWAKEFIELD HEALTHCARE,MELROSE,MA,Travel Nurse,Travel Nursing,Local Contract,Day,5,5,0,Critical,Filled,2026-06-22,2026-07-11,2026-10-31,16,160.24
REQ000073,220171,"LAHEY HOSPITAL & MEDICAL CENTER, BURLINGTON",BURLINGTON,MA,Radiologic Technologist,Radiology,Travel Contract,Morning,12,2,10,Medium,Partially Filled,2025-08-18,2025-10-01,2025-12-24,12,111.09
REQ000074,220012,CAPE COD HOSPITAL,HYANNIS,MA,Emergency Room Nurse,Emergency Department,Local Contract,Morning,9,4,5,Critical,Partially Filled,2026-05-04,2026-06-03,2026-09-23,16,166.09
REQ000075,220024,HOLYOKE MEDICAL CENTER,HOLYOKE,MA,Allied Health Professional,Allied Health,Permanent Placement,Morning,3,1,2,Low,Partially Filled,2025-09-28,2025-11-03,2025-12-01,4,117.62
REQ000076,223300,FRANCISCAN CHILDREN'S HOSPITAL & REHAB CENTER,BRIGHTON,MA,Laboratory Technician,Laboratory,Per Diem,Evening,11,11,0,High,Filled,2025-10-03,2025-11-08,2026-01-31,12,133.82
REQ000077,220083,BETH ISRAEL DEACONESS HOSPITAL - NEEDHAM,NEEDHAM,MA,Travel Nurse,Travel Nursing,Local Contract,Day,15,10,5,High,Partially Filled,2026-03-30,2026-04-07,2026-07-28,16,147.5
REQ000078,224045,HOSPITAL FOR BEHAVIORAL MEDICINE,WORCESTER,MA,Respiratory Therapist,Respiratory Care,Permanent Placement,Day,1,1,0,Low,Filled,2025-09-29,2025-10-14,2025-11-11,4,147.11
REQ000079,220031,BOSTON MEDICAL CENTER,BOSTON,MA,Respiratory Therapist,Respiratory Care,Permanent Placement,Night,12,11,1,High,Partially Filled,2026-03-21,2026-04-20,2026-10-19,26,130.84
REQ000080,220052,SIGNATURE HEALTHCARE BROCKTON HOSPITAL,BROCKTON,MA,Physical Therapist,Rehabilitation,Local Contract,Evening,12,5,7,Medium,Partially Filled,2026-02-25,2026-03-21,2026-04-18,4,108.53
REQ000081,220066,MERCY MEDICAL CTR,SPRINGFIELD,MA,ICU Nurse,Intensive Care Unit,Travel Contract,Evening,15,11,4,Medium,Partially Filled,2026-07-18,2026-08-17,2026-12-07,16,172.77
REQ000082,22009F,NORTHAMPTON VA MEDICAL CENTER,LEEDS,MA,ICU Nurse,Intensive Care Unit,Travel Contract,Day,11,9,2,High,Partially Filled,2026-07-06,2026-07-26,2027-01-24,26,122.05
REQ000083,223302,BOSTON CHILDREN'S HOSPITAL,BOSTON,MA,Physical Therapist,Rehabilitation,Local Contract,Night,4,4,0,Medium,Filled,2025-11-14,2025-11-25,2026-03-17,16,102.33
REQ000084,22010F,VA BOSTON HEALTHCARE SYSTEM - JAMAICA PLAIN,JAMAICA PLAIN,MA,Registered Nurse,General Nursing,Local Contract,Day,9,4,5,High,Partially Filled,2025-12-20,2026-01-05,2026-03-02,8,86.8
REQ000085,220029,ANNA JAQUES HOSPITAL,NEWBURYPORT,MA,Allied Health Professional,Allied Health,Per Diem,Day,1,0,1,Medium,Open,2025-11-30,2026-01-13,2026-04-07,12,119.47
REQ000086,220060,BETH ISRAEL DEACONESS HOSPITAL PLYMOUTH,PLYMOUTH,MA,ICU Nurse,Intensive Care Unit,Travel Contract,Evening,9,9,0,Medium,Filled,2026-04-01,2026-05-06,2026-07-29,12,171.18
REQ000087,221303,ATHOL MEMORIAL HOSPITAL,ATHOL,MA,Laboratory Technician,Laboratory,Permanent Placement,Evening,1,0,1,Medium,Open,2026-01-02,2026-02-07,2026-08-08,26,75.56
REQ000088,221304,NORTH ADAMS REGIONAL HOSPITAL CORPORATION,NORTH ADAMS,MA,ICU Nurse,Intensive Care Unit,Local Contract,Morning,3,0,3,High,Open,2025-09-11,2025-10-08,2026-01-28,16,145.98
REQ000089,221300,MARTHA'S VINEYARD HOSPITAL INC,OAK BLUFFS,MA,Respiratory Therapist,Respiratory Care,Permanent Placement,Day,8,8,0,High,Filled,2026-06-02,2026-07-12,2026-10-04,12,93.01
REQ000090,224032,WORCESTER RECOVERY CENTER AND HOSPITAL,WORCESTER,MA,Laboratory Technician,Laboratory,Permanent Placement,Morning,15,7,8,High,Partially Filled,2025-11-19,2025-12-23,2026-03-24,13,95.91
REQ000091,220108,BETH ISRAEL DEACONESS HOSPITAL - MILTON,MILTON,MA,Allied Health Professional,Allied Health,Local Contract,Evening,5,2,3,Low,Partially Filled,2026-03-07,2026-04-03,2026-10-02,26,148.22
REQ000092,220046,BERKSHIRE MEDICAL CENTER,PITTSFIELD,MA,Respiratory Therapist,Respiratory Care,Per Diem,Day,9,0,9,Medium,Open,2025-09-19,2025-10-19,2025-12-14,8,146.15
REQ000093,220088,NEW ENGLAND BAPTIST HOSPITAL,BOSTON,MA,Registered Nurse,General Nursing,Local Contract,Night,6,0,6,High,Open,2025-12-26,2026-02-09,2026-05-04,12,100.7
REQ000094,220083,BETH ISRAEL DEACONESS HOSPITAL - NEEDHAM,NEEDHAM,MA,Allied Health Professional,Allied Health,Local Contract,Evening,13,4,9,High,Partially Filled,2026-05-12,2026-06-11,2026-07-09,4,158.22
REQ000095,224044,WESTBOROUGH BEHAVIORAL HEALTHCARE HOSPITAL LLC,WESTBOROUGH,MA,Physical Therapist,Rehabilitation,Per Diem,Day,10,10,0,Medium,Filled,2026-07-12,2026-08-23,2026-09-20,4,141.19
REQ000096,220171,"LAHEY HOSPITAL & MEDICAL CENTER, BURLINGTON",BURLINGTON,MA,Allied Health Professional,Allied Health,Permanent Placement,Day,14,2,12,Medium,Partially Filled,2026-01-27,2026-02-03,2026-03-31,8,134.32
REQ000097,224018,ARBOUR HUMAN RESOURCE INSTITUTE,BROOKLINE,MA,ICU Nurse,Intensive Care Unit,Per Diem,Night,7,7,0,Medium,Filled,2026-04-29,2026-05-19,2026-08-18,13,155.51
REQ000098,220019,UMASS MEMORIAL HEALTH - HARRINGTON HOSPITAL,SOUTHBRIDGE,MA,Physical Therapist,Rehabilitation,Travel Contract,Morning,3,0,3,Medium,Open,2025-09-13,2025-09-23,2025-11-18,8,121.68
REQ000099,224047,VALLEY SPRINGS BEHAVIORAL HEALTH HOSPITAL,HOLYOKE,MA,Radiologic Technologist,Radiology,Travel Contract,Morning,13,8,5,Medium,Partially Filled,2026-03-01,2026-03-25,2026-05-20,8,101.83
REQ000100,220163,UMASS MEMORIAL MEDICAL CENTER/UNIVERSITY CAMPUS,WORCESTER,MA,Radiologic Technologist,Radiology,Travel Contract,Day,4,3,1,Medium,Partially Filled,2026-04-27,2026-05-23,2026-06-20,4,148.17
REQ000101,220031,BOSTON MEDICAL CENTER,BOSTON,MA,Physician,Medical Services,Permanent Placement,Night,1,1,0,Medium,Filled,2025-12-27,2026-01-23,2026-02-20,4,277.28
REQ000102,224040,DR SOLOMON CARTER FULLER MENTAL HEALTH CENTER,BOSTON,MA,Laboratory Technician,Laboratory,Permanent Placement,Day,7,0,7,Medium,Open,2026-05-14,2026-06-12,2026-07-10,4,73.45
REQ000103,220063,LOWELL GENERAL HOSPITAL,LOWELL,MA,Physical Therapist,Rehabilitation,Permanent Placement,Morning,12,10,2,Medium,Partially Filled,2026-03-08,2026-04-20,2026-07-20,13,93.46
REQ000104,221300,MARTHA'S VINEYARD HOSPITAL INC,OAK BLUFFS,MA,Emergency Room Nurse,Emergency Department,Travel Contract,Evening,15,11,4,High,Partially Filled,2026-06-13,2026-07-19,2027-01-17,26,117.03
REQ000105,220163,UMASS MEMORIAL MEDICAL CENTER/UNIVERSITY CAMPUS,WORCESTER,MA,Respiratory Therapist,Respiratory Care,Per Diem,Night,14,4,10,Medium,Partially Filled,2026-04-26,2026-05-08,2026-08-07,13,96.77
REQ000106,220074,SOUTHCOAST HOSPITALS GROUP,FALL RIVER,MA,ICU Nurse,Intensive Care Unit,Per Diem,Night,15,11,4,Medium,Partially Filled,2026-04-29,2026-06-07,2026-08-02,8,115.25
REQ000107,220012,CAPE COD HOSPITAL,HYANNIS,MA,Emergency Room Nurse,Emergency Department,Permanent Placement,Evening,2,0,2,High,Open,2026-06-05,2026-06-21,2026-12-20,26,153.19
REQ000108,220035,NORTH SHORE MEDICAL CENTER -,SALEM,MA,Physical Therapist,Rehabilitation,Permanent Placement,Day,6,1,5,Medium,Partially Filled,2026-06-26,2026-07-23,2027-01-21,26,136.2
REQ000109,220095,HEYWOOD HOSPITAL -,GARDNER,MA,Physical Therapist,Rehabilitation,Permanent Placement,Evening,2,1,1,Low,Partially Filled,2025-08-29,2025-09-27,2026-01-17,16,117.81
REQ000110,220080,HOLY FAMILY HOSPITAL,METHUEN,MA,ICU Nurse,Intensive Care Unit,Permanent Placement,Evening,10,8,2,High,Partially Filled,2026-06-27,2026-07-09,2026-10-29,16,171.8
REQ000111,221303,ATHOL MEMORIAL HOSPITAL,ATHOL,MA,Radiologic Technologist,Radiology,Local Contract,Day,10,7,3,Medium,Partially Filled,2026-05-20,2026-06-08,2026-08-31,12,138.77
REQ000112,220071,MASSACHUSETTS GENERAL HOSPITAL,BOSTON,MA,ICU Nurse,Intensive Care Unit,Permanent Placement,Night,4,3,1,Medium,Partially Filled,2026-04-16,2026-05-04,2026-06-01,4,169.26
REQ000113,220090,MILFORD REGIONAL MEDICAL CENTER,MILFORD,MA,Respiratory Therapist,Respiratory Care,Per Diem,Day,13,10,3,Medium,Partially Filled,2026-01-21,2026-03-07,2026-04-04,4,124.06
REQ000114,220090,MILFORD REGIONAL MEDICAL CENTER,MILFORD,MA,Physician,Medical Services,Local Contract,Morning,6,0,6,Medium,Open,2025-12-08,2026-01-22,2026-03-19,8,285.92
REQ000115,224046,MIRAVISTA BEHAVIORAL HEALTH CENTER,HOLYOKE,MA,Emergency Room Nurse,Emergency Department,Per Diem,Night,9,6,3,High,Partially Filled,2026-06-01,2026-06-13,2026-09-05,12,158.03
REQ000116,220008,STURDY MEMORIAL HOSPITAL,ATTLEBORO,MA,ICU Nurse,Intensive Care Unit,Per Diem,Morning,6,0,6,Medium,Open,2026-06-27,2026-07-31,2026-11-20,16,119.99
REQ000117,220052,SIGNATURE HEALTHCARE BROCKTON HOSPITAL,BROCKTON,MA,Travel Nurse,Travel Nursing,Travel Contract,Day,2,1,1,High,Partially Filled,2025-11-24,2025-12-09,2026-02-03,8,176.35
REQ000118,224044,WESTBOROUGH BEHAVIORAL HEALTHCARE HOSPITAL LLC,WESTBOROUGH,MA,Emergency Room Nurse,Emergency Department,Local Contract,Evening,3,1,2,Low,Partially Filled,2026-06-02,2026-07-03,2026-08-28,8,125.5
REQ000119,220084,EMERSON HOSPITAL -,W CONCORD,MA,Radiologic Technologist,Radiology,Local Contract,Night,13,7,6,Medium,Partially Filled,2026-06-09,2026-07-04,2027-01-02,26,138.6
REQ000120,220126,NORWOOD HOSPITAL,NORWOOD,MA,Travel Nurse,Travel Nursing,Permanent Placement,Evening,8,4,4,Critical,Partially Filled,2026-02-05,2026-03-20,2026-06-19,13,172.18
REQ000121,224047,VALLEY SPRINGS BEHAVIORAL HEALTH HOSPITAL,HOLYOKE,MA,Emergency Room Nurse,Emergency Department,Travel Contract,Day,8,5,3,Medium,Partially Filled,2025-12-07,2025-12-17,2026-06-17,26,153.42
REQ000122,220111,GOOD SAMARITAN MEDICAL CENTER,BROCKTON,MA,Radiologic Technologist,Radiology,Permanent Placement,Morning,2,0,2,Critical,Open,2026-04-20,2026-05-06,2026-08-05,13,111.04
REQ000123,224046,MIRAVISTA BEHAVIORAL HEALTH CENTER,HOLYOKE,MA,Laboratory Technician,Laboratory,Local Contract,Day,2,1,1,Medium,Partially Filled,2026-02-08,2026-03-02,2026-06-01,13,74.94
REQ000124,224032,WORCESTER RECOVERY CENTER AND HOSPITAL,WORCESTER,MA,Allied Health Professional,Allied Health,Local Contract,Evening,5,3,2,Medium,Partially Filled,2025-10-14,2025-10-29,2025-11-26,4,90.37
REQ000125,22001F,BEDFORD VA MEDICAL CENTER,BEDFORD,MA,Registered Nurse,General Nursing,Permanent Placement,Day,9,9,0,High,Filled,2025-12-10,2025-12-30,2026-02-24,8,101.63
REQ000126,220086,BETH ISRAEL DEACONESS MEDICAL CENTER,BOSTON,MA,Registered Nurse,General Nursing,Permanent Placement,Day,13,9,4,Medium,Partially Filled,2025-12-01,2026-01-03,2026-07-04,26,148.36
REQ000127,22010F,VA BOSTON HEALTHCARE SYSTEM - JAMAICA PLAIN,JAMAICA PLAIN,MA,Laboratory Technician,Laboratory,Per Diem,Evening,4,1,3,Low,Partially Filled,2025-08-09,2025-09-17,2026-01-07,16,92.7
REQ000128,220001,UMASS MEMORIAL HEALTHALLIANCE HOSPITALS,LEOMINSTER,MA,Respiratory Therapist,Respiratory Care,Travel Contract,Evening,6,0,6,High,Open,2025-11-04,2025-11-16,2026-03-08,16,88.05
REQ000129,220090,MILFORD REGIONAL MEDICAL CENTER,MILFORD,MA,Allied Health Professional,Allied Health,Per Diem,Night,13,1,12,High,Partially Filled,2025-12-08,2025-12-16,2026-03-10,12,133.98
REQ000130,220049,UMASS MEMORIAL HEALTHCARE-MARLBOROUGH HOSPITAL,MARLBOROUGH,MA,Allied Health Professional,Allied Health,Local Contract,Evening,9,5,4,Critical,Partially Filled,2025-10-08,2025-10-17,2026-01-09,12,123.5
REQ000131,220011,CAMBRIDGE HEALTH ALLIANCE,CAMBRIDGE,MA,Emergency Room Nurse,Emergency Department,Travel Contract,Night,5,1,4,High,Partially Filled,2025-09-02,2025-10-08,2025-11-05,4,122.09
REQ000132,220171,"LAHEY HOSPITAL & MEDICAL CENTER, BURLINGTON",BURLINGTON,MA,Laboratory Technician,Laboratory,Local Contract,Morning,5,0,5,Medium,Open,2026-02-20,2026-04-02,2026-07-02,13,122.66
REQ000133,224032,WORCESTER RECOVERY CENTER AND HOSPITAL,WORCESTER,MA,Allied Health Professional,Allied Health,Permanent Placement,Evening,7,6,1,Medium,Partially Filled,2025-12-18,2026-01-01,2026-03-26,12,103.08
REQ000134,220100,SOUTH SHORE HOSPITAL,SOUTH WEYMOUTH,MA,Allied Health Professional,Allied Health,Travel Contract,Evening,12,6,6,High,Partially Filled,2026-04-23,2026-05-17,2026-06-14,4,147.56
REQ000135,224001,TAUNTON STATE HOSPITAL,TAUNTON,MA,Physician,Medical Services,Per Diem,Morning,6,5,1,Medium,Partially Filled,2026-01-12,2026-01-25,2026-02-22,4,290.24
REQ000136,220110,BRIGHAM AND WOMEN'S HOSPITAL,BOSTON,MA,Radiologic Technologist,Radiology,Permanent Placement,Morning,12,5,7,High,Partially Filled,2026-01-27,2026-03-03,2026-03-31,4,137.4
REQ000137,220077,BAYSTATE MEDICAL CENTER,SPRINGFIELD,MA,ICU Nurse,Intensive Care Unit,Travel Contract,Night,9,2,7,High,Partially Filled,2026-07-10,2026-08-11,2026-11-03,12,152.47
REQ000138,221304,NORTH ADAMS REGIONAL HOSPITAL CORPORATION,NORTH ADAMS,MA,Registered Nurse,General Nursing,Per Diem,Morning,13,10,3,Medium,Partially Filled,2025-10-04,2025-10-15,2025-12-10,8,124.71
REQ000139,224047,VALLEY SPRINGS BEHAVIORAL HEALTH HOSPITAL,HOLYOKE,MA,Emergency Room Nurse,Emergency Department,Travel Contract,Night,6,3,3,Medium,Partially Filled,2026-07-14,2026-08-18,2026-11-10,12,127.86
REQ000140,224032,WORCESTER RECOVERY CENTER AND HOSPITAL,WORCESTER,MA,Physician,Medical Services,Permanent Placement,Evening,12,2,10,Critical,Partially Filled,2025-12-06,2025-12-20,2026-01-17,4,248.24
REQ000141,223300,FRANCISCAN CHILDREN'S HOSPITAL & REHAB CENTER,BRIGHTON,MA,Radiologic Technologist,Radiology,Local Contract,Day,15,15,0,Medium,Filled,2025-11-18,2025-12-13,2026-06-13,26,87.18
REQ000142,220073,BROWN UNIVERSITY HEALTH MORTON HOSPITAL,TAUNTON,MA,Radiologic Technologist,Radiology,Travel Contract,Morning,6,5,1,High,Partially Filled,2025-09-14,2025-10-11,2026-04-11,26,141.6
REQ000143,224039,WHITTIER PAVILION,HAVERHILL,MA,Emergency Room Nurse,Emergency Department,Local Contract,Night,2,0,2,High,Open,2026-02-02,2026-03-13,2026-05-08,8,101.84
REQ000144,223304,THE SHRINERS' HOSPITAL FOR CHILDREN - BOSTON,BOSTON,MA,Physical Therapist,Rehabilitation,Travel Contract,Morning,3,0,3,Medium,Open,2026-02-05,2026-03-13,2026-07-03,16,142.19
REQ000145,220020,SAINT ANNE'S HOSPITAL,FALL RIVER,MA,Laboratory Technician,Laboratory,Per Diem,Day,2,0,2,Medium,Open,2026-02-27,2026-04-01,2026-07-22,16,115.61
REQ000146,224007,MCLEAN HOSPITAL CORPORATION,BELMONT,MA,Emergency Room Nurse,Emergency Department,Permanent Placement,Day,13,2,11,High,Partially Filled,2026-05-10,2026-06-23,2026-08-18,8,136.27
REQ000147,224045,HOSPITAL FOR BEHAVIORAL MEDICINE,WORCESTER,MA,Emergency Room Nurse,Emergency Department,Per Diem,Day,4,2,2,Medium,Partially Filled,2025-10-22,2025-11-18,2026-05-19,26,144.45
REQ000148,223304,THE SHRINERS' HOSPITAL FOR CHILDREN - BOSTON,BOSTON,MA,Physician,Medical Services,Local Contract,Night,9,1,8,Medium,Partially Filled,2025-10-04,2025-10-30,2026-02-19,16,283.71
REQ000149,224047,VALLEY SPRINGS BEHAVIORAL HEALTH HOSPITAL,HOLYOKE,MA,Allied Health Professional,Allied Health,Per Diem,Night,2,0,2,High,Open,2026-05-16,2026-05-25,2026-06-22,4,119.16
REQ000150,224039,WHITTIER PAVILION,HAVERHILL,MA,Registered Nurse,General Nursing,Permanent Placement,Night,11,4,7,High,Partially Filled,2026-04-12,2026-05-23,2026-08-15,12,132.95
REQ000151,224045,HOSPITAL FOR BEHAVIORAL MEDICINE,WORCESTER,MA,Radiologic Technologist,Radiology,Permanent Placement,Evening,8,6,2,Medium,Partially Filled,2025-09-07,2025-09-17,2025-11-12,8,124.47
REQ000152,220063,LOWELL GENERAL HOSPITAL,LOWELL,MA,Allied Health Professional,Allied Health,Travel Contract,Morning,13,5,8,Medium,Partially Filled,2026-01-24,2026-02-25,2026-04-22,8,98.58
REQ000153,220035,NORTH SHORE MEDICAL CENTER -,SALEM,MA,Travel Nurse,Travel Nursing,Permanent Placement,Night,5,3,2,Critical,Partially Filled,2025-10-12,2025-10-25,2025-11-22,4,178.16
REQ000154,221300,MARTHA'S VINEYARD HOSPITAL INC,OAK BLUFFS,MA,Physical Therapist,Rehabilitation,Permanent Placement,Evening,8,8,0,High,Filled,2026-01-08,2026-01-27,2026-03-24,8,126.82
REQ000155,220046,BERKSHIRE MEDICAL CENTER,PITTSFIELD,MA,Respiratory Therapist,Respiratory Care,Per Diem,Day,4,4,0,Low,Filled,2026-04-16,2026-05-22,2026-07-17,8,119.64
REQ000156,224032,WORCESTER RECOVERY CENTER AND HOSPITAL,WORCESTER,MA,Radiologic Technologist,Radiology,Permanent Placement,Night,14,1,13,High,Partially Filled,2025-12-25,2026-02-04,2026-03-04,4,132.93
REQ000157,220002,MOUNT AUBURN HOSPITAL,CAMBRIDGE,MA,Allied Health Professional,Allied Health,Local Contract,Morning,10,8,2,High,Partially Filled,2025-08-24,2025-09-25,2025-10-23,4,95.15
REQ000158,224041,SOUTHCOAST BEHAVIORAL HEALTH,DARTMOUTH,MA,Radiologic Technologist,Radiology,Travel Contract,Night,11,9,2,Critical,Partially Filled,2026-05-09,2026-06-02,2026-09-22,16,109.57
REQ000159,220071,MASSACHUSETTS GENERAL HOSPITAL,BOSTON,MA,Laboratory Technician,Laboratory,Permanent Placement,Day,10,8,2,Low,Partially Filled,2026-02-04,2026-02-20,2026-04-17,8,77.59
REQ000160,220075,MASSACHUSETTS EYE AND EAR INFIRMARY -,BOSTON,MA,Radiologic Technologist,Radiology,Local Contract,Morning,10,8,2,Critical,Partially Filled,2026-04-23,2026-05-29,2026-07-24,8,104.3
REQ000161,224046,MIRAVISTA BEHAVIORAL HEALTH CENTER,HOLYOKE,MA,Physical Therapist,Rehabilitation,Permanent Placement,Morning,9,8,1,Medium,Partially Filled,2026-01-01,2026-02-14,2026-05-09,12,93.16
REQ000162,220075,MASSACHUSETTS EYE AND EAR INFIRMARY -,BOSTON,MA,ICU Nurse,Intensive Care Unit,Travel Contract,Evening,13,11,2,Medium,Partially Filled,2026-03-02,2026-04-15,2026-07-08,12,150.89
REQ000163,220049,UMASS MEMORIAL HEALTHCARE-MARLBOROUGH HOSPITAL,MARLBOROUGH,MA,Physical Therapist,Rehabilitation,Permanent Placement,Night,8,2,6,High,Partially Filled,2025-11-25,2025-12-05,2026-03-27,16,108.95
REQ000164,220001,UMASS MEMORIAL HEALTHALLIANCE HOSPITALS,LEOMINSTER,MA,ICU Nurse,Intensive Care Unit,Local Contract,Evening,6,3,3,High,Partially Filled,2025-11-06,2025-11-14,2026-02-13,13,133.73
REQ000165,224038,"WALDEN BEHAVIORAL CARE, LLC",DEDHAM,MA,Radiologic Technologist,Radiology,Per Diem,Evening,4,4,0,Medium,Filled,2025-09-01,2025-09-16,2026-01-06,16,103.96
REQ000166,220073,BROWN UNIVERSITY HEALTH MORTON HOSPITAL,TAUNTON,MA,Radiologic Technologist,Radiology,Per Diem,Evening,6,5,1,Medium,Partially Filled,2026-04-30,2026-05-28,2026-09-17,16,99.26
REQ000167,220116,TUFTS MEDICAL CENTER,BOSTON,MA,Physician,Medical Services,Permanent Placement,Morning,12,3,9,Medium,Partially Filled,2025-11-24,2025-12-20,2026-03-14,12,279.23
REQ000168,220095,HEYWOOD HOSPITAL -,GARDNER,MA,Physician,Medical Services,Permanent Placement,Morning,9,6,3,Critical,Partially Filled,2025-10-02,2025-11-14,2026-05-15,26,296.32
REQ000169,220024,HOLYOKE MEDICAL CENTER,HOLYOKE,MA,Registered Nurse,General Nursing,Per Diem,Evening,15,14,1,Medium,Partially Filled,2025-12-26,2026-01-07,2026-04-01,12,142.96
REQ000170,220111,GOOD SAMARITAN MEDICAL CENTER,BROCKTON,MA,Laboratory Technician,Laboratory,Local Contract,Night,2,2,0,Low,Filled,2026-07-23,2026-08-16,2026-10-11,8,131.36
REQ000171,224028,DR JOHN C CORRIGAN MENTAL HEALTH CENTER,FALL RIVER,MA,Travel Nurse,Travel Nursing,Permanent Placement,Day,6,5,1,High,Partially Filled,2025-08-27,2025-09-09,2025-12-09,13,124.62
REQ000172,223304,THE SHRINERS' HOSPITAL FOR CHILDREN - BOSTON,BOSTON,MA,Emergency Room Nurse,Emergency Department,Per Diem,Morning,11,3,8,Medium,Partially Filled,2026-02-25,2026-04-03,2026-07-03,13,104.14
REQ000173,220046,BERKSHIRE MEDICAL CENTER,PITTSFIELD,MA,Physical Therapist,Rehabilitation,Local Contract,Evening,12,0,12,High,Open,2025-11-27,2026-01-07,2026-07-08,26,104.31
REQ000174,224021,ARBOUR-FULLER HOSPITAL,SOUTH ATTLEBORO,MA,Respiratory Therapist,Respiratory Care,Per Diem,Day,14,14,0,Low,Filled,2026-04-11,2026-04-29,2026-10-28,26,124.76
REQ000175,220083,BETH ISRAEL DEACONESS HOSPITAL - NEEDHAM,NEEDHAM,MA,Allied Health Professional,Allied Health,Permanent Placement,Night,9,8,1,High,Partially Filled,2025-12-24,2026-01-29,2026-07-30,26,122.76
REQ000176,224031,CAPE COD & ISLANDS COMMUNITY MENTAL HEALTH CENTER,POCASSET,MA,ICU Nurse,Intensive Care Unit,Local Contract,Day,8,4,4,High,Partially Filled,2026-01-17,2026-02-03,2026-08-04,26,160.35
REQ000177,220019,UMASS MEMORIAL HEALTH - HARRINGTON HOSPITAL,SOUTHBRIDGE,MA,Travel Nurse,Travel Nursing,Travel Contract,Evening,9,5,4,High,Partially Filled,2025-10-29,2025-11-30,2026-03-01,13,127.93
REQ000178,220031,BOSTON MEDICAL CENTER,BOSTON,MA,Radiologic Technologist,Radiology,Local Contract,Evening,5,3,2,High,Partially Filled,2026-01-13,2026-02-04,2026-03-04,4,148.78
REQ000179,224045,HOSPITAL FOR BEHAVIORAL MEDICINE,WORCESTER,MA,Physical Therapist,Rehabilitation,Local Contract,Day,11,5,6,High,Partially Filled,2026-05-21,2026-05-28,2026-08-20,12,124.58
REQ000180,220119,BRIGHAM AND WOMEN FAULKNER HOSPITAL,JAMAICA PLAIN,MA,Respiratory Therapist,Respiratory Care,Travel Contract,Morning,13,4,9,Medium,Partially Filled,2026-07-18,2026-08-26,2027-02-24,26,100.46
REQ000181,220031,BOSTON MEDICAL CENTER,BOSTON,MA,Radiologic Technologist,Radiology,Permanent Placement,Evening,10,5,5,High,Partially Filled,2025-10-18,2025-11-23,2026-05-24,26,138.14
REQ000182,220015,"COOLEY DICKINSON HOSPITAL INC,THE",NORTHAMPTON,MA,Travel Nurse,Travel Nursing,Per Diem,Day,9,7,2,Critical,Partially Filled,2026-07-15,2026-08-29,2026-09-26,4,122.85
REQ000183,223304,THE SHRINERS' HOSPITAL FOR CHILDREN - BOSTON,BOSTON,MA,Laboratory Technician,Laboratory,Per Diem,Evening,3,1,2,Medium,Partially Filled,2025-11-12,2025-12-25,2026-04-16,16,82.38
REQ000184,220049,UMASS MEMORIAL HEALTHCARE-MARLBOROUGH HOSPITAL,MARLBOROUGH,MA,Radiologic Technologist,Radiology,Permanent Placement,Night,13,0,13,Medium,Open,2025-09-16,2025-10-25,2026-01-24,13,113.98
REQ000185,220077,BAYSTATE MEDICAL CENTER,SPRINGFIELD,MA,Laboratory Technician,Laboratory,Per Diem,Day,1,1,0,High,Filled,2026-03-25,2026-04-20,2026-10-19,26,108.48
REQ000186,221303,ATHOL MEMORIAL HOSPITAL,ATHOL,MA,Respiratory Therapist,Respiratory Care,Permanent Placement,Day,1,0,1,Medium,Open,2026-01-24,2026-02-04,2026-05-27,16,97.6
REQ000187,220031,BOSTON MEDICAL CENTER,BOSTON,MA,Respiratory Therapist,Respiratory Care,Permanent Placement,Evening,14,14,0,Low,Filled,2026-02-08,2026-03-11,2026-06-10,13,152.49
REQ000188,224001,TAUNTON STATE HOSPITAL,TAUNTON,MA,Emergency Room Nurse,Emergency Department,Local Contract,Night,3,3,0,High,Filled,2026-07-01,2026-07-30,2026-08-27,4,152.93
REQ000189,224045,HOSPITAL FOR BEHAVIORAL MEDICINE,WORCESTER,MA,Radiologic Technologist,Radiology,Local Contract,Night,9,6,3,Medium,Partially Filled,2026-07-11,2026-08-21,2026-11-20,13,92.86
REQ000190,224031,CAPE COD & ISLANDS COMMUNITY MENTAL HEALTH CENTER,POCASSET,MA,ICU Nurse,Intensive Care Unit,Local Contract,Night,13,0,13,Low,Open,2025-08-17,2025-09-19,2026-01-09,16,146.58
REQ000191,220035,NORTH SHORE MEDICAL CENTER -,SALEM,MA,Physical Therapist,Rehabilitation,Permanent Placement,Evening,12,0,12,Medium,Open,2026-07-11,2026-07-21,2026-09-15,8,107.21
REQ000192,220077,BAYSTATE MEDICAL CENTER,SPRINGFIELD,MA,Emergency Room Nurse,Emergency Department,Per Diem,Morning,14,14,0,Medium,Filled,2026-04-15,2026-05-10,2026-07-05,8,161.34
REQ000193,220176,ST VINCENT HOSPITAL,WORCESTER,MA,Travel Nurse,Travel Nursing,Permanent Placement,Evening,1,0,1,Low,Open,2026-02-28,2026-03-26,2026-06-18,12,139.11
REQ000194,220105,WINCHESTER HOSPITAL,WINCHESTER,MA,Respiratory Therapist,Respiratory Care,Local Contract,Morning,7,6,1,Medium,Partially Filled,2026-04-26,2026-05-23,2026-11-21,26,137.81
REQ000195,220126,NORWOOD HOSPITAL,NORWOOD,MA,Travel Nurse,Travel Nursing,Travel Contract,Evening,3,3,0,Critical,Filled,2025-11-24,2025-12-20,2026-06-20,26,154.01
REQ000196,220031,BOSTON MEDICAL CENTER,BOSTON,MA,Respiratory Therapist,Respiratory Care,Travel Contract,Evening,6,5,1,High,Partially Filled,2025-12-03,2025-12-26,2026-02-20,8,91.47
REQ000197,224031,CAPE COD & ISLANDS COMMUNITY MENTAL HEALTH CENTER,POCASSET,MA,Registered Nurse,General Nursing,Travel Contract,Day,10,9,1,Medium,Partially Filled,2025-12-16,2026-01-16,2026-07-17,26,138.32
REQ000198,220116,TUFTS MEDICAL CENTER,BOSTON,MA,Travel Nurse,Travel Nursing,Local Contract,Night,5,0,5,Critical,Open,2026-04-03,2026-04-23,2026-07-16,12,123.21
REQ000199,220020,SAINT ANNE'S HOSPITAL,FALL RIVER,MA,Travel Nurse,Travel Nursing,Local Contract,Morning,4,3,1,High,Partially Filled,2026-07-23,2026-09-06,2027-03-07,26,141.65
REQ000200,224043,TARAVISTA BEHAVIORAL HEALTH CENTER,DEVENS,MA,Allied Health Professional,Allied Health,Permanent Placement,Day,9,7,2,High,Partially Filled,2026-01-05,2026-01-28,2026-04-22,12,140.57
REQ000201,220063,LOWELL GENERAL HOSPITAL,LOWELL,MA,Travel Nurse,Travel Nursing,Local Contract,Day,1,0,1,Medium,Open,2026-02-06,2026-03-05,2026-06-04,13,180.43
REQ000202,220049,UMASS MEMORIAL HEALTHCARE-MARLBOROUGH HOSPITAL,MARLBOROUGH,MA,Respiratory Therapist,Respiratory Care,Permanent Placement,Night,6,1,5,Medium,Partially Filled,2025-12-30,2026-01-15,2026-03-12,8,130.82
REQ000203,220071,MASSACHUSETTS GENERAL HOSPITAL,BOSTON,MA,Physician,Medical Services,Local Contract,Night,3,2,1,High,Partially Filled,2026-04-08,2026-05-16,2026-08-15,13,274.18
REQ000204,224001,TAUNTON STATE HOSPITAL,TAUNTON,MA,Registered Nurse,General Nursing,Travel Contract,Day,14,10,4,Medium,Partially Filled,2026-04-26,2026-05-05,2026-06-02,4,143.98
REQ000205,224040,DR SOLOMON CARTER FULLER MENTAL HEALTH CENTER,BOSTON,MA,ICU Nurse,Intensive Care Unit,Permanent Placement,Morning,4,4,0,Low,Filled,2026-07-29,2026-08-14,2026-09-11,4,149.64
REQ000206,224038,"WALDEN BEHAVIORAL CARE, LLC",DEDHAM,MA,Radiologic Technologist,Radiology,Travel Contract,Day,1,1,0,Medium,Filled,2026-07-04,2026-08-11,2026-09-08,4,101.23
REQ000207,220080,HOLY FAMILY HOSPITAL,METHUEN,MA,Registered Nurse,General Nursing,Local Contract,Night,2,0,2,Medium,Open,2026-04-15,2026-05-19,2026-07-14,8,121.85
REQ000208,220070,MELROSEWAKEFIELD HEALTHCARE,MELROSE,MA,Physician,Medical Services,Local Contract,Night,7,7,0,Medium,Filled,2026-02-20,2026-03-04,2026-05-27,12,297.96
REQ000209,22001F,BEDFORD VA MEDICAL CENTER,BEDFORD,MA,Registered Nurse,General Nursing,Travel Contract,Day,7,7,0,High,Filled,2025-09-17,2025-10-19,2026-01-18,13,90.79
REQ000210,220101,NEWTON-WELLESLEY HOSPITAL,NEWTON,MA,Allied Health Professional,Allied Health,Local Contract,Night,15,1,14,Critical,Partially Filled,2026-05-17,2026-05-30,2026-09-19,16,138.46
REQ000211,220019,UMASS MEMORIAL HEALTH - HARRINGTON HOSPITAL,SOUTHBRIDGE,MA,Radiologic Technologist,Radiology,Travel Contract,Night,11,4,7,Critical,Partially Filled,2025-12-17,2025-12-26,2026-01-23,4,104.01
REQ000212,220017,CARNEY HOSPITAL,BOSTON,MA,Physical Therapist,Rehabilitation,Local Contract,Evening,5,1,4,High,Partially Filled,2025-10-13,2025-11-14,2025-12-12,4,129.84
REQ000213,220090,MILFORD REGIONAL MEDICAL CENTER,MILFORD,MA,Emergency Room Nurse,Emergency Department,Travel Contract,Day,12,5,7,Medium,Partially Filled,2026-07-19,2026-07-31,2026-11-20,16,158.71
REQ000214,220071,MASSACHUSETTS GENERAL HOSPITAL,BOSTON,MA,Physical Therapist,Rehabilitation,Travel Contract,Morning,13,5,8,High,Partially Filled,2026-06-11,2026-07-26,2026-10-25,13,123.54
REQ000215,224040,DR SOLOMON CARTER FULLER MENTAL HEALTH CENTER,BOSTON,MA,Allied Health Professional,Allied Health,Travel Contract,Morning,3,3,0,High,Filled,2026-05-11,2026-06-11,2026-09-10,13,139.92
REQ000216,22001F,BEDFORD VA MEDICAL CENTER,BEDFORD,MA,Physician,Medical Services,Local Contract,Evening,13,10,3,Medium,Partially Filled,2025-10-18,2025-11-18,2026-05-19,26,247.46
REQ000217,220062,ADCARE HOSPITAL OF WORCESTER INC,WORCESTER,MA,Physician,Medical Services,Travel Contract,Night,2,0,2,Medium,Open,2026-03-16,2026-04-15,2026-07-08,12,278.99
REQ000218,220074,SOUTHCOAST HOSPITALS GROUP,FALL RIVER,MA,Respiratory Therapist,Respiratory Care,Travel Contract,Morning,6,4,2,High,Partially Filled,2025-09-22,2025-09-30,2025-10-28,4,85.86
REQ000219,220177,NANTUCKET COTTAGE HOSPITAL,NANTUCKET,MA,Respiratory Therapist,Respiratory Care,Local Contract,Evening,10,8,2,Medium,Partially Filled,2025-09-13,2025-10-25,2025-12-20,8,103.82
REQ000220,220111,GOOD SAMARITAN MEDICAL CENTER,BROCKTON,MA,Radiologic Technologist,Radiology,Permanent Placement,Morning,7,4,3,Medium,Partially Filled,2025-10-14,2025-10-25,2025-12-20,8,87.38
REQ000221,220135,FALMOUTH HOSPITAL,FALMOUTH,MA,Travel Nurse,Travel Nursing,Permanent Placement,Day,10,3,7,Medium,Partially Filled,2026-06-17,2026-07-25,2026-11-14,16,115.47
REQ000222,224046,MIRAVISTA BEHAVIORAL HEALTH CENTER,HOLYOKE,MA,Allied Health Professional,Allied Health,Permanent Placement,Night,8,5,3,Medium,Partially Filled,2026-06-14,2026-07-15,2026-10-07,12,132.22
REQ000223,220012,CAPE COD HOSPITAL,HYANNIS,MA,Radiologic Technologist,Radiology,Permanent Placement,Night,6,2,4,Medium,Partially Filled,2026-01-08,2026-01-26,2026-04-27,13,101.62
REQ000224,224046,MIRAVISTA BEHAVIORAL HEALTH CENTER,HOLYOKE,MA,Allied Health Professional,Allied Health,Local Contract,Day,10,8,2,Critical,Partially Filled,2025-09-28,2025-11-10,2026-01-05,8,122.31
REQ000225,220017,CARNEY HOSPITAL,BOSTON,MA,Radiologic Technologist,Radiology,Local Contract,Morning,11,7,4,Medium,Partially Filled,2025-12-28,2026-01-08,2026-04-09,13,128.11
REQ000226,220088,NEW ENGLAND BAPTIST HOSPITAL,BOSTON,MA,Respiratory Therapist,Respiratory Care,Permanent Placement,Day,8,6,2,High,Partially Filled,2025-09-07,2025-10-12,2026-02-01,16,110.17
REQ000227,224043,TARAVISTA BEHAVIORAL HEALTH CENTER,DEVENS,MA,Physical Therapist,Rehabilitation,Per Diem,Night,13,3,10,High,Partially Filled,2026-06-23,2026-07-05,2026-08-02,4,95.1
REQ000228,220105,WINCHESTER HOSPITAL,WINCHESTER,MA,Respiratory Therapist,Respiratory Care,Per Diem,Night,1,0,1,Medium,Open,2026-01-17,2026-02-20,2026-03-20,4,121.32
REQ000229,220049,UMASS MEMORIAL HEALTHCARE-MARLBOROUGH HOSPITAL,MARLBOROUGH,MA,Physical Therapist,Rehabilitation,Local Contract,Morning,7,7,0,Critical,Filled,2025-11-22,2025-12-27,2026-03-21,12,125.79
REQ000230,220024,HOLYOKE MEDICAL CENTER,HOLYOKE,MA,Respiratory Therapist,Respiratory Care,Per Diem,Morning,3,2,1,Medium,Partially Filled,2025-09-13,2025-09-27,2026-03-28,26,99.48
REQ000231,220020,SAINT ANNE'S HOSPITAL,FALL RIVER,MA,Allied Health Professional,Allied Health,Permanent Placement,Morning,12,11,1,Low,Partially Filled,2026-04-01,2026-04-14,2026-07-14,13,93.13
REQ000232,220060,BETH ISRAEL DEACONESS HOSPITAL PLYMOUTH,PLYMOUTH,MA,Registered Nurse,General Nursing,Local Contract,Night,13,2,11,High,Partially Filled,2026-01-23,2026-02-05,2026-08-06,26,108.17
REQ000233,220088,NEW ENGLAND BAPTIST HOSPITAL,BOSTON,MA,Radiologic Technologist,Radiology,Permanent Placement,Evening,3,1,2,Low,Partially Filled,2025-11-27,2025-12-29,2026-06-29,26,124.99
REQ000234,220012,CAPE COD HOSPITAL,HYANNIS,MA,Radiologic Technologist,Radiology,Local Contract,Morning,1,0,1,High,Open,2026-05-31,2026-07-04,2026-10-03,13,138.61
REQ000235,220065,BAYSTATE NOBLE HOSPITAL,WESTFIELD,MA,Physical Therapist,Rehabilitation,Local Contract,Evening,6,2,4,Medium,Partially Filled,2025-09-22,2025-11-02,2025-12-28,8,138.95
REQ000236,220052,SIGNATURE HEALTHCARE BROCKTON HOSPITAL,BROCKTON,MA,Laboratory Technician,Laboratory,Travel Contract,Morning,7,6,1,Medium,Partially Filled,2026-06-24,2026-07-21,2026-11-10,16,100.05
REQ000237,220073,BROWN UNIVERSITY HEALTH MORTON HOSPITAL,TAUNTON,MA,Physician,Medical Services,Per Diem,Day,11,2,9,Medium,Partially Filled,2026-06-11,2026-07-25,2026-08-22,4,248.19
REQ000238,220010,MERRIMACK HEALTH LAWRENCE HOSPITAL,LAWRENCE,MA,Emergency Room Nurse,Emergency Department,Permanent Placement,Evening,10,2,8,Medium,Partially Filled,2026-04-19,2026-05-20,2026-08-19,13,144.49
REQ000239,220105,WINCHESTER HOSPITAL,WINCHESTER,MA,Emergency Room Nurse,Emergency Department,Local Contract,Morning,5,1,4,High,Partially Filled,2026-05-12,2026-05-29,2026-08-28,13,143.36
REQ000240,220070,MELROSEWAKEFIELD HEALTHCARE,MELROSE,MA,Registered Nurse,General Nursing,Permanent Placement,Evening,14,6,8,High,Partially Filled,2026-04-06,2026-04-21,2026-06-16,8,114.09
REQ000241,221304,NORTH ADAMS REGIONAL HOSPITAL CORPORATION,NORTH ADAMS,MA,Radiologic Technologist,Radiology,Per Diem,Day,1,0,1,Medium,Open,2025-10-25,2025-11-06,2026-02-26,16,119.63
REQ000242,220110,BRIGHAM AND WOMEN'S HOSPITAL,BOSTON,MA,Radiologic Technologist,Radiology,Travel Contract,Morning,9,1,8,High,Partially Filled,2026-05-17,2026-06-24,2026-10-14,16,139.63
REQ000243,220066,MERCY MEDICAL CTR,SPRINGFIELD,MA,Laboratory Technician,Laboratory,Travel Contract,Night,4,3,1,Medium,Partially Filled,2025-08-22,2025-09-26,2026-01-16,16,137.95
REQ000244,220035,NORTH SHORE MEDICAL CENTER -,SALEM,MA,Physician,Medical Services,Local Contract,Night,14,1,13,High,Partially Filled,2026-01-26,2026-02-07,2026-05-09,13,281.15
REQ000245,224007,MCLEAN HOSPITAL CORPORATION,BELMONT,MA,Physical Therapist,Rehabilitation,Local Contract,Night,10,2,8,High,Partially Filled,2026-06-20,2026-07-24,2026-09-18,8,131.91
REQ000246,224043,TARAVISTA BEHAVIORAL HEALTH CENTER,DEVENS,MA,Physician,Medical Services,Per Diem,Morning,6,5,1,High,Partially Filled,2026-06-02,2026-07-13,2026-09-07,8,306.67
REQ000247,220074,SOUTHCOAST HOSPITALS GROUP,FALL RIVER,MA,ICU Nurse,Intensive Care Unit,Local Contract,Night,5,5,0,Medium,Filled,2025-10-09,2025-11-11,2025-12-09,4,154.8
REQ000248,221302,FAIRVIEW HOSPITAL,GREAT BARRINGTON,MA,Respiratory Therapist,Respiratory Care,Permanent Placement,Evening,11,4,7,Medium,Partially Filled,2026-04-08,2026-04-24,2026-08-14,16,129.35
REQ000249,220046,BERKSHIRE MEDICAL CENTER,PITTSFIELD,MA,Respiratory Therapist,Respiratory Care,Permanent Placement,Evening,15,11,4,Medium,Partially Filled,2026-04-21,2026-05-15,2026-11-13,26,85.17
REQ000250,220046,BERKSHIRE MEDICAL CENTER,PITTSFIELD,MA,Radiologic Technologist,Radiology,Permanent Placement,Night,13,8,5,Critical,Partially Filled,2026-06-22,2026-07-21,2026-08-18,4,139.74
REQ000251,220100,SOUTH SHORE HOSPITAL,SOUTH WEYMOUTH,MA,Physician,Medical Services,Local Contract,Evening,9,9,0,High,Filled,2026-01-13,2026-02-07,2026-05-02,12,302.59
REQ000252,220016,BAYSTATE FRANKLIN MEDICAL CENTER,GREENFIELD,MA,Registered Nurse,General Nursing,Permanent Placement,Evening,2,0,2,Low,Open,2025-09-20,2025-10-26,2025-11-23,4,152.06
REQ000253,220012,CAPE COD HOSPITAL,HYANNIS,MA,Emergency Room Nurse,Emergency Department,Per Diem,Day,14,14,0,High,Filled,2026-06-29,2026-07-25,2026-09-19,8,117.53
REQ000254,220010,MERRIMACK HEALTH LAWRENCE HOSPITAL,LAWRENCE,MA,Emergency Room Nurse,Emergency Department,Local Contract,Evening,5,5,0,High,Filled,2025-08-27,2025-09-28,2026-03-29,26,149.26
REQ000255,220062,ADCARE HOSPITAL OF WORCESTER INC,WORCESTER,MA,Travel Nurse,Travel Nursing,Permanent Placement,Day,10,3,7,Low,Partially Filled,2026-04-02,2026-04-13,2026-06-08,8,139.05
REQ000256,220086,BETH ISRAEL DEACONESS MEDICAL CENTER,BOSTON,MA,Respiratory Therapist,Respiratory Care,Permanent Placement,Day,2,0,2,High,Open,2026-07-22,2026-08-06,2026-11-05,13,92.17
REQ000257,220063,LOWELL GENERAL HOSPITAL,LOWELL,MA,Allied Health Professional,Allied Health,Local Contract,Night,13,13,0,Low,Filled,2026-01-01,2026-01-16,2026-04-17,13,129.43
REQ000258,224038,"WALDEN BEHAVIORAL CARE, LLC",DEDHAM,MA,Emergency Room Nurse,Emergency Department,Permanent Placement,Evening,4,1,3,High,Partially Filled,2026-03-14,2026-04-12,2026-10-11,26,106.07
REQ000259,220108,BETH ISRAEL DEACONESS HOSPITAL - MILTON,MILTON,MA,Emergency Room Nurse,Emergency Department,Permanent Placement,Morning,7,5,2,High,Partially Filled,2025-10-03,2025-11-16,2026-05-17,26,117.35
REQ000260,220105,WINCHESTER HOSPITAL,WINCHESTER,MA,ICU Nurse,Intensive Care Unit,Per Diem,Day,10,9,1,High,Partially Filled,2025-12-06,2026-01-17,2026-05-09,16,151.09
REQ000261,224045,HOSPITAL FOR BEHAVIORAL MEDICINE,WORCESTER,MA,Travel Nurse,Travel Nursing,Per Diem,Day,4,3,1,High,Partially Filled,2026-04-23,2026-06-07,2026-09-27,16,170.56
REQ000262,220084,EMERSON HOSPITAL -,W CONCORD,MA,Radiologic Technologist,Radiology,Travel Contract,Morning,8,1,7,Critical,Partially Filled,2026-02-14,2026-02-28,2026-04-25,8,91.24
REQ000263,220019,UMASS MEMORIAL HEALTH - HARRINGTON HOSPITAL,SOUTHBRIDGE,MA,Respiratory Therapist,Respiratory Care,Travel Contract,Day,3,3,0,High,Filled,2026-02-04,2026-03-17,2026-09-15,26,85.97
REQ000264,220015,"COOLEY DICKINSON HOSPITAL INC,THE",NORTHAMPTON,MA,Registered Nurse,General Nursing,Permanent Placement,Evening,5,5,0,High,Filled,2025-08-31,2025-10-02,2026-01-22,16,90.77
REQ000265,224043,TARAVISTA BEHAVIORAL HEALTH CENTER,DEVENS,MA,Laboratory Technician,Laboratory,Travel Contract,Night,2,1,1,Critical,Partially Filled,2026-06-12,2026-06-28,2026-09-20,12,78.88
REQ000266,221300,MARTHA'S VINEYARD HOSPITAL INC,OAK BLUFFS,MA,Respiratory Therapist,Respiratory Care,Local Contract,Day,12,6,6,Medium,Partially Filled,2026-05-28,2026-06-08,2026-08-31,12,149.72
REQ000267,220060,BETH ISRAEL DEACONESS HOSPITAL PLYMOUTH,PLYMOUTH,MA,Radiologic Technologist,Radiology,Local Contract,Day,5,5,0,Low,Filled,2026-06-10,2026-07-25,2026-08-22,4,91.6
REQ000268,220029,ANNA JAQUES HOSPITAL,NEWBURYPORT,MA,Emergency Room Nurse,Emergency Department,Local Contract,Morning,9,4,5,Medium,Partially Filled,2026-04-12,2026-05-11,2026-08-31,16,154.68
REQ000269,220111,GOOD SAMARITAN MEDICAL CENTER,BROCKTON,MA,ICU Nurse,Intensive Care Unit,Travel Contract,Morning,5,4,1,High,Partially Filled,2025-08-16,2025-09-13,2025-12-13,13,145.37
REQ000270,220030,BAYSTATE WING HOSPITAL,PALMER,MA,Radiologic Technologist,Radiology,Local Contract,Morning,1,1,0,Medium,Filled,2026-03-22,2026-04-30,2026-07-23,12,136.13
REQ000271,220001,UMASS MEMORIAL HEALTHALLIANCE HOSPITALS,LEOMINSTER,MA,ICU Nurse,Intensive Care Unit,Local Contract,Day,1,0,1,Medium,Open,2025-11-25,2026-01-03,2026-01-31,4,131.81
REQ000272,224022,BOURNEWOOD HOSPITAL,BROOKLINE,MA,Emergency Room Nurse,Emergency Department,Permanent Placement,Night,12,10,2,Medium,Partially Filled,2025-08-19,2025-09-30,2026-03-31,26,129.14
REQ000273,220063,LOWELL GENERAL HOSPITAL,LOWELL,MA,Physician,Medical Services,Travel Contract,Night,2,2,0,Medium,Filled,2025-09-09,2025-10-22,2026-01-14,12,276.1
REQ000274,221303,ATHOL MEMORIAL HOSPITAL,ATHOL,MA,Respiratory Therapist,Respiratory Care,Per Diem,Morning,13,13,0,Low,Filled,2025-09-05,2025-10-11,2026-01-03,12,116.97
REQ000275,220010,MERRIMACK HEALTH LAWRENCE HOSPITAL,LAWRENCE,MA,Travel Nurse,Travel Nursing,Local Contract,Evening,12,9,3,Medium,Partially Filled,2025-12-28,2026-02-09,2026-05-04,12,183.03
REQ000276,220012,CAPE COD HOSPITAL,HYANNIS,MA,Laboratory Technician,Laboratory,Travel Contract,Night,15,13,2,Medium,Partially Filled,2025-12-04,2025-12-20,2026-01-17,4,112.52
REQ000277,220029,ANNA JAQUES HOSPITAL,NEWBURYPORT,MA,Allied Health Professional,Allied Health,Travel Contract,Night,12,4,8,Medium,Partially Filled,2025-08-01,2025-09-01,2026-03-02,26,106.67
REQ000278,220052,SIGNATURE HEALTHCARE BROCKTON HOSPITAL,BROCKTON,MA,Registered Nurse,General Nursing,Permanent Placement,Morning,1,0,1,Medium,Open,2025-10-12,2025-11-05,2025-12-03,4,137.35
REQ000279,220049,UMASS MEMORIAL HEALTHCARE-MARLBOROUGH HOSPITAL,MARLBOROUGH,MA,ICU Nurse,Intensive Care Unit,Travel Contract,Day,14,6,8,Medium,Partially Filled,2026-04-16,2026-05-01,2026-10-30,26,172.5
REQ000280,220084,EMERSON HOSPITAL -,W CONCORD,MA,Physician,Medical Services,Per Diem,Morning,12,11,1,Medium,Partially Filled,2025-12-12,2026-01-08,2026-04-09,13,256.35
REQ000281,220012,CAPE COD HOSPITAL,HYANNIS,MA,Emergency Room Nurse,Emergency Department,Permanent Placement,Evening,2,0,2,Medium,Open,2026-05-27,2026-06-09,2026-08-04,8,108.45
REQ000282,220070,MELROSEWAKEFIELD HEALTHCARE,MELROSE,MA,Travel Nurse,Travel Nursing,Travel Contract,Night,5,0,5,High,Open,2026-03-20,2026-04-15,2026-07-15,13,136.3
REQ000283,224047,VALLEY SPRINGS BEHAVIORAL HEALTH HOSPITAL,HOLYOKE,MA,Registered Nurse,General Nursing,Local Contract,Morning,2,2,0,Medium,Filled,2025-11-19,2025-12-16,2026-02-10,8,88.43
REQ000284,224045,HOSPITAL FOR BEHAVIORAL MEDICINE,WORCESTER,MA,Physician,Medical Services,Local Contract,Day,14,7,7,Medium,Partially Filled,2025-10-29,2025-11-06,2026-02-05,13,296.27
REQ000285,220031,BOSTON MEDICAL CENTER,BOSTON,MA,ICU Nurse,Intensive Care Unit,Permanent Placement,Morning,3,1,2,High,Partially Filled,2025-08-07,2025-08-17,2025-10-12,8,170.63
REQ000286,22001F,BEDFORD VA MEDICAL CENTER,BEDFORD,MA,Physical Therapist,Rehabilitation,Local Contract,Evening,1,0,1,High,Open,2026-05-28,2026-06-20,2026-07-18,4,98.44
REQ000287,220075,MASSACHUSETTS EYE AND EAR INFIRMARY -,BOSTON,MA,ICU Nurse,Intensive Care Unit,Permanent Placement,Evening,3,3,0,Low,Filled,2025-08-22,2025-09-27,2025-10-25,4,152.82
REQ000288,220073,BROWN UNIVERSITY HEALTH MORTON HOSPITAL,TAUNTON,MA,Allied Health Professional,Allied Health,Local Contract,Day,5,3,2,High,Partially Filled,2025-11-18,2025-12-06,2026-02-28,12,133.19
REQ000289,220105,WINCHESTER HOSPITAL,WINCHESTER,MA,Physician,Medical Services,Travel Contract,Morning,8,0,8,Medium,Open,2026-04-13,2026-05-16,2026-09-05,16,269.35
REQ000290,220105,WINCHESTER HOSPITAL,WINCHESTER,MA,Laboratory Technician,Laboratory,Permanent Placement,Evening,7,5,2,Medium,Partially Filled,2025-12-06,2026-01-16,2026-02-13,4,107.6
REQ000291,221300,MARTHA'S VINEYARD HOSPITAL INC,OAK BLUFFS,MA,Respiratory Therapist,Respiratory Care,Local Contract,Day,6,4,2,High,Partially Filled,2025-12-17,2026-01-04,2026-02-01,4,139.5
REQ000292,220077,BAYSTATE MEDICAL CENTER,SPRINGFIELD,MA,Radiologic Technologist,Radiology,Travel Contract,Night,4,1,3,High,Partially Filled,2026-04-29,2026-05-28,2026-09-17,16,100.66
REQ000293,220077,BAYSTATE MEDICAL CENTER,SPRINGFIELD,MA,Travel Nurse,Travel Nursing,Local Contract,Night,15,5,10,High,Partially Filled,2026-05-22,2026-06-22,2026-09-14,12,171.43
REQ000294,220070,MELROSEWAKEFIELD HEALTHCARE,MELROSE,MA,Physical Therapist,Rehabilitation,Local Contract,Evening,10,2,8,Medium,Partially Filled,2025-08-15,2025-09-13,2026-01-03,16,104.29
REQ000295,224021,ARBOUR-FULLER HOSPITAL,SOUTH ATTLEBORO,MA,ICU Nurse,Intensive Care Unit,Permanent Placement,Day,4,0,4,Medium,Open,2025-08-29,2025-09-19,2026-01-09,16,147.99
REQ000296,223302,BOSTON CHILDREN'S HOSPITAL,BOSTON,MA,Allied Health Professional,Allied Health,Local Contract,Day,1,0,1,High,Open,2025-10-30,2025-11-26,2025-12-24,4,150.25
REQ000297,220030,BAYSTATE WING HOSPITAL,PALMER,MA,Allied Health Professional,Allied Health,Per Diem,Morning,2,1,1,Medium,Partially Filled,2026-07-27,2026-08-28,2026-12-18,16,101.03
REQ000298,220101,NEWTON-WELLESLEY HOSPITAL,NEWTON,MA,Radiologic Technologist,Radiology,Per Diem,Night,12,8,4,High,Partially Filled,2026-06-29,2026-07-26,2026-09-20,8,139.01
REQ000299,220175,METROWEST MEDICAL CENTER,FRAMINGHAM,MA,Physician,Medical Services,Permanent Placement,Day,3,0,3,Medium,Open,2026-07-19,2026-08-13,2026-10-08,8,262.28
REQ000300,224038,"WALDEN BEHAVIORAL CARE, LLC",DEDHAM,MA,Travel Nurse,Travel Nursing,Local Contract,Morning,15,15,0,High,Filled,2026-06-24,2026-08-06,2026-09-03,4,131.66
REQ000301,220063,LOWELL GENERAL HOSPITAL,LOWELL,MA,Emergency Room Nurse,Emergency Department,Per Diem,Evening,11,10,1,Low,Partially Filled,2026-06-22,2026-07-04,2027-01-02,26,114.68
REQ000302,220065,BAYSTATE NOBLE HOSPITAL,WESTFIELD,MA,Allied Health Professional,Allied Health,Permanent Placement,Evening,1,0,1,High,Open,2025-12-10,2025-12-23,2026-06-23,26,157.84
REQ000303,220177,NANTUCKET COTTAGE HOSPITAL,NANTUCKET,MA,Radiologic Technologist,Radiology,Permanent Placement,Night,7,1,6,Medium,Partially Filled,2026-02-10,2026-03-11,2026-07-01,16,87.16
REQ000304,224021,ARBOUR-FULLER HOSPITAL,SOUTH ATTLEBORO,MA,Physician,Medical Services,Per Diem,Night,2,0,2,High,Open,2025-08-11,2025-09-07,2025-11-30,12,251.26
REQ000305,220030,BAYSTATE WING HOSPITAL,PALMER,MA,Laboratory Technician,Laboratory,Travel Contract,Evening,10,7,3,Critical,Partially Filled,2025-09-17,2025-10-15,2026-02-04,16,79.55
REQ000306,220101,NEWTON-WELLESLEY HOSPITAL,NEWTON,MA,Emergency Room Nurse,Emergency Department,Permanent Placement,Morning,4,1,3,High,Partially Filled,2025-08-28,2025-09-10,2025-12-03,12,120.82
REQ000307,220108,BETH ISRAEL DEACONESS HOSPITAL - MILTON,MILTON,MA,Registered Nurse,General Nursing,Local Contract,Day,14,7,7,Medium,Partially Filled,2026-02-18,2026-04-02,2026-07-23,16,114.93
REQ000308,220024,HOLYOKE MEDICAL CENTER,HOLYOKE,MA,Physical Therapist,Rehabilitation,Local Contract,Morning,1,0,1,Critical,Open,2026-04-03,2026-04-22,2026-05-20,4,125.15
REQ000309,220060,BETH ISRAEL DEACONESS HOSPITAL PLYMOUTH,PLYMOUTH,MA,Physician,Medical Services,Travel Contract,Evening,15,8,7,Medium,Partially Filled,2026-02-20,2026-03-29,2026-06-28,13,301.98
REQ000310,220010,MERRIMACK HEALTH LAWRENCE HOSPITAL,LAWRENCE,MA,Emergency Room Nurse,Emergency Department,Per Diem,Night,8,7,1,High,Partially Filled,2026-03-17,2026-03-26,2026-06-18,12,139.5
REQ000311,224022,BOURNEWOOD HOSPITAL,BROOKLINE,MA,ICU Nurse,Intensive Care Unit,Travel Contract,Evening,7,3,4,High,Partially Filled,2025-09-13,2025-10-12,2026-02-01,16,134.3
REQ000312,224043,TARAVISTA BEHAVIORAL HEALTH CENTER,DEVENS,MA,Radiologic Technologist,Radiology,Permanent Placement,Day,5,0,5,Medium,Open,2026-05-21,2026-06-12,2026-09-11,13,145.03
REQ000313,220001,UMASS MEMORIAL HEALTHALLIANCE HOSPITALS,LEOMINSTER,MA,Physical Therapist,Rehabilitation,Local Contract,Night,3,1,2,Medium,Partially Filled,2025-10-15,2025-10-29,2026-01-28,13,121.64
REQ000314,220101,NEWTON-WELLESLEY HOSPITAL,NEWTON,MA,Travel Nurse,Travel Nursing,Travel Contract,Day,5,2,3,Medium,Partially Filled,2026-06-18,2026-07-04,2026-10-24,16,142.81
REQ000315,221300,MARTHA'S VINEYARD HOSPITAL INC,OAK BLUFFS,MA,Physician,Medical Services,Permanent Placement,Day,13,11,2,Medium,Partially Filled,2026-04-24,2026-05-30,2026-06-27,4,250.37
REQ000316,220163,UMASS MEMORIAL MEDICAL CENTER/UNIVERSITY CAMPUS,WORCESTER,MA,Physical Therapist,Rehabilitation,Per Diem,Morning,13,1,12,High,Partially Filled,2025-09-21,2025-10-04,2026-01-24,16,110.49
REQ000317,224032,WORCESTER RECOVERY CENTER AND HOSPITAL,WORCESTER,MA,Radiologic Technologist,Radiology,Per Diem,Evening,1,0,1,Medium,Open,2026-05-20,2026-07-04,2026-10-03,13,124.61
REQ000318,220002,MOUNT AUBURN HOSPITAL,CAMBRIDGE,MA,Registered Nurse,General Nursing,Permanent Placement,Morning,4,0,4,High,Open,2026-02-19,2026-03-19,2026-09-17,26,86.42
REQ000319,224045,HOSPITAL FOR BEHAVIORAL MEDICINE,WORCESTER,MA,Physician,Medical Services,Local Contract,Night,11,1,10,Medium,Partially Filled,2025-12-22,2026-01-29,2026-07-30,26,292.06
REQ000320,221300,MARTHA'S VINEYARD HOSPITAL INC,OAK BLUFFS,MA,Physician,Medical Services,Permanent Placement,Night,2,0,2,Critical,Open,2026-03-02,2026-04-16,2026-10-15,26,268.5
REQ000321,220052,SIGNATURE HEALTHCARE BROCKTON HOSPITAL,BROCKTON,MA,Laboratory Technician,Laboratory,Travel Contract,Morning,13,2,11,High,Partially Filled,2026-02-08,2026-02-18,2026-06-10,16,96.24
REQ000322,220008,STURDY MEMORIAL HOSPITAL,ATTLEBORO,MA,Physical Therapist,Rehabilitation,Travel Contract,Night,15,6,9,Low,Partially Filled,2025-08-15,2025-09-02,2025-10-28,8,95.54
REQ000323,220066,MERCY MEDICAL CTR,SPRINGFIELD,MA,Travel Nurse,Travel Nursing,Travel Contract,Day,9,6,3,Medium,Partially Filled,2025-12-19,2026-01-18,2026-04-19,13,149.22
REQ000324,220035,NORTH SHORE MEDICAL CENTER -,SALEM,MA,Emergency Room Nurse,Emergency Department,Local Contract,Morning,6,2,4,High,Partially Filled,2026-03-31,2026-05-14,2026-09-03,16,148.22
REQ000325,220080,HOLY FAMILY HOSPITAL,METHUEN,MA,Registered Nurse,General Nursing,Local Contract,Night,14,9,5,High,Partially Filled,2026-02-14,2026-02-24,2026-04-21,8,132.44
REQ000326,220111,GOOD SAMARITAN MEDICAL CENTER,BROCKTON,MA,Respiratory Therapist,Respiratory Care,Local Contract,Night,1,1,0,High,Filled,2026-04-20,2026-04-28,2026-10-27,26,85.59
REQ000327,220135,FALMOUTH HOSPITAL,FALMOUTH,MA,Physical Therapist,Rehabilitation,Per Diem,Evening,15,12,3,Medium,Partially Filled,2026-01-04,2026-01-28,2026-04-29,13,124.67
REQ000328,220176,ST VINCENT HOSPITAL,WORCESTER,MA,Physical Therapist,Rehabilitation,Per Diem,Morning,1,1,0,High,Filled,2026-02-20,2026-04-05,2026-05-03,4,125.72
REQ000329,220071,MASSACHUSETTS GENERAL HOSPITAL,BOSTON,MA,Physician,Medical Services,Per Diem,Night,5,5,0,Medium,Filled,2026-06-24,2026-07-21,2026-10-13,12,293.58
REQ000330,220077,BAYSTATE MEDICAL CENTER,SPRINGFIELD,MA,Physical Therapist,Rehabilitation,Permanent Placement,Morning,3,0,3,Medium,Open,2026-02-23,2026-03-22,2026-09-20,26,121.3
REQ000331,220090,MILFORD REGIONAL MEDICAL CENTER,MILFORD,MA,Registered Nurse,General Nursing,Local Contract,Evening,6,5,1,Critical,Partially Filled,2026-05-26,2026-07-08,2026-09-02,8,132.03
REQ000332,224041,SOUTHCOAST BEHAVIORAL HEALTH,DARTMOUTH,MA,Physician,Medical Services,Permanent Placement,Night,5,0,5,High,Open,2025-10-27,2025-12-08,2026-02-02,8,290.76
REQ000333,220116,TUFTS MEDICAL CENTER,BOSTON,MA,Emergency Room Nurse,Emergency Department,Per Diem,Night,2,0,2,High,Open,2026-07-15,2026-08-12,2027-02-10,26,121.5
REQ000334,220075,MASSACHUSETTS EYE AND EAR INFIRMARY -,BOSTON,MA,Allied Health Professional,Allied Health,Permanent Placement,Day,8,1,7,High,Partially Filled,2025-12-12,2026-01-25,2026-04-19,12,130.85
REQ000335,224044,WESTBOROUGH BEHAVIORAL HEALTHCARE HOSPITAL LLC,WESTBOROUGH,MA,ICU Nurse,Intensive Care Unit,Permanent Placement,Morning,2,2,0,Medium,Filled,2026-03-30,2026-04-18,2026-08-08,16,165.96
REQ000336,224022,BOURNEWOOD HOSPITAL,BROOKLINE,MA,Emergency Room Nurse,Emergency Department,Local Contract,Morning,10,7,3,High,Partially Filled,2025-11-11,2025-12-09,2026-03-10,13,112.62
REQ000337,22001F,BEDFORD VA MEDICAL CENTER,BEDFORD,MA,Radiologic Technologist,Radiology,Travel Contract,Evening,11,0,11,Medium,Open,2026-01-18,2026-02-05,2026-04-30,12,135.28
REQ000338,220110,BRIGHAM AND WOMEN'S HOSPITAL,BOSTON,MA,Physical Therapist,Rehabilitation,Permanent Placement,Evening,3,3,0,Medium,Filled,2025-10-21,2025-11-28,2025-12-26,4,125.42
REQ000339,220062,ADCARE HOSPITAL OF WORCESTER INC,WORCESTER,MA,Registered Nurse,General Nursing,Per Diem,Night,6,0,6,Low,Open,2026-05-01,2026-05-20,2026-11-18,26,85.29
REQ000340,221302,FAIRVIEW HOSPITAL,GREAT BARRINGTON,MA,Travel Nurse,Travel Nursing,Permanent Placement,Morning,3,0,3,Medium,Open,2026-07-22,2026-08-20,2026-11-12,12,172.67
REQ000341,224045,HOSPITAL FOR BEHAVIORAL MEDICINE,WORCESTER,MA,Physician,Medical Services,Permanent Placement,Night,9,5,4,Medium,Partially Filled,2026-03-22,2026-05-01,2026-08-21,16,303.1
REQ000342,220070,MELROSEWAKEFIELD HEALTHCARE,MELROSE,MA,Travel Nurse,Travel Nursing,Local Contract,Night,4,1,3,High,Partially Filled,2025-10-24,2025-11-25,2025-12-23,4,156.28
REQ000343,220110,BRIGHAM AND WOMEN'S HOSPITAL,BOSTON,MA,ICU Nurse,Intensive Care Unit,Travel Contract,Day,15,8,7,High,Partially Filled,2026-02-04,2026-02-13,2026-05-15,13,150.75
REQ000344,224013,ARBOUR HOSPITAL,BOSTON,MA,Registered Nurse,General Nursing,Travel Contract,Morning,8,6,2,Medium,Partially Filled,2026-07-20,2026-08-03,2026-11-02,13,95.72
REQ000345,224023,WESTWOOD PEMBROKE HEALTH SYSTEMS,WESTWOOD,MA,Registered Nurse,General Nursing,Per Diem,Night,2,2,0,Medium,Filled,2026-01-02,2026-02-04,2026-08-05,26,147.9
REQ000346,220074,SOUTHCOAST HOSPITALS GROUP,FALL RIVER,MA,Physical Therapist,Rehabilitation,Permanent Placement,Night,13,1,12,High,Partially Filled,2025-09-30,2025-10-25,2025-11-22,4,146.46
REQ000347,220176,ST VINCENT HOSPITAL,WORCESTER,MA,Travel Nurse,Travel Nursing,Permanent Placement,Night,3,0,3,High,Open,2026-01-31,2026-03-05,2026-05-28,12,148.65
REQ000348,220084,EMERSON HOSPITAL -,W CONCORD,MA,Registered Nurse,General Nursing,Permanent Placement,Night,14,9,5,Critical,Partially Filled,2025-08-07,2025-08-19,2025-09-16,4,139.57
REQ000349,220030,BAYSTATE WING HOSPITAL,PALMER,MA,ICU Nurse,Intensive Care Unit,Permanent Placement,Day,5,2,3,Low,Partially Filled,2025-12-10,2025-12-31,2026-04-01,13,117.23
REQ000350,221303,ATHOL MEMORIAL HOSPITAL,ATHOL,MA,Physician,Medical Services,Travel Contract,Day,12,1,11,Low,Partially Filled,2026-02-01,2026-02-28,2026-05-30,13,249.69
REQ000351,220105,WINCHESTER HOSPITAL,WINCHESTER,MA,Emergency Room Nurse,Emergency Department,Travel Contract,Morning,10,4,6,High,Partially Filled,2026-01-16,2026-02-14,2026-05-16,13,112.8
REQ000352,220002,MOUNT AUBURN HOSPITAL,CAMBRIDGE,MA,Respiratory Therapist,Respiratory Care,Permanent Placement,Night,12,7,5,Medium,Partially Filled,2026-03-22,2026-04-15,2026-07-15,13,133.73
REQ000353,220077,BAYSTATE MEDICAL CENTER,SPRINGFIELD,MA,Emergency Room Nurse,Emergency Department,Local Contract,Evening,8,7,1,High,Partially Filled,2025-09-23,2025-10-26,2026-02-15,16,142.8
REQ000354,223302,BOSTON CHILDREN'S HOSPITAL,BOSTON,MA,Radiologic Technologist,Radiology,Travel Contract,Morning,8,0,8,High,Open,2026-04-07,2026-04-21,2026-07-21,13,82.87
REQ000355,220008,STURDY MEMORIAL HOSPITAL,ATTLEBORO,MA,Physical Therapist,Rehabilitation,Travel Contract,Evening,14,5,9,High,Partially Filled,2026-05-17,2026-06-07,2026-12-06,26,109.4
REQ000356,224007,MCLEAN HOSPITAL CORPORATION,BELMONT,MA,Respiratory Therapist,Respiratory Care,Local Contract,Evening,1,0,1,High,Open,2025-10-16,2025-11-27,2026-03-19,16,145.86
REQ000357,220030,BAYSTATE WING HOSPITAL,PALMER,MA,Radiologic Technologist,Radiology,Local Contract,Evening,5,0,5,Medium,Open,2026-01-12,2026-02-03,2026-04-28,12,98.45
REQ000358,22009F,NORTHAMPTON VA MEDICAL CENTER,LEEDS,MA,Radiologic Technologist,Radiology,Permanent Placement,Morning,14,7,7,Medium,Partially Filled,2026-05-21,2026-06-25,2026-07-23,4,116.82
REQ000359,224032,WORCESTER RECOVERY CENTER AND HOSPITAL,WORCESTER,MA,Registered Nurse,General Nursing,Travel Contract,Morning,1,0,1,High,Open,2025-09-22,2025-10-24,2026-01-23,13,124.36
REQ000360,224032,WORCESTER RECOVERY CENTER AND HOSPITAL,WORCESTER,MA,Radiologic Technologist,Radiology,Permanent Placement,Morning,14,3,11,High,Partially Filled,2026-01-22,2026-02-21,2026-03-21,4,125.38
REQ000361,220126,NORWOOD HOSPITAL,NORWOOD,MA,Allied Health Professional,Allied Health,Local Contract,Day,13,10,3,Medium,Partially Filled,2026-03-20,2026-04-03,2026-05-01,4,148.09
REQ000362,220024,HOLYOKE MEDICAL CENTER,HOLYOKE,MA,Laboratory Technician,Laboratory,Local Contract,Evening,2,0,2,Medium,Open,2026-04-25,2026-05-25,2026-11-23,26,118.18
REQ000363,220177,NANTUCKET COTTAGE HOSPITAL,NANTUCKET,MA,ICU Nurse,Intensive Care Unit,Local Contract,Evening,2,1,1,High,Partially Filled,2025-12-09,2025-12-28,2026-02-22,8,118.34
REQ000364,220071,MASSACHUSETTS GENERAL HOSPITAL,BOSTON,MA,ICU Nurse,Intensive Care Unit,Travel Contract,Evening,14,10,4,Medium,Partially Filled,2026-03-01,2026-03-10,2026-09-08,26,146.25
REQ000365,224041,SOUTHCOAST BEHAVIORAL HEALTH,DARTMOUTH,MA,Emergency Room Nurse,Emergency Department,Permanent Placement,Evening,12,0,12,Critical,Open,2026-04-13,2026-04-20,2026-08-10,16,154.68
REQ000366,220073,BROWN UNIVERSITY HEALTH MORTON HOSPITAL,TAUNTON,MA,Physical Therapist,Rehabilitation,Permanent Placement,Evening,7,5,2,Critical,Partially Filled,2025-10-28,2025-11-12,2025-12-10,4,156.11
REQ000367,221302,FAIRVIEW HOSPITAL,GREAT BARRINGTON,MA,Physician,Medical Services,Local Contract,Evening,8,2,6,High,Partially Filled,2026-02-20,2026-03-20,2026-06-12,12,302.05
REQ000368,220074,SOUTHCOAST HOSPITALS GROUP,FALL RIVER,MA,Physician,Medical Services,Local Contract,Night,12,11,1,Medium,Partially Filled,2026-07-26,2026-09-06,2026-11-29,12,290.01
REQ000369,224007,MCLEAN HOSPITAL CORPORATION,BELMONT,MA,Emergency Room Nurse,Emergency Department,Travel Contract,Morning,9,5,4,High,Partially Filled,2026-07-30,2026-08-17,2026-12-07,16,140.8
REQ000370,220098,NASHOBA VALLEY MEDICAL CENTER,AYER,MA,Laboratory Technician,Laboratory,Travel Contract,Evening,9,1,8,Medium,Partially Filled,2025-12-25,2026-01-28,2026-02-25,4,114.92
REQ000371,220012,CAPE COD HOSPITAL,HYANNIS,MA,Physician,Medical Services,Travel Contract,Morning,5,1,4,Medium,Partially Filled,2025-10-22,2025-11-16,2026-05-17,26,277.88
REQ000372,220070,MELROSEWAKEFIELD HEALTHCARE,MELROSE,MA,Radiologic Technologist,Radiology,Permanent Placement,Night,12,10,2,Medium,Partially Filled,2025-09-22,2025-11-03,2025-12-29,8,137.78
REQ000373,220080,HOLY FAMILY HOSPITAL,METHUEN,MA,Registered Nurse,General Nursing,Per Diem,Day,13,10,3,Low,Partially Filled,2026-02-12,2026-03-15,2026-06-14,13,102.59
REQ000374,224044,WESTBOROUGH BEHAVIORAL HEALTHCARE HOSPITAL LLC,WESTBOROUGH,MA,Radiologic Technologist,Radiology,Local Contract,Night,9,9,0,Medium,Filled,2025-11-24,2025-12-24,2026-04-15,16,94.42
REQ000375,220030,BAYSTATE WING HOSPITAL,PALMER,MA,Emergency Room Nurse,Emergency Department,Permanent Placement,Morning,7,0,7,High,Open,2025-10-28,2025-12-06,2026-01-03,4,109.1
REQ000376,220049,UMASS MEMORIAL HEALTHCARE-MARLBOROUGH HOSPITAL,MARLBOROUGH,MA,Physician,Medical Services,Travel Contract,Night,12,2,10,Critical,Partially Filled,2025-08-03,2025-08-31,2025-11-30,13,281.78
REQ000377,224023,WESTWOOD PEMBROKE HEALTH SYSTEMS,WESTWOOD,MA,Physical Therapist,Rehabilitation,Per Diem,Day,13,9,4,High,Partially Filled,2026-07-05,2026-07-31,2026-10-30,13,114.25
REQ000378,224028,DR JOHN C CORRIGAN MENTAL HEALTH CENTER,FALL RIVER,MA,Emergency Room Nurse,Emergency Department,Permanent Placement,Day,3,3,0,Medium,Filled,2026-04-24,2026-05-05,2026-08-25,16,161.84
REQ000379,220075,MASSACHUSETTS EYE AND EAR INFIRMARY -,BOSTON,MA,Allied Health Professional,Allied Health,Permanent Placement,Day,13,9,4,Medium,Partially Filled,2026-02-01,2026-02-26,2026-04-23,8,114.22
REQ000380,220084,EMERSON HOSPITAL -,W CONCORD,MA,Physical Therapist,Rehabilitation,Permanent Placement,Day,11,5,6,Medium,Partially Filled,2026-06-15,2026-07-07,2026-08-04,4,129.82
REQ000381,220080,HOLY FAMILY HOSPITAL,METHUEN,MA,Registered Nurse,General Nursing,Permanent Placement,Evening,13,8,5,Low,Partially Filled,2026-04-22,2026-05-22,2026-09-11,16,147.88
REQ000382,224031,CAPE COD & ISLANDS COMMUNITY MENTAL HEALTH CENTER,POCASSET,MA,Allied Health Professional,Allied Health,Travel Contract,Night,3,0,3,High,Open,2026-04-21,2026-05-03,2026-05-31,4,144.15
REQ000383,220088,NEW ENGLAND BAPTIST HOSPITAL,BOSTON,MA,ICU Nurse,Intensive Care Unit,Travel Contract,Night,15,13,2,Low,Partially Filled,2025-11-14,2025-12-25,2026-06-25,26,155.18
REQ000384,224021,ARBOUR-FULLER HOSPITAL,SOUTH ATTLEBORO,MA,ICU Nurse,Intensive Care Unit,Travel Contract,Night,13,4,9,Critical,Partially Filled,2025-09-07,2025-09-17,2025-11-12,8,133.53
REQ000385,220035,NORTH SHORE MEDICAL CENTER -,SALEM,MA,Respiratory Therapist,Respiratory Care,Travel Contract,Day,7,1,6,High,Partially Filled,2026-03-10,2026-04-06,2026-05-04,4,125.99
REQ000386,220030,BAYSTATE WING HOSPITAL,PALMER,MA,Allied Health Professional,Allied Health,Per Diem,Day,13,10,3,Medium,Partially Filled,2026-04-15,2026-04-28,2026-07-21,12,154.87
REQ000387,220175,METROWEST MEDICAL CENTER,FRAMINGHAM,MA,Respiratory Therapist,Respiratory Care,Local Contract,Evening,3,1,2,High,Partially Filled,2026-07-05,2026-07-13,2026-10-12,13,144.46
REQ000388,220024,HOLYOKE MEDICAL CENTER,HOLYOKE,MA,Emergency Room Nurse,Emergency Department,Local Contract,Day,9,8,1,Low,Partially Filled,2025-12-31,2026-01-30,2026-02-27,4,140.09
REQ000389,224046,MIRAVISTA BEHAVIORAL HEALTH CENTER,HOLYOKE,MA,Laboratory Technician,Laboratory,Local Contract,Evening,4,2,2,Critical,Partially Filled,2026-05-08,2026-05-20,2026-08-12,12,127.6
REQ000390,220036,BOSTON MEDICAL CENTER-BRIGHTON,BRIGHTON,MA,Emergency Room Nurse,Emergency Department,Local Contract,Day,14,4,10,Medium,Partially Filled,2025-11-03,2025-11-24,2026-03-16,16,155.98
REQ000391,220016,BAYSTATE FRANKLIN MEDICAL CENTER,GREENFIELD,MA,Laboratory Technician,Laboratory,Travel Contract,Morning,5,5,0,Low,Filled,2026-03-25,2026-05-06,2026-06-03,4,118.79
REQ000392,220052,SIGNATURE HEALTHCARE BROCKTON HOSPITAL,BROCKTON,MA,Allied Health Professional,Allied Health,Travel Contract,Morning,11,3,8,High,Partially Filled,2026-01-30,2026-02-14,2026-08-15,26,153.01
REQ000393,220063,LOWELL GENERAL HOSPITAL,LOWELL,MA,Radiologic Technologist,Radiology,Local Contract,Morning,11,4,7,High,Partially Filled,2026-03-19,2026-04-16,2026-08-06,16,149.11
REQ000394,220110,BRIGHAM AND WOMEN'S HOSPITAL,BOSTON,MA,Registered Nurse,General Nursing,Permanent Placement,Morning,12,11,1,High,Partially Filled,2026-01-08,2026-01-30,2026-03-27,8,94.4
REQ000395,220075,MASSACHUSETTS EYE AND EAR INFIRMARY -,BOSTON,MA,Radiologic Technologist,Radiology,Permanent Placement,Day,13,4,9,Medium,Partially Filled,2026-03-25,2026-04-29,2026-07-22,12,124.46
REQ000396,220095,HEYWOOD HOSPITAL -,GARDNER,MA,Emergency Room Nurse,Emergency Department,Travel Contract,Day,12,10,2,High,Partially Filled,2026-05-03,2026-05-22,2026-08-14,12,159.47
REQ000397,224023,WESTWOOD PEMBROKE HEALTH SYSTEMS,WESTWOOD,MA,Registered Nurse,General Nursing,Local Contract,Day,13,9,4,High,Partially Filled,2026-05-25,2026-07-08,2026-10-07,13,123.04
REQ000398,224001,TAUNTON STATE HOSPITAL,TAUNTON,MA,Radiologic Technologist,Radiology,Per Diem,Night,7,3,4,Medium,Partially Filled,2026-07-01,2026-07-17,2026-10-09,12,117.73
REQ000399,224046,MIRAVISTA BEHAVIORAL HEALTH CENTER,HOLYOKE,MA,Allied Health Professional,Allied Health,Local Contract,Night,4,4,0,Medium,Filled,2026-04-15,2026-04-22,2026-10-21,26,102.54
REQ000400,220019,UMASS MEMORIAL HEALTH - HARRINGTON HOSPITAL,SOUTHBRIDGE,MA,Emergency Room Nurse,Emergency Department,Local Contract,Day,4,3,1,Medium,Partially Filled,2026-04-05,2026-05-04,2026-06-01,4,116.38
REQ000401,220017,CARNEY HOSPITAL,BOSTON,MA,Laboratory Technician,Laboratory,Travel Contract,Day,15,14,1,Critical,Partially Filled,2026-02-01,2026-03-04,2026-06-03,13,90.68
REQ000402,220176,ST VINCENT HOSPITAL,WORCESTER,MA,Physician,Medical Services,Permanent Placement,Evening,10,2,8,Medium,Partially Filled,2025-12-13,2026-01-26,2026-05-18,16,285.73
REQ000403,220030,BAYSTATE WING HOSPITAL,PALMER,MA,Laboratory Technician,Laboratory,Per Diem,Morning,9,6,3,Medium,Partially Filled,2025-12-07,2026-01-07,2026-03-04,8,101.75
REQ000404,224047,VALLEY SPRINGS BEHAVIORAL HEALTH HOSPITAL,HOLYOKE,MA,Registered Nurse,General Nursing,Travel Contract,Morning,3,1,2,Medium,Partially Filled,2026-04-14,2026-04-29,2026-07-29,13,98.08
REQ000405,220066,MERCY MEDICAL CTR,SPRINGFIELD,MA,Physical Therapist,Rehabilitation,Travel Contract,Evening,13,5,8,High,Partially Filled,2025-09-30,2025-10-21,2026-01-20,13,125.53
REQ000406,220163,UMASS MEMORIAL MEDICAL CENTER/UNIVERSITY CAMPUS,WORCESTER,MA,Emergency Room Nurse,Emergency Department,Local Contract,Night,4,0,4,Medium,Open,2026-06-28,2026-07-31,2026-08-28,4,135.88
REQ000407,220001,UMASS MEMORIAL HEALTHALLIANCE HOSPITALS,LEOMINSTER,MA,Emergency Room Nurse,Emergency Department,Permanent Placement,Day,15,5,10,High,Partially Filled,2025-08-29,2025-09-15,2025-12-08,12,150.96
REQ000408,220080,HOLY FAMILY HOSPITAL,METHUEN,MA,ICU Nurse,Intensive Care Unit,Local Contract,Night,8,7,1,High,Partially Filled,2025-11-19,2025-12-24,2026-04-15,16,147.06
REQ000409,220049,UMASS MEMORIAL HEALTHCARE-MARLBOROUGH HOSPITAL,MARLBOROUGH,MA,Emergency Room Nurse,Emergency Department,Permanent Placement,Day,3,2,1,Medium,Partially Filled,2026-06-16,2026-07-25,2026-10-17,12,126.98
REQ000410,220083,BETH ISRAEL DEACONESS HOSPITAL - NEEDHAM,NEEDHAM,MA,Registered Nurse,General Nursing,Local Contract,Day,11,6,5,Medium,Partially Filled,2025-11-12,2025-12-22,2026-04-13,16,148.11
REQ000411,22010F,VA BOSTON HEALTHCARE SYSTEM - JAMAICA PLAIN,JAMAICA PLAIN,MA,Registered Nurse,General Nursing,Local Contract,Day,2,1,1,High,Partially Filled,2026-04-30,2026-06-08,2026-07-06,4,139.24
REQ000412,224032,WORCESTER RECOVERY CENTER AND HOSPITAL,WORCESTER,MA,Respiratory Therapist,Respiratory Care,Permanent Placement,Night,14,0,14,Critical,Open,2026-04-25,2026-05-28,2026-08-20,12,118.75
REQ000413,220175,METROWEST MEDICAL CENTER,FRAMINGHAM,MA,Allied Health Professional,Allied Health,Per Diem,Evening,7,2,5,High,Partially Filled,2026-05-29,2026-07-11,2026-08-08,4,153.71
REQ000414,22001F,BEDFORD VA MEDICAL CENTER,BEDFORD,MA,Physician,Medical Services,Travel Contract,Day,5,1,4,High,Partially Filled,2026-06-03,2026-07-14,2026-10-13,13,248.25
REQ000415,220062,ADCARE HOSPITAL OF WORCESTER INC,WORCESTER,MA,Respiratory Therapist,Respiratory Care,Permanent Placement,Morning,13,5,8,Medium,Partially Filled,2026-07-02,2026-07-22,2027-01-20,26,114.83
REQ000416,220049,UMASS MEMORIAL HEALTHCARE-MARLBOROUGH HOSPITAL,MARLBOROUGH,MA,Physician,Medical Services,Per Diem,Evening,10,5,5,High,Partially Filled,2025-12-12,2026-01-22,2026-04-23,13,268.93
REQ000417,220116,TUFTS MEDICAL CENTER,BOSTON,MA,Radiologic Technologist,Radiology,Per Diem,Morning,9,7,2,High,Partially Filled,2025-10-31,2025-11-30,2026-03-22,16,136.19
REQ000418,224046,MIRAVISTA BEHAVIORAL HEALTH CENTER,HOLYOKE,MA,Emergency Room Nurse,Emergency Department,Local Contract,Day,4,3,1,Medium,Partially Filled,2026-07-04,2026-07-18,2027-01-16,26,128.04
REQ000419,220071,MASSACHUSETTS GENERAL HOSPITAL,BOSTON,MA,Laboratory Technician,Laboratory,Travel Contract,Night,7,0,7,Medium,Open,2026-06-11,2026-06-21,2026-08-16,8,110.02
REQ000420,220046,BERKSHIRE MEDICAL CENTER,PITTSFIELD,MA,ICU Nurse,Intensive Care Unit,Travel Contract,Evening,2,2,0,Critical,Filled,2025-12-13,2026-01-03,2026-03-28,12,133.05
REQ000421,224032,WORCESTER RECOVERY CENTER AND HOSPITAL,WORCESTER,MA,Laboratory Technician,Laboratory,Local Contract,Evening,13,13,0,Medium,Filled,2025-12-25,2026-02-08,2026-03-08,4,82.12
REQ000422,220176,ST VINCENT HOSPITAL,WORCESTER,MA,Physician,Medical Services,Local Contract,Night,9,8,1,High,Partially Filled,2025-11-08,2025-11-17,2026-03-09,16,265.18
REQ000423,224032,WORCESTER RECOVERY CENTER AND HOSPITAL,WORCESTER,MA,Registered Nurse,General Nursing,Per Diem,Evening,13,6,7,Medium,Partially Filled,2025-10-20,2025-11-01,2026-01-24,12,99.02
REQ000424,220029,ANNA JAQUES HOSPITAL,NEWBURYPORT,MA,ICU Nurse,Intensive Care Unit,Per Diem,Morning,12,8,4,Critical,Partially Filled,2025-09-16,2025-10-28,2026-01-20,12,124.36
REQ000425,224047,VALLEY SPRINGS BEHAVIORAL HEALTH HOSPITAL,HOLYOKE,MA,Travel Nurse,Travel Nursing,Local Contract,Evening,1,1,0,Medium,Filled,2026-03-21,2026-04-22,2026-08-12,16,154.1
REQ000426,224041,SOUTHCOAST BEHAVIORAL HEALTH,DARTMOUTH,MA,Physician,Medical Services,Per Diem,Evening,5,4,1,Critical,Partially Filled,2026-01-22,2026-02-05,2026-05-28,16,279.42
REQ000427,221302,FAIRVIEW HOSPITAL,GREAT BARRINGTON,MA,Allied Health Professional,Allied Health,Permanent Placement,Day,14,0,14,Medium,Open,2026-03-23,2026-04-28,2026-08-18,16,116.79
REQ000428,224028,DR JOHN C CORRIGAN MENTAL HEALTH CENTER,FALL RIVER,MA,Travel Nurse,Travel Nursing,Travel Contract,Morning,9,8,1,Medium,Partially Filled,2026-01-09,2026-02-11,2026-05-06,12,121.51
REQ000429,220071,MASSACHUSETTS GENERAL HOSPITAL,BOSTON,MA,ICU Nurse,Intensive Care Unit,Local Contract,Morning,6,2,4,Medium,Partially Filled,2026-05-11,2026-05-29,2026-08-28,13,157.23
REQ000430,224031,CAPE COD & ISLANDS COMMUNITY MENTAL HEALTH CENTER,POCASSET,MA,Radiologic Technologist,Radiology,Local Contract,Night,4,2,2,Medium,Partially Filled,2025-11-11,2025-12-03,2026-06-03,26,99.48
REQ000431,224044,WESTBOROUGH BEHAVIORAL HEALTHCARE HOSPITAL LLC,WESTBOROUGH,MA,Allied Health Professional,Allied Health,Permanent Placement,Day,15,2,13,High,Partially Filled,2025-10-19,2025-11-01,2025-11-29,4,127.9
REQ000432,221303,ATHOL MEMORIAL HOSPITAL,ATHOL,MA,Radiologic Technologist,Radiology,Permanent Placement,Night,15,8,7,Critical,Partially Filled,2026-02-07,2026-03-06,2026-06-05,13,146.12
REQ000433,220095,HEYWOOD HOSPITAL -,GARDNER,MA,Respiratory Therapist,Respiratory Care,Permanent Placement,Day,1,1,0,Medium,Filled,2025-11-22,2026-01-04,2026-03-01,8,112.56
REQ000434,220073,BROWN UNIVERSITY HEALTH MORTON HOSPITAL,TAUNTON,MA,Radiologic Technologist,Radiology,Travel Contract,Day,6,5,1,High,Partially Filled,2025-10-01,2025-11-10,2026-02-09,13,108.56
REQ000435,220108,BETH ISRAEL DEACONESS HOSPITAL - MILTON,MILTON,MA,Allied Health Professional,Allied Health,Local Contract,Morning,9,4,5,Medium,Partially Filled,2026-02-02,2026-02-25,2026-04-22,8,132.92
REQ000436,220066,MERCY MEDICAL CTR,SPRINGFIELD,MA,Emergency Room Nurse,Emergency Department,Per Diem,Evening,7,5,2,Medium,Partially Filled,2026-04-13,2026-05-17,2026-07-12,8,112.59
REQ000437,223302,BOSTON CHILDREN'S HOSPITAL,BOSTON,MA,Physical Therapist,Rehabilitation,Local Contract,Evening,12,4,8,High,Partially Filled,2026-07-18,2026-08-08,2026-09-05,4,105.72
REQ000438,224022,BOURNEWOOD HOSPITAL,BROOKLINE,MA,Radiologic Technologist,Radiology,Per Diem,Evening,8,2,6,Medium,Partially Filled,2025-08-05,2025-08-23,2025-11-22,13,121.35
REQ000439,220019,UMASS MEMORIAL HEALTH - HARRINGTON HOSPITAL,SOUTHBRIDGE,MA,Registered Nurse,General Nursing,Local Contract,Morning,3,0,3,Medium,Open,2026-02-20,2026-03-05,2026-09-03,26,129.09
REQ000440,220035,NORTH SHORE MEDICAL CENTER -,SALEM,MA,Allied Health Professional,Allied Health,Per Diem,Morning,9,8,1,Low,Partially Filled,2025-12-12,2026-01-11,2026-04-05,12,98.49
REQ000441,224047,VALLEY SPRINGS BEHAVIORAL HEALTH HOSPITAL,HOLYOKE,MA,Travel Nurse,Travel Nursing,Local Contract,Morning,11,8,3,Medium,Partially Filled,2026-05-23,2026-07-05,2027-01-03,26,162.12
REQ000442,220052,SIGNATURE HEALTHCARE BROCKTON HOSPITAL,BROCKTON,MA,Radiologic Technologist,Radiology,Local Contract,Night,5,3,2,High,Partially Filled,2025-09-10,2025-10-11,2026-01-31,16,147.0
REQ000443,220098,NASHOBA VALLEY MEDICAL CENTER,AYER,MA,Physical Therapist,Rehabilitation,Per Diem,Night,2,0,2,Medium,Open,2026-05-20,2026-06-21,2026-07-19,4,137.71
REQ000444,220111,GOOD SAMARITAN MEDICAL CENTER,BROCKTON,MA,Physical Therapist,Rehabilitation,Per Diem,Evening,15,14,1,Medium,Partially Filled,2026-06-27,2026-07-29,2026-10-21,12,104.87
REQ000445,224013,ARBOUR HOSPITAL,BOSTON,MA,Emergency Room Nurse,Emergency Department,Travel Contract,Night,12,11,1,Medium,Partially Filled,2025-11-29,2025-12-22,2026-06-22,26,107.21
REQ000446,220065,BAYSTATE NOBLE HOSPITAL,WESTFIELD,MA,Radiologic Technologist,Radiology,Travel Contract,Day,13,6,7,Medium,Partially Filled,2026-05-08,2026-05-18,2026-06-15,4,92.87
REQ000447,224032,WORCESTER RECOVERY CENTER AND HOSPITAL,WORCESTER,MA,Respiratory Therapist,Respiratory Care,Permanent Placement,Night,12,4,8,Medium,Partially Filled,2026-01-06,2026-01-27,2026-03-24,8,143.7
REQ000448,224018,ARBOUR HUMAN RESOURCE INSTITUTE,BROOKLINE,MA,Registered Nurse,General Nursing,Permanent Placement,Morning,14,7,7,Medium,Partially Filled,2026-07-06,2026-08-04,2026-10-27,12,94.46
REQ000449,224001,TAUNTON STATE HOSPITAL,TAUNTON,MA,Emergency Room Nurse,Emergency Department,Permanent Placement,Morning,11,11,0,Critical,Filled,2026-05-30,2026-07-14,2026-10-13,13,133.72
REQ000450,224040,DR SOLOMON CARTER FULLER MENTAL HEALTH CENTER,BOSTON,MA,ICU Nurse,Intensive Care Unit,Local Contract,Morning,7,4,3,Low,Partially Filled,2026-03-15,2026-04-10,2026-07-03,12,141.63
REQ000451,220031,BOSTON MEDICAL CENTER,BOSTON,MA,Allied Health Professional,Allied Health,Permanent Placement,Morning,1,1,0,Low,Filled,2025-12-25,2026-01-31,2026-05-23,16,120.13
REQ000452,220024,HOLYOKE MEDICAL CENTER,HOLYOKE,MA,Physical Therapist,Rehabilitation,Permanent Placement,Evening,6,1,5,Medium,Partially Filled,2025-11-27,2025-12-04,2026-03-26,16,103.43
REQ000453,220105,WINCHESTER HOSPITAL,WINCHESTER,MA,Respiratory Therapist,Respiratory Care,Local Contract,Morning,2,1,1,Medium,Partially Filled,2026-02-10,2026-03-03,2026-05-26,12,137.0
REQ000454,220111,GOOD SAMARITAN MEDICAL CENTER,BROCKTON,MA,Respiratory Therapist,Respiratory Care,Travel Contract,Evening,3,2,1,High,Partially Filled,2025-11-05,2025-11-16,2026-01-11,8,104.05
REQ000455,224044,WESTBOROUGH BEHAVIORAL HEALTHCARE HOSPITAL LLC,WESTBOROUGH,MA,Radiologic Technologist,Radiology,Travel Contract,Night,3,0,3,Critical,Open,2025-11-05,2025-12-02,2025-12-30,4,101.75
REQ000456,223302,BOSTON CHILDREN'S HOSPITAL,BOSTON,MA,Radiologic Technologist,Radiology,Permanent Placement,Night,3,0,3,Medium,Open,2025-08-05,2025-08-26,2025-09-23,4,103.81
REQ000457,220100,SOUTH SHORE HOSPITAL,SOUTH WEYMOUTH,MA,Allied Health Professional,Allied Health,Travel Contract,Morning,2,0,2,High,Open,2026-03-26,2026-04-04,2026-06-27,12,95.0
REQ000458,220126,NORWOOD HOSPITAL,NORWOOD,MA,Emergency Room Nurse,Emergency Department,Travel Contract,Night,14,0,14,Medium,Open,2025-11-07,2025-11-30,2026-03-01,13,168.25
REQ000459,221302,FAIRVIEW HOSPITAL,GREAT BARRINGTON,MA,Registered Nurse,General Nursing,Local Contract,Evening,13,1,12,Medium,Partially Filled,2025-11-10,2025-12-16,2026-06-16,26,152.28
REQ000460,221300,MARTHA'S VINEYARD HOSPITAL INC,OAK BLUFFS,MA,Emergency Room Nurse,Emergency Department,Per Diem,Evening,15,3,12,High,Partially Filled,2026-06-19,2026-06-28,2026-12-27,26,113.91
REQ000461,220016,BAYSTATE FRANKLIN MEDICAL CENTER,GREENFIELD,MA,Travel Nurse,Travel Nursing,Travel Contract,Night,7,5,2,High,Partially Filled,2025-09-27,2025-10-19,2026-04-19,26,155.93
REQ000462,224046,MIRAVISTA BEHAVIORAL HEALTH CENTER,HOLYOKE,MA,Travel Nurse,Travel Nursing,Permanent Placement,Night,13,11,2,Medium,Partially Filled,2025-08-05,2025-08-14,2025-12-04,16,121.26
REQ000463,220119,BRIGHAM AND WOMEN FAULKNER HOSPITAL,JAMAICA PLAIN,MA,Radiologic Technologist,Radiology,Per Diem,Night,1,0,1,High,Open,2025-09-16,2025-10-14,2026-04-14,26,137.4
REQ000464,223302,BOSTON CHILDREN'S HOSPITAL,BOSTON,MA,Radiologic Technologist,Radiology,Per Diem,Evening,13,10,3,High,Partially Filled,2025-11-28,2025-12-25,2026-04-16,16,83.49
REQ000465,220175,METROWEST MEDICAL CENTER,FRAMINGHAM,MA,Allied Health Professional,Allied Health,Per Diem,Evening,8,7,1,Medium,Partially Filled,2025-10-08,2025-10-31,2025-11-28,4,103.06
REQ000466,224007,MCLEAN HOSPITAL CORPORATION,BELMONT,MA,Allied Health Professional,Allied Health,Travel Contract,Night,15,5,10,Medium,Partially Filled,2026-03-28,2026-04-21,2026-08-11,16,147.36
REQ000467,224001,TAUNTON STATE HOSPITAL,TAUNTON,MA,Allied Health Professional,Allied Health,Local Contract,Day,9,6,3,High,Partially Filled,2026-03-21,2026-03-28,2026-09-26,26,115.49
REQ000468,224044,WESTBOROUGH BEHAVIORAL HEALTHCARE HOSPITAL LLC,WESTBOROUGH,MA,Travel Nurse,Travel Nursing,Local Contract,Evening,9,6,3,High,Partially Filled,2026-01-12,2026-01-23,2026-07-24,26,125.79
REQ000469,220080,HOLY FAMILY HOSPITAL,METHUEN,MA,Allied Health Professional,Allied Health,Travel Contract,Day,2,2,0,High,Filled,2026-02-26,2026-03-25,2026-04-22,4,99.08
REQ000470,224021,ARBOUR-FULLER HOSPITAL,SOUTH ATTLEBORO,MA,Travel Nurse,Travel Nursing,Permanent Placement,Evening,2,0,2,Medium,Open,2025-09-24,2025-11-01,2025-12-27,8,164.09
REQ000471,220135,FALMOUTH HOSPITAL,FALMOUTH,MA,Registered Nurse,General Nursing,Travel Contract,Night,12,1,11,High,Partially Filled,2026-02-04,2026-02-25,2026-06-17,16,149.99
REQ000472,22001F,BEDFORD VA MEDICAL CENTER,BEDFORD,MA,Radiologic Technologist,Radiology,Per Diem,Day,9,6,3,High,Partially Filled,2026-06-24,2026-07-04,2026-09-26,12,100.61
REQ000473,221303,ATHOL MEMORIAL HOSPITAL,ATHOL,MA,ICU Nurse,Intensive Care Unit,Travel Contract,Night,9,1,8,Medium,Partially Filled,2026-01-03,2026-01-14,2026-03-11,8,118.26
REQ000474,220008,STURDY MEMORIAL HOSPITAL,ATTLEBORO,MA,Travel Nurse,Travel Nursing,Permanent Placement,Day,12,8,4,High,Partially Filled,2026-05-19,2026-06-06,2026-09-26,16,155.36
REQ000475,22009F,NORTHAMPTON VA MEDICAL CENTER,LEEDS,MA,Respiratory Therapist,Respiratory Care,Per Diem,Night,9,6,3,Medium,Partially Filled,2025-09-23,2025-10-10,2025-12-05,8,126.99
REQ000476,220070,MELROSEWAKEFIELD HEALTHCARE,MELROSE,MA,Allied Health Professional,Allied Health,Per Diem,Night,7,6,1,High,Partially Filled,2026-05-09,2026-06-05,2026-08-28,12,104.97
REQ000477,223304,THE SHRINERS' HOSPITAL FOR CHILDREN - BOSTON,BOSTON,MA,Physician,Medical Services,Travel Contract,Morning,7,0,7,High,Open,2026-02-01,2026-03-08,2026-06-07,13,276.23
REQ000478,224045,HOSPITAL FOR BEHAVIORAL MEDICINE,WORCESTER,MA,Registered Nurse,General Nursing,Travel Contract,Morning,14,5,9,Critical,Partially Filled,2026-01-01,2026-01-22,2026-03-19,8,120.79
REQ000479,220001,UMASS MEMORIAL HEALTHALLIANCE HOSPITALS,LEOMINSTER,MA,Physical Therapist,Rehabilitation,Local Contract,Night,8,5,3,Medium,Partially Filled,2025-10-19,2025-11-01,2025-11-29,4,154.27
REQ000480,221302,FAIRVIEW HOSPITAL,GREAT BARRINGTON,MA,Travel Nurse,Travel Nursing,Local Contract,Day,10,6,4,High,Partially Filled,2025-12-10,2026-01-05,2026-02-02,4,170.5
REQ000481,220073,BROWN UNIVERSITY HEALTH MORTON HOSPITAL,TAUNTON,MA,Radiologic Technologist,Radiology,Per Diem,Day,10,10,0,High,Filled,2026-07-20,2026-09-01,2026-09-29,4,122.34
REQ000482,22001F,BEDFORD VA MEDICAL CENTER,BEDFORD,MA,Registered Nurse,General Nursing,Local Contract,Day,7,1,6,High,Partially Filled,2026-01-19,2026-02-17,2026-05-19,13,129.25
REQ000483,220016,BAYSTATE FRANKLIN MEDICAL CENTER,GREENFIELD,MA,Physician,Medical Services,Local Contract,Morning,9,9,0,Medium,Filled,2026-04-26,2026-05-05,2026-07-28,12,255.46
REQ000484,220016,BAYSTATE FRANKLIN MEDICAL CENTER,GREENFIELD,MA,Respiratory Therapist,Respiratory Care,Local Contract,Evening,9,1,8,Medium,Partially Filled,2026-03-17,2026-05-01,2026-08-21,16,112.6
REQ000485,223302,BOSTON CHILDREN'S HOSPITAL,BOSTON,MA,Allied Health Professional,Allied Health,Permanent Placement,Morning,12,0,12,Low,Open,2025-09-12,2025-10-19,2026-02-08,16,125.13
REQ000486,223302,BOSTON CHILDREN'S HOSPITAL,BOSTON,MA,Emergency Room Nurse,Emergency Department,Local Contract,Night,8,6,2,Medium,Partially Filled,2026-04-04,2026-05-16,2026-07-11,8,118.64
REQ000487,220101,NEWTON-WELLESLEY HOSPITAL,NEWTON,MA,Allied Health Professional,Allied Health,Permanent Placement,Evening,2,2,0,Medium,Filled,2026-07-17,2026-08-29,2026-09-26,4,103.33
REQ000488,224007,MCLEAN HOSPITAL CORPORATION,BELMONT,MA,Physical Therapist,Rehabilitation,Permanent Placement,Night,3,2,1,Medium,Partially Filled,2026-07-02,2026-07-10,2026-10-02,12,156.69
REQ000489,224040,DR SOLOMON CARTER FULLER MENTAL HEALTH CENTER,BOSTON,MA,Travel Nurse,Travel Nursing,Travel Contract,Day,13,11,2,High,Partially Filled,2026-07-17,2026-08-16,2026-10-11,8,132.01
REQ000490,224044,WESTBOROUGH BEHAVIORAL HEALTHCARE HOSPITAL LLC,WESTBOROUGH,MA,Emergency Room Nurse,Emergency Department,Travel Contract,Morning,12,12,0,Medium,Filled,2025-12-26,2026-01-02,2026-03-27,12,101.59
REQ000491,220017,CARNEY HOSPITAL,BOSTON,MA,Laboratory Technician,Laboratory,Permanent Placement,Night,9,4,5,High,Partially Filled,2025-11-17,2025-12-07,2026-03-29,16,114.78
REQ000492,220175,METROWEST MEDICAL CENTER,FRAMINGHAM,MA,Physical Therapist,Rehabilitation,Travel Contract,Morning,5,1,4,Medium,Partially Filled,2026-07-06,2026-08-15,2026-09-12,4,140.76
REQ000493,220111,GOOD SAMARITAN MEDICAL CENTER,BROCKTON,MA,Registered Nurse,General Nursing,Per Diem,Day,7,4,3,Low,Partially Filled,2026-03-27,2026-04-03,2026-05-01,4,145.72
REQ000494,224032,WORCESTER RECOVERY CENTER AND HOSPITAL,WORCESTER,MA,Respiratory Therapist,Respiratory Care,Per Diem,Evening,12,1,11,High,Partially Filled,2025-11-27,2025-12-28,2026-04-19,16,122.21
REQ000495,220011,CAMBRIDGE HEALTH ALLIANCE,CAMBRIDGE,MA,Travel Nurse,Travel Nursing,Travel Contract,Night,15,0,15,Critical,Open,2026-04-14,2026-05-20,2026-09-09,16,136.34
REQ000496,220052,SIGNATURE HEALTHCARE BROCKTON HOSPITAL,BROCKTON,MA,Respiratory Therapist,Respiratory Care,Per Diem,Morning,11,5,6,Medium,Partially Filled,2025-10-20,2025-10-28,2026-01-20,12,153.48
REQ000497,224041,SOUTHCOAST BEHAVIORAL HEALTH,DARTMOUTH,MA,Physician,Medical Services,Per Diem,Night,15,0,15,Medium,Open,2025-09-01,2025-09-24,2025-12-24,13,302.8
REQ000498,220031,BOSTON MEDICAL CENTER,BOSTON,MA,ICU Nurse,Intensive Care Unit,Local Contract,Evening,10,10,0,Medium,Filled,2026-02-12,2026-03-24,2026-09-22,26,115.69
REQ000499,220171,"LAHEY HOSPITAL & MEDICAL CENTER, BURLINGTON",BURLINGTON,MA,Physical Therapist,Rehabilitation,Local Contract,Night,3,1,2,High,Partially Filled,2026-01-16,2026-02-20,2026-06-12,16,113.63
REQ000500,220008,STURDY MEMORIAL HOSPITAL,ATTLEBORO,MA,Emergency Room Nurse,Emergency Department,Per Diem,Day,15,5,10,High,Partially Filled,2026-03-09,2026-03-25,2026-09-23,26,166.4
REQ000501,220086,BETH ISRAEL DEACONESS MEDICAL CENTER,BOSTON,MA,Emergency Room Nurse,Emergency Department,Permanent Placement,Evening,1,1,0,Medium,Filled,2026-01-10,2026-01-26,2026-07-27,26,152.19
REQ000502,224039,WHITTIER PAVILION,HAVERHILL,MA,Physician,Medical Services,Travel Contract,Morning,3,1,2,High,Partially Filled,2025-10-17,2025-11-05,2025-12-03,4,282.87
REQ000503,22010F,VA BOSTON HEALTHCARE SYSTEM - JAMAICA PLAIN,JAMAICA PLAIN,MA,Travel Nurse,Travel Nursing,Permanent Placement,Night,2,2,0,Medium,Filled,2025-11-27,2025-12-05,2026-02-27,12,157.33
REQ000504,224032,WORCESTER RECOVERY CENTER AND HOSPITAL,WORCESTER,MA,Allied Health Professional,Allied Health,Local Contract,Night,8,2,6,Medium,Partially Filled,2025-11-03,2025-12-04,2026-03-05,13,118.6
REQ000505,220029,ANNA JAQUES HOSPITAL,NEWBURYPORT,MA,Physician,Medical Services,Local Contract,Day,11,3,8,Medium,Partially Filled,2026-02-28,2026-03-21,2026-09-19,26,306.83
REQ000506,221304,NORTH ADAMS REGIONAL HOSPITAL CORPORATION,NORTH ADAMS,MA,Physical Therapist,Rehabilitation,Permanent Placement,Evening,15,7,8,High,Partially Filled,2026-04-08,2026-05-05,2026-08-04,13,134.56
REQ000507,220175,METROWEST MEDICAL CENTER,FRAMINGHAM,MA,Allied Health Professional,Allied Health,Travel Contract,Day,9,8,1,Medium,Partially Filled,2026-02-18,2026-04-02,2026-07-23,16,147.89
REQ000508,221303,ATHOL MEMORIAL HOSPITAL,ATHOL,MA,Travel Nurse,Travel Nursing,Permanent Placement,Day,12,0,12,Medium,Open,2026-04-23,2026-06-03,2026-09-02,13,145.77
REQ000509,224045,HOSPITAL FOR BEHAVIORAL MEDICINE,WORCESTER,MA,Physician,Medical Services,Travel Contract,Night,5,4,1,Medium,Partially Filled,2026-03-25,2026-04-11,2026-07-11,13,285.23
REQ000510,220046,BERKSHIRE MEDICAL CENTER,PITTSFIELD,MA,Laboratory Technician,Laboratory,Permanent Placement,Evening,15,4,11,Medium,Partially Filled,2025-09-27,2025-10-15,2026-02-04,16,69.74
REQ000511,22009F,NORTHAMPTON VA MEDICAL CENTER,LEEDS,MA,Physical Therapist,Rehabilitation,Per Diem,Night,2,1,1,High,Partially Filled,2026-07-31,2026-08-19,2026-11-18,13,100.65
REQ000512,220060,BETH ISRAEL DEACONESS HOSPITAL PLYMOUTH,PLYMOUTH,MA,Radiologic Technologist,Radiology,Local Contract,Evening,9,6,3,High,Partially Filled,2026-06-21,2026-07-21,2026-08-18,4,85.07
REQ000513,220110,BRIGHAM AND WOMEN'S HOSPITAL,BOSTON,MA,Allied Health Professional,Allied Health,Local Contract,Day,14,2,12,Medium,Partially Filled,2026-05-17,2026-06-02,2026-07-28,8,111.67
REQ000514,220035,NORTH SHORE MEDICAL CENTER -,SALEM,MA,Physician,Medical Services,Local Contract,Day,15,4,11,High,Partially Filled,2026-06-17,2026-07-05,2026-08-02,4,257.72
REQ000515,22009F,NORTHAMPTON VA MEDICAL CENTER,LEEDS,MA,Radiologic Technologist,Radiology,Local Contract,Night,10,7,3,High,Partially Filled,2026-04-13,2026-05-24,2026-06-21,4,115.3
REQ000516,220177,NANTUCKET COTTAGE HOSPITAL,NANTUCKET,MA,Radiologic Technologist,Radiology,Per Diem,Night,1,0,1,Low,Open,2025-09-10,2025-10-25,2026-02-14,16,92.38
REQ000517,224032,WORCESTER RECOVERY CENTER AND HOSPITAL,WORCESTER,MA,Allied Health Professional,Allied Health,Per Diem,Morning,11,9,2,Critical,Partially Filled,2025-08-19,2025-09-04,2025-10-02,4,93.43
REQ000518,220098,NASHOBA VALLEY MEDICAL CENTER,AYER,MA,Emergency Room Nurse,Emergency Department,Local Contract,Evening,11,11,0,High,Filled,2025-10-22,2025-11-16,2026-03-08,16,125.21
REQ000519,224021,ARBOUR-FULLER HOSPITAL,SOUTH ATTLEBORO,MA,ICU Nurse,Intensive Care Unit,Travel Contract,Evening,15,12,3,High,Partially Filled,2026-01-01,2026-01-28,2026-04-22,12,109.54
REQ000520,220126,NORWOOD HOSPITAL,NORWOOD,MA,Emergency Room Nurse,Emergency Department,Local Contract,Night,9,6,3,High,Partially Filled,2025-10-02,2025-10-26,2026-01-18,12,107.65
REQ000521,224023,WESTWOOD PEMBROKE HEALTH SYSTEMS,WESTWOOD,MA,Laboratory Technician,Laboratory,Per Diem,Evening,12,9,3,High,Partially Filled,2025-09-14,2025-10-21,2026-04-21,26,90.15
REQ000522,220008,STURDY MEMORIAL HOSPITAL,ATTLEBORO,MA,Physical Therapist,Rehabilitation,Permanent Placement,Evening,10,9,1,Medium,Partially Filled,2026-06-16,2026-07-15,2026-09-09,8,104.59
REQ000523,224038,"WALDEN BEHAVIORAL CARE, LLC",DEDHAM,MA,Travel Nurse,Travel Nursing,Travel Contract,Evening,1,0,1,High,Open,2026-07-29,2026-08-23,2026-10-18,8,123.25
REQ000524,220017,CARNEY HOSPITAL,BOSTON,MA,Physical Therapist,Rehabilitation,Local Contract,Day,6,2,4,High,Partially Filled,2026-03-01,2026-04-03,2026-05-01,4,140.3
REQ000525,220135,FALMOUTH HOSPITAL,FALMOUTH,MA,ICU Nurse,Intensive Care Unit,Travel Contract,Day,9,5,4,High,Partially Filled,2026-01-05,2026-01-31,2026-05-23,16,128.9
REQ000526,220019,UMASS MEMORIAL HEALTH - HARRINGTON HOSPITAL,SOUTHBRIDGE,MA,Physical Therapist,Rehabilitation,Per Diem,Evening,6,6,0,Critical,Filled,2025-08-15,2025-09-02,2025-10-28,8,147.81
REQ000527,220105,WINCHESTER HOSPITAL,WINCHESTER,MA,Emergency Room Nurse,Emergency Department,Per Diem,Evening,8,8,0,High,Filled,2026-04-04,2026-04-20,2026-10-19,26,128.98
REQ000528,220077,BAYSTATE MEDICAL CENTER,SPRINGFIELD,MA,Laboratory Technician,Laboratory,Travel Contract,Night,11,5,6,High,Partially Filled,2026-01-01,2026-02-13,2026-08-14,26,91.22
REQ000529,220070,MELROSEWAKEFIELD HEALTHCARE,MELROSE,MA,ICU Nurse,Intensive Care Unit,Local Contract,Evening,6,3,3,Medium,Partially Filled,2025-10-16,2025-11-09,2025-12-07,4,113.18
REQ000530,220171,"LAHEY HOSPITAL & MEDICAL CENTER, BURLINGTON",BURLINGTON,MA,Allied Health Professional,Allied Health,Permanent Placement,Night,7,1,6,Medium,Partially Filled,2026-07-30,2026-08-08,2026-10-31,12,148.06
REQ000531,224045,HOSPITAL FOR BEHAVIORAL MEDICINE,WORCESTER,MA,Travel Nurse,Travel Nursing,Travel Contract,Night,2,1,1,Critical,Partially Filled,2026-04-26,2026-05-22,2026-07-17,8,146.06
REQ000532,224018,ARBOUR HUMAN RESOURCE INSTITUTE,BROOKLINE,MA,Radiologic Technologist,Radiology,Per Diem,Morning,6,3,3,Medium,Partially Filled,2026-04-14,2026-04-30,2026-06-25,8,143.03
REQ000533,220176,ST VINCENT HOSPITAL,WORCESTER,MA,Emergency Room Nurse,Emergency Department,Travel Contract,Morning,7,1,6,Critical,Partially Filled,2025-11-14,2025-11-23,2026-02-22,13,148.09
REQ000534,22010F,VA BOSTON HEALTHCARE SYSTEM - JAMAICA PLAIN,JAMAICA PLAIN,MA,ICU Nurse,Intensive Care Unit,Per Diem,Day,2,2,0,High,Filled,2026-01-18,2026-02-23,2026-03-23,4,126.85
REQ000535,220017,CARNEY HOSPITAL,BOSTON,MA,Allied Health Professional,Allied Health,Per Diem,Evening,5,4,1,High,Partially Filled,2025-11-11,2025-11-30,2026-02-22,12,109.09
REQ000536,220119,BRIGHAM AND WOMEN FAULKNER HOSPITAL,JAMAICA PLAIN,MA,Physician,Medical Services,Travel Contract,Night,9,8,1,Medium,Partially Filled,2025-09-28,2025-10-05,2026-01-25,16,278.46
REQ000537,220111,GOOD SAMARITAN MEDICAL CENTER,BROCKTON,MA,Emergency Room Nurse,Emergency Department,Travel Contract,Morning,4,1,3,High,Partially Filled,2026-07-27,2026-08-21,2026-12-11,16,123.71
REQ000538,221304,NORTH ADAMS REGIONAL HOSPITAL CORPORATION,NORTH ADAMS,MA,Registered Nurse,General Nursing,Travel Contract,Evening,15,1,14,Low,Partially Filled,2025-10-06,2025-10-14,2026-01-13,13,114.85
REQ000539,220073,BROWN UNIVERSITY HEALTH MORTON HOSPITAL,TAUNTON,MA,Physical Therapist,Rehabilitation,Per Diem,Night,6,2,4,High,Partially Filled,2026-05-31,2026-07-05,2026-10-25,16,138.96
REQ000540,224043,TARAVISTA BEHAVIORAL HEALTH CENTER,DEVENS,MA,ICU Nurse,Intensive Care Unit,Permanent Placement,Day,2,2,0,Medium,Filled,2026-03-27,2026-05-09,2026-07-04,8,152.91
REQ000541,220033,NORTHEAST HOSPITAL CORPORATION,BEVERLY,MA,Radiologic Technologist,Radiology,Per Diem,Morning,14,14,0,Medium,Filled,2025-11-27,2025-12-18,2026-02-12,8,130.97
REQ000542,220075,MASSACHUSETTS EYE AND EAR INFIRMARY -,BOSTON,MA,Allied Health Professional,Allied Health,Travel Contract,Morning,2,1,1,Medium,Partially Filled,2026-03-21,2026-04-28,2026-05-26,4,149.2
REQ000543,220080,HOLY FAMILY HOSPITAL,METHUEN,MA,Allied Health Professional,Allied Health,Permanent Placement,Day,9,1,8,Medium,Partially Filled,2026-06-06,2026-07-19,2026-09-13,8,135.46
REQ000544,224045,HOSPITAL FOR BEHAVIORAL MEDICINE,WORCESTER,MA,Laboratory Technician,Laboratory,Local Contract,Night,7,3,4,Critical,Partially Filled,2026-03-25,2026-04-26,2026-08-16,16,94.87
REQ000545,220071,MASSACHUSETTS GENERAL HOSPITAL,BOSTON,MA,Travel Nurse,Travel Nursing,Per Diem,Night,13,6,7,Medium,Partially Filled,2026-07-22,2026-09-04,2026-12-04,13,161.87
REQ000546,220001,UMASS MEMORIAL HEALTHALLIANCE HOSPITALS,LEOMINSTER,MA,Radiologic Technologist,Radiology,Travel Contract,Evening,8,5,3,Medium,Partially Filled,2025-09-28,2025-11-11,2026-03-03,16,148.91
REQ000547,220065,BAYSTATE NOBLE HOSPITAL,WESTFIELD,MA,Physical Therapist,Rehabilitation,Travel Contract,Day,6,3,3,Medium,Partially Filled,2025-09-25,2025-11-09,2026-02-08,13,101.72
REQ000548,220049,UMASS MEMORIAL HEALTHCARE-MARLBOROUGH HOSPITAL,MARLBOROUGH,MA,Registered Nurse,General Nursing,Permanent Placement,Evening,9,4,5,Medium,Partially Filled,2025-10-15,2025-10-31,2026-01-30,13,132.71
REQ000549,220063,LOWELL GENERAL HOSPITAL,LOWELL,MA,Physician,Medical Services,Travel Contract,Day,12,5,7,High,Partially Filled,2026-05-19,2026-06-14,2026-09-13,13,275.73
REQ000550,223302,BOSTON CHILDREN'S HOSPITAL,BOSTON,MA,Physician,Medical Services,Per Diem,Day,1,0,1,High,Open,2025-09-01,2025-10-01,2026-01-21,16,300.6
REQ000551,220084,EMERSON HOSPITAL -,W CONCORD,MA,Respiratory Therapist,Respiratory Care,Permanent Placement,Evening,11,5,6,Medium,Partially Filled,2026-07-26,2026-09-08,2026-12-08,13,123.16
REQ000552,220073,BROWN UNIVERSITY HEALTH MORTON HOSPITAL,TAUNTON,MA,Radiologic Technologist,Radiology,Permanent Placement,Night,7,5,2,Medium,Partially Filled,2025-10-11,2025-10-30,2026-02-19,16,143.09
REQ000553,223302,BOSTON CHILDREN'S HOSPITAL,BOSTON,MA,Emergency Room Nurse,Emergency Department,Permanent Placement,Evening,1,0,1,Critical,Open,2025-08-06,2025-08-17,2026-02-15,26,109.5
REQ000554,220031,BOSTON MEDICAL CENTER,BOSTON,MA,Respiratory Therapist,Respiratory Care,Permanent Placement,Evening,10,2,8,High,Partially Filled,2026-03-22,2026-05-06,2026-08-05,13,116.5
REQ000555,220070,MELROSEWAKEFIELD HEALTHCARE,MELROSE,MA,Travel Nurse,Travel Nursing,Local Contract,Morning,1,1,0,Medium,Filled,2025-11-04,2025-12-08,2026-03-30,16,153.23
REQ000556,220066,MERCY MEDICAL CTR,SPRINGFIELD,MA,Registered Nurse,General Nursing,Travel Contract,Evening,12,5,7,Critical,Partially Filled,2025-08-20,2025-10-02,2026-01-01,13,90.6
REQ000557,220008,STURDY MEMORIAL HOSPITAL,ATTLEBORO,MA,Physician,Medical Services,Travel Contract,Night,9,9,0,Medium,Filled,2026-03-27,2026-05-06,2026-06-03,4,291.92
REQ000558,220030,BAYSTATE WING HOSPITAL,PALMER,MA,Laboratory Technician,Laboratory,Travel Contract,Evening,1,1,0,Medium,Filled,2026-05-24,2026-06-19,2026-10-09,16,131.42
REQ000559,220001,UMASS MEMORIAL HEALTHALLIANCE HOSPITALS,LEOMINSTER,MA,Allied Health Professional,Allied Health,Travel Contract,Morning,5,1,4,High,Partially Filled,2026-03-04,2026-04-02,2026-06-25,12,129.46
REQ000560,220077,BAYSTATE MEDICAL CENTER,SPRINGFIELD,MA,Radiologic Technologist,Radiology,Travel Contract,Morning,1,1,0,Medium,Filled,2026-05-24,2026-06-10,2026-09-30,16,90.88
REQ000561,220030,BAYSTATE WING HOSPITAL,PALMER,MA,Physician,Medical Services,Per Diem,Day,5,2,3,High,Partially Filled,2025-12-08,2025-12-23,2026-04-14,16,282.27
REQ000562,220163,UMASS MEMORIAL MEDICAL CENTER/UNIVERSITY CAMPUS,WORCESTER,MA,Emergency Room Nurse,Emergency Department,Per Diem,Night,13,2,11,Medium,Partially Filled,2026-07-04,2026-08-08,2026-10-31,12,155.96
REQ000563,224021,ARBOUR-FULLER HOSPITAL,SOUTH ATTLEBORO,MA,Allied Health Professional,Allied Health,Permanent Placement,Evening,15,4,11,High,Partially Filled,2025-09-13,2025-09-29,2026-01-19,16,106.66
REQ000564,221304,NORTH ADAMS REGIONAL HOSPITAL CORPORATION,NORTH ADAMS,MA,Emergency Room Nurse,Emergency Department,Travel Contract,Morning,14,5,9,High,Partially Filled,2025-11-16,2025-12-29,2026-06-29,26,108.12
REQ000565,220110,BRIGHAM AND WOMEN'S HOSPITAL,BOSTON,MA,Radiologic Technologist,Radiology,Local Contract,Evening,8,8,0,High,Filled,2026-02-21,2026-03-30,2026-06-22,12,109.3
REQ000566,223300,FRANCISCAN CHILDREN'S HOSPITAL & REHAB CENTER,BRIGHTON,MA,Emergency Room Nurse,Emergency Department,Permanent Placement,Morning,5,3,2,Critical,Partially Filled,2026-04-29,2026-06-02,2026-06-30,4,147.8
REQ000567,221303,ATHOL MEMORIAL HOSPITAL,ATHOL,MA,ICU Nurse,Intensive Care Unit,Per Diem,Morning,10,10,0,Medium,Filled,2026-04-30,2026-05-29,2026-08-28,13,161.16
REQ000568,220135,FALMOUTH HOSPITAL,FALMOUTH,MA,Physical Therapist,Rehabilitation,Local Contract,Morning,12,3,9,High,Partially Filled,2026-02-17,2026-03-25,2026-09-23,26,161.53
REQ000569,220063,LOWELL GENERAL HOSPITAL,LOWELL,MA,Laboratory Technician,Laboratory,Travel Contract,Day,1,1,0,High,Filled,2025-08-06,2025-08-13,2025-09-10,4,92.61
REQ000570,220080,HOLY FAMILY HOSPITAL,METHUEN,MA,Physician,Medical Services,Travel Contract,Night,10,1,9,Critical,Partially Filled,2025-11-07,2025-11-16,2025-12-14,4,284.67
REQ000571,220086,BETH ISRAEL DEACONESS MEDICAL CENTER,BOSTON,MA,ICU Nurse,Intensive Care Unit,Local Contract,Day,11,10,1,High,Partially Filled,2026-06-06,2026-06-21,2026-09-20,13,122.73
REQ000572,220033,NORTHEAST HOSPITAL CORPORATION,BEVERLY,MA,ICU Nurse,Intensive Care Unit,Per Diem,Morning,13,6,7,Medium,Partially Filled,2026-06-24,2026-07-30,2026-10-22,12,110.18
REQ000573,220077,BAYSTATE MEDICAL CENTER,SPRINGFIELD,MA,Respiratory Therapist,Respiratory Care,Local Contract,Evening,5,2,3,Low,Partially Filled,2026-02-15,2026-03-15,2026-04-12,4,153.56
REQ000574,220012,CAPE COD HOSPITAL,HYANNIS,MA,Physical Therapist,Rehabilitation,Local Contract,Evening,8,1,7,Medium,Partially Filled,2026-02-18,2026-03-08,2026-09-06,26,137.03
REQ000575,221304,NORTH ADAMS REGIONAL HOSPITAL CORPORATION,NORTH ADAMS,MA,Physician,Medical Services,Per Diem,Evening,2,2,0,Low,Filled,2025-09-22,2025-10-01,2025-10-29,4,274.84
REQ000576,224032,WORCESTER RECOVERY CENTER AND HOSPITAL,WORCESTER,MA,Registered Nurse,General Nursing,Permanent Placement,Day,3,2,1,Medium,Partially Filled,2025-08-20,2025-09-20,2025-12-13,12,150.79
REQ000577,220052,SIGNATURE HEALTHCARE BROCKTON HOSPITAL,BROCKTON,MA,Radiologic Technologist,Radiology,Travel Contract,Night,13,12,1,Low,Partially Filled,2026-03-12,2026-04-13,2026-10-12,26,148.79
REQ000578,220020,SAINT ANNE'S HOSPITAL,FALL RIVER,MA,ICU Nurse,Intensive Care Unit,Per Diem,Evening,6,5,1,Low,Partially Filled,2026-05-18,2026-06-28,2026-09-20,12,174.79
REQ000579,220105,WINCHESTER HOSPITAL,WINCHESTER,MA,ICU Nurse,Intensive Care Unit,Per Diem,Night,2,1,1,Medium,Partially Filled,2026-02-04,2026-03-17,2026-06-09,12,107.75
REQ000580,220090,MILFORD REGIONAL MEDICAL CENTER,MILFORD,MA,Travel Nurse,Travel Nursing,Per Diem,Evening,11,11,0,Low,Filled,2026-01-01,2026-02-01,2026-03-01,4,159.3
REQ000581,224031,CAPE COD & ISLANDS COMMUNITY MENTAL HEALTH CENTER,POCASSET,MA,Emergency Room Nurse,Emergency Department,Local Contract,Evening,12,9,3,Medium,Partially Filled,2025-08-19,2025-09-07,2025-10-05,4,155.49
REQ000582,220105,WINCHESTER HOSPITAL,WINCHESTER,MA,Physician,Medical Services,Per Diem,Day,1,0,1,Medium,Open,2026-04-13,2026-05-24,2026-08-23,13,290.47
REQ000583,220002,MOUNT AUBURN HOSPITAL,CAMBRIDGE,MA,ICU Nurse,Intensive Care Unit,Local Contract,Night,11,8,3,Critical,Partially Filled,2025-11-17,2025-12-27,2026-03-28,13,107.58
REQ000584,220036,BOSTON MEDICAL CENTER-BRIGHTON,BRIGHTON,MA,Radiologic Technologist,Radiology,Local Contract,Night,15,1,14,Low,Partially Filled,2026-07-01,2026-07-09,2026-10-08,13,126.29
REQ000585,220171,"LAHEY HOSPITAL & MEDICAL CENTER, BURLINGTON",BURLINGTON,MA,ICU Nurse,Intensive Care Unit,Travel Contract,Evening,2,0,2,High,Open,2026-03-22,2026-04-08,2026-07-29,16,148.09
REQ000586,220065,BAYSTATE NOBLE HOSPITAL,WESTFIELD,MA,Travel Nurse,Travel Nursing,Per Diem,Day,11,6,5,Critical,Partially Filled,2026-03-07,2026-04-04,2026-10-03,26,155.32
REQ000587,220031,BOSTON MEDICAL CENTER,BOSTON,MA,Allied Health Professional,Allied Health,Travel Contract,Day,3,2,1,Medium,Partially Filled,2025-11-18,2025-11-27,2026-03-19,16,143.03
REQ000588,220110,BRIGHAM AND WOMEN'S HOSPITAL,BOSTON,MA,Allied Health Professional,Allied Health,Travel Contract,Night,4,4,0,Low,Filled,2026-05-11,2026-05-28,2026-08-27,13,149.32
REQ000589,224038,"WALDEN BEHAVIORAL CARE, LLC",DEDHAM,MA,Respiratory Therapist,Respiratory Care,Travel Contract,Night,2,0,2,Critical,Open,2025-10-20,2025-10-28,2026-01-27,13,134.47
REQ000590,220163,UMASS MEMORIAL MEDICAL CENTER/UNIVERSITY CAMPUS,WORCESTER,MA,Physician,Medical Services,Local Contract,Morning,3,1,2,Medium,Partially Filled,2026-03-02,2026-04-08,2026-10-07,26,268.84
REQ000591,220073,BROWN UNIVERSITY HEALTH MORTON HOSPITAL,TAUNTON,MA,Physical Therapist,Rehabilitation,Travel Contract,Morning,3,3,0,Medium,Filled,2026-07-21,2026-07-30,2026-11-19,16,92.32
REQ000592,220084,EMERSON HOSPITAL -,W CONCORD,MA,Travel Nurse,Travel Nursing,Local Contract,Evening,10,5,5,High,Partially Filled,2025-09-30,2025-11-09,2025-12-07,4,161.15
REQ000593,220095,HEYWOOD HOSPITAL -,GARDNER,MA,Registered Nurse,General Nursing,Permanent Placement,Night,11,7,4,Medium,Partially Filled,2025-11-08,2025-11-22,2026-01-17,8,149.59
REQ000594,220016,BAYSTATE FRANKLIN MEDICAL CENTER,GREENFIELD,MA,Allied Health Professional,Allied Health,Permanent Placement,Day,5,2,3,Medium,Partially Filled,2025-12-24,2026-01-13,2026-04-14,13,93.67
REQ000595,224043,TARAVISTA BEHAVIORAL HEALTH CENTER,DEVENS,MA,Emergency Room Nurse,Emergency Department,Travel Contract,Night,9,1,8,High,Partially Filled,2025-10-20,2025-10-28,2026-01-27,13,141.49
REQ000596,221300,MARTHA'S VINEYARD HOSPITAL INC,OAK BLUFFS,MA,Respiratory Therapist,Respiratory Care,Per Diem,Night,13,1,12,Low,Partially Filled,2025-11-10,2025-12-07,2026-02-01,8,136.64
REQ000597,220012,CAPE COD HOSPITAL,HYANNIS,MA,Respiratory Therapist,Respiratory Care,Travel Contract,Evening,10,7,3,Medium,Partially Filled,2025-11-21,2025-12-02,2026-03-03,13,149.95
REQ000598,22009F,NORTHAMPTON VA MEDICAL CENTER,LEEDS,MA,Emergency Room Nurse,Emergency Department,Per Diem,Morning,8,3,5,Medium,Partially Filled,2026-02-15,2026-03-17,2026-05-12,8,108.9
REQ000599,220019,UMASS MEMORIAL HEALTH - HARRINGTON HOSPITAL,SOUTHBRIDGE,MA,Registered Nurse,General Nursing,Permanent Placement,Evening,14,7,7,Medium,Partially Filled,2025-12-22,2026-01-06,2026-02-03,4,109.05
REQ000600,220024,HOLYOKE MEDICAL CENTER,HOLYOKE,MA,Physical Therapist,Rehabilitation,Travel Contract,Evening,9,3,6,High,Partially Filled,2025-10-20,2025-11-06,2026-02-26,16,126.24
REQ000601,220015,"COOLEY DICKINSON HOSPITAL INC,THE",NORTHAMPTON,MA,Physical Therapist,Rehabilitation,Local Contract,Night,1,1,0,Medium,Filled,2026-03-31,2026-05-06,2026-07-29,12,132.56
REQ000602,220163,UMASS MEMORIAL MEDICAL CENTER/UNIVERSITY CAMPUS,WORCESTER,MA,Emergency Room Nurse,Emergency Department,Permanent Placement,Day,1,0,1,Medium,Open,2026-05-21,2026-05-28,2026-08-27,13,127.6
REQ000603,220108,BETH ISRAEL DEACONESS HOSPITAL - MILTON,MILTON,MA,Radiologic Technologist,Radiology,Permanent Placement,Night,9,0,9,Medium,Open,2026-04-11,2026-05-03,2026-05-31,4,102.71
REQ000604,220105,WINCHESTER HOSPITAL,WINCHESTER,MA,ICU Nurse,Intensive Care Unit,Permanent Placement,Day,5,1,4,Critical,Partially Filled,2025-08-09,2025-09-15,2026-03-16,26,137.46
REQ000605,220031,BOSTON MEDICAL CENTER,BOSTON,MA,Respiratory Therapist,Respiratory Care,Travel Contract,Evening,8,0,8,High,Open,2025-11-03,2025-12-03,2026-06-03,26,108.3
REQ000606,224021,ARBOUR-FULLER HOSPITAL,SOUTH ATTLEBORO,MA,Physician,Medical Services,Local Contract,Day,10,8,2,High,Partially Filled,2026-03-07,2026-03-31,2026-09-29,26,263.5
REQ000607,220077,BAYSTATE MEDICAL CENTER,SPRINGFIELD,MA,Laboratory Technician,Laboratory,Per Diem,Evening,2,1,1,High,Partially Filled,2026-07-12,2026-08-11,2026-09-08,4,93.59
REQ000608,220073,BROWN UNIVERSITY HEALTH MORTON HOSPITAL,TAUNTON,MA,Laboratory Technician,Laboratory,Local Contract,Night,12,12,0,Critical,Filled,2026-07-27,2026-08-07,2026-11-27,16,84.7
REQ000609,220060,BETH ISRAEL DEACONESS HOSPITAL PLYMOUTH,PLYMOUTH,MA,Radiologic Technologist,Radiology,Per Diem,Morning,13,3,10,High,Partially Filled,2026-05-25,2026-06-14,2026-12-13,26,117.25
REQ000610,220088,NEW ENGLAND BAPTIST HOSPITAL,BOSTON,MA,Physician,Medical Services,Permanent Placement,Day,6,3,3,Medium,Partially Filled,2025-08-28,2025-09-08,2025-12-01,12,277.23
REQ000611,224043,TARAVISTA BEHAVIORAL HEALTH CENTER,DEVENS,MA,Physician,Medical Services,Travel Contract,Night,12,12,0,High,Filled,2026-03-20,2026-04-19,2026-10-18,26,272.05
REQ000612,22001F,BEDFORD VA MEDICAL CENTER,BEDFORD,MA,Respiratory Therapist,Respiratory Care,Per Diem,Day,2,0,2,High,Open,2025-10-31,2025-11-25,2025-12-23,4,119.74
REQ000613,220017,CARNEY HOSPITAL,BOSTON,MA,Laboratory Technician,Laboratory,Permanent Placement,Morning,7,2,5,Medium,Partially Filled,2026-06-18,2026-06-26,2026-09-18,12,119.64
REQ000614,224013,ARBOUR HOSPITAL,BOSTON,MA,Physician,Medical Services,Local Contract,Morning,14,12,2,Medium,Partially Filled,2025-11-05,2025-11-16,2025-12-14,4,264.0
REQ000615,220105,WINCHESTER HOSPITAL,WINCHESTER,MA,Allied Health Professional,Allied Health,Permanent Placement,Evening,12,8,4,Medium,Partially Filled,2026-04-06,2026-05-20,2026-11-18,26,99.24
REQ000616,220171,"LAHEY HOSPITAL & MEDICAL CENTER, BURLINGTON",BURLINGTON,MA,Emergency Room Nurse,Emergency Department,Travel Contract,Night,6,2,4,Medium,Partially Filled,2025-12-12,2026-01-02,2026-04-03,13,131.91
REQ000617,220110,BRIGHAM AND WOMEN'S HOSPITAL,BOSTON,MA,Physical Therapist,Rehabilitation,Local Contract,Night,3,1,2,Medium,Partially Filled,2025-10-22,2025-12-02,2026-02-24,12,94.88
REQ000618,220063,LOWELL GENERAL HOSPITAL,LOWELL,MA,Physical Therapist,Rehabilitation,Local Contract,Day,6,1,5,High,Partially Filled,2025-10-04,2025-11-08,2026-01-31,12,160.46
REQ000619,220036,BOSTON MEDICAL CENTER-BRIGHTON,BRIGHTON,MA,Allied Health Professional,Allied Health,Travel Contract,Day,9,4,5,Medium,Partially Filled,2026-03-18,2026-04-28,2026-06-23,8,124.96
REQ000620,220036,BOSTON MEDICAL CENTER-BRIGHTON,BRIGHTON,MA,Radiologic Technologist,Radiology,Per Diem,Morning,12,8,4,Medium,Partially Filled,2026-01-11,2026-01-27,2026-02-24,4,102.29
REQ000621,220001,UMASS MEMORIAL HEALTHALLIANCE HOSPITALS,LEOMINSTER,MA,Emergency Room Nurse,Emergency Department,Permanent Placement,Day,12,1,11,Medium,Partially Filled,2026-05-17,2026-06-21,2026-09-13,12,138.57
REQ000622,220171,"LAHEY HOSPITAL & MEDICAL CENTER, BURLINGTON",BURLINGTON,MA,Registered Nurse,General Nursing,Per Diem,Day,6,0,6,High,Open,2026-02-22,2026-03-15,2026-06-14,13,98.66
REQ000623,220008,STURDY MEMORIAL HOSPITAL,ATTLEBORO,MA,Travel Nurse,Travel Nursing,Permanent Placement,Day,2,2,0,Critical,Filled,2025-12-21,2026-01-09,2026-02-06,4,142.61
REQ000624,220052,SIGNATURE HEALTHCARE BROCKTON HOSPITAL,BROCKTON,MA,Allied Health Professional,Allied Health,Permanent Placement,Night,1,1,0,High,Filled,2026-06-05,2026-07-20,2026-11-09,16,119.93
REQ000625,220090,MILFORD REGIONAL MEDICAL CENTER,MILFORD,MA,Allied Health Professional,Allied Health,Permanent Placement,Day,6,2,4,Medium,Partially Filled,2025-08-07,2025-09-01,2025-11-24,12,152.15
REQ000626,220098,NASHOBA VALLEY MEDICAL CENTER,AYER,MA,Radiologic Technologist,Radiology,Permanent Placement,Night,15,13,2,High,Partially Filled,2025-12-26,2026-01-12,2026-07-13,26,123.86
REQ000627,220036,BOSTON MEDICAL CENTER-BRIGHTON,BRIGHTON,MA,Travel Nurse,Travel Nursing,Permanent Placement,Day,6,0,6,Low,Open,2026-01-03,2026-02-09,2026-06-01,16,159.72
REQ000628,220111,GOOD SAMARITAN MEDICAL CENTER,BROCKTON,MA,Respiratory Therapist,Respiratory Care,Local Contract,Night,12,9,3,Medium,Partially Filled,2025-10-29,2025-12-10,2026-03-11,13,111.72
REQ000629,223304,THE SHRINERS' HOSPITAL FOR CHILDREN - BOSTON,BOSTON,MA,Radiologic Technologist,Radiology,Permanent Placement,Night,5,3,2,Low,Partially Filled,2025-08-22,2025-09-17,2026-01-07,16,82.17
REQ000630,223300,FRANCISCAN CHILDREN'S HOSPITAL & REHAB CENTER,BRIGHTON,MA,Physician,Medical Services,Per Diem,Evening,11,10,1,Medium,Partially Filled,2026-06-24,2026-07-31,2026-08-28,4,303.48
REQ000631,220105,WINCHESTER HOSPITAL,WINCHESTER,MA,Travel Nurse,Travel Nursing,Per Diem,Evening,8,1,7,High,Partially Filled,2025-08-15,2025-08-29,2025-11-21,12,175.78
REQ000632,224023,WESTWOOD PEMBROKE HEALTH SYSTEMS,WESTWOOD,MA,Radiologic Technologist,Radiology,Travel Contract,Morning,9,9,0,Medium,Filled,2026-07-22,2026-08-05,2026-10-28,12,86.1
REQ000633,220063,LOWELL GENERAL HOSPITAL,LOWELL,MA,Radiologic Technologist,Radiology,Per Diem,Morning,3,0,3,Medium,Open,2026-07-21,2026-08-05,2026-10-28,12,145.85
REQ000634,220070,MELROSEWAKEFIELD HEALTHCARE,MELROSE,MA,Registered Nurse,General Nursing,Local Contract,Night,11,1,10,High,Partially Filled,2025-12-27,2026-01-21,2026-05-13,16,126.91
REQ000635,220110,BRIGHAM AND WOMEN'S HOSPITAL,BOSTON,MA,Laboratory Technician,Laboratory,Per Diem,Morning,13,4,9,Low,Partially Filled,2026-01-13,2026-02-09,2026-08-10,26,108.6
REQ000636,220036,BOSTON MEDICAL CENTER-BRIGHTON,BRIGHTON,MA,Registered Nurse,General Nursing,Permanent Placement,Evening,6,6,0,Medium,Filled,2025-10-10,2025-11-19,2026-02-11,12,148.76
REQ000637,220083,BETH ISRAEL DEACONESS HOSPITAL - NEEDHAM,NEEDHAM,MA,Travel Nurse,Travel Nursing,Travel Contract,Evening,14,3,11,Medium,Partially Filled,2025-10-19,2025-11-27,2026-01-22,8,120.35
REQ000638,223302,BOSTON CHILDREN'S HOSPITAL,BOSTON,MA,Registered Nurse,General Nursing,Local Contract,Evening,12,5,7,High,Partially Filled,2026-04-03,2026-05-02,2026-07-25,12,126.84
REQ000639,220071,MASSACHUSETTS GENERAL HOSPITAL,BOSTON,MA,Emergency Room Nurse,Emergency Department,Local Contract,Night,12,1,11,High,Partially Filled,2026-07-30,2026-08-25,2026-09-22,4,109.97
REQ000640,224040,DR SOLOMON CARTER FULLER MENTAL HEALTH CENTER,BOSTON,MA,Physician,Medical Services,Travel Contract,Day,2,1,1,Low,Partially Filled,2025-10-04,2025-10-24,2025-12-19,8,273.9
REQ000641,220101,NEWTON-WELLESLEY HOSPITAL,NEWTON,MA,Registered Nurse,General Nursing,Travel Contract,Evening,13,10,3,Medium,Partially Filled,2025-11-09,2025-11-22,2025-12-20,4,102.71
REQ000642,220065,BAYSTATE NOBLE HOSPITAL,WESTFIELD,MA,Physician,Medical Services,Local Contract,Night,13,1,12,Medium,Partially Filled,2026-07-08,2026-07-15,2026-08-12,4,264.61
REQ000643,220046,BERKSHIRE MEDICAL CENTER,PITTSFIELD,MA,Emergency Room Nurse,Emergency Department,Local Contract,Day,6,1,5,Low,Partially Filled,2025-12-21,2026-02-03,2026-04-28,12,140.47
REQ000644,220029,ANNA JAQUES HOSPITAL,NEWBURYPORT,MA,Laboratory Technician,Laboratory,Travel Contract,Night,3,0,3,Critical,Open,2025-11-20,2025-12-09,2026-03-03,12,127.59
REQ000645,220126,NORWOOD HOSPITAL,NORWOOD,MA,Allied Health Professional,Allied Health,Local Contract,Morning,8,1,7,Critical,Partially Filled,2026-07-24,2026-09-06,2026-11-01,8,119.69
REQ000646,220074,SOUTHCOAST HOSPITALS GROUP,FALL RIVER,MA,Travel Nurse,Travel Nursing,Travel Contract,Night,2,1,1,Medium,Partially Filled,2026-02-25,2026-03-11,2026-06-03,12,140.29
REQ000647,220080,HOLY FAMILY HOSPITAL,METHUEN,MA,Laboratory Technician,Laboratory,Permanent Placement,Morning,8,1,7,Medium,Partially Filled,2025-08-21,2025-09-02,2025-11-25,12,119.53
REQ000648,221304,NORTH ADAMS REGIONAL HOSPITAL CORPORATION,NORTH ADAMS,MA,Travel Nurse,Travel Nursing,Local Contract,Day,14,6,8,High,Partially Filled,2026-05-11,2026-06-13,2026-09-05,12,171.17
REQ000649,220010,MERRIMACK HEALTH LAWRENCE HOSPITAL,LAWRENCE,MA,Emergency Room Nurse,Emergency Department,Permanent Placement,Day,2,1,1,Medium,Partially Filled,2025-08-07,2025-09-14,2026-03-15,26,127.64
REQ000650,220163,UMASS MEMORIAL MEDICAL CENTER/UNIVERSITY CAMPUS,WORCESTER,MA,ICU Nurse,Intensive Care Unit,Local Contract,Evening,4,2,2,Medium,Partially Filled,2025-10-26,2025-11-06,2026-01-29,12,163.67
REQ000651,220100,SOUTH SHORE HOSPITAL,SOUTH WEYMOUTH,MA,Physician,Medical Services,Permanent Placement,Morning,5,5,0,Medium,Filled,2026-08-01,2026-09-14,2027-01-04,16,282.22
REQ000652,220002,MOUNT AUBURN HOSPITAL,CAMBRIDGE,MA,Radiologic Technologist,Radiology,Travel Contract,Day,13,7,6,Medium,Partially Filled,2026-04-19,2026-05-13,2026-07-08,8,116.81
REQ000653,224023,WESTWOOD PEMBROKE HEALTH SYSTEMS,WESTWOOD,MA,Emergency Room Nurse,Emergency Department,Permanent Placement,Day,1,0,1,Critical,Open,2025-08-16,2025-08-29,2026-02-27,26,126.78
REQ000654,221300,MARTHA'S VINEYARD HOSPITAL INC,OAK BLUFFS,MA,Emergency Room Nurse,Emergency Department,Permanent Placement,Evening,11,8,3,Medium,Partially Filled,2026-01-03,2026-01-16,2026-02-13,4,146.35
REQ000655,220052,SIGNATURE HEALTHCARE BROCKTON HOSPITAL,BROCKTON,MA,Laboratory Technician,Laboratory,Travel Contract,Day,13,13,0,Critical,Filled,2025-12-12,2026-01-22,2026-04-16,12,129.61
REQ000656,220086,BETH ISRAEL DEACONESS MEDICAL CENTER,BOSTON,MA,Respiratory Therapist,Respiratory Care,Travel Contract,Day,8,7,1,Medium,Partially Filled,2026-03-19,2026-04-15,2026-07-15,13,131.16
REQ000657,224045,HOSPITAL FOR BEHAVIORAL MEDICINE,WORCESTER,MA,Emergency Room Nurse,Emergency Department,Permanent Placement,Evening,5,5,0,High,Filled,2026-04-09,2026-05-13,2026-07-08,8,139.82
REQ000658,220052,SIGNATURE HEALTHCARE BROCKTON HOSPITAL,BROCKTON,MA,Laboratory Technician,Laboratory,Local Contract,Day,8,7,1,Medium,Partially Filled,2026-07-17,2026-08-27,2026-12-17,16,102.63
REQ000659,220175,METROWEST MEDICAL CENTER,FRAMINGHAM,MA,Physical Therapist,Rehabilitation,Travel Contract,Day,6,0,6,Medium,Open,2026-07-13,2026-08-11,2026-11-03,12,117.65
REQ000660,220049,UMASS MEMORIAL HEALTHCARE-MARLBOROUGH HOSPITAL,MARLBOROUGH,MA,Registered Nurse,General Nursing,Per Diem,Morning,2,1,1,Medium,Partially Filled,2026-06-17,2026-07-15,2026-10-14,13,88.95
REQ000661,221302,FAIRVIEW HOSPITAL,GREAT BARRINGTON,MA,Travel Nurse,Travel Nursing,Travel Contract,Morning,2,2,0,Medium,Filled,2025-11-29,2025-12-25,2026-04-16,16,126.88
REQ000662,224043,TARAVISTA BEHAVIORAL HEALTH CENTER,DEVENS,MA,Allied Health Professional,Allied Health,Permanent Placement,Morning,14,6,8,Low,Partially Filled,2025-08-20,2025-09-25,2026-03-26,26,122.88
REQ000663,224013,ARBOUR HOSPITAL,BOSTON,MA,Allied Health Professional,Allied Health,Travel Contract,Evening,6,4,2,Medium,Partially Filled,2026-02-10,2026-03-25,2026-06-24,13,137.26
REQ000664,220071,MASSACHUSETTS GENERAL HOSPITAL,BOSTON,MA,Radiologic Technologist,Radiology,Per Diem,Evening,10,4,6,Medium,Partially Filled,2026-04-15,2026-05-13,2026-07-08,8,126.48
REQ000665,220030,BAYSTATE WING HOSPITAL,PALMER,MA,Laboratory Technician,Laboratory,Permanent Placement,Night,1,1,0,High,Filled,2025-11-18,2025-12-13,2026-03-07,12,135.06
REQ000666,220049,UMASS MEMORIAL HEALTHCARE-MARLBOROUGH HOSPITAL,MARLBOROUGH,MA,ICU Nurse,Intensive Care Unit,Permanent Placement,Evening,2,2,0,Medium,Filled,2026-05-31,2026-06-28,2026-09-20,12,160.7
REQ000667,224032,WORCESTER RECOVERY CENTER AND HOSPITAL,WORCESTER,MA,Physician,Medical Services,Per Diem,Night,11,8,3,Medium,Partially Filled,2026-04-16,2026-05-12,2026-08-11,13,257.59
REQ000668,220074,SOUTHCOAST HOSPITALS GROUP,FALL RIVER,MA,Radiologic Technologist,Radiology,Local Contract,Evening,15,0,15,Medium,Open,2026-07-10,2026-08-21,2026-10-16,8,149.35
REQ000669,220033,NORTHEAST HOSPITAL CORPORATION,BEVERLY,MA,Physician,Medical Services,Permanent Placement,Day,14,12,2,Medium,Partially Filled,2026-06-23,2026-08-03,2026-11-23,16,265.5
REQ000670,220036,BOSTON MEDICAL CENTER-BRIGHTON,BRIGHTON,MA,Travel Nurse,Travel Nursing,Travel Contract,Night,7,5,2,High,Partially Filled,2025-10-17,2025-11-12,2026-02-11,13,133.69
REQ000671,220080,HOLY FAMILY HOSPITAL,METHUEN,MA,Emergency Room Nurse,Emergency Department,Travel Contract,Night,7,3,4,Medium,Partially Filled,2025-12-10,2026-01-24,2026-03-21,8,117.19
REQ000672,220171,"LAHEY HOSPITAL & MEDICAL CENTER, BURLINGTON",BURLINGTON,MA,Radiologic Technologist,Radiology,Local Contract,Night,7,0,7,Medium,Open,2026-04-06,2026-05-18,2026-08-17,13,84.04
REQ000673,220095,HEYWOOD HOSPITAL -,GARDNER,MA,Laboratory Technician,Laboratory,Travel Contract,Day,8,0,8,Medium,Open,2025-10-30,2025-11-08,2026-05-09,26,88.86
REQ000674,220065,BAYSTATE NOBLE HOSPITAL,WESTFIELD,MA,Respiratory Therapist,Respiratory Care,Local Contract,Night,14,11,3,Medium,Partially Filled,2026-02-03,2026-02-15,2026-05-17,13,136.41
REQ000675,220086,BETH ISRAEL DEACONESS MEDICAL CENTER,BOSTON,MA,Laboratory Technician,Laboratory,Travel Contract,Night,5,3,2,High,Partially Filled,2026-07-07,2026-08-20,2026-12-10,16,122.12
REQ000676,220063,LOWELL GENERAL HOSPITAL,LOWELL,MA,Allied Health Professional,Allied Health,Permanent Placement,Night,12,3,9,Medium,Partially Filled,2026-05-27,2026-06-27,2026-12-26,26,102.26
REQ000677,220095,HEYWOOD HOSPITAL -,GARDNER,MA,Radiologic Technologist,Radiology,Per Diem,Day,1,1,0,Medium,Filled,2026-02-26,2026-03-21,2026-07-11,16,111.66
REQ000678,221302,FAIRVIEW HOSPITAL,GREAT BARRINGTON,MA,Physician,Medical Services,Per Diem,Day,12,5,7,High,Partially Filled,2025-10-14,2025-11-13,2026-02-12,13,303.37
REQ000679,224021,ARBOUR-FULLER HOSPITAL,SOUTH ATTLEBORO,MA,Registered Nurse,General Nursing,Per Diem,Morning,9,6,3,Critical,Partially Filled,2026-07-20,2026-08-11,2026-11-03,12,132.97
REQ000680,224043,TARAVISTA BEHAVIORAL HEALTH CENTER,DEVENS,MA,Travel Nurse,Travel Nursing,Per Diem,Morning,15,12,3,Low,Partially Filled,2026-03-15,2026-04-15,2026-05-13,4,172.59
REQ000681,220084,EMERSON HOSPITAL -,W CONCORD,MA,Physician,Medical Services,Permanent Placement,Day,11,5,6,Medium,Partially Filled,2025-11-16,2025-12-03,2026-03-04,13,245.61
REQ000682,220052,SIGNATURE HEALTHCARE BROCKTON HOSPITAL,BROCKTON,MA,Radiologic Technologist,Radiology,Local Contract,Morning,7,1,6,Medium,Partially Filled,2026-02-28,2026-03-28,2026-09-26,26,106.63
REQ000683,224047,VALLEY SPRINGS BEHAVIORAL HEALTH HOSPITAL,HOLYOKE,MA,Laboratory Technician,Laboratory,Local Contract,Evening,1,0,1,High,Open,2026-01-15,2026-02-20,2026-08-21,26,77.53
REQ000684,220002,MOUNT AUBURN HOSPITAL,CAMBRIDGE,MA,Travel Nurse,Travel Nursing,Travel Contract,Night,10,1,9,Medium,Partially Filled,2026-06-18,2026-07-14,2026-10-06,12,164.95
REQ000685,224032,WORCESTER RECOVERY CENTER AND HOSPITAL,WORCESTER,MA,Emergency Room Nurse,Emergency Department,Local Contract,Morning,8,7,1,Medium,Partially Filled,2026-06-01,2026-07-04,2026-09-26,12,141.51
REQ000686,221300,MARTHA'S VINEYARD HOSPITAL INC,OAK BLUFFS,MA,Physician,Medical Services,Permanent Placement,Evening,6,1,5,Critical,Partially Filled,2025-11-10,2025-11-22,2026-02-21,13,301.9
REQ000687,224028,DR JOHN C CORRIGAN MENTAL HEALTH CENTER,FALL RIVER,MA,Registered Nurse,General Nursing,Local Contract,Day,10,10,0,Critical,Filled,2025-08-12,2025-09-23,2026-03-24,26,98.88
REQ000688,220110,BRIGHAM AND WOMEN'S HOSPITAL,BOSTON,MA,Registered Nurse,General Nursing,Travel Contract,Morning,5,1,4,Medium,Partially Filled,2026-02-22,2026-03-28,2026-07-18,16,124.71
REQ000689,220029,ANNA JAQUES HOSPITAL,NEWBURYPORT,MA,Laboratory Technician,Laboratory,Local Contract,Night,8,1,7,Medium,Partially Filled,2026-03-11,2026-04-16,2026-10-15,26,128.34
REQ000690,220111,GOOD SAMARITAN MEDICAL CENTER,BROCKTON,MA,Physician,Medical Services,Local Contract,Morning,7,3,4,High,Partially Filled,2026-04-11,2026-05-12,2026-07-07,8,253.26
REQ000691,220011,CAMBRIDGE HEALTH ALLIANCE,CAMBRIDGE,MA,Respiratory Therapist,Respiratory Care,Permanent Placement,Night,5,1,4,Medium,Partially Filled,2025-10-14,2025-10-22,2026-01-14,12,132.9
REQ000692,22009F,NORTHAMPTON VA MEDICAL CENTER,LEEDS,MA,ICU Nurse,Intensive Care Unit,Permanent Placement,Night,14,5,9,High,Partially Filled,2025-08-06,2025-09-12,2025-11-07,8,154.59
REQ000693,22010F,VA BOSTON HEALTHCARE SYSTEM - JAMAICA PLAIN,JAMAICA PLAIN,MA,Physician,Medical Services,Per Diem,Night,1,0,1,Medium,Open,2025-09-07,2025-09-20,2026-01-10,16,264.8
REQ000694,224047,VALLEY SPRINGS BEHAVIORAL HEALTH HOSPITAL,HOLYOKE,MA,Physical Therapist,Rehabilitation,Permanent Placement,Morning,5,4,1,Critical,Partially Filled,2026-07-30,2026-08-08,2026-09-05,4,138.99
REQ000695,223302,BOSTON CHILDREN'S HOSPITAL,BOSTON,MA,Laboratory Technician,Laboratory,Permanent Placement,Morning,5,1,4,High,Partially Filled,2025-08-22,2025-10-05,2025-11-30,8,77.23
REQ000696,220063,LOWELL GENERAL HOSPITAL,LOWELL,MA,Laboratory Technician,Laboratory,Travel Contract,Night,2,1,1,Medium,Partially Filled,2026-03-10,2026-03-26,2026-06-18,12,136.14
REQ000697,220095,HEYWOOD HOSPITAL -,GARDNER,MA,Allied Health Professional,Allied Health,Per Diem,Evening,10,4,6,High,Partially Filled,2026-03-09,2026-04-03,2026-06-26,12,112.09
REQ000698,220052,SIGNATURE HEALTHCARE BROCKTON HOSPITAL,BROCKTON,MA,Emergency Room Nurse,Emergency Department,Travel Contract,Night,4,1,3,Medium,Partially Filled,2026-05-12,2026-06-16,2026-07-14,4,132.92
REQ000699,220119,BRIGHAM AND WOMEN FAULKNER HOSPITAL,JAMAICA PLAIN,MA,Radiologic Technologist,Radiology,Per Diem,Evening,1,1,0,Medium,Filled,2026-03-12,2026-03-26,2026-06-25,13,89.87
REQ000700,220036,BOSTON MEDICAL CENTER-BRIGHTON,BRIGHTON,MA,ICU Nurse,Intensive Care Unit,Local Contract,Night,14,4,10,High,Partially Filled,2026-01-26,2026-02-07,2026-04-04,8,162.58
REQ000701,220019,UMASS MEMORIAL HEALTH - HARRINGTON HOSPITAL,SOUTHBRIDGE,MA,Physical Therapist,Rehabilitation,Local Contract,Evening,9,9,0,Critical,Filled,2025-11-17,2025-12-31,2026-01-28,4,109.23
REQ000702,220100,SOUTH SHORE HOSPITAL,SOUTH WEYMOUTH,MA,ICU Nurse,Intensive Care Unit,Travel Contract,Evening,11,10,1,Medium,Partially Filled,2026-01-16,2026-01-24,2026-04-18,12,170.04
REQ000703,220083,BETH ISRAEL DEACONESS HOSPITAL - NEEDHAM,NEEDHAM,MA,Allied Health Professional,Allied Health,Permanent Placement,Morning,8,7,1,High,Partially Filled,2025-10-18,2025-10-26,2025-11-23,4,90.41
REQ000704,221303,ATHOL MEMORIAL HOSPITAL,ATHOL,MA,Physical Therapist,Rehabilitation,Local Contract,Night,12,12,0,High,Filled,2026-03-20,2026-04-16,2026-10-15,26,148.11
REQ000705,220080,HOLY FAMILY HOSPITAL,METHUEN,MA,Allied Health Professional,Allied Health,Travel Contract,Evening,10,6,4,Medium,Partially Filled,2025-08-29,2025-09-09,2025-12-30,16,106.81
REQ000706,220002,MOUNT AUBURN HOSPITAL,CAMBRIDGE,MA,ICU Nurse,Intensive Care Unit,Per Diem,Night,7,6,1,Medium,Partially Filled,2025-08-11,2025-08-31,2025-10-26,8,139.36
REQ000707,220101,NEWTON-WELLESLEY HOSPITAL,NEWTON,MA,Physician,Medical Services,Travel Contract,Morning,6,5,1,Medium,Partially Filled,2026-07-17,2026-08-31,2026-10-26,8,274.27
REQ000708,220090,MILFORD REGIONAL MEDICAL CENTER,MILFORD,MA,Radiologic Technologist,Radiology,Permanent Placement,Morning,7,1,6,High,Partially Filled,2025-12-16,2026-01-28,2026-05-20,16,112.39
REQ000709,220088,NEW ENGLAND BAPTIST HOSPITAL,BOSTON,MA,ICU Nurse,Intensive Care Unit,Local Contract,Evening,8,3,5,Medium,Partially Filled,2025-08-21,2025-09-29,2025-12-22,12,150.31
REQ000710,22001F,BEDFORD VA MEDICAL CENTER,BEDFORD,MA,Physician,Medical Services,Per Diem,Night,15,15,0,Critical,Filled,2026-03-28,2026-05-01,2026-05-29,4,287.9
REQ000711,224045,HOSPITAL FOR BEHAVIORAL MEDICINE,WORCESTER,MA,Travel Nurse,Travel Nursing,Travel Contract,Day,10,0,10,Medium,Open,2026-04-25,2026-05-29,2026-08-21,12,150.75
REQ000712,220177,NANTUCKET COTTAGE HOSPITAL,NANTUCKET,MA,ICU Nurse,Intensive Care Unit,Travel Contract,Day,6,2,4,Medium,Partially Filled,2026-03-26,2026-05-08,2026-07-31,12,151.31
REQ000713,220073,BROWN UNIVERSITY HEALTH MORTON HOSPITAL,TAUNTON,MA,Emergency Room Nurse,Emergency Department,Per Diem,Evening,7,4,3,High,Partially Filled,2026-02-18,2026-02-27,2026-03-27,4,131.5
REQ000714,223300,FRANCISCAN CHILDREN'S HOSPITAL & REHAB CENTER,BRIGHTON,MA,Allied Health Professional,Allied Health,Per Diem,Day,2,2,0,Medium,Filled,2025-11-04,2025-11-24,2026-01-19,8,91.25
REQ000715,224046,MIRAVISTA BEHAVIORAL HEALTH CENTER,HOLYOKE,MA,ICU Nurse,Intensive Care Unit,Permanent Placement,Evening,8,7,1,Medium,Partially Filled,2025-08-07,2025-08-24,2026-02-22,26,161.92
REQ000716,224038,"WALDEN BEHAVIORAL CARE, LLC",DEDHAM,MA,Allied Health Professional,Allied Health,Local Contract,Day,2,0,2,Medium,Open,2026-07-20,2026-08-21,2026-11-13,12,147.12
REQ000717,224031,CAPE COD & ISLANDS COMMUNITY MENTAL HEALTH CENTER,POCASSET,MA,Registered Nurse,General Nursing,Permanent Placement,Night,3,1,2,Low,Partially Filled,2025-11-16,2025-12-23,2026-06-23,26,138.88
REQ000718,220036,BOSTON MEDICAL CENTER-BRIGHTON,BRIGHTON,MA,Radiologic Technologist,Radiology,Permanent Placement,Evening,3,1,2,Medium,Partially Filled,2026-03-05,2026-03-13,2026-04-10,4,142.19
REQ000719,220049,UMASS MEMORIAL HEALTHCARE-MARLBOROUGH HOSPITAL,MARLBOROUGH,MA,Travel Nurse,Travel Nursing,Permanent Placement,Day,14,13,1,Medium,Partially Filled,2025-11-12,2025-12-07,2026-03-29,16,122.19
REQ000720,220101,NEWTON-WELLESLEY HOSPITAL,NEWTON,MA,Respiratory Therapist,Respiratory Care,Per Diem,Day,12,8,4,Medium,Partially Filled,2026-04-11,2026-05-25,2026-09-14,16,119.03
REQ000721,220163,UMASS MEMORIAL MEDICAL CENTER/UNIVERSITY CAMPUS,WORCESTER,MA,Physical Therapist,Rehabilitation,Travel Contract,Evening,12,0,12,High,Open,2026-07-14,2026-08-21,2026-10-16,8,130.73
REQ000722,220111,GOOD SAMARITAN MEDICAL CENTER,BROCKTON,MA,Respiratory Therapist,Respiratory Care,Per Diem,Evening,10,10,0,High,Filled,2026-03-31,2026-04-14,2026-07-14,13,86.46
REQ000723,220080,HOLY FAMILY HOSPITAL,METHUEN,MA,Travel Nurse,Travel Nursing,Local Contract,Morning,4,4,0,Critical,Filled,2026-03-29,2026-04-27,2026-07-27,13,174.74
REQ000724,220033,NORTHEAST HOSPITAL CORPORATION,BEVERLY,MA,Emergency Room Nurse,Emergency Department,Per Diem,Evening,14,10,4,High,Partially Filled,2025-12-29,2026-01-29,2026-04-30,13,159.12
REQ000725,224044,WESTBOROUGH BEHAVIORAL HEALTHCARE HOSPITAL LLC,WESTBOROUGH,MA,Travel Nurse,Travel Nursing,Local Contract,Night,8,2,6,Medium,Partially Filled,2025-12-23,2026-01-04,2026-07-05,26,149.45
REQ000726,220098,NASHOBA VALLEY MEDICAL CENTER,AYER,MA,Radiologic Technologist,Radiology,Travel Contract,Morning,9,0,9,High,Open,2026-01-03,2026-01-25,2026-03-22,8,106.99
REQ000727,220119,BRIGHAM AND WOMEN FAULKNER HOSPITAL,JAMAICA PLAIN,MA,Emergency Room Nurse,Emergency Department,Travel Contract,Night,6,3,3,Medium,Partially Filled,2026-04-15,2026-04-24,2026-05-22,4,115.69
REQ000728,223300,FRANCISCAN CHILDREN'S HOSPITAL & REHAB CENTER,BRIGHTON,MA,Allied Health Professional,Allied Health,Travel Contract,Day,5,1,4,Critical,Partially Filled,2026-01-29,2026-02-07,2026-05-30,16,120.65
REQ000729,22009F,NORTHAMPTON VA MEDICAL CENTER,LEEDS,MA,ICU Nurse,Intensive Care Unit,Local Contract,Day,1,0,1,High,Open,2025-09-24,2025-10-07,2026-01-27,16,168.77
REQ000730,220119,BRIGHAM AND WOMEN FAULKNER HOSPITAL,JAMAICA PLAIN,MA,Physician,Medical Services,Local Contract,Morning,8,1,7,Medium,Partially Filled,2026-07-29,2026-09-02,2026-12-23,16,249.64
REQ000731,220012,CAPE COD HOSPITAL,HYANNIS,MA,Radiologic Technologist,Radiology,Permanent Placement,Morning,14,12,2,Medium,Partially Filled,2026-03-01,2026-03-08,2026-05-03,8,93.99
REQ000732,220111,GOOD SAMARITAN MEDICAL CENTER,BROCKTON,MA,Allied Health Professional,Allied Health,Local Contract,Evening,11,3,8,High,Partially Filled,2026-03-01,2026-03-31,2026-09-29,26,99.66
REQ000733,220088,NEW ENGLAND BAPTIST HOSPITAL,BOSTON,MA,Respiratory Therapist,Respiratory Care,Per Diem,Day,13,10,3,Medium,Partially Filled,2026-02-26,2026-04-03,2026-07-24,16,138.91
REQ000734,220176,ST VINCENT HOSPITAL,WORCESTER,MA,ICU Nurse,Intensive Care Unit,Permanent Placement,Day,7,2,5,Medium,Partially Filled,2025-09-13,2025-10-11,2026-01-03,12,107.6
REQ000735,220105,WINCHESTER HOSPITAL,WINCHESTER,MA,Emergency Room Nurse,Emergency Department,Per Diem,Evening,12,12,0,Medium,Filled,2026-05-22,2026-06-01,2026-11-30,26,147.66
REQ000736,223304,THE SHRINERS' HOSPITAL FOR CHILDREN - BOSTON,BOSTON,MA,Physician,Medical Services,Local Contract,Evening,14,4,10,Medium,Partially Filled,2026-01-08,2026-02-06,2026-03-06,4,254.36
REQ000737,224001,TAUNTON STATE HOSPITAL,TAUNTON,MA,Physical Therapist,Rehabilitation,Permanent Placement,Night,6,6,0,High,Filled,2026-06-13,2026-07-18,2027-01-16,26,97.9
REQ000738,224043,TARAVISTA BEHAVIORAL HEALTH CENTER,DEVENS,MA,Allied Health Professional,Allied Health,Local Contract,Day,9,4,5,Medium,Partially Filled,2026-02-16,2026-03-03,2026-06-23,16,111.86
REQ000739,220071,MASSACHUSETTS GENERAL HOSPITAL,BOSTON,MA,Emergency Room Nurse,Emergency Department,Local Contract,Morning,10,4,6,High,Partially Filled,2025-08-12,2025-08-20,2025-12-10,16,169.09
REQ000740,220060,BETH ISRAEL DEACONESS HOSPITAL PLYMOUTH,PLYMOUTH,MA,Registered Nurse,General Nursing,Travel Contract,Day,9,5,4,High,Partially Filled,2026-02-07,2026-03-02,2026-08-31,26,150.89
REQ000741,220035,NORTH SHORE MEDICAL CENTER -,SALEM,MA,Physician,Medical Services,Local Contract,Morning,6,1,5,Medium,Partially Filled,2026-05-21,2026-05-28,2026-08-27,13,286.68
REQ000742,220001,UMASS MEMORIAL HEALTHALLIANCE HOSPITALS,LEOMINSTER,MA,Emergency Room Nurse,Emergency Department,Travel Contract,Morning,12,3,9,Medium,Partially Filled,2026-08-01,2026-09-01,2026-12-22,16,113.48
REQ000743,220066,MERCY MEDICAL CTR,SPRINGFIELD,MA,Radiologic Technologist,Radiology,Travel Contract,Day,7,6,1,Low,Partially Filled,2025-09-20,2025-10-06,2026-04-06,26,144.2
REQ000744,220126,NORWOOD HOSPITAL,NORWOOD,MA,Travel Nurse,Travel Nursing,Permanent Placement,Evening,11,8,3,High,Partially Filled,2026-03-17,2026-03-28,2026-06-20,12,155.9
REQ000745,224039,WHITTIER PAVILION,HAVERHILL,MA,Respiratory Therapist,Respiratory Care,Local Contract,Night,7,2,5,Medium,Partially Filled,2026-03-14,2026-04-21,2026-10-20,26,117.04
REQ000746,220074,SOUTHCOAST HOSPITALS GROUP,FALL RIVER,MA,Laboratory Technician,Laboratory,Local Contract,Morning,8,0,8,Critical,Open,2025-09-30,2025-10-20,2026-01-19,13,76.31
REQ000747,220177,NANTUCKET COTTAGE HOSPITAL,NANTUCKET,MA,ICU Nurse,Intensive Care Unit,Local Contract,Day,5,0,5,Medium,Open,2025-10-01,2025-10-31,2026-02-20,16,174.37
REQ000748,224045,HOSPITAL FOR BEHAVIORAL MEDICINE,WORCESTER,MA,Physician,Medical Services,Travel Contract,Morning,3,3,0,High,Filled,2026-04-06,2026-04-14,2026-06-09,8,255.09
REQ000749,220052,SIGNATURE HEALTHCARE BROCKTON HOSPITAL,BROCKTON,MA,Registered Nurse,General Nursing,Permanent Placement,Evening,2,0,2,High,Open,2025-10-02,2025-11-13,2026-02-05,12,124.6
REQ000750,220071,MASSACHUSETTS GENERAL HOSPITAL,BOSTON,MA,Respiratory Therapist,Respiratory Care,Permanent Placement,Evening,13,2,11,High,Partially Filled,2026-04-01,2026-05-16,2026-07-11,8,95.43
REQ000751,221300,MARTHA'S VINEYARD HOSPITAL INC,OAK BLUFFS,MA,ICU Nurse,Intensive Care Unit,Per Diem,Day,4,3,1,Critical,Partially Filled,2026-06-16,2026-07-19,2026-10-18,13,167.3
REQ000752,220095,HEYWOOD HOSPITAL -,GARDNER,MA,ICU Nurse,Intensive Care Unit,Per Diem,Day,11,11,0,High,Filled,2025-10-24,2025-11-01,2026-02-21,16,110.96
REQ000753,224044,WESTBOROUGH BEHAVIORAL HEALTHCARE HOSPITAL LLC,WESTBOROUGH,MA,Laboratory Technician,Laboratory,Permanent Placement,Day,9,3,6,Medium,Partially Filled,2026-05-23,2026-06-02,2026-09-22,16,133.53
REQ000754,220011,CAMBRIDGE HEALTH ALLIANCE,CAMBRIDGE,MA,Registered Nurse,General Nursing,Permanent Placement,Day,14,11,3,High,Partially Filled,2025-12-19,2026-01-08,2026-03-05,8,127.48
REQ000755,220002,MOUNT AUBURN HOSPITAL,CAMBRIDGE,MA,Physical Therapist,Rehabilitation,Local Contract,Evening,6,3,3,Low,Partially Filled,2025-08-24,2025-10-01,2025-10-29,4,128.95
REQ000756,220175,METROWEST MEDICAL CENTER,FRAMINGHAM,MA,Physician,Medical Services,Per Diem,Night,9,2,7,Medium,Partially Filled,2025-09-16,2025-09-30,2025-10-28,4,293.78
REQ000757,224022,BOURNEWOOD HOSPITAL,BROOKLINE,MA,Physician,Medical Services,Local Contract,Day,10,5,5,High,Partially Filled,2026-02-25,2026-03-14,2026-04-11,4,260.86
REQ000758,220108,BETH ISRAEL DEACONESS HOSPITAL - MILTON,MILTON,MA,Allied Health Professional,Allied Health,Travel Contract,Day,5,3,2,Medium,Partially Filled,2025-10-12,2025-11-14,2026-02-06,12,142.65
REQ000759,220163,UMASS MEMORIAL MEDICAL CENTER/UNIVERSITY CAMPUS,WORCESTER,MA,Travel Nurse,Travel Nursing,Per Diem,Day,7,1,6,Medium,Partially Filled,2026-04-10,2026-05-19,2026-09-08,16,153.72
REQ000760,220065,BAYSTATE NOBLE HOSPITAL,WESTFIELD,MA,Radiologic Technologist,Radiology,Per Diem,Day,4,0,4,Medium,Open,2025-08-15,2025-09-17,2026-03-18,26,120.83
REQ000761,223302,BOSTON CHILDREN'S HOSPITAL,BOSTON,MA,Physician,Medical Services,Local Contract,Night,2,2,0,Medium,Filled,2026-05-18,2026-06-20,2026-09-19,13,308.97
REQ000762,221302,FAIRVIEW HOSPITAL,GREAT BARRINGTON,MA,Laboratory Technician,Laboratory,Permanent Placement,Morning,1,0,1,High,Open,2026-03-05,2026-04-16,2026-07-16,13,79.72
REQ000763,220077,BAYSTATE MEDICAL CENTER,SPRINGFIELD,MA,Radiologic Technologist,Radiology,Permanent Placement,Morning,14,10,4,High,Partially Filled,2025-12-18,2026-02-01,2026-04-26,12,96.89
REQ000764,220074,SOUTHCOAST HOSPITALS GROUP,FALL RIVER,MA,Physician,Medical Services,Travel Contract,Morning,9,9,0,Low,Filled,2025-08-24,2025-09-10,2026-03-11,26,288.89
REQ000765,220031,BOSTON MEDICAL CENTER,BOSTON,MA,Laboratory Technician,Laboratory,Per Diem,Morning,10,8,2,High,Partially Filled,2025-12-22,2026-01-25,2026-03-22,8,136.57
REQ000766,220035,NORTH SHORE MEDICAL CENTER -,SALEM,MA,Physician,Medical Services,Per Diem,Day,4,3,1,Critical,Partially Filled,2025-12-04,2025-12-31,2026-03-25,12,249.36
REQ000767,220062,ADCARE HOSPITAL OF WORCESTER INC,WORCESTER,MA,Physical Therapist,Rehabilitation,Permanent Placement,Evening,11,2,9,High,Partially Filled,2026-04-01,2026-04-08,2026-05-06,4,129.67
REQ000768,224032,WORCESTER RECOVERY CENTER AND HOSPITAL,WORCESTER,MA,ICU Nurse,Intensive Care Unit,Per Diem,Evening,8,1,7,High,Partially Filled,2026-05-03,2026-05-11,2026-11-09,26,130.06
REQ000769,220073,BROWN UNIVERSITY HEALTH MORTON HOSPITAL,TAUNTON,MA,Registered Nurse,General Nursing,Permanent Placement,Day,15,6,9,Medium,Partially Filled,2025-10-03,2025-11-08,2026-01-31,12,86.38
REQ000770,220095,HEYWOOD HOSPITAL -,GARDNER,MA,Allied Health Professional,Allied Health,Local Contract,Night,11,4,7,Critical,Partially Filled,2025-11-07,2025-11-19,2026-03-11,16,157.71
REQ000771,224021,ARBOUR-FULLER HOSPITAL,SOUTH ATTLEBORO,MA,Physician,Medical Services,Permanent Placement,Day,1,0,1,High,Open,2026-04-10,2026-05-25,2026-07-20,8,279.84
REQ000772,220100,SOUTH SHORE HOSPITAL,SOUTH WEYMOUTH,MA,Emergency Room Nurse,Emergency Department,Local Contract,Day,12,9,3,High,Partially Filled,2026-05-10,2026-05-29,2026-11-27,26,152.22
REQ000773,223302,BOSTON CHILDREN'S HOSPITAL,BOSTON,MA,Physician,Medical Services,Per Diem,Night,12,12,0,High,Filled,2026-05-19,2026-06-09,2026-09-29,16,241.62
REQ000774,224043,TARAVISTA BEHAVIORAL HEALTH CENTER,DEVENS,MA,Physical Therapist,Rehabilitation,Travel Contract,Morning,1,1,0,Medium,Filled,2025-12-08,2026-01-19,2026-04-20,13,161.66
REQ000775,220095,HEYWOOD HOSPITAL -,GARDNER,MA,ICU Nurse,Intensive Care Unit,Travel Contract,Night,8,5,3,Low,Partially Filled,2026-07-15,2026-08-24,2026-11-23,13,169.29
REQ000776,224043,TARAVISTA BEHAVIORAL HEALTH CENTER,DEVENS,MA,Radiologic Technologist,Radiology,Travel Contract,Day,4,2,2,Critical,Partially Filled,2026-01-09,2026-01-16,2026-04-17,13,97.79
REQ000777,220088,NEW ENGLAND BAPTIST HOSPITAL,BOSTON,MA,ICU Nurse,Intensive Care Unit,Travel Contract,Day,6,2,4,Low,Partially Filled,2025-12-06,2025-12-25,2026-02-19,8,135.24
REQ000778,224018,ARBOUR HUMAN RESOURCE INSTITUTE,BROOKLINE,MA,Physical Therapist,Rehabilitation,Permanent Placement,Night,4,0,4,Critical,Open,2026-06-17,2026-07-15,2026-10-07,12,150.28
REQ000779,220075,MASSACHUSETTS EYE AND EAR INFIRMARY -,BOSTON,MA,Laboratory Technician,Laboratory,Travel Contract,Evening,10,7,3,High,Partially Filled,2025-11-30,2025-12-11,2026-04-02,16,73.99
REQ000780,220077,BAYSTATE MEDICAL CENTER,SPRINGFIELD,MA,Registered Nurse,General Nursing,Travel Contract,Evening,2,0,2,Low,Open,2026-02-10,2026-03-09,2026-09-07,26,127.75
REQ000781,220101,NEWTON-WELLESLEY HOSPITAL,NEWTON,MA,ICU Nurse,Intensive Care Unit,Permanent Placement,Evening,1,1,0,Low,Filled,2025-09-22,2025-10-02,2026-01-22,16,157.64
REQ000782,224040,DR SOLOMON CARTER FULLER MENTAL HEALTH CENTER,BOSTON,MA,Physical Therapist,Rehabilitation,Permanent Placement,Day,7,7,0,Medium,Filled,2026-07-04,2026-07-11,2026-10-10,13,157.63
REQ000783,224018,ARBOUR HUMAN RESOURCE INSTITUTE,BROOKLINE,MA,Radiologic Technologist,Radiology,Travel Contract,Day,4,0,4,High,Open,2026-04-22,2026-05-20,2026-09-09,16,86.73
REQ000784,224031,CAPE COD & ISLANDS COMMUNITY MENTAL HEALTH CENTER,POCASSET,MA,Physical Therapist,Rehabilitation,Permanent Placement,Evening,6,3,3,Medium,Partially Filled,2025-10-04,2025-11-12,2026-02-04,12,101.64
REQ000785,221303,ATHOL MEMORIAL HOSPITAL,ATHOL,MA,Registered Nurse,General Nursing,Per Diem,Night,7,5,2,Medium,Partially Filled,2025-10-05,2025-10-31,2026-02-20,16,106.61
REQ000786,220071,MASSACHUSETTS GENERAL HOSPITAL,BOSTON,MA,Physician,Medical Services,Local Contract,Day,10,10,0,Medium,Filled,2026-02-05,2026-02-12,2026-06-04,16,297.34
REQ000787,220116,TUFTS MEDICAL CENTER,BOSTON,MA,Registered Nurse,General Nursing,Travel Contract,Morning,4,1,3,Medium,Partially Filled,2026-03-05,2026-04-03,2026-05-29,8,118.3
REQ000788,220033,NORTHEAST HOSPITAL CORPORATION,BEVERLY,MA,Physical Therapist,Rehabilitation,Per Diem,Evening,10,5,5,Medium,Partially Filled,2026-07-21,2026-08-18,2026-12-08,16,99.34
REQ000789,221303,ATHOL MEMORIAL HOSPITAL,ATHOL,MA,Radiologic Technologist,Radiology,Permanent Placement,Night,4,1,3,Medium,Partially Filled,2025-11-21,2025-11-28,2026-05-29,26,133.42
REQ000790,220075,MASSACHUSETTS EYE AND EAR INFIRMARY -,BOSTON,MA,Respiratory Therapist,Respiratory Care,Per Diem,Day,14,0,14,Low,Open,2025-11-14,2025-12-16,2026-02-10,8,87.1
REQ000791,220060,BETH ISRAEL DEACONESS HOSPITAL PLYMOUTH,PLYMOUTH,MA,Emergency Room Nurse,Emergency Department,Per Diem,Day,11,9,2,Critical,Partially Filled,2025-12-27,2026-01-31,2026-03-28,8,113.94
REQ000792,220080,HOLY FAMILY HOSPITAL,METHUEN,MA,Emergency Room Nurse,Emergency Department,Local Contract,Night,3,2,1,Medium,Partially Filled,2025-11-21,2025-12-14,2026-06-14,26,112.33
REQ000793,223300,FRANCISCAN CHILDREN'S HOSPITAL & REHAB CENTER,BRIGHTON,MA,ICU Nurse,Intensive Care Unit,Per Diem,Night,11,1,10,Medium,Partially Filled,2025-08-11,2025-08-26,2025-11-25,13,121.81
REQ000794,220010,MERRIMACK HEALTH LAWRENCE HOSPITAL,LAWRENCE,MA,Emergency Room Nurse,Emergency Department,Local Contract,Night,2,0,2,High,Open,2026-04-27,2026-05-31,2026-11-29,26,113.42
REQ000795,220175,METROWEST MEDICAL CENTER,FRAMINGHAM,MA,Allied Health Professional,Allied Health,Travel Contract,Night,11,3,8,High,Partially Filled,2026-01-10,2026-02-24,2026-05-26,13,110.59
REQ000796,224022,BOURNEWOOD HOSPITAL,BROOKLINE,MA,Allied Health Professional,Allied Health,Local Contract,Evening,13,4,9,Medium,Partially Filled,2025-12-05,2025-12-15,2026-06-15,26,95.7
REQ000797,220126,NORWOOD HOSPITAL,NORWOOD,MA,Physical Therapist,Rehabilitation,Permanent Placement,Evening,7,5,2,Medium,Partially Filled,2025-09-03,2025-09-20,2026-01-10,16,141.87
REQ000798,220008,STURDY MEMORIAL HOSPITAL,ATTLEBORO,MA,Radiologic Technologist,Radiology,Travel Contract,Night,10,6,4,Medium,Partially Filled,2026-04-11,2026-05-18,2026-08-10,12,96.21
REQ000799,220084,EMERSON HOSPITAL -,W CONCORD,MA,Respiratory Therapist,Respiratory Care,Local Contract,Morning,15,12,3,Medium,Partially Filled,2025-11-20,2025-12-16,2026-03-17,13,90.93
REQ000800,22001F,BEDFORD VA MEDICAL CENTER,BEDFORD,MA,Physician,Medical Services,Travel Contract,Evening,4,4,0,Medium,Filled,2026-03-16,2026-04-25,2026-07-18,12,263.55
REQ000801,220035,NORTH SHORE MEDICAL CENTER -,SALEM,MA,Radiologic Technologist,Radiology,Per Diem,Morning,13,7,6,Medium,Partially Filled,2026-03-10,2026-04-12,2026-07-05,12,94.57
REQ000802,224040,DR SOLOMON CARTER FULLER MENTAL HEALTH CENTER,BOSTON,MA,Physician,Medical Services,Per Diem,Day,15,2,13,High,Partially Filled,2026-06-27,2026-07-08,2026-09-30,12,304.86
REQ000803,220108,BETH ISRAEL DEACONESS HOSPITAL - MILTON,MILTON,MA,ICU Nurse,Intensive Care Unit,Per Diem,Night,9,3,6,High,Partially Filled,2025-09-06,2025-10-06,2025-11-03,4,122.5
REQ000804,220095,HEYWOOD HOSPITAL -,GARDNER,MA,Travel Nurse,Travel Nursing,Per Diem,Day,14,12,2,High,Partially Filled,2026-07-28,2026-09-11,2026-11-06,8,134.73
REQ000805,224007,MCLEAN HOSPITAL CORPORATION,BELMONT,MA,Respiratory Therapist,Respiratory Care,Local Contract,Evening,1,1,0,Medium,Filled,2026-02-24,2026-04-09,2026-10-08,26,135.63
REQ000806,220017,CARNEY HOSPITAL,BOSTON,MA,Radiologic Technologist,Radiology,Permanent Placement,Evening,13,8,5,Medium,Partially Filled,2025-11-28,2026-01-07,2026-04-29,16,88.01
REQ000807,224031,CAPE COD & ISLANDS COMMUNITY MENTAL HEALTH CENTER,POCASSET,MA,Respiratory Therapist,Respiratory Care,Travel Contract,Morning,8,7,1,Medium,Partially Filled,2026-07-24,2026-08-26,2026-10-21,8,146.16
REQ000808,220171,"LAHEY HOSPITAL & MEDICAL CENTER, BURLINGTON",BURLINGTON,MA,Registered Nurse,General Nursing,Permanent Placement,Evening,4,3,1,High,Partially Filled,2026-04-13,2026-05-12,2026-08-04,12,133.34
REQ000809,224045,HOSPITAL FOR BEHAVIORAL MEDICINE,WORCESTER,MA,Allied Health Professional,Allied Health,Local Contract,Night,13,0,13,Critical,Open,2026-05-28,2026-06-05,2026-09-25,16,159.6
REQ000810,220019,UMASS MEMORIAL HEALTH - HARRINGTON HOSPITAL,SOUTHBRIDGE,MA,Physical Therapist,Rehabilitation,Permanent Placement,Day,7,3,4,Medium,Partially Filled,2026-06-08,2026-07-21,2026-10-20,13,105.18
REQ000811,220083,BETH ISRAEL DEACONESS HOSPITAL - NEEDHAM,NEEDHAM,MA,Allied Health Professional,Allied Health,Travel Contract,Night,15,9,6,Medium,Partially Filled,2026-05-19,2026-06-23,2026-12-22,26,128.7
REQ000812,224021,ARBOUR-FULLER HOSPITAL,SOUTH ATTLEBORO,MA,Physical Therapist,Rehabilitation,Permanent Placement,Morning,4,0,4,Medium,Open,2026-04-08,2026-04-16,2026-06-11,8,112.38
REQ000813,220008,STURDY MEMORIAL HOSPITAL,ATTLEBORO,MA,ICU Nurse,Intensive Care Unit,Local Contract,Morning,9,0,9,High,Open,2026-03-21,2026-03-31,2026-06-23,12,133.76
REQ000814,220119,BRIGHAM AND WOMEN FAULKNER HOSPITAL,JAMAICA PLAIN,MA,ICU Nurse,Intensive Care Unit,Permanent Placement,Night,8,1,7,Medium,Partially Filled,2025-10-06,2025-11-16,2026-02-15,13,119.4
REQ000815,220101,NEWTON-WELLESLEY HOSPITAL,NEWTON,MA,Radiologic Technologist,Radiology,Local Contract,Evening,5,4,1,Medium,Partially Filled,2025-10-21,2025-12-05,2026-03-27,16,82.52
REQ000816,220036,BOSTON MEDICAL CENTER-BRIGHTON,BRIGHTON,MA,Radiologic Technologist,Radiology,Per Diem,Evening,13,3,10,Medium,Partially Filled,2025-09-02,2025-10-04,2026-01-24,16,122.33
REQ000817,220046,BERKSHIRE MEDICAL CENTER,PITTSFIELD,MA,Physician,Medical Services,Per Diem,Evening,12,11,1,High,Partially Filled,2026-06-27,2026-08-02,2026-10-25,12,296.7
REQ000818,220073,BROWN UNIVERSITY HEALTH MORTON HOSPITAL,TAUNTON,MA,Respiratory Therapist,Respiratory Care,Permanent Placement,Evening,12,6,6,Critical,Partially Filled,2025-12-06,2025-12-24,2026-04-15,16,97.84
REQ000819,220019,UMASS MEMORIAL HEALTH - HARRINGTON HOSPITAL,SOUTHBRIDGE,MA,ICU Nurse,Intensive Care Unit,Per Diem,Morning,15,5,10,High,Partially Filled,2026-02-18,2026-02-27,2026-04-24,8,109.67
REQ000820,220015,"COOLEY DICKINSON HOSPITAL INC,THE",NORTHAMPTON,MA,Radiologic Technologist,Radiology,Travel Contract,Morning,6,0,6,Medium,Open,2026-02-27,2026-04-10,2026-05-08,4,93.54
REQ000821,220017,CARNEY HOSPITAL,BOSTON,MA,Laboratory Technician,Laboratory,Permanent Placement,Evening,2,2,0,Medium,Filled,2025-08-23,2025-09-28,2025-10-26,4,95.95
REQ000822,224031,CAPE COD & ISLANDS COMMUNITY MENTAL HEALTH CENTER,POCASSET,MA,Respiratory Therapist,Respiratory Care,Local Contract,Morning,2,2,0,High,Filled,2025-08-20,2025-08-27,2025-11-19,12,117.5
REQ000823,220033,NORTHEAST HOSPITAL CORPORATION,BEVERLY,MA,ICU Nurse,Intensive Care Unit,Local Contract,Evening,4,3,1,High,Partially Filled,2025-09-12,2025-10-24,2026-04-24,26,163.91
REQ000824,220110,BRIGHAM AND WOMEN'S HOSPITAL,BOSTON,MA,Registered Nurse,General Nursing,Permanent Placement,Night,5,0,5,Low,Open,2026-06-07,2026-06-20,2026-08-15,8,138.45
REQ000825,220111,GOOD SAMARITAN MEDICAL CENTER,BROCKTON,MA,Emergency Room Nurse,Emergency Department,Local Contract,Evening,4,0,4,High,Open,2026-03-14,2026-04-12,2026-06-07,8,158.56
REQ000826,220176,ST VINCENT HOSPITAL,WORCESTER,MA,ICU Nurse,Intensive Care Unit,Travel Contract,Evening,1,0,1,High,Open,2026-02-16,2026-03-14,2026-06-13,13,170.02
REQ000827,220010,MERRIMACK HEALTH LAWRENCE HOSPITAL,LAWRENCE,MA,Travel Nurse,Travel Nursing,Travel Contract,Morning,7,0,7,High,Open,2025-11-11,2025-11-23,2025-12-21,4,162.6
REQ000828,220065,BAYSTATE NOBLE HOSPITAL,WESTFIELD,MA,Travel Nurse,Travel Nursing,Permanent Placement,Day,3,0,3,High,Open,2025-09-19,2025-10-06,2026-04-06,26,137.59
REQ000829,224023,WESTWOOD PEMBROKE HEALTH SYSTEMS,WESTWOOD,MA,Travel Nurse,Travel Nursing,Travel Contract,Night,7,6,1,Medium,Partially Filled,2026-06-16,2026-07-06,2026-10-26,16,139.96
REQ000830,220073,BROWN UNIVERSITY HEALTH MORTON HOSPITAL,TAUNTON,MA,Registered Nurse,General Nursing,Permanent Placement,Night,7,3,4,Low,Partially Filled,2026-02-22,2026-03-21,2026-04-18,4,142.06
REQ000831,224032,WORCESTER RECOVERY CENTER AND HOSPITAL,WORCESTER,MA,Physical Therapist,Rehabilitation,Permanent Placement,Morning,15,6,9,High,Partially Filled,2026-02-05,2026-02-14,2026-03-14,4,126.97
REQ000832,220083,BETH ISRAEL DEACONESS HOSPITAL - NEEDHAM,NEEDHAM,MA,Laboratory Technician,Laboratory,Per Diem,Evening,2,2,0,High,Filled,2026-05-19,2026-06-05,2026-08-28,12,136.07
REQ000833,220031,BOSTON MEDICAL CENTER,BOSTON,MA,Allied Health Professional,Allied Health,Per Diem,Day,8,1,7,High,Partially Filled,2025-10-29,2025-11-25,2026-05-26,26,130.95
REQ000834,220175,METROWEST MEDICAL CENTER,FRAMINGHAM,MA,Laboratory Technician,Laboratory,Local Contract,Day,10,0,10,High,Open,2026-06-24,2026-07-15,2026-11-04,16,130.77
REQ000835,220171,"LAHEY HOSPITAL & MEDICAL CENTER, BURLINGTON",BURLINGTON,MA,Travel Nurse,Travel Nursing,Local Contract,Morning,2,0,2,Medium,Open,2026-03-08,2026-03-30,2026-07-20,16,129.14
REQ000836,220175,METROWEST MEDICAL CENTER,FRAMINGHAM,MA,Travel Nurse,Travel Nursing,Per Diem,Night,15,14,1,Medium,Partially Filled,2026-06-25,2026-07-04,2026-08-29,8,160.05
REQ000837,221303,ATHOL MEMORIAL HOSPITAL,ATHOL,MA,Laboratory Technician,Laboratory,Per Diem,Night,4,2,2,Medium,Partially Filled,2026-03-01,2026-03-26,2026-04-23,4,71.79
REQ000838,221302,FAIRVIEW HOSPITAL,GREAT BARRINGTON,MA,Travel Nurse,Travel Nursing,Permanent Placement,Day,6,1,5,Low,Partially Filled,2026-06-08,2026-07-09,2026-10-29,16,149.41
REQ000839,224031,CAPE COD & ISLANDS COMMUNITY MENTAL HEALTH CENTER,POCASSET,MA,Registered Nurse,General Nursing,Local Contract,Night,3,0,3,Medium,Open,2026-06-21,2026-07-07,2026-09-01,8,90.47
REQ000840,220033,NORTHEAST HOSPITAL CORPORATION,BEVERLY,MA,Physician,Medical Services,Local Contract,Morning,7,2,5,Medium,Partially Filled,2025-10-24,2025-11-12,2026-01-07,8,271.38
REQ000841,224039,WHITTIER PAVILION,HAVERHILL,MA,Travel Nurse,Travel Nursing,Permanent Placement,Night,6,3,3,Medium,Partially Filled,2025-12-18,2026-01-24,2026-02-21,4,144.59
REQ000842,224038,"WALDEN BEHAVIORAL CARE, LLC",DEDHAM,MA,Respiratory Therapist,Respiratory Care,Permanent Placement,Day,13,6,7,High,Partially Filled,2025-10-19,2025-11-25,2025-12-23,4,149.51
REQ000843,22010F,VA BOSTON HEALTHCARE SYSTEM - JAMAICA PLAIN,JAMAICA PLAIN,MA,Laboratory Technician,Laboratory,Permanent Placement,Evening,3,2,1,Medium,Partially Filled,2025-10-18,2025-11-29,2026-05-30,26,87.83
REQ000844,220116,TUFTS MEDICAL CENTER,BOSTON,MA,Physical Therapist,Rehabilitation,Local Contract,Night,3,3,0,Critical,Filled,2026-04-04,2026-04-15,2026-07-08,12,92.29
REQ000845,224041,SOUTHCOAST BEHAVIORAL HEALTH,DARTMOUTH,MA,Allied Health Professional,Allied Health,Permanent Placement,Evening,7,5,2,Medium,Partially Filled,2026-04-09,2026-05-11,2026-08-10,13,159.13
REQ000846,220030,BAYSTATE WING HOSPITAL,PALMER,MA,Respiratory Therapist,Respiratory Care,Local Contract,Evening,15,5,10,Critical,Partially Filled,2025-08-20,2025-09-03,2025-12-03,13,138.99
REQ000847,224007,MCLEAN HOSPITAL CORPORATION,BELMONT,MA,Laboratory Technician,Laboratory,Travel Contract,Evening,12,5,7,Critical,Partially Filled,2026-07-30,2026-09-06,2027-03-07,26,119.5
REQ000848,221302,FAIRVIEW HOSPITAL,GREAT BARRINGTON,MA,Radiologic Technologist,Radiology,Travel Contract,Night,12,10,2,Medium,Partially Filled,2025-08-18,2025-09-17,2026-03-18,26,113.88
REQ000849,220036,BOSTON MEDICAL CENTER-BRIGHTON,BRIGHTON,MA,Physician,Medical Services,Travel Contract,Day,11,2,9,High,Partially Filled,2025-12-05,2026-01-19,2026-05-11,16,285.11
REQ000850,220090,MILFORD REGIONAL MEDICAL CENTER,MILFORD,MA,Respiratory Therapist,Respiratory Care,Permanent Placement,Night,9,3,6,High,Partially Filled,2026-07-28,2026-09-10,2026-10-08,4,102.7
REQ000851,224045,HOSPITAL FOR BEHAVIORAL MEDICINE,WORCESTER,MA,Laboratory Technician,Laboratory,Permanent Placement,Day,5,5,0,Medium,Filled,2026-04-30,2026-05-31,2026-09-20,16,108.08
REQ000852,224007,MCLEAN HOSPITAL CORPORATION,BELMONT,MA,Emergency Room Nurse,Emergency Department,Travel Contract,Night,7,4,3,High,Partially Filled,2025-12-16,2026-01-05,2026-07-06,26,100.11
REQ000853,220065,BAYSTATE NOBLE HOSPITAL,WESTFIELD,MA,Respiratory Therapist,Respiratory Care,Permanent Placement,Night,5,5,0,Medium,Filled,2026-04-26,2026-05-29,2026-11-27,26,98.05
REQ000854,220031,BOSTON MEDICAL CENTER,BOSTON,MA,Travel Nurse,Travel Nursing,Local Contract,Night,2,1,1,Medium,Partially Filled,2026-04-07,2026-04-25,2026-08-15,16,167.49
REQ000855,224031,CAPE COD & ISLANDS COMMUNITY MENTAL HEALTH CENTER,POCASSET,MA,Physician,Medical Services,Local Contract,Day,15,3,12,Medium,Partially Filled,2026-02-26,2026-04-02,2026-10-01,26,266.44
REQ000856,220095,HEYWOOD HOSPITAL -,GARDNER,MA,ICU Nurse,Intensive Care Unit,Permanent Placement,Day,4,3,1,Low,Partially Filled,2026-01-23,2026-01-31,2026-05-23,16,123.63
REQ000857,220062,ADCARE HOSPITAL OF WORCESTER INC,WORCESTER,MA,Physical Therapist,Rehabilitation,Permanent Placement,Morning,9,0,9,Critical,Open,2025-08-22,2025-09-04,2025-10-30,8,125.13
REQ000858,220071,MASSACHUSETTS GENERAL HOSPITAL,BOSTON,MA,Physical Therapist,Rehabilitation,Per Diem,Night,11,5,6,Critical,Partially Filled,2026-03-08,2026-04-05,2026-06-28,12,138.56
REQ000859,220175,METROWEST MEDICAL CENTER,FRAMINGHAM,MA,Physical Therapist,Rehabilitation,Travel Contract,Evening,13,1,12,High,Partially Filled,2025-08-30,2025-09-28,2025-12-21,12,120.13
REQ000860,220031,BOSTON MEDICAL CENTER,BOSTON,MA,Registered Nurse,General Nursing,Local Contract,Morning,5,5,0,Medium,Filled,2026-06-05,2026-06-19,2026-10-09,16,133.03
REQ000861,220126,NORWOOD HOSPITAL,NORWOOD,MA,Laboratory Technician,Laboratory,Travel Contract,Morning,11,5,6,High,Partially Filled,2026-02-28,2026-03-19,2026-04-16,4,135.87
REQ000862,221300,MARTHA'S VINEYARD HOSPITAL INC,OAK BLUFFS,MA,Radiologic Technologist,Radiology,Per Diem,Evening,7,1,6,Critical,Partially Filled,2025-11-28,2026-01-12,2026-04-13,13,147.9
REQ000863,220126,NORWOOD HOSPITAL,NORWOOD,MA,ICU Nurse,Intensive Care Unit,Travel Contract,Night,4,1,3,Medium,Partially Filled,2026-02-14,2026-03-11,2026-07-01,16,111.1
REQ000864,223304,THE SHRINERS' HOSPITAL FOR CHILDREN - BOSTON,BOSTON,MA,Radiologic Technologist,Radiology,Local Contract,Night,8,8,0,Medium,Filled,2025-10-26,2025-11-30,2025-12-28,4,134.73
REQ000865,220046,BERKSHIRE MEDICAL CENTER,PITTSFIELD,MA,ICU Nurse,Intensive Care Unit,Permanent Placement,Morning,15,10,5,Medium,Partially Filled,2026-03-11,2026-03-19,2026-05-14,8,123.03
REQ000866,220126,NORWOOD HOSPITAL,NORWOOD,MA,ICU Nurse,Intensive Care Unit,Permanent Placement,Day,11,11,0,High,Filled,2026-07-07,2026-07-22,2026-11-11,16,128.3
REQ000867,224028,DR JOHN C CORRIGAN MENTAL HEALTH CENTER,FALL RIVER,MA,Physical Therapist,Rehabilitation,Permanent Placement,Evening,6,3,3,High,Partially Filled,2026-06-04,2026-06-15,2026-12-14,26,107.65
REQ000868,220060,BETH ISRAEL DEACONESS HOSPITAL PLYMOUTH,PLYMOUTH,MA,Physician,Medical Services,Local Contract,Day,6,5,1,High,Partially Filled,2025-09-14,2025-09-28,2025-10-26,4,248.92
REQ000869,220063,LOWELL GENERAL HOSPITAL,LOWELL,MA,Respiratory Therapist,Respiratory Care,Permanent Placement,Evening,1,0,1,Medium,Open,2026-05-23,2026-05-30,2026-08-22,12,110.55
REQ000870,223302,BOSTON CHILDREN'S HOSPITAL,BOSTON,MA,Laboratory Technician,Laboratory,Permanent Placement,Day,4,0,4,Medium,Open,2026-07-06,2026-08-20,2026-12-10,16,100.24
REQ000871,220036,BOSTON MEDICAL CENTER-BRIGHTON,BRIGHTON,MA,Physician,Medical Services,Per Diem,Night,8,2,6,High,Partially Filled,2025-11-21,2025-12-29,2026-06-29,26,299.44
REQ000872,224021,ARBOUR-FULLER HOSPITAL,SOUTH ATTLEBORO,MA,Physical Therapist,Rehabilitation,Per Diem,Evening,12,1,11,High,Partially Filled,2026-01-11,2026-02-06,2026-05-29,16,107.1
REQ000873,220024,HOLYOKE MEDICAL CENTER,HOLYOKE,MA,Respiratory Therapist,Respiratory Care,Local Contract,Night,14,11,3,High,Partially Filled,2025-08-31,2025-09-28,2025-11-23,8,88.68
REQ000874,220073,BROWN UNIVERSITY HEALTH MORTON HOSPITAL,TAUNTON,MA,Radiologic Technologist,Radiology,Travel Contract,Evening,15,5,10,Medium,Partially Filled,2026-02-17,2026-03-15,2026-09-13,26,129.45
REQ000875,224007,MCLEAN HOSPITAL CORPORATION,BELMONT,MA,Respiratory Therapist,Respiratory Care,Per Diem,Night,12,4,8,High,Partially Filled,2026-02-17,2026-02-28,2026-06-20,16,123.36
REQ000876,220108,BETH ISRAEL DEACONESS HOSPITAL - MILTON,MILTON,MA,Emergency Room Nurse,Emergency Department,Per Diem,Evening,14,14,0,High,Filled,2026-01-13,2026-02-26,2026-03-26,4,140.4
REQ000877,221304,NORTH ADAMS REGIONAL HOSPITAL CORPORATION,NORTH ADAMS,MA,Radiologic Technologist,Radiology,Travel Contract,Morning,4,1,3,High,Partially Filled,2025-12-28,2026-01-13,2026-03-10,8,122.3
REQ000878,220036,BOSTON MEDICAL CENTER-BRIGHTON,BRIGHTON,MA,Respiratory Therapist,Respiratory Care,Permanent Placement,Night,2,1,1,Critical,Partially Filled,2026-03-07,2026-03-24,2026-04-21,4,93.21
REQ000879,220074,SOUTHCOAST HOSPITALS GROUP,FALL RIVER,MA,Allied Health Professional,Allied Health,Permanent Placement,Night,11,11,0,Low,Filled,2026-05-31,2026-07-04,2026-08-29,8,106.86
REQ000880,220052,SIGNATURE HEALTHCARE BROCKTON HOSPITAL,BROCKTON,MA,Physician,Medical Services,Permanent Placement,Day,11,11,0,High,Filled,2026-07-19,2026-09-02,2026-10-28,8,300.54
REQ000881,224032,WORCESTER RECOVERY CENTER AND HOSPITAL,WORCESTER,MA,Respiratory Therapist,Respiratory Care,Travel Contract,Day,1,0,1,Medium,Open,2025-12-19,2026-01-23,2026-04-17,12,129.9
REQ000882,220074,SOUTHCOAST HOSPITALS GROUP,FALL RIVER,MA,Travel Nurse,Travel Nursing,Per Diem,Day,10,7,3,High,Partially Filled,2025-08-12,2025-09-25,2026-01-15,16,127.68
REQ000883,220020,SAINT ANNE'S HOSPITAL,FALL RIVER,MA,Respiratory Therapist,Respiratory Care,Travel Contract,Night,2,1,1,Medium,Partially Filled,2025-12-31,2026-02-12,2026-04-09,8,134.05
REQ000884,224046,MIRAVISTA BEHAVIORAL HEALTH CENTER,HOLYOKE,MA,Laboratory Technician,Laboratory,Travel Contract,Night,2,2,0,Critical,Filled,2026-05-02,2026-06-11,2026-09-10,13,130.83
REQ000885,220011,CAMBRIDGE HEALTH ALLIANCE,CAMBRIDGE,MA,Physical Therapist,Rehabilitation,Per Diem,Day,9,7,2,Low,Partially Filled,2026-07-22,2026-08-09,2026-09-06,4,132.26
REQ000886,224032,WORCESTER RECOVERY CENTER AND HOSPITAL,WORCESTER,MA,Emergency Room Nurse,Emergency Department,Travel Contract,Day,14,12,2,Critical,Partially Filled,2025-09-14,2025-10-26,2026-01-18,12,135.43
REQ000887,220066,MERCY MEDICAL CTR,SPRINGFIELD,MA,Laboratory Technician,Laboratory,Per Diem,Day,1,0,1,Critical,Open,2025-10-27,2025-11-30,2026-05-31,26,104.36
REQ000888,220024,HOLYOKE MEDICAL CENTER,HOLYOKE,MA,Laboratory Technician,Laboratory,Per Diem,Night,8,5,3,High,Partially Filled,2026-03-16,2026-03-31,2026-07-21,16,114.38
REQ000889,221303,ATHOL MEMORIAL HOSPITAL,ATHOL,MA,Travel Nurse,Travel Nursing,Local Contract,Night,5,1,4,High,Partially Filled,2025-08-19,2025-09-07,2025-11-02,8,134.42
REQ000890,224044,WESTBOROUGH BEHAVIORAL HEALTHCARE HOSPITAL LLC,WESTBOROUGH,MA,Respiratory Therapist,Respiratory Care,Local Contract,Evening,5,3,2,Medium,Partially Filled,2025-09-08,2025-10-20,2026-01-12,12,151.13
REQ000891,220088,NEW ENGLAND BAPTIST HOSPITAL,BOSTON,MA,Emergency Room Nurse,Emergency Department,Per Diem,Night,11,11,0,High,Filled,2026-05-02,2026-05-22,2026-06-19,4,139.45
REQ000892,220105,WINCHESTER HOSPITAL,WINCHESTER,MA,Laboratory Technician,Laboratory,Per Diem,Evening,14,2,12,Medium,Partially Filled,2026-06-06,2026-06-23,2026-09-22,13,135.48
REQ000893,221302,FAIRVIEW HOSPITAL,GREAT BARRINGTON,MA,ICU Nurse,Intensive Care Unit,Permanent Placement,Day,2,2,0,Medium,Filled,2025-12-17,2025-12-31,2026-04-22,16,111.23
REQ000894,220075,MASSACHUSETTS EYE AND EAR INFIRMARY -,BOSTON,MA,Physician,Medical Services,Permanent Placement,Night,1,0,1,Medium,Open,2025-10-14,2025-11-04,2026-01-27,12,247.35
REQ000895,220086,BETH ISRAEL DEACONESS MEDICAL CENTER,BOSTON,MA,Emergency Room Nurse,Emergency Department,Permanent Placement,Day,14,12,2,Medium,Partially Filled,2026-04-27,2026-05-23,2026-09-12,16,149.03
REQ000896,220080,HOLY FAMILY HOSPITAL,METHUEN,MA,Laboratory Technician,Laboratory,Local Contract,Morning,15,1,14,Critical,Partially Filled,2025-12-17,2026-01-31,2026-02-28,4,95.27
REQ000897,224007,MCLEAN HOSPITAL CORPORATION,BELMONT,MA,Laboratory Technician,Laboratory,Per Diem,Day,8,2,6,High,Partially Filled,2026-05-10,2026-06-24,2026-09-23,13,117.93
REQ000898,223302,BOSTON CHILDREN'S HOSPITAL,BOSTON,MA,Emergency Room Nurse,Emergency Department,Per Diem,Night,5,0,5,High,Open,2026-02-10,2026-03-25,2026-09-23,26,129.28
REQ000899,22009F,NORTHAMPTON VA MEDICAL CENTER,LEEDS,MA,Emergency Room Nurse,Emergency Department,Per Diem,Evening,9,4,5,Medium,Partially Filled,2026-03-13,2026-04-11,2026-07-11,13,150.29
REQ000900,224040,DR SOLOMON CARTER FULLER MENTAL HEALTH CENTER,BOSTON,MA,Physician,Medical Services,Travel Contract,Day,7,5,2,Low,Partially Filled,2026-06-22,2026-07-04,2026-09-26,12,256.8
REQ000901,220046,BERKSHIRE MEDICAL CENTER,PITTSFIELD,MA,Emergency Room Nurse,Emergency Department,Permanent Placement,Day,12,4,8,Critical,Partially Filled,2026-05-22,2026-06-01,2026-06-29,4,129.68
REQ000902,220074,SOUTHCOAST HOSPITALS GROUP,FALL RIVER,MA,Emergency Room Nurse,Emergency Department,Travel Contract,Evening,11,10,1,Low,Partially Filled,2026-04-03,2026-05-11,2026-08-31,16,113.31
REQ000903,220062,ADCARE HOSPITAL OF WORCESTER INC,WORCESTER,MA,Respiratory Therapist,Respiratory Care,Travel Contract,Evening,6,1,5,Critical,Partially Filled,2026-07-26,2026-09-05,2027-03-06,26,132.22
REQ000904,220008,STURDY MEMORIAL HOSPITAL,ATTLEBORO,MA,Travel Nurse,Travel Nursing,Per Diem,Day,14,2,12,Medium,Partially Filled,2025-10-29,2025-11-09,2026-02-01,12,141.54
REQ000905,220010,MERRIMACK HEALTH LAWRENCE HOSPITAL,LAWRENCE,MA,ICU Nurse,Intensive Care Unit,Travel Contract,Morning,14,12,2,Medium,Partially Filled,2026-01-21,2026-02-12,2026-06-04,16,125.55
REQ000906,220015,"COOLEY DICKINSON HOSPITAL INC,THE",NORTHAMPTON,MA,Registered Nurse,General Nursing,Travel Contract,Evening,4,2,2,High,Partially Filled,2026-06-20,2026-08-02,2026-11-01,13,144.38
REQ000907,220077,BAYSTATE MEDICAL CENTER,SPRINGFIELD,MA,Allied Health Professional,Allied Health,Travel Contract,Day,5,2,3,Medium,Partially Filled,2025-08-04,2025-09-09,2025-12-02,12,140.57
REQ000908,220002,MOUNT AUBURN HOSPITAL,CAMBRIDGE,MA,Allied Health Professional,Allied Health,Travel Contract,Night,8,3,5,Medium,Partially Filled,2025-08-05,2025-08-18,2025-11-17,13,153.92
REQ000909,220062,ADCARE HOSPITAL OF WORCESTER INC,WORCESTER,MA,Emergency Room Nurse,Emergency Department,Per Diem,Morning,8,6,2,Medium,Partially Filled,2026-07-03,2026-07-26,2026-09-20,8,162.45
REQ000910,224043,TARAVISTA BEHAVIORAL HEALTH CENTER,DEVENS,MA,Physician,Medical Services,Local Contract,Night,14,7,7,Medium,Partially Filled,2025-09-25,2025-10-30,2026-04-30,26,270.38
REQ000911,220070,MELROSEWAKEFIELD HEALTHCARE,MELROSE,MA,Travel Nurse,Travel Nursing,Permanent Placement,Evening,1,0,1,High,Open,2025-09-26,2025-10-15,2026-01-07,12,178.07
REQ000912,220119,BRIGHAM AND WOMEN FAULKNER HOSPITAL,JAMAICA PLAIN,MA,Travel Nurse,Travel Nursing,Permanent Placement,Night,7,7,0,Medium,Filled,2026-04-03,2026-04-27,2026-05-25,4,168.51
REQ000913,220002,MOUNT AUBURN HOSPITAL,CAMBRIDGE,MA,Laboratory Technician,Laboratory,Local Contract,Night,2,0,2,Medium,Open,2026-02-16,2026-03-03,2026-03-31,4,68.96
REQ000914,220084,EMERSON HOSPITAL -,W CONCORD,MA,Registered Nurse,General Nursing,Permanent Placement,Evening,10,0,10,Medium,Open,2026-07-14,2026-08-11,2026-11-10,13,119.02
REQ000915,220088,NEW ENGLAND BAPTIST HOSPITAL,BOSTON,MA,Travel Nurse,Travel Nursing,Local Contract,Morning,9,2,7,High,Partially Filled,2026-06-13,2026-06-29,2026-12-28,26,175.49
REQ000916,221302,FAIRVIEW HOSPITAL,GREAT BARRINGTON,MA,Respiratory Therapist,Respiratory Care,Travel Contract,Night,13,12,1,Medium,Partially Filled,2025-11-10,2025-12-17,2026-06-17,26,144.84
REQ000917,224023,WESTWOOD PEMBROKE HEALTH SYSTEMS,WESTWOOD,MA,Emergency Room Nurse,Emergency Department,Per Diem,Night,7,0,7,Critical,Open,2025-11-26,2025-12-10,2026-02-04,8,129.84
REQ000918,224038,"WALDEN BEHAVIORAL CARE, LLC",DEDHAM,MA,Travel Nurse,Travel Nursing,Local Contract,Night,7,4,3,Medium,Partially Filled,2025-09-16,2025-09-26,2025-12-26,13,148.54
REQ000919,220074,SOUTHCOAST HOSPITALS GROUP,FALL RIVER,MA,Respiratory Therapist,Respiratory Care,Per Diem,Morning,2,1,1,Critical,Partially Filled,2026-06-26,2026-07-06,2026-09-28,12,134.81
REQ000920,221302,FAIRVIEW HOSPITAL,GREAT BARRINGTON,MA,Allied Health Professional,Allied Health,Per Diem,Night,1,0,1,Medium,Open,2025-08-25,2025-09-12,2025-10-10,4,109.61
REQ000921,224047,VALLEY SPRINGS BEHAVIORAL HEALTH HOSPITAL,HOLYOKE,MA,ICU Nurse,Intensive Care Unit,Per Diem,Morning,8,5,3,Medium,Partially Filled,2026-03-09,2026-03-27,2026-06-19,12,151.83
REQ000922,223304,THE SHRINERS' HOSPITAL FOR CHILDREN - BOSTON,BOSTON,MA,Emergency Room Nurse,Emergency Department,Per Diem,Night,13,5,8,High,Partially Filled,2026-01-17,2026-02-16,2026-08-17,26,114.7
REQ000923,220090,MILFORD REGIONAL MEDICAL CENTER,MILFORD,MA,ICU Nurse,Intensive Care Unit,Travel Contract,Day,12,9,3,High,Partially Filled,2025-09-24,2025-10-09,2026-04-09,26,168.85
REQ000924,224032,WORCESTER RECOVERY CENTER AND HOSPITAL,WORCESTER,MA,Travel Nurse,Travel Nursing,Per Diem,Morning,2,2,0,High,Filled,2025-11-07,2025-12-12,2026-01-09,4,184.28
REQ000925,220012,CAPE COD HOSPITAL,HYANNIS,MA,Laboratory Technician,Laboratory,Per Diem,Morning,4,3,1,High,Partially Filled,2025-10-18,2025-10-27,2025-12-22,8,99.39
REQ000926,220086,BETH ISRAEL DEACONESS MEDICAL CENTER,BOSTON,MA,Respiratory Therapist,Respiratory Care,Travel Contract,Night,9,8,1,High,Partially Filled,2025-09-04,2025-10-11,2026-01-10,13,133.77
REQ000927,223302,BOSTON CHILDREN'S HOSPITAL,BOSTON,MA,Physician,Medical Services,Local Contract,Evening,13,11,2,Medium,Partially Filled,2025-08-24,2025-10-06,2025-11-03,4,277.27
REQ000928,220074,SOUTHCOAST HOSPITALS GROUP,FALL RIVER,MA,ICU Nurse,Intensive Care Unit,Permanent Placement,Morning,7,6,1,Medium,Partially Filled,2025-10-24,2025-11-28,2026-03-20,16,105.25
REQ000929,220001,UMASS MEMORIAL HEALTHALLIANCE HOSPITALS,LEOMINSTER,MA,Travel Nurse,Travel Nursing,Per Diem,Morning,8,8,0,High,Filled,2026-05-31,2026-06-07,2026-09-27,16,135.75
REQ000930,220111,GOOD SAMARITAN MEDICAL CENTER,BROCKTON,MA,Laboratory Technician,Laboratory,Per Diem,Day,1,0,1,High,Open,2025-09-30,2025-10-17,2025-12-12,8,133.94
REQ000931,220095,HEYWOOD HOSPITAL -,GARDNER,MA,Emergency Room Nurse,Emergency Department,Travel Contract,Day,4,1,3,High,Partially Filled,2025-12-17,2025-12-27,2026-06-27,26,144.29
REQ000932,220010,MERRIMACK HEALTH LAWRENCE HOSPITAL,LAWRENCE,MA,Allied Health Professional,Allied Health,Permanent Placement,Morning,12,2,10,Medium,Partially Filled,2025-09-12,2025-10-24,2026-01-16,12,94.01
REQ000933,220029,ANNA JAQUES HOSPITAL,NEWBURYPORT,MA,Allied Health Professional,Allied Health,Travel Contract,Evening,5,0,5,Critical,Open,2025-11-21,2025-12-15,2026-02-09,8,108.01
REQ000934,224023,WESTWOOD PEMBROKE HEALTH SYSTEMS,WESTWOOD,MA,Physical Therapist,Rehabilitation,Per Diem,Night,4,2,2,High,Partially Filled,2026-05-10,2026-05-30,2026-08-29,13,148.54
REQ000935,224046,MIRAVISTA BEHAVIORAL HEALTH CENTER,HOLYOKE,MA,Emergency Room Nurse,Emergency Department,Per Diem,Night,12,6,6,Critical,Partially Filled,2026-03-17,2026-04-07,2026-10-06,26,106.56
REQ000936,220011,CAMBRIDGE HEALTH ALLIANCE,CAMBRIDGE,MA,Radiologic Technologist,Radiology,Local Contract,Morning,10,7,3,Low,Partially Filled,2025-11-03,2025-11-21,2026-01-16,8,93.4
REQ000937,220073,BROWN UNIVERSITY HEALTH MORTON HOSPITAL,TAUNTON,MA,Respiratory Therapist,Respiratory Care,Travel Contract,Evening,2,0,2,Medium,Open,2026-07-18,2026-09-01,2026-10-27,8,148.64
REQ000938,220002,MOUNT AUBURN HOSPITAL,CAMBRIDGE,MA,ICU Nurse,Intensive Care Unit,Travel Contract,Day,13,12,1,Medium,Partially Filled,2026-04-27,2026-05-12,2026-11-10,26,106.45
REQ000939,220029,ANNA JAQUES HOSPITAL,NEWBURYPORT,MA,Registered Nurse,General Nursing,Travel Contract,Day,5,1,4,Critical,Partially Filled,2025-10-07,2025-10-29,2025-11-26,4,92.44
REQ000940,220071,MASSACHUSETTS GENERAL HOSPITAL,BOSTON,MA,ICU Nurse,Intensive Care Unit,Permanent Placement,Night,13,9,4,Medium,Partially Filled,2025-11-12,2025-11-27,2026-02-26,13,138.52
REQ000941,221302,FAIRVIEW HOSPITAL,GREAT BARRINGTON,MA,Registered Nurse,General Nursing,Travel Contract,Day,9,1,8,Medium,Partially Filled,2026-05-06,2026-05-30,2026-11-28,26,105.77
REQ000942,220074,SOUTHCOAST HOSPITALS GROUP,FALL RIVER,MA,Respiratory Therapist,Respiratory Care,Permanent Placement,Evening,1,0,1,Medium,Open,2025-10-12,2025-10-19,2025-12-14,8,130.88
REQ000943,224028,DR JOHN C CORRIGAN MENTAL HEALTH CENTER,FALL RIVER,MA,Respiratory Therapist,Respiratory Care,Local Contract,Day,3,0,3,Critical,Open,2026-07-18,2026-08-01,2026-10-31,13,104.73
REQ000944,220030,BAYSTATE WING HOSPITAL,PALMER,MA,Physical Therapist,Rehabilitation,Travel Contract,Night,15,2,13,Medium,Partially Filled,2026-01-18,2026-02-01,2026-04-26,12,129.13
REQ000945,22010F,VA BOSTON HEALTHCARE SYSTEM - JAMAICA PLAIN,JAMAICA PLAIN,MA,Emergency Room Nurse,Emergency Department,Per Diem,Morning,15,9,6,High,Partially Filled,2026-07-14,2026-08-17,2026-10-12,8,118.98
REQ000946,220100,SOUTH SHORE HOSPITAL,SOUTH WEYMOUTH,MA,Allied Health Professional,Allied Health,Local Contract,Night,14,14,0,Medium,Filled,2025-12-14,2025-12-25,2026-01-22,4,117.34
REQ000947,220020,SAINT ANNE'S HOSPITAL,FALL RIVER,MA,ICU Nurse,Intensive Care Unit,Local Contract,Day,12,4,8,Medium,Partially Filled,2025-09-27,2025-11-09,2026-02-08,13,113.93
REQ000948,220090,MILFORD REGIONAL MEDICAL CENTER,MILFORD,MA,Allied Health Professional,Allied Health,Per Diem,Night,8,6,2,High,Partially Filled,2026-01-11,2026-02-18,2026-05-20,13,135.78
REQ000949,221302,FAIRVIEW HOSPITAL,GREAT BARRINGTON,MA,Respiratory Therapist,Respiratory Care,Permanent Placement,Night,9,8,1,Medium,Partially Filled,2026-03-03,2026-04-14,2026-07-14,13,125.67
REQ000950,220098,NASHOBA VALLEY MEDICAL CENTER,AYER,MA,Laboratory Technician,Laboratory,Per Diem,Day,2,0,2,Medium,Open,2026-05-23,2026-06-13,2026-12-12,26,127.54
REQ000951,220066,MERCY MEDICAL CTR,SPRINGFIELD,MA,Laboratory Technician,Laboratory,Per Diem,Night,1,1,0,Medium,Filled,2026-03-31,2026-04-15,2026-05-13,4,78.09
REQ000952,223304,THE SHRINERS' HOSPITAL FOR CHILDREN - BOSTON,BOSTON,MA,Respiratory Therapist,Respiratory Care,Travel Contract,Night,1,0,1,Medium,Open,2025-12-03,2025-12-23,2026-02-17,8,86.84
REQ000953,220088,NEW ENGLAND BAPTIST HOSPITAL,BOSTON,MA,Allied Health Professional,Allied Health,Permanent Placement,Night,10,1,9,Low,Partially Filled,2025-08-28,2025-09-10,2026-03-11,26,115.57
REQ000954,22001F,BEDFORD VA MEDICAL CENTER,BEDFORD,MA,Travel Nurse,Travel Nursing,Permanent Placement,Night,14,13,1,High,Partially Filled,2025-09-09,2025-09-16,2026-01-06,16,147.88
REQ000955,220031,BOSTON MEDICAL CENTER,BOSTON,MA,Laboratory Technician,Laboratory,Permanent Placement,Day,7,5,2,Medium,Partially Filled,2026-07-24,2026-08-19,2026-11-18,13,78.91
REQ000956,220105,WINCHESTER HOSPITAL,WINCHESTER,MA,Registered Nurse,General Nursing,Permanent Placement,Evening,3,0,3,High,Open,2026-06-06,2026-06-24,2026-10-14,16,146.32
REQ000957,223304,THE SHRINERS' HOSPITAL FOR CHILDREN - BOSTON,BOSTON,MA,Physician,Medical Services,Permanent Placement,Night,12,3,9,Medium,Partially Filled,2026-05-20,2026-06-28,2026-09-20,12,246.44
REQ000958,220175,METROWEST MEDICAL CENTER,FRAMINGHAM,MA,Emergency Room Nurse,Emergency Department,Permanent Placement,Night,1,0,1,High,Open,2025-11-17,2025-12-19,2026-04-10,16,168.32
REQ000959,224047,VALLEY SPRINGS BEHAVIORAL HEALTH HOSPITAL,HOLYOKE,MA,ICU Nurse,Intensive Care Unit,Permanent Placement,Evening,6,5,1,Medium,Partially Filled,2026-07-21,2026-08-26,2026-11-25,13,161.23
REQ000960,220105,WINCHESTER HOSPITAL,WINCHESTER,MA,Respiratory Therapist,Respiratory Care,Per Diem,Morning,2,0,2,Low,Open,2025-11-08,2025-12-02,2025-12-30,4,104.75
REQ000961,224001,TAUNTON STATE HOSPITAL,TAUNTON,MA,ICU Nurse,Intensive Care Unit,Local Contract,Night,1,1,0,High,Filled,2025-09-03,2025-09-23,2026-01-13,16,107.27
REQ000962,220111,GOOD SAMARITAN MEDICAL CENTER,BROCKTON,MA,ICU Nurse,Intensive Care Unit,Travel Contract,Day,10,7,3,Medium,Partially Filled,2026-05-19,2026-07-01,2026-07-29,4,171.05
REQ000963,220029,ANNA JAQUES HOSPITAL,NEWBURYPORT,MA,Allied Health Professional,Allied Health,Permanent Placement,Morning,4,2,2,Critical,Partially Filled,2025-12-23,2026-01-24,2026-05-16,16,139.19
REQ000964,220108,BETH ISRAEL DEACONESS HOSPITAL - MILTON,MILTON,MA,Allied Health Professional,Allied Health,Travel Contract,Evening,9,2,7,Medium,Partially Filled,2026-02-25,2026-04-05,2026-05-03,4,150.82
REQ000965,224021,ARBOUR-FULLER HOSPITAL,SOUTH ATTLEBORO,MA,Physician,Medical Services,Travel Contract,Night,8,1,7,High,Partially Filled,2025-10-22,2025-11-07,2026-05-08,26,296.52
REQ000966,224032,WORCESTER RECOVERY CENTER AND HOSPITAL,WORCESTER,MA,Emergency Room Nurse,Emergency Department,Per Diem,Evening,12,9,3,High,Partially Filled,2025-10-22,2025-11-30,2026-03-22,16,123.73
REQ000967,220066,MERCY MEDICAL CTR,SPRINGFIELD,MA,Physical Therapist,Rehabilitation,Permanent Placement,Night,13,10,3,Medium,Partially Filled,2026-03-09,2026-03-18,2026-09-16,26,134.73
REQ000968,220030,BAYSTATE WING HOSPITAL,PALMER,MA,Emergency Room Nurse,Emergency Department,Local Contract,Morning,13,0,13,Medium,Open,2026-05-18,2026-06-25,2026-07-23,4,167.83
REQ000969,220046,BERKSHIRE MEDICAL CENTER,PITTSFIELD,MA,Radiologic Technologist,Radiology,Local Contract,Day,3,2,1,Medium,Partially Filled,2025-09-18,2025-10-24,2026-01-16,12,107.43
REQ000970,220046,BERKSHIRE MEDICAL CENTER,PITTSFIELD,MA,ICU Nurse,Intensive Care Unit,Permanent Placement,Night,8,4,4,Critical,Partially Filled,2025-10-31,2025-12-06,2026-02-28,12,173.02
REQ000971,220052,SIGNATURE HEALTHCARE BROCKTON HOSPITAL,BROCKTON,MA,Registered Nurse,General Nursing,Permanent Placement,Morning,7,2,5,Medium,Partially Filled,2026-02-03,2026-02-28,2026-05-30,13,128.72
REQ000972,220063,LOWELL GENERAL HOSPITAL,LOWELL,MA,Allied Health Professional,Allied Health,Travel Contract,Day,8,4,4,High,Partially Filled,2025-09-12,2025-10-15,2026-02-04,16,107.14
REQ000973,220116,TUFTS MEDICAL CENTER,BOSTON,MA,Registered Nurse,General Nursing,Permanent Placement,Day,7,2,5,Medium,Partially Filled,2025-10-19,2025-11-01,2026-01-24,12,146.19
REQ000974,220046,BERKSHIRE MEDICAL CENTER,PITTSFIELD,MA,Allied Health Professional,Allied Health,Travel Contract,Day,9,7,2,Medium,Partially Filled,2026-03-27,2026-05-02,2026-10-31,26,97.58
REQ000975,224046,MIRAVISTA BEHAVIORAL HEALTH CENTER,HOLYOKE,MA,Respiratory Therapist,Respiratory Care,Per Diem,Evening,2,1,1,Medium,Partially Filled,2025-11-11,2025-12-13,2026-03-07,12,136.89
REQ000976,220060,BETH ISRAEL DEACONESS HOSPITAL PLYMOUTH,PLYMOUTH,MA,Physician,Medical Services,Local Contract,Night,3,3,0,Medium,Filled,2026-03-21,2026-03-30,2026-07-20,16,242.19
REQ000977,22010F,VA BOSTON HEALTHCARE SYSTEM - JAMAICA PLAIN,JAMAICA PLAIN,MA,Respiratory Therapist,Respiratory Care,Travel Contract,Night,8,3,5,High,Partially Filled,2025-09-01,2025-10-01,2025-12-31,13,151.69
REQ000978,220088,NEW ENGLAND BAPTIST HOSPITAL,BOSTON,MA,Physician,Medical Services,Per Diem,Evening,3,0,3,Low,Open,2025-12-08,2025-12-26,2026-01-23,4,301.16
REQ000979,220035,NORTH SHORE MEDICAL CENTER -,SALEM,MA,Respiratory Therapist,Respiratory Care,Local Contract,Day,15,8,7,Low,Partially Filled,2026-04-26,2026-05-16,2026-11-14,26,148.11
REQ000980,220071,MASSACHUSETTS GENERAL HOSPITAL,BOSTON,MA,Physician,Medical Services,Permanent Placement,Night,7,7,0,Critical,Filled,2025-10-24,2025-11-12,2026-02-04,12,270.57
REQ000981,220001,UMASS MEMORIAL HEALTHALLIANCE HOSPITALS,LEOMINSTER,MA,Respiratory Therapist,Respiratory Care,Local Contract,Morning,4,0,4,High,Open,2025-08-06,2025-09-17,2026-01-07,16,142.65
REQ000982,220063,LOWELL GENERAL HOSPITAL,LOWELL,MA,Registered Nurse,General Nursing,Travel Contract,Evening,8,5,3,Medium,Partially Filled,2025-10-17,2025-11-22,2026-01-17,8,135.56
REQ000983,220035,NORTH SHORE MEDICAL CENTER -,SALEM,MA,Emergency Room Nurse,Emergency Department,Travel Contract,Night,10,1,9,High,Partially Filled,2026-06-21,2026-07-26,2027-01-24,26,113.14
REQ000984,224001,TAUNTON STATE HOSPITAL,TAUNTON,MA,Emergency Room Nurse,Emergency Department,Local Contract,Day,6,1,5,Medium,Partially Filled,2026-06-04,2026-07-05,2026-08-30,8,125.47
REQ000985,224045,HOSPITAL FOR BEHAVIORAL MEDICINE,WORCESTER,MA,Physician,Medical Services,Permanent Placement,Evening,8,7,1,Medium,Partially Filled,2026-04-15,2026-04-29,2026-10-28,26,297.97
REQ000986,220088,NEW ENGLAND BAPTIST HOSPITAL,BOSTON,MA,Laboratory Technician,Laboratory,Per Diem,Night,8,6,2,High,Partially Filled,2026-01-19,2026-02-02,2026-03-30,8,79.39
REQ000987,220101,NEWTON-WELLESLEY HOSPITAL,NEWTON,MA,Respiratory Therapist,Respiratory Care,Travel Contract,Day,5,5,0,High,Filled,2025-12-24,2026-01-27,2026-07-28,26,92.27
REQ000988,224032,WORCESTER RECOVERY CENTER AND HOSPITAL,WORCESTER,MA,Registered Nurse,General Nursing,Travel Contract,Evening,8,8,0,Medium,Filled,2026-06-12,2026-07-15,2026-08-12,4,141.41
REQ000989,220024,HOLYOKE MEDICAL CENTER,HOLYOKE,MA,Respiratory Therapist,Respiratory Care,Travel Contract,Night,9,6,3,High,Partially Filled,2025-11-17,2025-12-08,2026-03-09,13,151.54
REQ000990,224007,MCLEAN HOSPITAL CORPORATION,BELMONT,MA,Radiologic Technologist,Radiology,Local Contract,Morning,6,6,0,Medium,Filled,2026-02-28,2026-04-01,2026-04-29,4,128.11
REQ000991,220171,"LAHEY HOSPITAL & MEDICAL CENTER, BURLINGTON",BURLINGTON,MA,Respiratory Therapist,Respiratory Care,Travel Contract,Day,15,13,2,Low,Partially Filled,2026-07-11,2026-08-02,2026-08-30,4,140.34
REQ000992,220176,ST VINCENT HOSPITAL,WORCESTER,MA,Physical Therapist,Rehabilitation,Local Contract,Evening,10,6,4,Medium,Partially Filled,2026-01-10,2026-02-07,2026-04-04,8,137.11
REQ000993,220016,BAYSTATE FRANKLIN MEDICAL CENTER,GREENFIELD,MA,Physical Therapist,Rehabilitation,Permanent Placement,Morning,7,2,5,Medium,Partially Filled,2026-03-08,2026-03-23,2026-09-21,26,122.62
REQ000994,220108,BETH ISRAEL DEACONESS HOSPITAL - MILTON,MILTON,MA,Emergency Room Nurse,Emergency Department,Per Diem,Night,10,6,4,Critical,Partially Filled,2026-04-16,2026-04-30,2026-10-29,26,114.26
REQ000995,220046,BERKSHIRE MEDICAL CENTER,PITTSFIELD,MA,Registered Nurse,General Nursing,Local Contract,Day,13,9,4,High,Partially Filled,2026-03-12,2026-03-19,2026-09-17,26,123.06
REQ000996,22001F,BEDFORD VA MEDICAL CENTER,BEDFORD,MA,Physical Therapist,Rehabilitation,Permanent Placement,Morning,12,2,10,Medium,Partially Filled,2026-02-12,2026-02-20,2026-08-21,26,137.68
REQ000997,224028,DR JOHN C CORRIGAN MENTAL HEALTH CENTER,FALL RIVER,MA,Physician,Medical Services,Permanent Placement,Morning,12,12,0,High,Filled,2025-11-08,2025-12-19,2026-02-13,8,259.25
REQ000998,220036,BOSTON MEDICAL CENTER-BRIGHTON,BRIGHTON,MA,Registered Nurse,General Nursing,Travel Contract,Day,2,1,1,Medium,Partially Filled,2026-06-23,2026-08-06,2026-09-03,4,103.34
REQ000999,220011,CAMBRIDGE HEALTH ALLIANCE,CAMBRIDGE,MA,ICU Nurse,Intensive Care Unit,Permanent Placement,Day,15,6,9,Medium,Partially Filled,2025-09-09,2025-10-17,2026-01-09,12,106.54
REQ001000,220030,BAYSTATE WING HOSPITAL,PALMER,MA,Radiologic Technologist,Radiology,Permanent Placement,Morning,11,6,5,High,Partially Filled,2026-06-17,2026-06-28,2026-08-23,8,113.56
REQ001001,220119,BRIGHAM AND WOMEN FAULKNER HOSPITAL,JAMAICA PLAIN,MA,Emergency Room Nurse,Emergency Department,Travel Contract,Day,11,9,2,Critical,Partially Filled,2025-12-31,2026-01-07,2026-03-04,8,169.56
REQ001002,220020,SAINT ANNE'S HOSPITAL,FALL RIVER,MA,Physical Therapist,Rehabilitation,Travel Contract,Night,3,2,1,High,Partially Filled,2026-06-04,2026-07-15,2026-08-12,4,129.52
REQ001003,220176,ST VINCENT HOSPITAL,WORCESTER,MA,Laboratory Technician,Laboratory,Travel Contract,Morning,2,0,2,Medium,Open,2025-10-18,2025-11-07,2026-01-30,12,73.84
REQ001004,223302,BOSTON CHILDREN'S HOSPITAL,BOSTON,MA,Physician,Medical Services,Per Diem,Evening,2,1,1,High,Partially Filled,2025-12-19,2026-01-25,2026-03-22,8,274.71
REQ001005,220074,SOUTHCOAST HOSPITALS GROUP,FALL RIVER,MA,Respiratory Therapist,Respiratory Care,Permanent Placement,Day,4,2,2,High,Partially Filled,2025-11-07,2025-11-30,2026-01-25,8,138.65
REQ001006,220171,"LAHEY HOSPITAL & MEDICAL CENTER, BURLINGTON",BURLINGTON,MA,Emergency Room Nurse,Emergency Department,Permanent Placement,Morning,15,14,1,High,Partially Filled,2025-11-14,2025-12-22,2026-03-23,13,143.6
REQ001007,224047,VALLEY SPRINGS BEHAVIORAL HEALTH HOSPITAL,HOLYOKE,MA,Respiratory Therapist,Respiratory Care,Travel Contract,Evening,6,2,4,Medium,Partially Filled,2026-03-08,2026-03-27,2026-07-17,16,87.36
REQ001008,220074,SOUTHCOAST HOSPITALS GROUP,FALL RIVER,MA,Physician,Medical Services,Per Diem,Evening,10,10,0,Low,Filled,2026-05-28,2026-06-30,2026-09-22,12,252.59
REQ001009,221300,MARTHA'S VINEYARD HOSPITAL INC,OAK BLUFFS,MA,Respiratory Therapist,Respiratory Care,Per Diem,Morning,2,0,2,Medium,Open,2025-11-04,2025-12-03,2026-01-28,8,107.01
REQ001010,220029,ANNA JAQUES HOSPITAL,NEWBURYPORT,MA,Allied Health Professional,Allied Health,Permanent Placement,Morning,6,1,5,High,Partially Filled,2026-07-19,2026-07-26,2027-01-24,26,129.31
REQ001011,220090,MILFORD REGIONAL MEDICAL CENTER,MILFORD,MA,Physician,Medical Services,Per Diem,Day,4,0,4,High,Open,2026-06-05,2026-06-25,2026-10-15,16,285.24
REQ001012,220101,NEWTON-WELLESLEY HOSPITAL,NEWTON,MA,Allied Health Professional,Allied Health,Permanent Placement,Day,1,1,0,Critical,Filled,2026-01-11,2026-01-30,2026-03-27,8,119.49
REQ001013,220086,BETH ISRAEL DEACONESS MEDICAL CENTER,BOSTON,MA,Radiologic Technologist,Radiology,Local Contract,Day,10,6,4,Medium,Partially Filled,2025-10-27,2025-12-11,2026-03-05,12,127.06
REQ001014,220001,UMASS MEMORIAL HEALTHALLIANCE HOSPITALS,LEOMINSTER,MA,Registered Nurse,General Nursing,Travel Contract,Day,14,6,8,Medium,Partially Filled,2026-03-25,2026-04-19,2026-06-14,8,86.14
REQ001015,220126,NORWOOD HOSPITAL,NORWOOD,MA,ICU Nurse,Intensive Care Unit,Per Diem,Evening,6,6,0,Low,Filled,2026-03-01,2026-03-27,2026-06-19,12,159.22
REQ001016,220100,SOUTH SHORE HOSPITAL,SOUTH WEYMOUTH,MA,Physical Therapist,Rehabilitation,Permanent Placement,Day,12,7,5,High,Partially Filled,2025-08-25,2025-09-26,2025-12-19,12,157.64
REQ001017,220083,BETH ISRAEL DEACONESS HOSPITAL - NEEDHAM,NEEDHAM,MA,Registered Nurse,General Nursing,Per Diem,Evening,3,0,3,Medium,Open,2025-11-23,2025-12-03,2025-12-31,4,91.16
REQ001018,220010,MERRIMACK HEALTH LAWRENCE HOSPITAL,LAWRENCE,MA,Laboratory Technician,Laboratory,Travel Contract,Day,15,1,14,Critical,Partially Filled,2025-08-03,2025-08-13,2025-11-05,12,73.25
REQ001019,220075,MASSACHUSETTS EYE AND EAR INFIRMARY -,BOSTON,MA,Physical Therapist,Rehabilitation,Permanent Placement,Day,3,1,2,Medium,Partially Filled,2026-02-11,2026-03-07,2026-09-05,26,152.33
REQ001020,220049,UMASS MEMORIAL HEALTHCARE-MARLBOROUGH HOSPITAL,MARLBOROUGH,MA,Respiratory Therapist,Respiratory Care,Local Contract,Evening,2,2,0,High,Filled,2026-06-23,2026-07-28,2027-01-26,26,153.34
REQ001021,221300,MARTHA'S VINEYARD HOSPITAL INC,OAK BLUFFS,MA,Radiologic Technologist,Radiology,Travel Contract,Morning,13,4,9,High,Partially Filled,2025-11-24,2025-12-06,2026-02-28,12,143.1
REQ001022,220105,WINCHESTER HOSPITAL,WINCHESTER,MA,Travel Nurse,Travel Nursing,Local Contract,Day,8,0,8,High,Open,2026-07-22,2026-08-02,2026-08-30,4,147.77
REQ001023,220090,MILFORD REGIONAL MEDICAL CENTER,MILFORD,MA,Travel Nurse,Travel Nursing,Per Diem,Morning,4,4,0,High,Filled,2026-04-07,2026-04-20,2026-07-13,12,160.87
REQ001024,224041,SOUTHCOAST BEHAVIORAL HEALTH,DARTMOUTH,MA,ICU Nurse,Intensive Care Unit,Local Contract,Evening,7,7,0,Medium,Filled,2025-10-06,2025-10-27,2026-01-19,12,124.45
REQ001025,220110,BRIGHAM AND WOMEN'S HOSPITAL,BOSTON,MA,Physician,Medical Services,Travel Contract,Night,8,1,7,Low,Partially Filled,2026-05-23,2026-06-05,2026-07-31,8,272.26
REQ001026,220111,GOOD SAMARITAN MEDICAL CENTER,BROCKTON,MA,Registered Nurse,General Nursing,Travel Contract,Day,6,2,4,Medium,Partially Filled,2026-04-01,2026-05-11,2026-08-10,13,99.84
REQ001027,224046,MIRAVISTA BEHAVIORAL HEALTH CENTER,HOLYOKE,MA,Laboratory Technician,Laboratory,Per Diem,Morning,1,1,0,Low,Filled,2026-03-09,2026-04-17,2026-07-10,12,113.4
REQ001028,220088,NEW ENGLAND BAPTIST HOSPITAL,BOSTON,MA,Travel Nurse,Travel Nursing,Permanent Placement,Evening,3,2,1,Medium,Partially Filled,2025-12-29,2026-01-17,2026-04-18,13,118.49
REQ001029,221302,FAIRVIEW HOSPITAL,GREAT BARRINGTON,MA,ICU Nurse,Intensive Care Unit,Per Diem,Night,15,1,14,Low,Partially Filled,2025-11-21,2025-12-05,2026-01-02,4,112.07
REQ001030,224028,DR JOHN C CORRIGAN MENTAL HEALTH CENTER,FALL RIVER,MA,Physical Therapist,Rehabilitation,Local Contract,Morning,7,1,6,Medium,Partially Filled,2026-07-25,2026-08-26,2026-11-25,13,103.97
REQ001031,220017,CARNEY HOSPITAL,BOSTON,MA,Allied Health Professional,Allied Health,Travel Contract,Day,10,4,6,Medium,Partially Filled,2026-06-23,2026-07-18,2027-01-16,26,153.54
REQ001032,224044,WESTBOROUGH BEHAVIORAL HEALTHCARE HOSPITAL LLC,WESTBOROUGH,MA,Radiologic Technologist,Radiology,Travel Contract,Night,6,5,1,Medium,Partially Filled,2026-01-04,2026-01-26,2026-03-23,8,144.99
REQ001033,220036,BOSTON MEDICAL CENTER-BRIGHTON,BRIGHTON,MA,Registered Nurse,General Nursing,Local Contract,Morning,6,0,6,High,Open,2026-07-08,2026-08-14,2026-11-13,13,96.95
REQ001034,220029,ANNA JAQUES HOSPITAL,NEWBURYPORT,MA,Physical Therapist,Rehabilitation,Local Contract,Evening,1,1,0,Medium,Filled,2026-01-28,2026-03-06,2026-06-26,16,149.32
REQ001035,220019,UMASS MEMORIAL HEALTH - HARRINGTON HOSPITAL,SOUTHBRIDGE,MA,Physician,Medical Services,Travel Contract,Day,3,1,2,Medium,Partially Filled,2025-11-25,2026-01-04,2026-04-26,16,291.53
REQ001036,220035,NORTH SHORE MEDICAL CENTER -,SALEM,MA,Radiologic Technologist,Radiology,Per Diem,Morning,11,7,4,Medium,Partially Filled,2026-01-27,2026-03-09,2026-06-01,12,139.94
REQ001037,224045,HOSPITAL FOR BEHAVIORAL MEDICINE,WORCESTER,MA,Allied Health Professional,Allied Health,Travel Contract,Night,2,1,1,Critical,Partially Filled,2026-04-23,2026-06-07,2026-09-06,13,149.94
REQ001038,220036,BOSTON MEDICAL CENTER-BRIGHTON,BRIGHTON,MA,Allied Health Professional,Allied Health,Per Diem,Night,10,6,4,High,Partially Filled,2026-04-12,2026-04-20,2026-06-15,8,103.57
REQ001039,220175,METROWEST MEDICAL CENTER,FRAMINGHAM,MA,ICU Nurse,Intensive Care Unit,Per Diem,Morning,15,5,10,High,Partially Filled,2025-12-19,2026-01-29,2026-04-30,13,132.37
REQ001040,220098,NASHOBA VALLEY MEDICAL CENTER,AYER,MA,Physician,Medical Services,Per Diem,Day,10,8,2,Medium,Partially Filled,2026-01-06,2026-01-25,2026-02-22,4,271.85
REQ001041,224007,MCLEAN HOSPITAL CORPORATION,BELMONT,MA,Physician,Medical Services,Permanent Placement,Night,15,4,11,Medium,Partially Filled,2025-09-26,2025-10-03,2026-01-02,13,260.28
REQ001042,220116,TUFTS MEDICAL CENTER,BOSTON,MA,Emergency Room Nurse,Emergency Department,Travel Contract,Evening,2,1,1,Low,Partially Filled,2026-01-03,2026-02-10,2026-05-05,12,119.81
REQ001043,220163,UMASS MEMORIAL MEDICAL CENTER/UNIVERSITY CAMPUS,WORCESTER,MA,ICU Nurse,Intensive Care Unit,Per Diem,Day,1,1,0,Low,Filled,2025-08-28,2025-10-05,2025-12-28,12,114.64
REQ001044,220080,HOLY FAMILY HOSPITAL,METHUEN,MA,Laboratory Technician,Laboratory,Per Diem,Night,2,2,0,Critical,Filled,2026-07-07,2026-08-18,2026-10-13,8,81.77
REQ001045,220049,UMASS MEMORIAL HEALTHCARE-MARLBOROUGH HOSPITAL,MARLBOROUGH,MA,ICU Nurse,Intensive Care Unit,Local Contract,Evening,8,5,3,Medium,Partially Filled,2025-12-27,2026-01-17,2026-02-14,4,172.68
REQ001046,220108,BETH ISRAEL DEACONESS HOSPITAL - MILTON,MILTON,MA,Physician,Medical Services,Per Diem,Night,3,3,0,High,Filled,2026-01-02,2026-02-16,2026-05-11,12,253.97
REQ001047,220031,BOSTON MEDICAL CENTER,BOSTON,MA,Respiratory Therapist,Respiratory Care,Per Diem,Evening,5,0,5,Medium,Open,2026-05-11,2026-05-30,2026-08-22,12,111.32
REQ001048,220101,NEWTON-WELLESLEY HOSPITAL,NEWTON,MA,ICU Nurse,Intensive Care Unit,Per Diem,Evening,12,5,7,Medium,Partially Filled,2025-10-10,2025-11-19,2026-02-18,13,137.66
REQ001049,220177,NANTUCKET COTTAGE HOSPITAL,NANTUCKET,MA,Radiologic Technologist,Radiology,Travel Contract,Night,13,6,7,High,Partially Filled,2025-08-15,2025-09-26,2025-10-24,4,103.17
REQ001050,221302,FAIRVIEW HOSPITAL,GREAT BARRINGTON,MA,Physical Therapist,Rehabilitation,Per Diem,Day,10,8,2,High,Partially Filled,2026-04-20,2026-05-20,2026-07-15,8,119.49
REQ001051,220002,MOUNT AUBURN HOSPITAL,CAMBRIDGE,MA,Registered Nurse,General Nursing,Travel Contract,Day,14,0,14,Medium,Open,2026-03-25,2026-05-04,2026-08-03,13,154.03
REQ001052,220083,BETH ISRAEL DEACONESS HOSPITAL - NEEDHAM,NEEDHAM,MA,Allied Health Professional,Allied Health,Per Diem,Day,10,7,3,Medium,Partially Filled,2026-06-01,2026-06-14,2026-09-06,12,130.92
REQ001053,220074,SOUTHCOAST HOSPITALS GROUP,FALL RIVER,MA,Registered Nurse,General Nursing,Local Contract,Night,3,3,0,High,Filled,2026-07-26,2026-08-15,2026-12-05,16,129.78
REQ001054,224022,BOURNEWOOD HOSPITAL,BROOKLINE,MA,Physician,Medical Services,Permanent Placement,Night,15,0,15,Medium,Open,2026-06-18,2026-07-14,2027-01-12,26,240.0
REQ001055,224047,VALLEY SPRINGS BEHAVIORAL HEALTH HOSPITAL,HOLYOKE,MA,ICU Nurse,Intensive Care Unit,Permanent Placement,Day,4,0,4,High,Open,2026-04-24,2026-05-07,2026-07-02,8,136.07
REQ001056,220077,BAYSTATE MEDICAL CENTER,SPRINGFIELD,MA,ICU Nurse,Intensive Care Unit,Per Diem,Evening,3,1,2,High,Partially Filled,2026-01-01,2026-02-02,2026-05-04,13,148.2
REQ001057,220101,NEWTON-WELLESLEY HOSPITAL,NEWTON,MA,Emergency Room Nurse,Emergency Department,Local Contract,Night,3,1,2,Medium,Partially Filled,2026-06-22,2026-06-30,2026-08-25,8,120.3
REQ001058,220108,BETH ISRAEL DEACONESS HOSPITAL - MILTON,MILTON,MA,Physical Therapist,Rehabilitation,Permanent Placement,Day,5,3,2,Medium,Partially Filled,2026-04-10,2026-05-10,2026-11-08,26,148.94
REQ001059,220036,BOSTON MEDICAL CENTER-BRIGHTON,BRIGHTON,MA,Registered Nurse,General Nursing,Travel Contract,Morning,10,6,4,Low,Partially Filled,2025-12-24,2026-01-29,2026-02-26,4,130.53
REQ001060,224044,WESTBOROUGH BEHAVIORAL HEALTHCARE HOSPITAL LLC,WESTBOROUGH,MA,Radiologic Technologist,Radiology,Per Diem,Day,8,7,1,Critical,Partially Filled,2025-08-22,2025-09-20,2025-11-15,8,107.04
REQ001061,224041,SOUTHCOAST BEHAVIORAL HEALTH,DARTMOUTH,MA,Travel Nurse,Travel Nursing,Local Contract,Night,9,1,8,Medium,Partially Filled,2026-01-26,2026-03-07,2026-06-06,13,165.34
REQ001062,220071,MASSACHUSETTS GENERAL HOSPITAL,BOSTON,MA,Radiologic Technologist,Radiology,Travel Contract,Evening,5,3,2,Medium,Partially Filled,2025-10-11,2025-11-04,2026-05-05,26,115.02
REQ001063,220011,CAMBRIDGE HEALTH ALLIANCE,CAMBRIDGE,MA,Physical Therapist,Rehabilitation,Local Contract,Morning,9,4,5,High,Partially Filled,2026-07-29,2026-09-06,2027-03-07,26,132.65
REQ001064,220049,UMASS MEMORIAL HEALTHCARE-MARLBOROUGH HOSPITAL,MARLBOROUGH,MA,Physical Therapist,Rehabilitation,Local Contract,Day,1,0,1,High,Open,2026-02-23,2026-03-06,2026-04-03,4,126.96
REQ001065,220126,NORWOOD HOSPITAL,NORWOOD,MA,Allied Health Professional,Allied Health,Permanent Placement,Evening,15,5,10,Critical,Partially Filled,2025-11-27,2025-12-19,2026-01-16,4,94.33
REQ001066,220135,FALMOUTH HOSPITAL,FALMOUTH,MA,ICU Nurse,Intensive Care Unit,Travel Contract,Night,13,5,8,Medium,Partially Filled,2025-08-20,2025-08-31,2025-11-30,13,153.91
REQ001067,220175,METROWEST MEDICAL CENTER,FRAMINGHAM,MA,Emergency Room Nurse,Emergency Department,Per Diem,Evening,4,1,3,Medium,Partially Filled,2026-06-23,2026-08-05,2026-11-25,16,120.03
REQ001068,220012,CAPE COD HOSPITAL,HYANNIS,MA,Emergency Room Nurse,Emergency Department,Travel Contract,Day,2,2,0,Medium,Filled,2026-03-11,2026-04-20,2026-06-15,8,156.7
REQ001069,220062,ADCARE HOSPITAL OF WORCESTER INC,WORCESTER,MA,Allied Health Professional,Allied Health,Per Diem,Night,14,1,13,High,Partially Filled,2026-02-25,2026-04-09,2026-07-30,16,157.04
REQ001070,220105,WINCHESTER HOSPITAL,WINCHESTER,MA,Laboratory Technician,Laboratory,Per Diem,Morning,10,7,3,High,Partially Filled,2026-04-12,2026-05-01,2026-06-26,8,107.11
REQ001071,220031,BOSTON MEDICAL CENTER,BOSTON,MA,ICU Nurse,Intensive Care Unit,Travel Contract,Night,7,1,6,High,Partially Filled,2026-03-13,2026-04-16,2026-10-15,26,125.88
REQ001072,220086,BETH ISRAEL DEACONESS MEDICAL CENTER,BOSTON,MA,Radiologic Technologist,Radiology,Travel Contract,Night,9,5,4,High,Partially Filled,2025-11-27,2025-12-07,2026-03-29,16,102.29
REQ001073,220135,FALMOUTH HOSPITAL,FALMOUTH,MA,Respiratory Therapist,Respiratory Care,Local Contract,Morning,14,13,1,Low,Partially Filled,2026-07-27,2026-08-25,2026-09-22,4,125.27
REQ001074,220176,ST VINCENT HOSPITAL,WORCESTER,MA,Physical Therapist,Rehabilitation,Travel Contract,Evening,10,0,10,Critical,Open,2026-04-14,2026-05-10,2026-08-09,13,160.95
REQ001075,224032,WORCESTER RECOVERY CENTER AND HOSPITAL,WORCESTER,MA,Registered Nurse,General Nursing,Per Diem,Day,5,1,4,Medium,Partially Filled,2025-08-17,2025-09-14,2025-12-14,13,123.3
REQ001076,220075,MASSACHUSETTS EYE AND EAR INFIRMARY -,BOSTON,MA,Registered Nurse,General Nursing,Travel Contract,Morning,13,9,4,Critical,Partially Filled,2025-11-29,2026-01-06,2026-02-03,4,151.49
REQ001077,22010F,VA BOSTON HEALTHCARE SYSTEM - JAMAICA PLAIN,JAMAICA PLAIN,MA,Physical Therapist,Rehabilitation,Travel Contract,Day,3,2,1,Low,Partially Filled,2025-09-11,2025-10-23,2026-01-22,13,127.53
REQ001078,224032,WORCESTER RECOVERY CENTER AND HOSPITAL,WORCESTER,MA,Allied Health Professional,Allied Health,Local Contract,Day,13,13,0,Critical,Filled,2026-03-09,2026-04-15,2026-07-08,12,91.84
REQ001079,220012,CAPE COD HOSPITAL,HYANNIS,MA,Laboratory Technician,Laboratory,Travel Contract,Evening,11,11,0,Low,Filled,2026-06-08,2026-07-09,2027-01-07,26,121.6
REQ001080,223302,BOSTON CHILDREN'S HOSPITAL,BOSTON,MA,Respiratory Therapist,Respiratory Care,Permanent Placement,Day,3,0,3,High,Open,2026-07-26,2026-08-29,2026-12-19,16,153.78
REQ001081,220010,MERRIMACK HEALTH LAWRENCE HOSPITAL,LAWRENCE,MA,Allied Health Professional,Allied Health,Local Contract,Night,15,1,14,Low,Partially Filled,2025-11-08,2025-12-06,2026-03-07,13,90.7
REQ001082,220177,NANTUCKET COTTAGE HOSPITAL,NANTUCKET,MA,Laboratory Technician,Laboratory,Local Contract,Day,14,11,3,Low,Partially Filled,2026-05-18,2026-05-27,2026-06-24,4,76.87
REQ001083,220011,CAMBRIDGE HEALTH ALLIANCE,CAMBRIDGE,MA,Physician,Medical Services,Local Contract,Morning,10,10,0,Medium,Filled,2025-08-23,2025-09-19,2025-12-12,12,267.85
REQ001084,220086,BETH ISRAEL DEACONESS MEDICAL CENTER,BOSTON,MA,ICU Nurse,Intensive Care Unit,Per Diem,Night,4,3,1,Medium,Partially Filled,2025-09-09,2025-10-02,2026-01-22,16,126.19
REQ001085,220066,MERCY MEDICAL CTR,SPRINGFIELD,MA,Laboratory Technician,Laboratory,Per Diem,Day,15,8,7,Low,Partially Filled,2025-12-28,2026-01-19,2026-05-11,16,131.03
REQ001086,224044,WESTBOROUGH BEHAVIORAL HEALTHCARE HOSPITAL LLC,WESTBOROUGH,MA,Radiologic Technologist,Radiology,Local Contract,Morning,15,4,11,High,Partially Filled,2025-12-22,2026-01-03,2026-02-28,8,96.75
REQ001087,220010,MERRIMACK HEALTH LAWRENCE HOSPITAL,LAWRENCE,MA,Emergency Room Nurse,Emergency Department,Travel Contract,Day,8,7,1,Medium,Partially Filled,2025-08-19,2025-09-10,2026-03-11,26,102.36
REQ001088,220095,HEYWOOD HOSPITAL -,GARDNER,MA,Physical Therapist,Rehabilitation,Permanent Placement,Evening,1,1,0,Low,Filled,2026-02-13,2026-03-11,2026-04-08,4,118.78
REQ001089,221304,NORTH ADAMS REGIONAL HOSPITAL CORPORATION,NORTH ADAMS,MA,Registered Nurse,General Nursing,Travel Contract,Morning,3,3,0,Low,Filled,2025-11-23,2025-12-13,2026-03-14,13,138.41
REQ001090,224018,ARBOUR HUMAN RESOURCE INSTITUTE,BROOKLINE,MA,Physical Therapist,Rehabilitation,Per Diem,Evening,4,0,4,High,Open,2026-01-20,2026-02-12,2026-06-04,16,146.78
REQ001091,220077,BAYSTATE MEDICAL CENTER,SPRINGFIELD,MA,ICU Nurse,Intensive Care Unit,Permanent Placement,Evening,15,9,6,High,Partially Filled,2026-05-11,2026-06-11,2026-12-10,26,144.78
REQ001092,220176,ST VINCENT HOSPITAL,WORCESTER,MA,Physician,Medical Services,Local Contract,Day,12,3,9,Medium,Partially Filled,2025-10-23,2025-11-23,2026-02-22,13,287.78
REQ001093,220095,HEYWOOD HOSPITAL -,GARDNER,MA,ICU Nurse,Intensive Care Unit,Permanent Placement,Day,6,4,2,High,Partially Filled,2025-12-06,2026-01-16,2026-04-10,12,130.32
REQ001094,220135,FALMOUTH HOSPITAL,FALMOUTH,MA,Physical Therapist,Rehabilitation,Per Diem,Morning,10,10,0,High,Filled,2025-08-07,2025-08-21,2025-11-13,12,123.07
REQ001095,224013,ARBOUR HOSPITAL,BOSTON,MA,Radiologic Technologist,Radiology,Local Contract,Evening,6,3,3,Low,Partially Filled,2025-08-05,2025-09-10,2025-10-08,4,147.72
REQ001096,220095,HEYWOOD HOSPITAL -,GARDNER,MA,Physical Therapist,Rehabilitation,Per Diem,Morning,8,2,6,Medium,Partially Filled,2026-05-10,2026-06-06,2026-07-04,4,126.65
REQ001097,224040,DR SOLOMON CARTER FULLER MENTAL HEALTH CENTER,BOSTON,MA,Emergency Room Nurse,Emergency Department,Travel Contract,Night,2,2,0,High,Filled,2025-10-15,2025-10-25,2025-12-20,8,160.24
REQ001098,220049,UMASS MEMORIAL HEALTHCARE-MARLBOROUGH HOSPITAL,MARLBOROUGH,MA,Allied Health Professional,Allied Health,Per Diem,Morning,4,0,4,Low,Open,2025-08-22,2025-10-03,2026-04-03,26,149.15
REQ001099,220070,MELROSEWAKEFIELD HEALTHCARE,MELROSE,MA,Laboratory Technician,Laboratory,Travel Contract,Evening,6,0,6,Medium,Open,2025-08-23,2025-10-07,2025-12-02,8,73.42
REQ001100,220017,CARNEY HOSPITAL,BOSTON,MA,Allied Health Professional,Allied Health,Permanent Placement,Morning,7,1,6,Medium,Partially Filled,2026-05-20,2026-06-19,2026-12-18,26,112.86
REQ001101,220066,MERCY MEDICAL CTR,SPRINGFIELD,MA,Allied Health Professional,Allied Health,Travel Contract,Night,5,4,1,Medium,Partially Filled,2026-02-25,2026-03-27,2026-06-26,13,110.36
REQ001102,224022,BOURNEWOOD HOSPITAL,BROOKLINE,MA,Physical Therapist,Rehabilitation,Per Diem,Night,4,2,2,Medium,Partially Filled,2025-08-14,2025-08-27,2025-12-17,16,132.79
REQ001103,224022,BOURNEWOOD HOSPITAL,BROOKLINE,MA,Respiratory Therapist,Respiratory Care,Permanent Placement,Day,15,7,8,High,Partially Filled,2026-06-29,2026-07-11,2026-08-08,4,121.94
REQ001104,220016,BAYSTATE FRANKLIN MEDICAL CENTER,GREENFIELD,MA,Physical Therapist,Rehabilitation,Per Diem,Night,8,5,3,High,Partially Filled,2026-03-30,2026-05-09,2026-08-29,16,112.51
REQ001105,221302,FAIRVIEW HOSPITAL,GREAT BARRINGTON,MA,Allied Health Professional,Allied Health,Travel Contract,Night,8,5,3,Medium,Partially Filled,2025-12-03,2026-01-02,2026-02-27,8,157.03
REQ001106,220177,NANTUCKET COTTAGE HOSPITAL,NANTUCKET,MA,Allied Health Professional,Allied Health,Per Diem,Evening,9,1,8,High,Partially Filled,2025-09-10,2025-10-09,2026-01-29,16,121.43
REQ001107,220098,NASHOBA VALLEY MEDICAL CENTER,AYER,MA,Travel Nurse,Travel Nursing,Local Contract,Morning,4,3,1,High,Partially Filled,2026-05-19,2026-06-03,2026-09-23,16,138.91
REQ001108,220086,BETH ISRAEL DEACONESS MEDICAL CENTER,BOSTON,MA,ICU Nurse,Intensive Care Unit,Local Contract,Night,3,3,0,High,Filled,2026-02-26,2026-03-31,2026-07-21,16,106.09
REQ001109,220086,BETH ISRAEL DEACONESS MEDICAL CENTER,BOSTON,MA,Respiratory Therapist,Respiratory Care,Travel Contract,Night,15,15,0,High,Filled,2025-12-13,2026-01-24,2026-07-25,26,143.37
REQ001110,224018,ARBOUR HUMAN RESOURCE INSTITUTE,BROOKLINE,MA,Emergency Room Nurse,Emergency Department,Permanent Placement,Evening,14,8,6,Medium,Partially Filled,2025-09-07,2025-09-22,2026-01-12,16,128.16
REQ001111,220116,TUFTS MEDICAL CENTER,BOSTON,MA,Travel Nurse,Travel Nursing,Per Diem,Day,6,6,0,Critical,Filled,2026-07-31,2026-08-25,2026-09-22,4,118.17
REQ001112,220070,MELROSEWAKEFIELD HEALTHCARE,MELROSE,MA,Radiologic Technologist,Radiology,Per Diem,Evening,14,6,8,High,Partially Filled,2026-02-26,2026-04-02,2026-10-01,26,133.34
REQ001113,220163,UMASS MEMORIAL MEDICAL CENTER/UNIVERSITY CAMPUS,WORCESTER,MA,Laboratory Technician,Laboratory,Per Diem,Evening,10,9,1,Medium,Partially Filled,2025-09-12,2025-09-28,2025-10-26,4,98.7
REQ001114,220074,SOUTHCOAST HOSPITALS GROUP,FALL RIVER,MA,Physical Therapist,Rehabilitation,Per Diem,Day,5,3,2,High,Partially Filled,2025-12-22,2026-01-04,2026-03-01,8,154.81
REQ001115,220049,UMASS MEMORIAL HEALTHCARE-MARLBOROUGH HOSPITAL,MARLBOROUGH,MA,Laboratory Technician,Laboratory,Local Contract,Night,7,5,2,Low,Partially Filled,2026-03-07,2026-04-01,2026-06-24,12,134.15
REQ001116,220017,CARNEY HOSPITAL,BOSTON,MA,Respiratory Therapist,Respiratory Care,Travel Contract,Morning,15,10,5,Medium,Partially Filled,2026-04-23,2026-05-17,2026-09-06,16,93.3
REQ001117,220095,HEYWOOD HOSPITAL -,GARDNER,MA,Radiologic Technologist,Radiology,Travel Contract,Night,5,2,3,High,Partially Filled,2026-03-13,2026-04-03,2026-05-29,8,91.87
REQ001118,220017,CARNEY HOSPITAL,BOSTON,MA,Laboratory Technician,Laboratory,Local Contract,Day,10,0,10,Medium,Open,2026-04-18,2026-05-05,2026-06-02,4,125.57
REQ001119,220010,MERRIMACK HEALTH LAWRENCE HOSPITAL,LAWRENCE,MA,Travel Nurse,Travel Nursing,Local Contract,Evening,12,7,5,Medium,Partially Filled,2025-12-23,2026-02-04,2026-05-06,13,122.67
REQ001120,220086,BETH ISRAEL DEACONESS MEDICAL CENTER,BOSTON,MA,Radiologic Technologist,Radiology,Per Diem,Day,2,0,2,Critical,Open,2026-03-10,2026-04-17,2026-07-10,12,138.25
REQ001121,224028,DR JOHN C CORRIGAN MENTAL HEALTH CENTER,FALL RIVER,MA,ICU Nurse,Intensive Care Unit,Permanent Placement,Day,6,2,4,High,Partially Filled,2026-01-15,2026-02-01,2026-05-24,16,127.04
REQ001122,224021,ARBOUR-FULLER HOSPITAL,SOUTH ATTLEBORO,MA,Respiratory Therapist,Respiratory Care,Travel Contract,Day,4,4,0,Medium,Filled,2025-09-21,2025-10-31,2026-01-23,12,126.04
REQ001123,224028,DR JOHN C CORRIGAN MENTAL HEALTH CENTER,FALL RIVER,MA,Travel Nurse,Travel Nursing,Permanent Placement,Morning,8,2,6,Medium,Partially Filled,2025-12-14,2026-01-20,2026-03-17,8,159.43
REQ001124,220046,BERKSHIRE MEDICAL CENTER,PITTSFIELD,MA,Laboratory Technician,Laboratory,Local Contract,Night,2,1,1,Low,Partially Filled,2025-11-18,2025-11-25,2026-02-24,13,116.16
REQ001125,224038,"WALDEN BEHAVIORAL CARE, LLC",DEDHAM,MA,Respiratory Therapist,Respiratory Care,Permanent Placement,Night,11,5,6,High,Partially Filled,2026-06-20,2026-08-03,2026-09-28,8,143.85
REQ001126,220024,HOLYOKE MEDICAL CENTER,HOLYOKE,MA,Radiologic Technologist,Radiology,Permanent Placement,Morning,6,4,2,Low,Partially Filled,2026-04-08,2026-05-10,2026-08-30,16,89.87
REQ001127,220080,HOLY FAMILY HOSPITAL,METHUEN,MA,Respiratory Therapist,Respiratory Care,Travel Contract,Night,11,6,5,Medium,Partially Filled,2026-03-17,2026-04-13,2026-06-08,8,107.32
REQ001128,220060,BETH ISRAEL DEACONESS HOSPITAL PLYMOUTH,PLYMOUTH,MA,Allied Health Professional,Allied Health,Permanent Placement,Evening,3,3,0,High,Filled,2026-07-23,2026-08-24,2027-02-22,26,92.03
REQ001129,220111,GOOD SAMARITAN MEDICAL CENTER,BROCKTON,MA,Laboratory Technician,Laboratory,Per Diem,Morning,9,5,4,Medium,Partially Filled,2025-11-19,2025-12-22,2026-01-19,4,124.63
REQ001130,220088,NEW ENGLAND BAPTIST HOSPITAL,BOSTON,MA,Respiratory Therapist,Respiratory Care,Per Diem,Day,8,3,5,Medium,Partially Filled,2025-12-12,2025-12-22,2026-03-16,12,113.69
REQ001131,220001,UMASS MEMORIAL HEALTHALLIANCE HOSPITALS,LEOMINSTER,MA,Emergency Room Nurse,Emergency Department,Per Diem,Night,2,2,0,High,Filled,2026-05-02,2026-05-22,2026-11-20,26,101.39
REQ001132,224013,ARBOUR HOSPITAL,BOSTON,MA,Respiratory Therapist,Respiratory Care,Travel Contract,Day,13,12,1,Medium,Partially Filled,2025-09-16,2025-10-14,2026-01-06,12,110.35
REQ001133,220012,CAPE COD HOSPITAL,HYANNIS,MA,Emergency Room Nurse,Emergency Department,Local Contract,Morning,4,2,2,Medium,Partially Filled,2026-05-02,2026-06-03,2026-12-02,26,115.09
REQ001134,221302,FAIRVIEW HOSPITAL,GREAT BARRINGTON,MA,Registered Nurse,General Nursing,Permanent Placement,Evening,2,2,0,Low,Filled,2025-08-19,2025-08-27,2025-12-17,16,104.82
REQ001135,224018,ARBOUR HUMAN RESOURCE INSTITUTE,BROOKLINE,MA,Travel Nurse,Travel Nursing,Travel Contract,Evening,5,5,0,High,Filled,2026-06-20,2026-07-12,2026-08-09,4,124.18
REQ001136,220111,GOOD SAMARITAN MEDICAL CENTER,BROCKTON,MA,ICU Nurse,Intensive Care Unit,Permanent Placement,Day,12,11,1,Low,Partially Filled,2025-09-09,2025-09-20,2026-01-10,16,163.12
REQ001137,224047,VALLEY SPRINGS BEHAVIORAL HEALTH HOSPITAL,HOLYOKE,MA,Emergency Room Nurse,Emergency Department,Per Diem,Morning,4,4,0,Medium,Filled,2025-09-18,2025-11-01,2026-01-31,13,152.04
REQ001138,224045,HOSPITAL FOR BEHAVIORAL MEDICINE,WORCESTER,MA,Physician,Medical Services,Permanent Placement,Evening,5,5,0,Medium,Filled,2026-03-23,2026-04-11,2026-05-09,4,246.51
REQ001139,220177,NANTUCKET COTTAGE HOSPITAL,NANTUCKET,MA,Laboratory Technician,Laboratory,Permanent Placement,Day,15,7,8,Critical,Partially Filled,2025-12-21,2026-01-27,2026-04-21,12,118.93
REQ001140,220010,MERRIMACK HEALTH LAWRENCE HOSPITAL,LAWRENCE,MA,Laboratory Technician,Laboratory,Travel Contract,Evening,4,4,0,High,Filled,2026-08-01,2026-08-14,2026-11-13,13,99.3
REQ001141,220020,SAINT ANNE'S HOSPITAL,FALL RIVER,MA,Physical Therapist,Rehabilitation,Travel Contract,Night,3,0,3,Medium,Open,2025-09-25,2025-10-21,2026-01-13,12,157.95
REQ001142,220163,UMASS MEMORIAL MEDICAL CENTER/UNIVERSITY CAMPUS,WORCESTER,MA,Travel Nurse,Travel Nursing,Local Contract,Day,10,7,3,High,Partially Filled,2025-09-12,2025-09-28,2025-12-28,13,132.64
REQ001143,220171,"LAHEY HOSPITAL & MEDICAL CENTER, BURLINGTON",BURLINGTON,MA,Allied Health Professional,Allied Health,Permanent Placement,Day,12,9,3,Medium,Partially Filled,2025-10-17,2025-10-26,2026-01-18,12,104.65
REQ001144,220116,TUFTS MEDICAL CENTER,BOSTON,MA,Radiologic Technologist,Radiology,Per Diem,Evening,11,3,8,High,Partially Filled,2026-05-07,2026-06-14,2026-09-06,12,118.01
REQ001145,22001F,BEDFORD VA MEDICAL CENTER,BEDFORD,MA,ICU Nurse,Intensive Care Unit,Local Contract,Day,3,0,3,Medium,Open,2026-03-06,2026-03-17,2026-06-16,13,135.63
REQ001146,220060,BETH ISRAEL DEACONESS HOSPITAL PLYMOUTH,PLYMOUTH,MA,Registered Nurse,General Nursing,Permanent Placement,Night,11,8,3,High,Partially Filled,2026-03-06,2026-04-13,2026-06-08,8,123.3
REQ001147,220002,MOUNT AUBURN HOSPITAL,CAMBRIDGE,MA,Registered Nurse,General Nursing,Per Diem,Morning,5,5,0,High,Filled,2025-12-30,2026-01-13,2026-04-14,13,111.01
REQ001148,224032,WORCESTER RECOVERY CENTER AND HOSPITAL,WORCESTER,MA,Emergency Room Nurse,Emergency Department,Per Diem,Morning,11,3,8,Medium,Partially Filled,2025-10-12,2025-11-06,2026-02-26,16,114.74
REQ001149,220075,MASSACHUSETTS EYE AND EAR INFIRMARY -,BOSTON,MA,Emergency Room Nurse,Emergency Department,Travel Contract,Morning,14,7,7,Medium,Partially Filled,2025-10-24,2025-12-03,2026-06-03,26,110.52
REQ001150,220065,BAYSTATE NOBLE HOSPITAL,WESTFIELD,MA,Registered Nurse,General Nursing,Permanent Placement,Morning,12,1,11,Low,Partially Filled,2026-01-07,2026-01-26,2026-03-23,8,128.75
REQ001151,22010F,VA BOSTON HEALTHCARE SYSTEM - JAMAICA PLAIN,JAMAICA PLAIN,MA,Emergency Room Nurse,Emergency Department,Per Diem,Day,9,3,6,Critical,Partially Filled,2025-09-04,2025-10-03,2026-04-03,26,119.22
REQ001152,220088,NEW ENGLAND BAPTIST HOSPITAL,BOSTON,MA,Physical Therapist,Rehabilitation,Per Diem,Night,13,6,7,Low,Partially Filled,2026-01-04,2026-02-03,2026-05-26,16,102.67
REQ001153,220015,"COOLEY DICKINSON HOSPITAL INC,THE",NORTHAMPTON,MA,Physician,Medical Services,Permanent Placement,Morning,2,0,2,High,Open,2025-10-31,2025-11-23,2026-03-15,16,299.74
REQ001154,224047,VALLEY SPRINGS BEHAVIORAL HEALTH HOSPITAL,HOLYOKE,MA,Physician,Medical Services,Local Contract,Night,3,0,3,Low,Open,2026-06-12,2026-07-19,2026-09-13,8,296.23
REQ001155,220036,BOSTON MEDICAL CENTER-BRIGHTON,BRIGHTON,MA,Emergency Room Nurse,Emergency Department,Travel Contract,Night,6,0,6,Medium,Open,2025-10-24,2025-11-30,2025-12-28,4,130.78
REQ001156,220126,NORWOOD HOSPITAL,NORWOOD,MA,Allied Health Professional,Allied Health,Permanent Placement,Evening,4,4,0,High,Filled,2026-01-02,2026-02-10,2026-03-10,4,139.44
REQ001157,220070,MELROSEWAKEFIELD HEALTHCARE,MELROSE,MA,Physician,Medical Services,Local Contract,Night,2,2,0,Critical,Filled,2026-04-25,2026-05-22,2026-09-11,16,298.35
REQ001158,220036,BOSTON MEDICAL CENTER-BRIGHTON,BRIGHTON,MA,Respiratory Therapist,Respiratory Care,Per Diem,Day,12,12,0,High,Filled,2026-05-14,2026-06-18,2026-09-17,13,115.48
REQ001159,224007,MCLEAN HOSPITAL CORPORATION,BELMONT,MA,Emergency Room Nurse,Emergency Department,Per Diem,Evening,13,10,3,Medium,Partially Filled,2025-08-13,2025-09-12,2025-12-12,13,139.19
REQ001160,224031,CAPE COD & ISLANDS COMMUNITY MENTAL HEALTH CENTER,POCASSET,MA,Respiratory Therapist,Respiratory Care,Permanent Placement,Morning,1,0,1,Medium,Open,2026-02-08,2026-02-26,2026-08-27,26,85.39
REQ001161,220171,"LAHEY HOSPITAL & MEDICAL CENTER, BURLINGTON",BURLINGTON,MA,Allied Health Professional,Allied Health,Per Diem,Day,9,0,9,High,Open,2025-09-18,2025-10-18,2026-01-10,12,134.92
REQ001162,224046,MIRAVISTA BEHAVIORAL HEALTH CENTER,HOLYOKE,MA,Registered Nurse,General Nursing,Travel Contract,Evening,11,0,11,Critical,Open,2026-07-23,2026-08-15,2026-11-07,12,129.26
REQ001163,220052,SIGNATURE HEALTHCARE BROCKTON HOSPITAL,BROCKTON,MA,Emergency Room Nurse,Emergency Department,Travel Contract,Night,1,1,0,High,Filled,2026-03-31,2026-05-11,2026-06-08,4,112.38
REQ001164,223302,BOSTON CHILDREN'S HOSPITAL,BOSTON,MA,ICU Nurse,Intensive Care Unit,Per Diem,Day,8,0,8,High,Open,2026-03-03,2026-03-17,2026-04-14,4,124.42
REQ001165,224031,CAPE COD & ISLANDS COMMUNITY MENTAL HEALTH CENTER,POCASSET,MA,Physical Therapist,Rehabilitation,Per Diem,Night,14,14,0,Critical,Filled,2025-08-09,2025-09-06,2026-03-07,26,133.08
REQ001166,220066,MERCY MEDICAL CTR,SPRINGFIELD,MA,Laboratory Technician,Laboratory,Travel Contract,Day,14,10,4,Medium,Partially Filled,2025-08-08,2025-09-09,2025-12-09,13,121.29
REQ001167,220036,BOSTON MEDICAL CENTER-BRIGHTON,BRIGHTON,MA,Physician,Medical Services,Local Contract,Evening,1,1,0,Medium,Filled,2025-09-12,2025-09-30,2025-12-30,13,292.28
REQ001168,220062,ADCARE HOSPITAL OF WORCESTER INC,WORCESTER,MA,Physician,Medical Services,Permanent Placement,Day,2,1,1,High,Partially Filled,2025-12-19,2026-01-30,2026-04-24,12,272.41
REQ001169,220060,BETH ISRAEL DEACONESS HOSPITAL PLYMOUTH,PLYMOUTH,MA,ICU Nurse,Intensive Care Unit,Travel Contract,Night,6,4,2,High,Partially Filled,2025-11-02,2025-11-14,2026-01-09,8,120.23
REQ001170,220010,MERRIMACK HEALTH LAWRENCE HOSPITAL,LAWRENCE,MA,Radiologic Technologist,Radiology,Local Contract,Night,14,10,4,Medium,Partially Filled,2025-09-11,2025-10-03,2025-12-26,12,108.55
REQ001171,220080,HOLY FAMILY HOSPITAL,METHUEN,MA,Emergency Room Nurse,Emergency Department,Local Contract,Night,6,3,3,Medium,Partially Filled,2025-12-21,2026-01-05,2026-04-27,16,113.95
REQ001172,220024,HOLYOKE MEDICAL CENTER,HOLYOKE,MA,Physician,Medical Services,Per Diem,Morning,2,1,1,Medium,Partially Filled,2026-07-24,2026-08-28,2026-11-20,12,284.93
REQ001173,220035,NORTH SHORE MEDICAL CENTER -,SALEM,MA,Emergency Room Nurse,Emergency Department,Permanent Placement,Morning,3,1,2,High,Partially Filled,2025-08-19,2025-10-02,2026-01-01,13,147.74
REQ001174,220080,HOLY FAMILY HOSPITAL,METHUEN,MA,Travel Nurse,Travel Nursing,Per Diem,Day,14,11,3,Medium,Partially Filled,2026-01-23,2026-03-03,2026-06-23,16,129.75
REQ001175,220015,"COOLEY DICKINSON HOSPITAL INC,THE",NORTHAMPTON,MA,Radiologic Technologist,Radiology,Permanent Placement,Night,9,2,7,Medium,Partially Filled,2025-12-12,2025-12-21,2026-01-18,4,104.61
REQ001176,220019,UMASS MEMORIAL HEALTH - HARRINGTON HOSPITAL,SOUTHBRIDGE,MA,Respiratory Therapist,Respiratory Care,Travel Contract,Morning,6,5,1,High,Partially Filled,2026-07-04,2026-08-17,2026-09-14,4,85.55
REQ001177,220098,NASHOBA VALLEY MEDICAL CENTER,AYER,MA,Radiologic Technologist,Radiology,Local Contract,Morning,15,3,12,Medium,Partially Filled,2026-01-19,2026-02-16,2026-08-17,26,114.68
REQ001178,220011,CAMBRIDGE HEALTH ALLIANCE,CAMBRIDGE,MA,Registered Nurse,General Nursing,Permanent Placement,Evening,10,6,4,High,Partially Filled,2026-03-13,2026-04-18,2026-08-08,16,102.68
REQ001179,220010,MERRIMACK HEALTH LAWRENCE HOSPITAL,LAWRENCE,MA,Physical Therapist,Rehabilitation,Travel Contract,Night,7,4,3,High,Partially Filled,2026-01-20,2026-02-26,2026-08-27,26,155.06
REQ001180,224041,SOUTHCOAST BEHAVIORAL HEALTH,DARTMOUTH,MA,ICU Nurse,Intensive Care Unit,Travel Contract,Night,10,6,4,Medium,Partially Filled,2026-03-04,2026-04-07,2026-06-30,12,169.56
REQ001181,22010F,VA BOSTON HEALTHCARE SYSTEM - JAMAICA PLAIN,JAMAICA PLAIN,MA,Laboratory Technician,Laboratory,Travel Contract,Day,3,2,1,Medium,Partially Filled,2025-11-10,2025-12-23,2026-02-17,8,121.61
REQ001182,224007,MCLEAN HOSPITAL CORPORATION,BELMONT,MA,Radiologic Technologist,Radiology,Local Contract,Night,1,0,1,Medium,Open,2026-02-19,2026-03-08,2026-06-07,13,87.63
REQ001183,220084,EMERSON HOSPITAL -,W CONCORD,MA,Travel Nurse,Travel Nursing,Per Diem,Day,4,1,3,Medium,Partially Filled,2026-03-12,2026-03-24,2026-09-22,26,139.13
REQ001184,220126,NORWOOD HOSPITAL,NORWOOD,MA,Laboratory Technician,Laboratory,Permanent Placement,Evening,4,3,1,High,Partially Filled,2026-07-18,2026-08-19,2027-02-17,26,121.41
REQ001185,220108,BETH ISRAEL DEACONESS HOSPITAL - MILTON,MILTON,MA,Respiratory Therapist,Respiratory Care,Per Diem,Evening,7,5,2,High,Partially Filled,2025-10-05,2025-11-01,2025-12-27,8,122.39
REQ001186,224007,MCLEAN HOSPITAL CORPORATION,BELMONT,MA,Radiologic Technologist,Radiology,Local Contract,Night,4,4,0,Medium,Filled,2026-07-09,2026-08-22,2026-09-19,4,105.79
REQ001187,220062,ADCARE HOSPITAL OF WORCESTER INC,WORCESTER,MA,Physical Therapist,Rehabilitation,Local Contract,Evening,11,3,8,Medium,Partially Filled,2026-06-03,2026-07-05,2026-08-02,4,106.79
REQ001188,220101,NEWTON-WELLESLEY HOSPITAL,NEWTON,MA,ICU Nurse,Intensive Care Unit,Local Contract,Morning,3,3,0,Medium,Filled,2026-01-21,2026-02-21,2026-08-22,26,152.27
REQ001189,220020,SAINT ANNE'S HOSPITAL,FALL RIVER,MA,Registered Nurse,General Nursing,Travel Contract,Evening,3,3,0,High,Filled,2025-12-12,2026-01-14,2026-03-11,8,109.24
REQ001190,220108,BETH ISRAEL DEACONESS HOSPITAL - MILTON,MILTON,MA,Respiratory Therapist,Respiratory Care,Permanent Placement,Day,3,3,0,Medium,Filled,2025-08-07,2025-08-24,2025-11-16,12,152.19
REQ001191,220002,MOUNT AUBURN HOSPITAL,CAMBRIDGE,MA,Respiratory Therapist,Respiratory Care,Travel Contract,Evening,5,5,0,Medium,Filled,2025-08-28,2025-09-23,2025-12-23,13,139.67
REQ001192,220075,MASSACHUSETTS EYE AND EAR INFIRMARY -,BOSTON,MA,Laboratory Technician,Laboratory,Travel Contract,Night,7,6,1,Low,Partially Filled,2026-02-03,2026-02-17,2026-04-14,8,134.37
REQ001193,220163,UMASS MEMORIAL MEDICAL CENTER/UNIVERSITY CAMPUS,WORCESTER,MA,Physician,Medical Services,Permanent Placement,Day,12,7,5,Medium,Partially Filled,2025-11-10,2025-12-19,2026-04-10,16,242.79
REQ001194,220052,SIGNATURE HEALTHCARE BROCKTON HOSPITAL,BROCKTON,MA,Radiologic Technologist,Radiology,Per Diem,Evening,11,5,6,Medium,Partially Filled,2026-02-04,2026-02-14,2026-06-06,16,102.73
REQ001195,224018,ARBOUR HUMAN RESOURCE INSTITUTE,BROOKLINE,MA,Laboratory Technician,Laboratory,Travel Contract,Evening,6,3,3,Medium,Partially Filled,2025-12-15,2026-01-02,2026-03-27,12,112.52
REQ001196,22010F,VA BOSTON HEALTHCARE SYSTEM - JAMAICA PLAIN,JAMAICA PLAIN,MA,ICU Nurse,Intensive Care Unit,Local Contract,Night,12,6,6,Low,Partially Filled,2026-01-30,2026-02-08,2026-05-31,16,111.62
REQ001197,220036,BOSTON MEDICAL CENTER-BRIGHTON,BRIGHTON,MA,Radiologic Technologist,Radiology,Permanent Placement,Day,8,3,5,Low,Partially Filled,2026-03-09,2026-04-02,2026-06-25,12,108.1
REQ001198,220036,BOSTON MEDICAL CENTER-BRIGHTON,BRIGHTON,MA,Physical Therapist,Rehabilitation,Per Diem,Morning,9,1,8,Medium,Partially Filled,2026-06-23,2026-07-06,2026-10-05,13,93.57
REQ001199,220135,FALMOUTH HOSPITAL,FALMOUTH,MA,ICU Nurse,Intensive Care Unit,Per Diem,Night,10,4,6,High,Partially Filled,2026-03-10,2026-03-24,2026-05-19,8,108.42
REQ001200,220001,UMASS MEMORIAL HEALTHALLIANCE HOSPITALS,LEOMINSTER,MA,Radiologic Technologist,Radiology,Local Contract,Morning,12,11,1,Medium,Partially Filled,2025-11-19,2025-12-23,2026-03-17,12,85.2
REQ001201,220002,MOUNT AUBURN HOSPITAL,CAMBRIDGE,MA,Emergency Room Nurse,Emergency Department,Local Contract,Day,1,1,0,High,Filled,2026-07-14,2026-08-08,2026-10-31,12,146.0
REQ001202,220095,HEYWOOD HOSPITAL -,GARDNER,MA,Physician,Medical Services,Local Contract,Night,6,0,6,Low,Open,2026-03-25,2026-05-09,2026-11-07,26,262.72
REQ001203,220065,BAYSTATE NOBLE HOSPITAL,WESTFIELD,MA,Physical Therapist,Rehabilitation,Per Diem,Evening,10,6,4,Medium,Partially Filled,2025-12-26,2026-02-09,2026-05-11,13,131.04
REQ001204,220071,MASSACHUSETTS GENERAL HOSPITAL,BOSTON,MA,Allied Health Professional,Allied Health,Permanent Placement,Night,3,3,0,Medium,Filled,2026-01-11,2026-02-09,2026-05-11,13,101.9
REQ001205,220090,MILFORD REGIONAL MEDICAL CENTER,MILFORD,MA,Physician,Medical Services,Travel Contract,Evening,14,9,5,High,Partially Filled,2026-02-23,2026-03-04,2026-09-02,26,264.17
REQ001206,220017,CARNEY HOSPITAL,BOSTON,MA,Laboratory Technician,Laboratory,Permanent Placement,Evening,13,5,8,Low,Partially Filled,2026-02-06,2026-03-04,2026-05-27,12,111.74
REQ001207,220110,BRIGHAM AND WOMEN'S HOSPITAL,BOSTON,MA,Physical Therapist,Rehabilitation,Per Diem,Evening,7,0,7,Critical,Open,2026-01-28,2026-03-12,2026-06-11,13,118.27
REQ001208,224043,TARAVISTA BEHAVIORAL HEALTH CENTER,DEVENS,MA,Emergency Room Nurse,Emergency Department,Local Contract,Night,2,1,1,Critical,Partially Filled,2026-02-10,2026-03-27,2026-04-24,4,139.95
REQ001209,220073,BROWN UNIVERSITY HEALTH MORTON HOSPITAL,TAUNTON,MA,Emergency Room Nurse,Emergency Department,Local Contract,Evening,6,6,0,Critical,Filled,2026-02-22,2026-04-05,2026-07-05,13,119.52
REQ001210,220066,MERCY MEDICAL CTR,SPRINGFIELD,MA,ICU Nurse,Intensive Care Unit,Permanent Placement,Night,9,8,1,High,Partially Filled,2026-07-07,2026-08-03,2026-11-23,16,139.64
REQ001211,220033,NORTHEAST HOSPITAL CORPORATION,BEVERLY,MA,Physician,Medical Services,Travel Contract,Morning,7,4,3,High,Partially Filled,2026-03-19,2026-04-05,2026-05-31,8,285.93
REQ001212,220108,BETH ISRAEL DEACONESS HOSPITAL - MILTON,MILTON,MA,Respiratory Therapist,Respiratory Care,Travel Contract,Night,7,3,4,Medium,Partially Filled,2026-05-25,2026-06-27,2026-09-26,13,128.39
REQ001213,22001F,BEDFORD VA MEDICAL CENTER,BEDFORD,MA,Physical Therapist,Rehabilitation,Local Contract,Night,6,4,2,High,Partially Filled,2026-05-20,2026-06-22,2026-07-20,4,125.03
REQ001214,220046,BERKSHIRE MEDICAL CENTER,PITTSFIELD,MA,Allied Health Professional,Allied Health,Local Contract,Evening,7,3,4,Medium,Partially Filled,2025-08-12,2025-09-26,2026-03-27,26,151.23
REQ001215,220073,BROWN UNIVERSITY HEALTH MORTON HOSPITAL,TAUNTON,MA,Radiologic Technologist,Radiology,Travel Contract,Day,3,2,1,Medium,Partially Filled,2026-07-31,2026-08-19,2026-11-11,12,114.28
REQ001216,221302,FAIRVIEW HOSPITAL,GREAT BARRINGTON,MA,Physical Therapist,Rehabilitation,Travel Contract,Morning,8,8,0,High,Filled,2026-03-16,2026-04-07,2026-06-02,8,155.62
REQ001217,221302,FAIRVIEW HOSPITAL,GREAT BARRINGTON,MA,Radiologic Technologist,Radiology,Permanent Placement,Evening,1,1,0,Low,Filled,2025-09-05,2025-09-12,2026-03-13,26,111.2
REQ001218,223300,FRANCISCAN CHILDREN'S HOSPITAL & REHAB CENTER,BRIGHTON,MA,Laboratory Technician,Laboratory,Permanent Placement,Evening,9,0,9,High,Open,2025-10-01,2025-11-15,2026-05-16,26,72.19
REQ001219,224046,MIRAVISTA BEHAVIORAL HEALTH CENTER,HOLYOKE,MA,Registered Nurse,General Nursing,Permanent Placement,Day,15,14,1,Medium,Partially Filled,2026-02-03,2026-03-07,2026-09-05,26,144.29
REQ001220,220049,UMASS MEMORIAL HEALTHCARE-MARLBOROUGH HOSPITAL,MARLBOROUGH,MA,ICU Nurse,Intensive Care Unit,Local Contract,Night,11,5,6,High,Partially Filled,2025-10-26,2025-11-25,2026-02-24,13,119.71
REQ001221,220108,BETH ISRAEL DEACONESS HOSPITAL - MILTON,MILTON,MA,Allied Health Professional,Allied Health,Local Contract,Morning,15,15,0,Medium,Filled,2026-06-25,2026-07-06,2026-10-05,13,138.24
REQ001222,220075,MASSACHUSETTS EYE AND EAR INFIRMARY -,BOSTON,MA,Radiologic Technologist,Radiology,Travel Contract,Night,5,4,1,Medium,Partially Filled,2026-07-25,2026-08-17,2026-12-07,16,102.19
REQ001223,224028,DR JOHN C CORRIGAN MENTAL HEALTH CENTER,FALL RIVER,MA,Allied Health Professional,Allied Health,Local Contract,Morning,5,2,3,Medium,Partially Filled,2026-05-16,2026-06-15,2026-12-14,26,120.79
REQ001224,220024,HOLYOKE MEDICAL CENTER,HOLYOKE,MA,Emergency Room Nurse,Emergency Department,Permanent Placement,Morning,10,4,6,High,Partially Filled,2026-07-22,2026-08-06,2026-10-01,8,101.96
REQ001225,220015,"COOLEY DICKINSON HOSPITAL INC,THE",NORTHAMPTON,MA,Physical Therapist,Rehabilitation,Per Diem,Evening,1,1,0,Medium,Filled,2026-01-03,2026-01-19,2026-05-11,16,155.0
REQ001226,224007,MCLEAN HOSPITAL CORPORATION,BELMONT,MA,Emergency Room Nurse,Emergency Department,Permanent Placement,Evening,9,5,4,High,Partially Filled,2026-05-28,2026-07-06,2026-09-28,12,160.95
REQ001227,220020,SAINT ANNE'S HOSPITAL,FALL RIVER,MA,Emergency Room Nurse,Emergency Department,Per Diem,Night,11,1,10,Medium,Partially Filled,2026-04-05,2026-05-06,2026-06-03,4,115.7
REQ001228,220095,HEYWOOD HOSPITAL -,GARDNER,MA,Physical Therapist,Rehabilitation,Travel Contract,Night,8,7,1,High,Partially Filled,2025-10-01,2025-10-20,2026-01-12,12,117.45
REQ001229,224021,ARBOUR-FULLER HOSPITAL,SOUTH ATTLEBORO,MA,Respiratory Therapist,Respiratory Care,Per Diem,Day,9,1,8,Critical,Partially Filled,2026-06-17,2026-06-30,2026-09-22,12,88.92
REQ001230,220019,UMASS MEMORIAL HEALTH - HARRINGTON HOSPITAL,SOUTHBRIDGE,MA,Laboratory Technician,Laboratory,Local Contract,Night,13,11,2,Medium,Partially Filled,2025-12-05,2025-12-27,2026-03-21,12,118.22
REQ001231,220073,BROWN UNIVERSITY HEALTH MORTON HOSPITAL,TAUNTON,MA,Registered Nurse,General Nursing,Local Contract,Day,5,0,5,Critical,Open,2026-06-08,2026-07-02,2026-10-22,16,94.28
REQ001232,224045,HOSPITAL FOR BEHAVIORAL MEDICINE,WORCESTER,MA,Registered Nurse,General Nursing,Permanent Placement,Evening,10,9,1,Low,Partially Filled,2025-11-15,2025-12-06,2026-01-31,8,146.71
REQ001233,220016,BAYSTATE FRANKLIN MEDICAL CENTER,GREENFIELD,MA,Allied Health Professional,Allied Health,Permanent Placement,Day,8,1,7,Medium,Partially Filled,2026-06-21,2026-07-02,2026-08-27,8,96.99
REQ001234,220163,UMASS MEMORIAL MEDICAL CENTER/UNIVERSITY CAMPUS,WORCESTER,MA,Travel Nurse,Travel Nursing,Permanent Placement,Day,10,0,10,High,Open,2026-06-03,2026-07-11,2026-10-03,12,145.98
REQ001235,220105,WINCHESTER HOSPITAL,WINCHESTER,MA,Travel Nurse,Travel Nursing,Per Diem,Evening,5,3,2,High,Partially Filled,2026-05-29,2026-07-04,2026-08-01,4,138.0
REQ001236,220020,SAINT ANNE'S HOSPITAL,FALL RIVER,MA,Laboratory Technician,Laboratory,Local Contract,Morning,14,8,6,Medium,Partially Filled,2025-12-24,2026-01-19,2026-04-13,12,107.29
REQ001237,220171,"LAHEY HOSPITAL & MEDICAL CENTER, BURLINGTON",BURLINGTON,MA,Radiologic Technologist,Radiology,Permanent Placement,Evening,1,1,0,Medium,Filled,2025-09-27,2025-10-15,2026-01-14,13,86.59
REQ001238,220101,NEWTON-WELLESLEY HOSPITAL,NEWTON,MA,Physician,Medical Services,Local Contract,Night,11,10,1,High,Partially Filled,2025-09-18,2025-10-23,2026-01-15,12,293.4
REQ001239,220015,"COOLEY DICKINSON HOSPITAL INC,THE",NORTHAMPTON,MA,Physician,Medical Services,Permanent Placement,Day,13,8,5,High,Partially Filled,2026-04-14,2026-05-10,2026-08-02,12,304.93
REQ001240,220017,CARNEY HOSPITAL,BOSTON,MA,Physical Therapist,Rehabilitation,Permanent Placement,Night,3,1,2,High,Partially Filled,2026-07-11,2026-07-27,2026-10-19,12,134.71
REQ001241,220119,BRIGHAM AND WOMEN FAULKNER HOSPITAL,JAMAICA PLAIN,MA,Allied Health Professional,Allied Health,Per Diem,Night,10,6,4,Critical,Partially Filled,2026-04-22,2026-05-29,2026-11-27,26,123.04
REQ001242,224045,HOSPITAL FOR BEHAVIORAL MEDICINE,WORCESTER,MA,Allied Health Professional,Allied Health,Per Diem,Evening,12,5,7,Medium,Partially Filled,2025-10-14,2025-11-09,2026-02-01,12,129.43
REQ001243,220098,NASHOBA VALLEY MEDICAL CENTER,AYER,MA,Registered Nurse,General Nursing,Local Contract,Evening,6,5,1,High,Partially Filled,2026-02-23,2026-03-05,2026-06-04,13,86.36
REQ001244,220012,CAPE COD HOSPITAL,HYANNIS,MA,Travel Nurse,Travel Nursing,Travel Contract,Morning,14,5,9,Medium,Partially Filled,2026-07-05,2026-07-28,2026-10-20,12,141.77
REQ001245,220116,TUFTS MEDICAL CENTER,BOSTON,MA,Laboratory Technician,Laboratory,Per Diem,Day,9,7,2,Low,Partially Filled,2025-11-11,2025-12-01,2026-03-23,16,79.23
REQ001246,220020,SAINT ANNE'S HOSPITAL,FALL RIVER,MA,Physical Therapist,Rehabilitation,Local Contract,Morning,7,7,0,Critical,Filled,2026-03-29,2026-04-07,2026-10-06,26,133.03
REQ001247,220077,BAYSTATE MEDICAL CENTER,SPRINGFIELD,MA,ICU Nurse,Intensive Care Unit,Permanent Placement,Morning,9,5,4,Medium,Partially Filled,2025-08-29,2025-09-26,2025-12-19,12,114.4
REQ001248,220030,BAYSTATE WING HOSPITAL,PALMER,MA,Allied Health Professional,Allied Health,Local Contract,Day,10,4,6,Medium,Partially Filled,2026-02-28,2026-03-16,2026-05-11,8,112.95
REQ001249,224001,TAUNTON STATE HOSPITAL,TAUNTON,MA,Physician,Medical Services,Local Contract,Day,12,0,12,High,Open,2026-05-13,2026-06-22,2026-09-14,12,288.95
REQ001250,220063,LOWELL GENERAL HOSPITAL,LOWELL,MA,Allied Health Professional,Allied Health,Local Contract,Evening,6,3,3,Medium,Partially Filled,2026-03-17,2026-04-06,2026-06-01,8,103.93
REQ001251,223300,FRANCISCAN CHILDREN'S HOSPITAL & REHAB CENTER,BRIGHTON,MA,Physician,Medical Services,Permanent Placement,Evening,2,2,0,Medium,Filled,2026-06-06,2026-06-14,2026-08-09,8,274.05
REQ001252,220016,BAYSTATE FRANKLIN MEDICAL CENTER,GREENFIELD,MA,Laboratory Technician,Laboratory,Travel Contract,Morning,1,1,0,High,Filled,2025-08-31,2025-10-09,2026-01-01,12,102.44
REQ001253,220001,UMASS MEMORIAL HEALTHALLIANCE HOSPITALS,LEOMINSTER,MA,Allied Health Professional,Allied Health,Travel Contract,Day,2,2,0,Medium,Filled,2026-06-21,2026-07-02,2026-12-31,26,145.9
REQ001254,220046,BERKSHIRE MEDICAL CENTER,PITTSFIELD,MA,Physical Therapist,Rehabilitation,Permanent Placement,Morning,13,10,3,Medium,Partially Filled,2026-03-28,2026-04-16,2026-05-14,4,154.25
REQ001255,224022,BOURNEWOOD HOSPITAL,BROOKLINE,MA,Allied Health Professional,Allied Health,Permanent Placement,Evening,10,5,5,High,Partially Filled,2025-09-07,2025-09-25,2026-03-26,26,118.1
REQ001256,220024,HOLYOKE MEDICAL CENTER,HOLYOKE,MA,Registered Nurse,General Nursing,Per Diem,Evening,1,0,1,Medium,Open,2026-06-16,2026-07-17,2026-08-14,4,144.89
REQ001257,220049,UMASS MEMORIAL HEALTHCARE-MARLBOROUGH HOSPITAL,MARLBOROUGH,MA,Allied Health Professional,Allied Health,Per Diem,Night,11,3,8,Medium,Partially Filled,2026-04-30,2026-06-05,2026-12-04,26,100.38
REQ001258,220171,"LAHEY HOSPITAL & MEDICAL CENTER, BURLINGTON",BURLINGTON,MA,Emergency Room Nurse,Emergency Department,Local Contract,Morning,10,0,10,Critical,Open,2025-09-21,2025-09-29,2026-01-19,16,122.92
REQ001259,220063,LOWELL GENERAL HOSPITAL,LOWELL,MA,Travel Nurse,Travel Nursing,Permanent Placement,Morning,5,1,4,Medium,Partially Filled,2026-07-03,2026-07-23,2026-09-17,8,179.39
REQ001260,220070,MELROSEWAKEFIELD HEALTHCARE,MELROSE,MA,Registered Nurse,General Nursing,Travel Contract,Evening,14,6,8,High,Partially Filled,2025-10-10,2025-11-14,2025-12-12,4,144.79
REQ001261,220017,CARNEY HOSPITAL,BOSTON,MA,Respiratory Therapist,Respiratory Care,Local Contract,Evening,7,3,4,High,Partially Filled,2025-08-26,2025-09-30,2025-12-30,13,93.73
REQ001262,220073,BROWN UNIVERSITY HEALTH MORTON HOSPITAL,TAUNTON,MA,Laboratory Technician,Laboratory,Travel Contract,Evening,3,1,2,High,Partially Filled,2026-05-24,2026-07-03,2026-07-31,4,93.09
REQ001263,220063,LOWELL GENERAL HOSPITAL,LOWELL,MA,Respiratory Therapist,Respiratory Care,Per Diem,Evening,13,8,5,Medium,Partially Filled,2025-11-06,2025-11-26,2025-12-24,4,92.84
REQ001264,22009F,NORTHAMPTON VA MEDICAL CENTER,LEEDS,MA,Registered Nurse,General Nursing,Per Diem,Morning,7,1,6,Critical,Partially Filled,2025-08-04,2025-09-04,2025-12-04,13,143.56
REQ001265,220101,NEWTON-WELLESLEY HOSPITAL,NEWTON,MA,Physician,Medical Services,Permanent Placement,Day,11,6,5,Critical,Partially Filled,2025-11-26,2025-12-08,2026-06-08,26,259.23
REQ001266,220105,WINCHESTER HOSPITAL,WINCHESTER,MA,Allied Health Professional,Allied Health,Local Contract,Night,3,0,3,Medium,Open,2025-08-24,2025-09-09,2025-11-04,8,122.89
REQ001267,224021,ARBOUR-FULLER HOSPITAL,SOUTH ATTLEBORO,MA,Registered Nurse,General Nursing,Per Diem,Evening,11,4,7,High,Partially Filled,2026-06-02,2026-06-22,2026-12-21,26,114.35
REQ001268,220073,BROWN UNIVERSITY HEALTH MORTON HOSPITAL,TAUNTON,MA,Laboratory Technician,Laboratory,Local Contract,Day,15,3,12,Medium,Partially Filled,2025-10-17,2025-11-04,2026-01-27,12,89.42
REQ001269,224023,WESTWOOD PEMBROKE HEALTH SYSTEMS,WESTWOOD,MA,Allied Health Professional,Allied Health,Per Diem,Day,13,0,13,High,Open,2025-12-14,2026-01-10,2026-02-07,4,92.4
REQ001270,220036,BOSTON MEDICAL CENTER-BRIGHTON,BRIGHTON,MA,Respiratory Therapist,Respiratory Care,Local Contract,Night,13,9,4,Medium,Partially Filled,2025-08-24,2025-10-04,2026-01-03,13,109.41
REQ001271,224028,DR JOHN C CORRIGAN MENTAL HEALTH CENTER,FALL RIVER,MA,ICU Nurse,Intensive Care Unit,Permanent Placement,Evening,8,7,1,Medium,Partially Filled,2026-03-03,2026-03-14,2026-04-11,4,147.23
REQ001272,224039,WHITTIER PAVILION,HAVERHILL,MA,Registered Nurse,General Nursing,Local Contract,Morning,15,8,7,High,Partially Filled,2026-01-07,2026-02-13,2026-05-15,13,110.59
REQ001273,224038,"WALDEN BEHAVIORAL CARE, LLC",DEDHAM,MA,ICU Nurse,Intensive Care Unit,Local Contract,Night,14,13,1,Medium,Partially Filled,2026-04-02,2026-05-10,2026-11-08,26,114.09
REQ001274,220036,BOSTON MEDICAL CENTER-BRIGHTON,BRIGHTON,MA,Travel Nurse,Travel Nursing,Permanent Placement,Morning,2,2,0,High,Filled,2026-07-04,2026-07-16,2027-01-14,26,122.37
REQ001275,224028,DR JOHN C CORRIGAN MENTAL HEALTH CENTER,FALL RIVER,MA,Physician,Medical Services,Per Diem,Night,12,7,5,Medium,Partially Filled,2025-11-03,2025-11-29,2026-02-21,12,266.23
REQ001276,220036,BOSTON MEDICAL CENTER-BRIGHTON,BRIGHTON,MA,Physical Therapist,Rehabilitation,Local Contract,Day,1,0,1,Medium,Open,2025-08-18,2025-09-18,2026-03-19,26,94.39
REQ001277,220084,EMERSON HOSPITAL -,W CONCORD,MA,Emergency Room Nurse,Emergency Department,Permanent Placement,Morning,10,7,3,Medium,Partially Filled,2026-02-20,2026-03-19,2026-04-16,4,160.87
REQ001278,220001,UMASS MEMORIAL HEALTHALLIANCE HOSPITALS,LEOMINSTER,MA,Respiratory Therapist,Respiratory Care,Permanent Placement,Day,10,4,6,High,Partially Filled,2026-03-20,2026-04-09,2026-07-09,13,130.88
REQ001279,220074,SOUTHCOAST HOSPITALS GROUP,FALL RIVER,MA,Allied Health Professional,Allied Health,Permanent Placement,Evening,6,6,0,High,Filled,2026-01-20,2026-02-07,2026-05-02,12,136.76
REQ001280,220071,MASSACHUSETTS GENERAL HOSPITAL,BOSTON,MA,Laboratory Technician,Laboratory,Local Contract,Day,7,0,7,Medium,Open,2025-12-13,2025-12-24,2026-03-18,12,100.02
REQ001281,220060,BETH ISRAEL DEACONESS HOSPITAL PLYMOUTH,PLYMOUTH,MA,ICU Nurse,Intensive Care Unit,Per Diem,Evening,14,5,9,Medium,Partially Filled,2026-05-09,2026-06-03,2026-07-29,8,173.9
REQ001282,22001F,BEDFORD VA MEDICAL CENTER,BEDFORD,MA,Laboratory Technician,Laboratory,Local Contract,Day,4,1,3,Medium,Partially Filled,2025-11-02,2025-12-04,2026-03-26,16,120.12
REQ001283,220008,STURDY MEMORIAL HOSPITAL,ATTLEBORO,MA,Physical Therapist,Rehabilitation,Per Diem,Night,9,0,9,High,Open,2025-10-17,2025-11-29,2026-03-21,16,161.8
REQ001284,220110,BRIGHAM AND WOMEN'S HOSPITAL,BOSTON,MA,Allied Health Professional,Allied Health,Local Contract,Evening,3,1,2,High,Partially Filled,2025-10-21,2025-11-03,2026-05-04,26,109.49
REQ001285,220002,MOUNT AUBURN HOSPITAL,CAMBRIDGE,MA,Physician,Medical Services,Permanent Placement,Morning,15,15,0,Medium,Filled,2026-02-16,2026-03-28,2026-06-27,13,305.67
REQ001286,220062,ADCARE HOSPITAL OF WORCESTER INC,WORCESTER,MA,ICU Nurse,Intensive Care Unit,Travel Contract,Day,5,1,4,High,Partially Filled,2025-12-07,2026-01-18,2026-07-19,26,114.82
REQ001287,220020,SAINT ANNE'S HOSPITAL,FALL RIVER,MA,Emergency Room Nurse,Emergency Department,Permanent Placement,Night,11,6,5,Medium,Partially Filled,2025-12-03,2026-01-04,2026-03-01,8,124.53
REQ001288,224028,DR JOHN C CORRIGAN MENTAL HEALTH CENTER,FALL RIVER,MA,Physician,Medical Services,Local Contract,Night,12,11,1,Medium,Partially Filled,2025-10-11,2025-11-12,2025-12-10,4,287.06
REQ001289,221300,MARTHA'S VINEYARD HOSPITAL INC,OAK BLUFFS,MA,Registered Nurse,General Nursing,Travel Contract,Evening,5,4,1,Medium,Partially Filled,2026-06-23,2026-07-07,2026-10-27,16,115.68
REQ001290,220086,BETH ISRAEL DEACONESS MEDICAL CENTER,BOSTON,MA,Laboratory Technician,Laboratory,Per Diem,Morning,2,2,0,Critical,Filled,2026-06-09,2026-07-15,2026-09-09,8,70.87
REQ001291,220135,FALMOUTH HOSPITAL,FALMOUTH,MA,ICU Nurse,Intensive Care Unit,Permanent Placement,Morning,10,2,8,Medium,Partially Filled,2026-06-17,2026-07-23,2026-10-22,13,112.21
REQ001292,224047,VALLEY SPRINGS BEHAVIORAL HEALTH HOSPITAL,HOLYOKE,MA,Physical Therapist,Rehabilitation,Permanent Placement,Day,8,6,2,High,Partially Filled,2026-02-02,2026-02-24,2026-08-25,26,152.56
REQ001293,220095,HEYWOOD HOSPITAL -,GARDNER,MA,Physician,Medical Services,Per Diem,Day,7,4,3,Low,Partially Filled,2025-12-07,2026-01-15,2026-04-09,12,289.92
REQ001294,220052,SIGNATURE HEALTHCARE BROCKTON HOSPITAL,BROCKTON,MA,Travel Nurse,Travel Nursing,Per Diem,Day,10,6,4,Critical,Partially Filled,2026-05-27,2026-07-04,2026-08-29,8,172.84
REQ001295,220052,SIGNATURE HEALTHCARE BROCKTON HOSPITAL,BROCKTON,MA,Laboratory Technician,Laboratory,Permanent Placement,Day,10,8,2,High,Partially Filled,2026-06-07,2026-07-20,2026-10-19,13,109.32
REQ001296,220105,WINCHESTER HOSPITAL,WINCHESTER,MA,ICU Nurse,Intensive Care Unit,Per Diem,Evening,13,3,10,High,Partially Filled,2026-05-22,2026-06-04,2026-07-02,4,155.28
REQ001297,221303,ATHOL MEMORIAL HOSPITAL,ATHOL,MA,Allied Health Professional,Allied Health,Travel Contract,Evening,10,8,2,High,Partially Filled,2026-06-28,2026-08-02,2026-11-01,13,133.97
REQ001298,220101,NEWTON-WELLESLEY HOSPITAL,NEWTON,MA,Registered Nurse,General Nursing,Travel Contract,Morning,1,1,0,Critical,Filled,2025-11-19,2026-01-01,2026-02-26,8,141.13
REQ001299,22009F,NORTHAMPTON VA MEDICAL CENTER,LEEDS,MA,Physician,Medical Services,Permanent Placement,Day,4,2,2,Medium,Partially Filled,2026-01-31,2026-03-01,2026-05-24,12,288.94
REQ001300,224039,WHITTIER PAVILION,HAVERHILL,MA,Physician,Medical Services,Per Diem,Evening,13,13,0,High,Filled,2025-10-22,2025-11-11,2026-03-03,16,294.67
REQ001301,220073,BROWN UNIVERSITY HEALTH MORTON HOSPITAL,TAUNTON,MA,Radiologic Technologist,Radiology,Local Contract,Morning,10,8,2,High,Partially Filled,2025-09-15,2025-10-13,2026-01-05,12,89.09
REQ001302,220046,BERKSHIRE MEDICAL CENTER,PITTSFIELD,MA,Respiratory Therapist,Respiratory Care,Local Contract,Morning,3,3,0,High,Filled,2026-01-08,2026-02-15,2026-08-16,26,118.98
REQ001303,220071,MASSACHUSETTS GENERAL HOSPITAL,BOSTON,MA,Radiologic Technologist,Radiology,Travel Contract,Night,6,0,6,High,Open,2026-02-02,2026-02-19,2026-04-16,8,145.62
REQ001304,220105,WINCHESTER HOSPITAL,WINCHESTER,MA,Laboratory Technician,Laboratory,Travel Contract,Night,3,3,0,Low,Filled,2025-12-30,2026-02-10,2026-06-02,16,117.82
REQ001305,220002,MOUNT AUBURN HOSPITAL,CAMBRIDGE,MA,Physician,Medical Services,Local Contract,Evening,6,3,3,Medium,Partially Filled,2025-10-14,2025-11-11,2026-03-03,16,306.93
REQ001306,220024,HOLYOKE MEDICAL CENTER,HOLYOKE,MA,Physical Therapist,Rehabilitation,Travel Contract,Night,4,3,1,Medium,Partially Filled,2026-05-19,2026-05-31,2026-08-23,12,138.73
REQ001307,220095,HEYWOOD HOSPITAL -,GARDNER,MA,Registered Nurse,General Nursing,Local Contract,Evening,4,1,3,High,Partially Filled,2026-04-11,2026-05-02,2026-10-31,26,100.12
REQ001308,220029,ANNA JAQUES HOSPITAL,NEWBURYPORT,MA,Physician,Medical Services,Permanent Placement,Night,8,7,1,Medium,Partially Filled,2025-12-03,2025-12-11,2026-04-02,16,299.35
REQ001309,220049,UMASS MEMORIAL HEALTHCARE-MARLBOROUGH HOSPITAL,MARLBOROUGH,MA,Respiratory Therapist,Respiratory Care,Per Diem,Morning,12,4,8,Medium,Partially Filled,2026-06-18,2026-07-31,2026-10-30,13,110.52
REQ001310,220084,EMERSON HOSPITAL -,W CONCORD,MA,Allied Health Professional,Allied Health,Per Diem,Night,12,2,10,High,Partially Filled,2026-05-04,2026-06-02,2026-06-30,4,130.53
REQ001311,220108,BETH ISRAEL DEACONESS HOSPITAL - MILTON,MILTON,MA,Laboratory Technician,Laboratory,Local Contract,Morning,6,0,6,High,Open,2026-07-29,2026-09-04,2026-12-25,16,113.15
REQ001312,223304,THE SHRINERS' HOSPITAL FOR CHILDREN - BOSTON,BOSTON,MA,Travel Nurse,Travel Nursing,Permanent Placement,Evening,14,0,14,Medium,Open,2026-03-27,2026-04-20,2026-08-10,16,145.53
REQ001313,220110,BRIGHAM AND WOMEN'S HOSPITAL,BOSTON,MA,Registered Nurse,General Nursing,Per Diem,Evening,11,0,11,High,Open,2026-05-14,2026-06-18,2026-10-08,16,95.35
REQ001314,220070,MELROSEWAKEFIELD HEALTHCARE,MELROSE,MA,ICU Nurse,Intensive Care Unit,Permanent Placement,Evening,15,0,15,High,Open,2025-12-20,2026-02-01,2026-04-26,12,170.99
REQ001315,224046,MIRAVISTA BEHAVIORAL HEALTH CENTER,HOLYOKE,MA,Travel Nurse,Travel Nursing,Per Diem,Night,9,4,5,High,Partially Filled,2026-07-05,2026-08-09,2026-11-01,12,176.32
REQ001316,220177,NANTUCKET COTTAGE HOSPITAL,NANTUCKET,MA,Emergency Room Nurse,Emergency Department,Travel Contract,Morning,14,0,14,High,Open,2026-05-04,2026-06-17,2026-09-09,12,154.22
REQ001317,220030,BAYSTATE WING HOSPITAL,PALMER,MA,Physical Therapist,Rehabilitation,Local Contract,Night,12,2,10,Critical,Partially Filled,2025-09-02,2025-10-12,2026-01-11,13,146.16
REQ001318,220073,BROWN UNIVERSITY HEALTH MORTON HOSPITAL,TAUNTON,MA,Emergency Room Nurse,Emergency Department,Travel Contract,Day,2,1,1,Critical,Partially Filled,2025-08-16,2025-09-23,2026-03-24,26,140.18
REQ001319,220090,MILFORD REGIONAL MEDICAL CENTER,MILFORD,MA,Respiratory Therapist,Respiratory Care,Local Contract,Day,14,5,9,Medium,Partially Filled,2026-02-12,2026-03-21,2026-05-16,8,97.42
REQ001320,220101,NEWTON-WELLESLEY HOSPITAL,NEWTON,MA,Physician,Medical Services,Local Contract,Night,5,3,2,Medium,Partially Filled,2026-04-13,2026-04-25,2026-06-20,8,285.31
REQ001321,22001F,BEDFORD VA MEDICAL CENTER,BEDFORD,MA,Allied Health Professional,Allied Health,Travel Contract,Day,5,0,5,High,Open,2026-03-20,2026-04-02,2026-07-23,16,96.68
REQ001322,220062,ADCARE HOSPITAL OF WORCESTER INC,WORCESTER,MA,Laboratory Technician,Laboratory,Travel Contract,Morning,7,4,3,High,Partially Filled,2025-08-07,2025-08-14,2025-11-06,12,134.9
REQ001323,224031,CAPE COD & ISLANDS COMMUNITY MENTAL HEALTH CENTER,POCASSET,MA,Physical Therapist,Rehabilitation,Travel Contract,Night,4,2,2,High,Partially Filled,2026-04-13,2026-05-01,2026-08-21,16,132.18
REQ001324,221304,NORTH ADAMS REGIONAL HOSPITAL CORPORATION,NORTH ADAMS,MA,Emergency Room Nurse,Emergency Department,Travel Contract,Morning,1,0,1,Critical,Open,2026-04-17,2026-05-03,2026-08-02,13,107.54
REQ001325,220011,CAMBRIDGE HEALTH ALLIANCE,CAMBRIDGE,MA,Physical Therapist,Rehabilitation,Local Contract,Morning,8,3,5,Critical,Partially Filled,2026-04-23,2026-05-10,2026-06-07,4,157.0
REQ001326,223304,THE SHRINERS' HOSPITAL FOR CHILDREN - BOSTON,BOSTON,MA,Respiratory Therapist,Respiratory Care,Per Diem,Night,9,1,8,Medium,Partially Filled,2026-03-18,2026-04-01,2026-09-30,26,101.76
REQ001327,220052,SIGNATURE HEALTHCARE BROCKTON HOSPITAL,BROCKTON,MA,Travel Nurse,Travel Nursing,Travel Contract,Day,1,1,0,High,Filled,2026-02-23,2026-03-04,2026-05-27,12,137.44
REQ001328,220008,STURDY MEMORIAL HOSPITAL,ATTLEBORO,MA,Physical Therapist,Rehabilitation,Per Diem,Morning,7,3,4,Medium,Partially Filled,2026-05-22,2026-07-02,2026-10-22,16,145.45
REQ001329,220024,HOLYOKE MEDICAL CENTER,HOLYOKE,MA,Respiratory Therapist,Respiratory Care,Travel Contract,Evening,2,1,1,Medium,Partially Filled,2026-02-23,2026-03-29,2026-06-28,13,124.29
REQ001330,224038,"WALDEN BEHAVIORAL CARE, LLC",DEDHAM,MA,Respiratory Therapist,Respiratory Care,Travel Contract,Day,13,10,3,Medium,Partially Filled,2026-01-04,2026-02-11,2026-05-06,12,91.24
REQ001331,220163,UMASS MEMORIAL MEDICAL CENTER/UNIVERSITY CAMPUS,WORCESTER,MA,Physical Therapist,Rehabilitation,Travel Contract,Day,6,5,1,Low,Partially Filled,2026-05-05,2026-05-23,2026-11-21,26,113.21
REQ001332,224031,CAPE COD & ISLANDS COMMUNITY MENTAL HEALTH CENTER,POCASSET,MA,Allied Health Professional,Allied Health,Local Contract,Morning,14,6,8,High,Partially Filled,2026-05-03,2026-05-13,2026-11-11,26,93.13
REQ001333,220015,"COOLEY DICKINSON HOSPITAL INC,THE",NORTHAMPTON,MA,ICU Nurse,Intensive Care Unit,Travel Contract,Night,12,5,7,Medium,Partially Filled,2026-03-23,2026-04-10,2026-06-05,8,144.98
REQ001334,224038,"WALDEN BEHAVIORAL CARE, LLC",DEDHAM,MA,Registered Nurse,General Nursing,Per Diem,Day,15,3,12,Critical,Partially Filled,2025-08-24,2025-09-24,2025-11-19,8,131.17
REQ001335,220075,MASSACHUSETTS EYE AND EAR INFIRMARY -,BOSTON,MA,Emergency Room Nurse,Emergency Department,Travel Contract,Night,15,12,3,Medium,Partially Filled,2026-02-16,2026-03-09,2026-06-01,12,117.23
REQ001336,223300,FRANCISCAN CHILDREN'S HOSPITAL & REHAB CENTER,BRIGHTON,MA,Respiratory Therapist,Respiratory Care,Per Diem,Night,14,14,0,Critical,Filled,2026-07-15,2026-08-27,2027-02-25,26,130.73
REQ001337,220111,GOOD SAMARITAN MEDICAL CENTER,BROCKTON,MA,Respiratory Therapist,Respiratory Care,Permanent Placement,Morning,14,6,8,High,Partially Filled,2026-07-20,2026-07-27,2026-10-26,13,98.26
REQ001338,220052,SIGNATURE HEALTHCARE BROCKTON HOSPITAL,BROCKTON,MA,Physician,Medical Services,Travel Contract,Evening,12,6,6,Medium,Partially Filled,2026-06-04,2026-06-11,2026-12-10,26,288.26
REQ001339,220030,BAYSTATE WING HOSPITAL,PALMER,MA,ICU Nurse,Intensive Care Unit,Per Diem,Night,2,0,2,Critical,Open,2025-09-29,2025-10-16,2026-01-15,13,122.95
REQ001340,224046,MIRAVISTA BEHAVIORAL HEALTH CENTER,HOLYOKE,MA,Physician,Medical Services,Per Diem,Day,14,9,5,High,Partially Filled,2026-05-02,2026-05-27,2026-08-19,12,267.64
REQ001341,220012,CAPE COD HOSPITAL,HYANNIS,MA,ICU Nurse,Intensive Care Unit,Permanent Placement,Evening,3,0,3,Medium,Open,2026-05-12,2026-06-19,2026-08-14,8,121.01
REQ001342,220090,MILFORD REGIONAL MEDICAL CENTER,MILFORD,MA,Emergency Room Nurse,Emergency Department,Permanent Placement,Night,7,5,2,Medium,Partially Filled,2025-09-12,2025-09-23,2025-11-18,8,153.84
REQ001343,224041,SOUTHCOAST BEHAVIORAL HEALTH,DARTMOUTH,MA,Travel Nurse,Travel Nursing,Local Contract,Morning,10,0,10,High,Open,2025-11-16,2025-12-13,2026-01-10,4,132.56
REQ001344,220073,BROWN UNIVERSITY HEALTH MORTON HOSPITAL,TAUNTON,MA,Allied Health Professional,Allied Health,Permanent Placement,Night,1,1,0,Critical,Filled,2026-03-25,2026-04-13,2026-10-12,26,125.39
REQ001345,224028,DR JOHN C CORRIGAN MENTAL HEALTH CENTER,FALL RIVER,MA,Emergency Room Nurse,Emergency Department,Permanent Placement,Day,11,11,0,High,Filled,2026-06-18,2026-07-07,2026-09-29,12,104.86
REQ001346,221302,FAIRVIEW HOSPITAL,GREAT BARRINGTON,MA,Physical Therapist,Rehabilitation,Per Diem,Day,3,1,2,Medium,Partially Filled,2026-04-28,2026-05-23,2026-09-12,16,96.56
REQ001347,220176,ST VINCENT HOSPITAL,WORCESTER,MA,Laboratory Technician,Laboratory,Per Diem,Day,15,10,5,Medium,Partially Filled,2025-08-09,2025-08-26,2026-02-24,26,75.27
REQ001348,224040,DR SOLOMON CARTER FULLER MENTAL HEALTH CENTER,BOSTON,MA,Registered Nurse,General Nursing,Travel Contract,Night,1,1,0,High,Filled,2026-02-12,2026-02-19,2026-06-11,16,87.46
REQ001349,224001,TAUNTON STATE HOSPITAL,TAUNTON,MA,ICU Nurse,Intensive Care Unit,Per Diem,Evening,11,6,5,Medium,Partially Filled,2025-08-11,2025-09-17,2026-01-07,16,157.36
REQ001350,220052,SIGNATURE HEALTHCARE BROCKTON HOSPITAL,BROCKTON,MA,Physical Therapist,Rehabilitation,Local Contract,Evening,8,7,1,Medium,Partially Filled,2025-12-07,2026-01-05,2026-07-06,26,117.21
REQ001351,220036,BOSTON MEDICAL CENTER-BRIGHTON,BRIGHTON,MA,Physician,Medical Services,Per Diem,Day,5,1,4,Medium,Partially Filled,2026-06-23,2026-07-11,2026-10-10,13,260.99
REQ001352,221303,ATHOL MEMORIAL HOSPITAL,ATHOL,MA,Radiologic Technologist,Radiology,Per Diem,Night,7,2,5,Critical,Partially Filled,2026-02-27,2026-04-09,2026-06-04,8,111.48
REQ001353,220098,NASHOBA VALLEY MEDICAL CENTER,AYER,MA,Radiologic Technologist,Radiology,Per Diem,Morning,8,5,3,High,Partially Filled,2026-03-20,2026-04-24,2026-07-24,13,91.32
REQ001354,220008,STURDY MEMORIAL HOSPITAL,ATTLEBORO,MA,Travel Nurse,Travel Nursing,Local Contract,Morning,4,4,0,Critical,Filled,2025-12-04,2025-12-24,2026-06-24,26,153.37
REQ001355,220177,NANTUCKET COTTAGE HOSPITAL,NANTUCKET,MA,Allied Health Professional,Allied Health,Permanent Placement,Day,7,2,5,Medium,Partially Filled,2026-06-26,2026-07-22,2026-09-16,8,121.66
REQ001356,224044,WESTBOROUGH BEHAVIORAL HEALTHCARE HOSPITAL LLC,WESTBOROUGH,MA,Respiratory Therapist,Respiratory Care,Local Contract,Evening,6,4,2,Critical,Partially Filled,2025-08-27,2025-09-15,2025-11-10,8,115.22
REQ001357,221304,NORTH ADAMS REGIONAL HOSPITAL CORPORATION,NORTH ADAMS,MA,Registered Nurse,General Nursing,Local Contract,Morning,10,10,0,Critical,Filled,2026-07-22,2026-08-11,2026-11-10,13,132.64
REQ001358,224022,BOURNEWOOD HOSPITAL,BROOKLINE,MA,Respiratory Therapist,Respiratory Care,Permanent Placement,Night,7,5,2,High,Partially Filled,2026-05-22,2026-06-10,2026-08-05,8,94.14
REQ001359,220052,SIGNATURE HEALTHCARE BROCKTON HOSPITAL,BROCKTON,MA,Allied Health Professional,Allied Health,Travel Contract,Day,11,0,11,Low,Open,2026-06-09,2026-07-19,2027-01-17,26,90.61
REQ001360,220016,BAYSTATE FRANKLIN MEDICAL CENTER,GREENFIELD,MA,Allied Health Professional,Allied Health,Local Contract,Morning,4,1,3,High,Partially Filled,2025-09-16,2025-10-13,2026-01-05,12,115.41
REQ001361,220063,LOWELL GENERAL HOSPITAL,LOWELL,MA,Physical Therapist,Rehabilitation,Per Diem,Morning,12,2,10,Medium,Partially Filled,2026-03-17,2026-04-23,2026-07-16,12,131.33
REQ001362,224022,BOURNEWOOD HOSPITAL,BROOKLINE,MA,Emergency Room Nurse,Emergency Department,Local Contract,Evening,15,13,2,High,Partially Filled,2026-03-01,2026-03-15,2026-07-05,16,119.69
REQ001363,221302,FAIRVIEW HOSPITAL,GREAT BARRINGTON,MA,ICU Nurse,Intensive Care Unit,Local Contract,Evening,2,0,2,Medium,Open,2026-07-06,2026-07-22,2026-10-21,13,138.38
REQ001364,224013,ARBOUR HOSPITAL,BOSTON,MA,Physical Therapist,Rehabilitation,Local Contract,Evening,10,9,1,High,Partially Filled,2026-07-19,2026-08-18,2026-11-17,13,159.92
REQ001365,220019,UMASS MEMORIAL HEALTH - HARRINGTON HOSPITAL,SOUTHBRIDGE,MA,Allied Health Professional,Allied Health,Local Contract,Morning,2,0,2,High,Open,2026-01-21,2026-02-02,2026-04-27,12,154.17
REQ001366,220060,BETH ISRAEL DEACONESS HOSPITAL PLYMOUTH,PLYMOUTH,MA,Travel Nurse,Travel Nursing,Travel Contract,Morning,12,12,0,High,Filled,2026-06-21,2026-07-18,2026-10-10,12,170.95
REQ001367,224013,ARBOUR HOSPITAL,BOSTON,MA,Physical Therapist,Rehabilitation,Per Diem,Night,6,6,0,Medium,Filled,2026-05-30,2026-07-02,2026-08-27,8,160.74
REQ001368,224018,ARBOUR HUMAN RESOURCE INSTITUTE,BROOKLINE,MA,Radiologic Technologist,Radiology,Per Diem,Morning,11,3,8,Medium,Partially Filled,2026-01-11,2026-01-28,2026-02-25,4,112.31
REQ001369,221303,ATHOL MEMORIAL HOSPITAL,ATHOL,MA,Physician,Medical Services,Travel Contract,Night,2,1,1,High,Partially Filled,2026-07-03,2026-08-08,2027-02-06,26,304.86
REQ001370,220029,ANNA JAQUES HOSPITAL,NEWBURYPORT,MA,Physical Therapist,Rehabilitation,Permanent Placement,Evening,4,3,1,Low,Partially Filled,2025-08-10,2025-09-05,2025-12-05,13,139.03
REQ001371,220175,METROWEST MEDICAL CENTER,FRAMINGHAM,MA,Allied Health Professional,Allied Health,Local Contract,Morning,7,5,2,High,Partially Filled,2026-02-04,2026-03-15,2026-06-14,13,128.67
REQ001372,220052,SIGNATURE HEALTHCARE BROCKTON HOSPITAL,BROCKTON,MA,Physician,Medical Services,Per Diem,Day,15,2,13,Low,Partially Filled,2025-12-15,2025-12-27,2026-03-28,13,249.0
REQ001373,220083,BETH ISRAEL DEACONESS HOSPITAL - NEEDHAM,NEEDHAM,MA,Travel Nurse,Travel Nursing,Local Contract,Day,2,0,2,High,Open,2025-09-08,2025-09-26,2025-12-19,12,115.68
REQ001374,220029,ANNA JAQUES HOSPITAL,NEWBURYPORT,MA,Allied Health Professional,Allied Health,Permanent Placement,Morning,10,10,0,High,Filled,2026-06-13,2026-06-24,2026-08-19,8,97.41
REQ001375,220086,BETH ISRAEL DEACONESS MEDICAL CENTER,BOSTON,MA,Registered Nurse,General Nursing,Local Contract,Day,15,2,13,High,Partially Filled,2026-07-27,2026-08-11,2026-10-06,8,91.41
REQ001376,220101,NEWTON-WELLESLEY HOSPITAL,NEWTON,MA,Travel Nurse,Travel Nursing,Per Diem,Night,2,1,1,Medium,Partially Filled,2025-11-16,2025-11-26,2026-05-27,26,128.81
REQ001377,220100,SOUTH SHORE HOSPITAL,SOUTH WEYMOUTH,MA,Physical Therapist,Rehabilitation,Travel Contract,Evening,5,5,0,Medium,Filled,2026-07-28,2026-08-15,2026-11-14,13,92.44
REQ001378,220073,BROWN UNIVERSITY HEALTH MORTON HOSPITAL,TAUNTON,MA,Travel Nurse,Travel Nursing,Travel Contract,Day,10,3,7,Medium,Partially Filled,2025-12-13,2025-12-29,2026-04-20,16,174.4
REQ001379,224040,DR SOLOMON CARTER FULLER MENTAL HEALTH CENTER,BOSTON,MA,Emergency Room Nurse,Emergency Department,Per Diem,Night,10,6,4,Medium,Partially Filled,2026-02-19,2026-04-04,2026-06-27,12,157.71
REQ001380,220084,EMERSON HOSPITAL -,W CONCORD,MA,Laboratory Technician,Laboratory,Travel Contract,Day,13,2,11,Low,Partially Filled,2025-08-04,2025-08-27,2025-11-19,12,92.1
REQ001381,220077,BAYSTATE MEDICAL CENTER,SPRINGFIELD,MA,Physical Therapist,Rehabilitation,Permanent Placement,Day,13,11,2,Critical,Partially Filled,2026-03-09,2026-03-21,2026-09-19,26,139.22
REQ001382,220063,LOWELL GENERAL HOSPITAL,LOWELL,MA,Physical Therapist,Rehabilitation,Per Diem,Morning,2,2,0,Medium,Filled,2026-02-02,2026-03-19,2026-09-17,26,143.95
REQ001383,220020,SAINT ANNE'S HOSPITAL,FALL RIVER,MA,Allied Health Professional,Allied Health,Local Contract,Night,6,4,2,High,Partially Filled,2026-04-13,2026-05-09,2026-08-08,13,92.99
REQ001384,220070,MELROSEWAKEFIELD HEALTHCARE,MELROSE,MA,Respiratory Therapist,Respiratory Care,Permanent Placement,Evening,15,12,3,Medium,Partially Filled,2026-03-27,2026-05-02,2026-07-25,12,94.95
REQ001385,220090,MILFORD REGIONAL MEDICAL CENTER,MILFORD,MA,Respiratory Therapist,Respiratory Care,Permanent Placement,Morning,7,2,5,Low,Partially Filled,2025-08-13,2025-08-28,2025-11-20,12,140.4
REQ001386,220073,BROWN UNIVERSITY HEALTH MORTON HOSPITAL,TAUNTON,MA,Emergency Room Nurse,Emergency Department,Permanent Placement,Evening,2,0,2,Medium,Open,2026-05-31,2026-06-18,2026-08-13,8,123.61
REQ001387,224013,ARBOUR HOSPITAL,BOSTON,MA,Radiologic Technologist,Radiology,Per Diem,Night,14,13,1,Medium,Partially Filled,2026-02-17,2026-03-06,2026-05-29,12,124.48
REQ001388,220100,SOUTH SHORE HOSPITAL,SOUTH WEYMOUTH,MA,Respiratory Therapist,Respiratory Care,Per Diem,Day,11,0,11,Low,Open,2026-03-11,2026-03-28,2026-06-27,13,107.63
REQ001389,220020,SAINT ANNE'S HOSPITAL,FALL RIVER,MA,Physical Therapist,Rehabilitation,Local Contract,Evening,9,7,2,Medium,Partially Filled,2025-12-27,2026-01-12,2026-03-09,8,158.98
REQ001390,224023,WESTWOOD PEMBROKE HEALTH SYSTEMS,WESTWOOD,MA,Emergency Room Nurse,Emergency Department,Travel Contract,Night,10,6,4,Medium,Partially Filled,2026-01-21,2026-02-16,2026-08-17,26,123.88
REQ001391,220010,MERRIMACK HEALTH LAWRENCE HOSPITAL,LAWRENCE,MA,Emergency Room Nurse,Emergency Department,Permanent Placement,Morning,2,0,2,Medium,Open,2026-02-06,2026-03-21,2026-06-20,13,114.66
REQ001392,221300,MARTHA'S VINEYARD HOSPITAL INC,OAK BLUFFS,MA,Travel Nurse,Travel Nursing,Per Diem,Night,9,5,4,Critical,Partially Filled,2026-01-08,2026-02-14,2026-05-09,12,182.58
REQ001393,224023,WESTWOOD PEMBROKE HEALTH SYSTEMS,WESTWOOD,MA,Physical Therapist,Rehabilitation,Permanent Placement,Evening,4,1,3,High,Partially Filled,2025-11-26,2026-01-09,2026-05-01,16,113.94
REQ001394,220108,BETH ISRAEL DEACONESS HOSPITAL - MILTON,MILTON,MA,Respiratory Therapist,Respiratory Care,Permanent Placement,Morning,9,7,2,Low,Partially Filled,2025-10-15,2025-11-11,2025-12-09,4,112.27
REQ001395,224031,CAPE COD & ISLANDS COMMUNITY MENTAL HEALTH CENTER,POCASSET,MA,Physician,Medical Services,Travel Contract,Evening,14,12,2,Medium,Partially Filled,2026-07-31,2026-08-16,2026-11-08,12,284.31
REQ001396,221300,MARTHA'S VINEYARD HOSPITAL INC,OAK BLUFFS,MA,Allied Health Professional,Allied Health,Per Diem,Evening,3,2,1,Critical,Partially Filled,2026-06-14,2026-07-21,2026-11-10,16,132.33
REQ001397,224043,TARAVISTA BEHAVIORAL HEALTH CENTER,DEVENS,MA,Travel Nurse,Travel Nursing,Per Diem,Day,10,1,9,High,Partially Filled,2026-06-27,2026-07-16,2026-11-05,16,128.65
REQ001398,224041,SOUTHCOAST BEHAVIORAL HEALTH,DARTMOUTH,MA,Physician,Medical Services,Per Diem,Morning,12,0,12,Medium,Open,2025-12-06,2026-01-06,2026-04-07,13,260.73
REQ001399,224018,ARBOUR HUMAN RESOURCE INSTITUTE,BROOKLINE,MA,Respiratory Therapist,Respiratory Care,Permanent Placement,Evening,13,2,11,High,Partially Filled,2025-09-10,2025-10-10,2026-01-09,13,126.57
REQ001400,220063,LOWELL GENERAL HOSPITAL,LOWELL,MA,ICU Nurse,Intensive Care Unit,Permanent Placement,Morning,4,4,0,Medium,Filled,2025-12-19,2026-01-24,2026-04-18,12,114.0
REQ001401,224013,ARBOUR HOSPITAL,BOSTON,MA,ICU Nurse,Intensive Care Unit,Local Contract,Morning,8,5,3,High,Partially Filled,2025-08-27,2025-09-23,2026-01-13,16,131.25
REQ001402,224018,ARBOUR HUMAN RESOURCE INSTITUTE,BROOKLINE,MA,Respiratory Therapist,Respiratory Care,Travel Contract,Morning,3,2,1,Medium,Partially Filled,2026-06-27,2026-07-24,2026-10-23,13,137.95
REQ001403,221303,ATHOL MEMORIAL HOSPITAL,ATHOL,MA,Laboratory Technician,Laboratory,Local Contract,Night,2,0,2,Medium,Open,2025-08-29,2025-09-13,2025-12-13,13,79.44
REQ001404,220084,EMERSON HOSPITAL -,W CONCORD,MA,ICU Nurse,Intensive Care Unit,Per Diem,Day,2,1,1,Medium,Partially Filled,2026-02-01,2026-03-02,2026-05-25,12,143.16
REQ001405,220008,STURDY MEMORIAL HOSPITAL,ATTLEBORO,MA,Respiratory Therapist,Respiratory Care,Local Contract,Evening,3,0,3,Medium,Open,2026-06-25,2026-07-27,2027-01-25,26,138.39
REQ001406,223300,FRANCISCAN CHILDREN'S HOSPITAL & REHAB CENTER,BRIGHTON,MA,Travel Nurse,Travel Nursing,Travel Contract,Day,11,8,3,High,Partially Filled,2025-12-01,2025-12-11,2026-06-11,26,163.81
REQ001407,220020,SAINT ANNE'S HOSPITAL,FALL RIVER,MA,Registered Nurse,General Nursing,Per Diem,Morning,3,1,2,Medium,Partially Filled,2025-08-22,2025-09-12,2025-11-07,8,129.4
REQ001408,224046,MIRAVISTA BEHAVIORAL HEALTH CENTER,HOLYOKE,MA,Registered Nurse,General Nursing,Travel Contract,Day,1,1,0,Medium,Filled,2026-04-19,2026-05-14,2026-08-13,13,87.52
REQ001409,224040,DR SOLOMON CARTER FULLER MENTAL HEALTH CENTER,BOSTON,MA,Physical Therapist,Rehabilitation,Per Diem,Night,12,1,11,Medium,Partially Filled,2026-04-09,2026-04-16,2026-07-09,12,102.66
REQ001410,220062,ADCARE HOSPITAL OF WORCESTER INC,WORCESTER,MA,Physical Therapist,Rehabilitation,Permanent Placement,Night,6,4,2,High,Partially Filled,2025-12-23,2026-01-16,2026-05-08,16,144.79
REQ001411,220135,FALMOUTH HOSPITAL,FALMOUTH,MA,Allied Health Professional,Allied Health,Per Diem,Evening,7,1,6,Low,Partially Filled,2025-11-09,2025-12-06,2026-02-28,12,132.24
REQ001412,224032,WORCESTER RECOVERY CENTER AND HOSPITAL,WORCESTER,MA,Laboratory Technician,Laboratory,Permanent Placement,Day,2,0,2,High,Open,2026-02-24,2026-03-16,2026-05-11,8,129.2
REQ001413,220012,CAPE COD HOSPITAL,HYANNIS,MA,Physical Therapist,Rehabilitation,Per Diem,Evening,14,4,10,Low,Partially Filled,2025-12-31,2026-01-20,2026-05-12,16,135.83
REQ001414,220019,UMASS MEMORIAL HEALTH - HARRINGTON HOSPITAL,SOUTHBRIDGE,MA,Physician,Medical Services,Local Contract,Night,5,0,5,High,Open,2025-11-20,2025-12-29,2026-01-26,4,254.44
REQ001415,220090,MILFORD REGIONAL MEDICAL CENTER,MILFORD,MA,Allied Health Professional,Allied Health,Permanent Placement,Evening,13,2,11,High,Partially Filled,2026-03-23,2026-04-24,2026-08-14,16,109.97
REQ001416,221302,FAIRVIEW HOSPITAL,GREAT BARRINGTON,MA,ICU Nurse,Intensive Care Unit,Travel Contract,Day,14,0,14,Critical,Open,2026-06-12,2026-06-25,2026-07-23,4,170.11
REQ001417,224045,HOSPITAL FOR BEHAVIORAL MEDICINE,WORCESTER,MA,Radiologic Technologist,Radiology,Per Diem,Night,2,0,2,High,Open,2026-02-12,2026-03-27,2026-05-22,8,149.97
REQ001418,220010,MERRIMACK HEALTH LAWRENCE HOSPITAL,LAWRENCE,MA,ICU Nurse,Intensive Care Unit,Travel Contract,Day,1,1,0,Medium,Filled,2025-12-22,2026-01-24,2026-07-25,26,123.39
REQ001419,220017,CARNEY HOSPITAL,BOSTON,MA,ICU Nurse,Intensive Care Unit,Travel Contract,Day,3,0,3,High,Open,2026-06-22,2026-06-30,2026-09-29,13,136.87
REQ001420,220049,UMASS MEMORIAL HEALTHCARE-MARLBOROUGH HOSPITAL,MARLBOROUGH,MA,Laboratory Technician,Laboratory,Permanent Placement,Day,12,9,3,High,Partially Filled,2025-12-18,2026-01-11,2026-02-08,4,78.73
REQ001421,220065,BAYSTATE NOBLE HOSPITAL,WESTFIELD,MA,Respiratory Therapist,Respiratory Care,Permanent Placement,Evening,1,1,0,Medium,Filled,2026-07-14,2026-08-14,2026-09-11,4,153.1
REQ001422,220001,UMASS MEMORIAL HEALTHALLIANCE HOSPITALS,LEOMINSTER,MA,Registered Nurse,General Nursing,Permanent Placement,Night,12,4,8,High,Partially Filled,2026-07-03,2026-07-14,2026-10-06,12,86.71
REQ001423,220111,GOOD SAMARITAN MEDICAL CENTER,BROCKTON,MA,Travel Nurse,Travel Nursing,Permanent Placement,Evening,11,0,11,High,Open,2025-11-29,2026-01-03,2026-01-31,4,165.09
REQ001424,220016,BAYSTATE FRANKLIN MEDICAL CENTER,GREENFIELD,MA,Physician,Medical Services,Permanent Placement,Night,6,3,3,Medium,Partially Filled,2026-02-03,2026-02-15,2026-06-07,16,303.13
REQ001425,223304,THE SHRINERS' HOSPITAL FOR CHILDREN - BOSTON,BOSTON,MA,Laboratory Technician,Laboratory,Permanent Placement,Night,11,5,6,High,Partially Filled,2025-10-14,2025-11-10,2026-05-11,26,94.05
REQ001426,224007,MCLEAN HOSPITAL CORPORATION,BELMONT,MA,Physician,Medical Services,Per Diem,Evening,9,6,3,Low,Partially Filled,2025-10-15,2025-11-22,2026-05-23,26,257.72
REQ001427,220031,BOSTON MEDICAL CENTER,BOSTON,MA,Allied Health Professional,Allied Health,Local Contract,Day,13,8,5,Medium,Partially Filled,2026-01-31,2026-03-08,2026-06-07,13,154.28
REQ001428,224023,WESTWOOD PEMBROKE HEALTH SYSTEMS,WESTWOOD,MA,Emergency Room Nurse,Emergency Department,Local Contract,Night,11,11,0,Critical,Filled,2026-06-03,2026-07-01,2026-10-21,16,155.46
REQ001429,224046,MIRAVISTA BEHAVIORAL HEALTH CENTER,HOLYOKE,MA,ICU Nurse,Intensive Care Unit,Travel Contract,Day,9,0,9,Medium,Open,2026-03-03,2026-03-17,2026-07-07,16,143.53
REQ001430,220110,BRIGHAM AND WOMEN'S HOSPITAL,BOSTON,MA,Travel Nurse,Travel Nursing,Per Diem,Evening,2,1,1,Medium,Partially Filled,2026-07-17,2026-08-14,2026-11-13,13,172.36
REQ001431,224028,DR JOHN C CORRIGAN MENTAL HEALTH CENTER,FALL RIVER,MA,Physical Therapist,Rehabilitation,Local Contract,Evening,13,1,12,Medium,Partially Filled,2026-01-27,2026-03-01,2026-08-30,26,140.58
REQ001432,224031,CAPE COD & ISLANDS COMMUNITY MENTAL HEALTH CENTER,POCASSET,MA,Registered Nurse,General Nursing,Per Diem,Night,3,0,3,High,Open,2026-04-16,2026-04-29,2026-07-29,13,106.2
REQ001433,220017,CARNEY HOSPITAL,BOSTON,MA,Laboratory Technician,Laboratory,Travel Contract,Morning,1,0,1,Medium,Open,2026-06-23,2026-07-06,2026-08-31,8,81.0
REQ001434,220030,BAYSTATE WING HOSPITAL,PALMER,MA,ICU Nurse,Intensive Care Unit,Permanent Placement,Day,7,5,2,High,Partially Filled,2025-12-08,2026-01-12,2026-02-09,4,126.02
REQ001435,220090,MILFORD REGIONAL MEDICAL CENTER,MILFORD,MA,Allied Health Professional,Allied Health,Permanent Placement,Day,10,9,1,High,Partially Filled,2025-11-15,2025-12-11,2026-03-12,13,158.39
REQ001436,220100,SOUTH SHORE HOSPITAL,SOUTH WEYMOUTH,MA,Allied Health Professional,Allied Health,Permanent Placement,Day,12,7,5,Medium,Partially Filled,2026-01-27,2026-02-04,2026-04-29,12,131.1
REQ001437,224007,MCLEAN HOSPITAL CORPORATION,BELMONT,MA,Radiologic Technologist,Radiology,Permanent Placement,Morning,8,1,7,Medium,Partially Filled,2025-08-14,2025-09-14,2025-10-12,4,87.81
REQ001438,224023,WESTWOOD PEMBROKE HEALTH SYSTEMS,WESTWOOD,MA,ICU Nurse,Intensive Care Unit,Permanent Placement,Day,6,1,5,Medium,Partially Filled,2026-03-21,2026-04-21,2026-10-20,26,143.68
REQ001439,220035,NORTH SHORE MEDICAL CENTER -,SALEM,MA,Travel Nurse,Travel Nursing,Travel Contract,Evening,1,0,1,Low,Open,2026-06-11,2026-07-14,2026-08-11,4,127.69
REQ001440,220095,HEYWOOD HOSPITAL -,GARDNER,MA,Physical Therapist,Rehabilitation,Per Diem,Day,12,0,12,High,Open,2026-02-15,2026-03-28,2026-09-26,26,126.38
REQ001441,220035,NORTH SHORE MEDICAL CENTER -,SALEM,MA,Physician,Medical Services,Permanent Placement,Day,10,5,5,High,Partially Filled,2025-10-23,2025-11-01,2026-01-24,12,307.8
REQ001442,220030,BAYSTATE WING HOSPITAL,PALMER,MA,Travel Nurse,Travel Nursing,Local Contract,Evening,1,1,0,Low,Filled,2026-04-04,2026-05-12,2026-07-07,8,127.79
REQ001443,220071,MASSACHUSETTS GENERAL HOSPITAL,BOSTON,MA,Physical Therapist,Rehabilitation,Travel Contract,Night,8,1,7,Medium,Partially Filled,2026-04-10,2026-05-01,2026-10-30,26,143.82
REQ001444,224047,VALLEY SPRINGS BEHAVIORAL HEALTH HOSPITAL,HOLYOKE,MA,Physical Therapist,Rehabilitation,Permanent Placement,Day,6,6,0,High,Filled,2025-08-13,2025-09-17,2025-12-17,13,154.84
REQ001445,220010,MERRIMACK HEALTH LAWRENCE HOSPITAL,LAWRENCE,MA,Laboratory Technician,Laboratory,Permanent Placement,Evening,1,1,0,Low,Filled,2025-09-24,2025-10-27,2026-01-26,13,74.11
REQ001446,220070,MELROSEWAKEFIELD HEALTHCARE,MELROSE,MA,Radiologic Technologist,Radiology,Travel Contract,Day,15,4,11,Medium,Partially Filled,2026-02-22,2026-04-02,2026-05-28,8,121.93
REQ001447,220012,CAPE COD HOSPITAL,HYANNIS,MA,Radiologic Technologist,Radiology,Permanent Placement,Day,9,4,5,Critical,Partially Filled,2026-07-04,2026-08-14,2026-11-06,12,127.94
REQ001448,220049,UMASS MEMORIAL HEALTHCARE-MARLBOROUGH HOSPITAL,MARLBOROUGH,MA,Respiratory Therapist,Respiratory Care,Local Contract,Morning,4,1,3,Medium,Partially Filled,2025-09-29,2025-11-10,2025-12-08,4,134.1
REQ001449,220029,ANNA JAQUES HOSPITAL,NEWBURYPORT,MA,Allied Health Professional,Allied Health,Per Diem,Day,2,2,0,Medium,Filled,2025-08-31,2025-10-09,2025-11-06,4,146.8
REQ001450,220063,LOWELL GENERAL HOSPITAL,LOWELL,MA,Travel Nurse,Travel Nursing,Permanent Placement,Evening,11,7,4,Medium,Partially Filled,2026-04-03,2026-04-23,2026-06-18,8,127.07
REQ001451,223304,THE SHRINERS' HOSPITAL FOR CHILDREN - BOSTON,BOSTON,MA,Laboratory Technician,Laboratory,Travel Contract,Evening,3,1,2,Medium,Partially Filled,2025-09-06,2025-09-22,2026-03-23,26,137.12
REQ001452,220019,UMASS MEMORIAL HEALTH - HARRINGTON HOSPITAL,SOUTHBRIDGE,MA,Emergency Room Nurse,Emergency Department,Per Diem,Evening,6,1,5,Low,Partially Filled,2025-12-05,2026-01-07,2026-07-08,26,130.23
REQ001453,221300,MARTHA'S VINEYARD HOSPITAL INC,OAK BLUFFS,MA,Respiratory Therapist,Respiratory Care,Permanent Placement,Evening,12,5,7,High,Partially Filled,2025-08-15,2025-09-03,2026-03-04,26,145.69
REQ001454,223302,BOSTON CHILDREN'S HOSPITAL,BOSTON,MA,Radiologic Technologist,Radiology,Local Contract,Night,11,10,1,High,Partially Filled,2026-06-11,2026-07-20,2026-10-19,13,102.13
REQ001455,220030,BAYSTATE WING HOSPITAL,PALMER,MA,Respiratory Therapist,Respiratory Care,Travel Contract,Night,2,2,0,High,Filled,2026-06-04,2026-06-12,2026-09-11,13,87.8
REQ001456,220095,HEYWOOD HOSPITAL -,GARDNER,MA,Respiratory Therapist,Respiratory Care,Per Diem,Morning,13,5,8,Critical,Partially Filled,2025-12-22,2026-01-27,2026-07-28,26,144.88
REQ001457,220126,NORWOOD HOSPITAL,NORWOOD,MA,Laboratory Technician,Laboratory,Local Contract,Evening,10,8,2,Medium,Partially Filled,2026-04-07,2026-05-08,2026-11-06,26,116.4
REQ001458,220071,MASSACHUSETTS GENERAL HOSPITAL,BOSTON,MA,Laboratory Technician,Laboratory,Per Diem,Morning,11,4,7,High,Partially Filled,2026-04-22,2026-05-03,2026-07-26,12,83.95
REQ001459,221300,MARTHA'S VINEYARD HOSPITAL INC,OAK BLUFFS,MA,Travel Nurse,Travel Nursing,Per Diem,Evening,5,1,4,Medium,Partially Filled,2026-05-17,2026-06-05,2026-08-28,12,156.84
REQ001460,224031,CAPE COD & ISLANDS COMMUNITY MENTAL HEALTH CENTER,POCASSET,MA,Physical Therapist,Rehabilitation,Per Diem,Morning,11,10,1,Medium,Partially Filled,2025-10-11,2025-11-05,2025-12-31,8,124.39
REQ001461,220176,ST VINCENT HOSPITAL,WORCESTER,MA,Emergency Room Nurse,Emergency Department,Per Diem,Night,4,1,3,High,Partially Filled,2025-09-30,2025-10-25,2026-04-25,26,156.67
REQ001462,220010,MERRIMACK HEALTH LAWRENCE HOSPITAL,LAWRENCE,MA,Travel Nurse,Travel Nursing,Permanent Placement,Morning,5,4,1,Medium,Partially Filled,2026-02-17,2026-03-26,2026-09-24,26,157.42
REQ001463,220135,FALMOUTH HOSPITAL,FALMOUTH,MA,ICU Nurse,Intensive Care Unit,Local Contract,Morning,1,0,1,Critical,Open,2026-02-09,2026-03-23,2026-06-22,13,136.83
REQ001464,223304,THE SHRINERS' HOSPITAL FOR CHILDREN - BOSTON,BOSTON,MA,Physical Therapist,Rehabilitation,Per Diem,Day,7,3,4,Critical,Partially Filled,2025-12-20,2026-01-28,2026-05-20,16,135.97
REQ001465,220052,SIGNATURE HEALTHCARE BROCKTON HOSPITAL,BROCKTON,MA,Physical Therapist,Rehabilitation,Travel Contract,Night,7,5,2,Medium,Partially Filled,2025-09-25,2025-11-01,2026-01-31,13,117.29
REQ001466,220016,BAYSTATE FRANKLIN MEDICAL CENTER,GREENFIELD,MA,Registered Nurse,General Nursing,Per Diem,Night,9,8,1,High,Partially Filled,2025-09-05,2025-09-29,2025-10-27,4,149.8
REQ001467,220088,NEW ENGLAND BAPTIST HOSPITAL,BOSTON,MA,Travel Nurse,Travel Nursing,Per Diem,Morning,1,0,1,Medium,Open,2025-08-21,2025-10-03,2025-10-31,4,131.85
REQ001468,224028,DR JOHN C CORRIGAN MENTAL HEALTH CENTER,FALL RIVER,MA,Physical Therapist,Rehabilitation,Local Contract,Night,15,11,4,Low,Partially Filled,2026-06-06,2026-07-19,2026-10-11,12,132.89
REQ001469,224028,DR JOHN C CORRIGAN MENTAL HEALTH CENTER,FALL RIVER,MA,Emergency Room Nurse,Emergency Department,Local Contract,Day,10,0,10,High,Open,2026-02-13,2026-03-05,2026-06-25,16,142.99
REQ001470,220111,GOOD SAMARITAN MEDICAL CENTER,BROCKTON,MA,Radiologic Technologist,Radiology,Local Contract,Night,14,6,8,Medium,Partially Filled,2025-10-03,2025-10-16,2025-12-11,8,93.59
REQ001471,220073,BROWN UNIVERSITY HEALTH MORTON HOSPITAL,TAUNTON,MA,Travel Nurse,Travel Nursing,Permanent Placement,Evening,4,2,2,Medium,Partially Filled,2025-12-22,2026-01-04,2026-02-01,4,131.25
REQ001472,22001F,BEDFORD VA MEDICAL CENTER,BEDFORD,MA,Respiratory Therapist,Respiratory Care,Permanent Placement,Day,3,3,0,Medium,Filled,2026-07-31,2026-09-04,2026-12-04,13,104.02
REQ001473,220052,SIGNATURE HEALTHCARE BROCKTON HOSPITAL,BROCKTON,MA,Respiratory Therapist,Respiratory Care,Permanent Placement,Evening,1,1,0,High,Filled,2026-04-26,2026-05-24,2026-08-16,12,111.11
REQ001474,220030,BAYSTATE WING HOSPITAL,PALMER,MA,Physical Therapist,Rehabilitation,Local Contract,Night,13,6,7,Medium,Partially Filled,2026-07-24,2026-08-24,2026-10-19,8,120.36
REQ001475,221302,FAIRVIEW HOSPITAL,GREAT BARRINGTON,MA,Physician,Medical Services,Travel Contract,Night,15,15,0,High,Filled,2025-11-27,2025-12-28,2026-04-19,16,244.53
REQ001476,224013,ARBOUR HOSPITAL,BOSTON,MA,Respiratory Therapist,Respiratory Care,Permanent Placement,Evening,7,0,7,High,Open,2026-05-20,2026-06-18,2026-09-10,12,148.64
REQ001477,220046,BERKSHIRE MEDICAL CENTER,PITTSFIELD,MA,Respiratory Therapist,Respiratory Care,Per Diem,Evening,5,2,3,Medium,Partially Filled,2025-12-09,2026-01-07,2026-03-04,8,100.34
REQ001478,220049,UMASS MEMORIAL HEALTHCARE-MARLBOROUGH HOSPITAL,MARLBOROUGH,MA,Laboratory Technician,Laboratory,Permanent Placement,Morning,14,0,14,Low,Open,2026-06-03,2026-07-13,2026-09-07,8,84.0
REQ001479,220119,BRIGHAM AND WOMEN FAULKNER HOSPITAL,JAMAICA PLAIN,MA,ICU Nurse,Intensive Care Unit,Per Diem,Evening,5,0,5,Medium,Open,2026-06-12,2026-07-24,2026-08-21,4,114.91
REQ001480,220101,NEWTON-WELLESLEY HOSPITAL,NEWTON,MA,Physician,Medical Services,Travel Contract,Night,5,1,4,High,Partially Filled,2025-11-04,2025-11-25,2026-02-24,13,283.47
REQ001481,220001,UMASS MEMORIAL HEALTHALLIANCE HOSPITALS,LEOMINSTER,MA,Emergency Room Nurse,Emergency Department,Local Contract,Day,7,2,5,High,Partially Filled,2025-12-26,2026-02-06,2026-05-08,13,113.68
REQ001482,220030,BAYSTATE WING HOSPITAL,PALMER,MA,ICU Nurse,Intensive Care Unit,Permanent Placement,Morning,9,1,8,High,Partially Filled,2025-09-21,2025-10-15,2025-12-10,8,115.69
REQ001483,220011,CAMBRIDGE HEALTH ALLIANCE,CAMBRIDGE,MA,Travel Nurse,Travel Nursing,Travel Contract,Day,13,4,9,Medium,Partially Filled,2025-08-05,2025-09-01,2025-10-27,8,126.69
REQ001484,220126,NORWOOD HOSPITAL,NORWOOD,MA,Emergency Room Nurse,Emergency Department,Per Diem,Evening,14,5,9,Medium,Partially Filled,2025-10-07,2025-10-29,2026-02-18,16,112.26
REQ001485,220060,BETH ISRAEL DEACONESS HOSPITAL PLYMOUTH,PLYMOUTH,MA,Travel Nurse,Travel Nursing,Local Contract,Day,2,1,1,Medium,Partially Filled,2025-10-22,2025-12-06,2026-01-03,4,152.02
REQ001486,220052,SIGNATURE HEALTHCARE BROCKTON HOSPITAL,BROCKTON,MA,Respiratory Therapist,Respiratory Care,Per Diem,Evening,7,7,0,High,Filled,2026-05-09,2026-06-19,2026-12-18,26,121.64
REQ001487,220177,NANTUCKET COTTAGE HOSPITAL,NANTUCKET,MA,Emergency Room Nurse,Emergency Department,Local Contract,Day,13,0,13,High,Open,2026-04-15,2026-05-23,2026-07-18,8,125.73
REQ001488,224045,HOSPITAL FOR BEHAVIORAL MEDICINE,WORCESTER,MA,ICU Nurse,Intensive Care Unit,Per Diem,Day,7,4,3,Medium,Partially Filled,2026-06-06,2026-07-09,2026-10-08,13,118.91
REQ001489,224013,ARBOUR HOSPITAL,BOSTON,MA,Travel Nurse,Travel Nursing,Local Contract,Morning,14,9,5,Medium,Partially Filled,2026-03-11,2026-03-27,2026-06-26,13,124.96
REQ001490,224040,DR SOLOMON CARTER FULLER MENTAL HEALTH CENTER,BOSTON,MA,Radiologic Technologist,Radiology,Per Diem,Night,8,7,1,Medium,Partially Filled,2025-12-08,2026-01-15,2026-04-16,13,111.11
REQ001491,220016,BAYSTATE FRANKLIN MEDICAL CENTER,GREENFIELD,MA,Travel Nurse,Travel Nursing,Per Diem,Evening,6,0,6,Critical,Open,2025-10-14,2025-10-27,2026-01-19,12,177.09
REQ001492,220101,NEWTON-WELLESLEY HOSPITAL,NEWTON,MA,ICU Nurse,Intensive Care Unit,Permanent Placement,Day,14,8,6,Critical,Partially Filled,2026-06-03,2026-06-28,2026-09-20,12,165.8
REQ001493,220020,SAINT ANNE'S HOSPITAL,FALL RIVER,MA,ICU Nurse,Intensive Care Unit,Local Contract,Day,5,4,1,Critical,Partially Filled,2026-01-28,2026-02-25,2026-04-22,8,115.22
REQ001494,220116,TUFTS MEDICAL CENTER,BOSTON,MA,Physician,Medical Services,Per Diem,Day,4,4,0,Medium,Filled,2025-08-31,2025-09-08,2025-12-29,16,263.38
REQ001495,224038,"WALDEN BEHAVIORAL CARE, LLC",DEDHAM,MA,Radiologic Technologist,Radiology,Travel Contract,Evening,6,0,6,High,Open,2026-01-25,2026-02-21,2026-05-16,12,112.34
REQ001496,220074,SOUTHCOAST HOSPITALS GROUP,FALL RIVER,MA,Registered Nurse,General Nursing,Travel Contract,Night,12,9,3,Critical,Partially Filled,2026-07-08,2026-08-19,2027-02-17,26,111.45
REQ001497,221304,NORTH ADAMS REGIONAL HOSPITAL CORPORATION,NORTH ADAMS,MA,Physician,Medical Services,Permanent Placement,Morning,2,2,0,Medium,Filled,2025-10-13,2025-10-29,2025-12-24,8,242.93
REQ001498,224045,HOSPITAL FOR BEHAVIORAL MEDICINE,WORCESTER,MA,Registered Nurse,General Nursing,Permanent Placement,Night,10,3,7,Medium,Partially Filled,2025-10-08,2025-10-27,2026-01-26,13,124.77
REQ001499,220017,CARNEY HOSPITAL,BOSTON,MA,Registered Nurse,General Nursing,Permanent Placement,Day,5,5,0,Medium,Filled,2025-09-03,2025-09-20,2025-10-18,4,149.06
REQ001500,220110,BRIGHAM AND WOMEN'S HOSPITAL,BOSTON,MA,Radiologic Technologist,Radiology,Per Diem,Evening,8,5,3,Critical,Partially Filled,2025-09-28,2025-10-10,2026-04-10,26,100.07
REQ001501,220116,TUFTS MEDICAL CENTER,BOSTON,MA,Laboratory Technician,Laboratory,Local Contract,Night,3,2,1,High,Partially Filled,2026-01-17,2026-02-13,2026-06-05,16,98.37
REQ001502,220111,GOOD SAMARITAN MEDICAL CENTER,BROCKTON,MA,Allied Health Professional,Allied Health,Travel Contract,Morning,12,6,6,High,Partially Filled,2026-04-18,2026-05-14,2026-08-13,13,108.03
REQ001503,220036,BOSTON MEDICAL CENTER-BRIGHTON,BRIGHTON,MA,Laboratory Technician,Laboratory,Travel Contract,Morning,8,2,6,Medium,Partially Filled,2025-11-23,2025-12-14,2026-02-08,8,95.99
REQ001504,220019,UMASS MEMORIAL HEALTH - HARRINGTON HOSPITAL,SOUTHBRIDGE,MA,Allied Health Professional,Allied Health,Travel Contract,Morning,3,3,0,Critical,Filled,2026-01-01,2026-01-13,2026-03-10,8,93.98
REQ001505,220002,MOUNT AUBURN HOSPITAL,CAMBRIDGE,MA,Respiratory Therapist,Respiratory Care,Per Diem,Day,1,1,0,Medium,Filled,2025-10-18,2025-11-20,2026-02-19,13,119.06
REQ001506,220052,SIGNATURE HEALTHCARE BROCKTON HOSPITAL,BROCKTON,MA,Respiratory Therapist,Respiratory Care,Per Diem,Night,7,3,4,High,Partially Filled,2026-05-29,2026-06-18,2026-09-17,13,96.54
REQ001507,220119,BRIGHAM AND WOMEN FAULKNER HOSPITAL,JAMAICA PLAIN,MA,Physical Therapist,Rehabilitation,Travel Contract,Day,14,1,13,Low,Partially Filled,2026-01-15,2026-02-28,2026-05-30,13,143.62
REQ001508,224022,BOURNEWOOD HOSPITAL,BROOKLINE,MA,Laboratory Technician,Laboratory,Travel Contract,Day,15,4,11,Medium,Partially Filled,2026-03-08,2026-04-15,2026-05-13,4,70.29
REQ001509,220024,HOLYOKE MEDICAL CENTER,HOLYOKE,MA,Allied Health Professional,Allied Health,Travel Contract,Night,10,1,9,High,Partially Filled,2026-07-14,2026-08-12,2027-02-10,26,113.11
REQ001510,224021,ARBOUR-FULLER HOSPITAL,SOUTH ATTLEBORO,MA,Physical Therapist,Rehabilitation,Local Contract,Evening,1,0,1,High,Open,2025-09-12,2025-09-21,2026-01-11,16,126.33
REQ001511,220111,GOOD SAMARITAN MEDICAL CENTER,BROCKTON,MA,Physical Therapist,Rehabilitation,Per Diem,Night,14,9,5,Low,Partially Filled,2025-12-28,2026-02-06,2026-03-06,4,134.43
REQ001512,223300,FRANCISCAN CHILDREN'S HOSPITAL & REHAB CENTER,BRIGHTON,MA,Emergency Room Nurse,Emergency Department,Per Diem,Day,8,3,5,Medium,Partially Filled,2026-06-26,2026-08-04,2026-09-01,4,123.71
REQ001513,220119,BRIGHAM AND WOMEN FAULKNER HOSPITAL,JAMAICA PLAIN,MA,Radiologic Technologist,Radiology,Permanent Placement,Evening,5,2,3,High,Partially Filled,2026-03-20,2026-04-18,2026-08-08,16,98.46
REQ001514,220171,"LAHEY HOSPITAL & MEDICAL CENTER, BURLINGTON",BURLINGTON,MA,Allied Health Professional,Allied Health,Travel Contract,Day,3,1,2,Low,Partially Filled,2025-11-16,2025-12-08,2026-03-09,13,151.26
REQ001515,220036,BOSTON MEDICAL CENTER-BRIGHTON,BRIGHTON,MA,ICU Nurse,Intensive Care Unit,Per Diem,Morning,12,1,11,High,Partially Filled,2026-03-18,2026-04-02,2026-05-28,8,145.55
REQ001516,220020,SAINT ANNE'S HOSPITAL,FALL RIVER,MA,Respiratory Therapist,Respiratory Care,Per Diem,Night,11,10,1,High,Partially Filled,2026-02-26,2026-03-12,2026-09-10,26,130.93
REQ001517,220066,MERCY MEDICAL CTR,SPRINGFIELD,MA,Emergency Room Nurse,Emergency Department,Travel Contract,Morning,2,0,2,Medium,Open,2026-02-17,2026-03-08,2026-05-31,12,156.88
REQ001518,220033,NORTHEAST HOSPITAL CORPORATION,BEVERLY,MA,Respiratory Therapist,Respiratory Care,Permanent Placement,Morning,3,2,1,Critical,Partially Filled,2026-07-30,2026-08-26,2026-11-25,13,137.61
REQ001519,220011,CAMBRIDGE HEALTH ALLIANCE,CAMBRIDGE,MA,Registered Nurse,General Nursing,Per Diem,Night,2,1,1,Low,Partially Filled,2025-10-24,2025-11-16,2026-02-15,13,94.82
REQ001520,220074,SOUTHCOAST HOSPITALS GROUP,FALL RIVER,MA,Physical Therapist,Rehabilitation,Permanent Placement,Day,12,2,10,High,Partially Filled,2026-04-11,2026-05-05,2026-06-30,8,136.21
REQ001521,220071,MASSACHUSETTS GENERAL HOSPITAL,BOSTON,MA,Physical Therapist,Rehabilitation,Local Contract,Night,2,1,1,Medium,Partially Filled,2026-02-07,2026-03-07,2026-04-04,4,139.62
REQ001522,224041,SOUTHCOAST BEHAVIORAL HEALTH,DARTMOUTH,MA,Physician,Medical Services,Local Contract,Evening,10,9,1,High,Partially Filled,2026-04-29,2026-05-31,2026-09-20,16,291.19
REQ001523,221303,ATHOL MEMORIAL HOSPITAL,ATHOL,MA,Radiologic Technologist,Radiology,Travel Contract,Morning,9,7,2,Medium,Partially Filled,2026-05-30,2026-07-11,2026-10-03,12,110.51
REQ001524,224023,WESTWOOD PEMBROKE HEALTH SYSTEMS,WESTWOOD,MA,ICU Nurse,Intensive Care Unit,Per Diem,Night,15,7,8,Medium,Partially Filled,2026-03-31,2026-05-03,2026-08-02,13,126.02
REQ001525,224032,WORCESTER RECOVERY CENTER AND HOSPITAL,WORCESTER,MA,Registered Nurse,General Nursing,Travel Contract,Night,7,4,3,Low,Partially Filled,2025-11-26,2026-01-09,2026-04-03,12,151.64
REQ001526,220035,NORTH SHORE MEDICAL CENTER -,SALEM,MA,Travel Nurse,Travel Nursing,Per Diem,Evening,1,0,1,Low,Open,2026-02-20,2026-02-27,2026-05-29,13,175.8
REQ001527,224039,WHITTIER PAVILION,HAVERHILL,MA,Physician,Medical Services,Per Diem,Day,10,3,7,High,Partially Filled,2026-06-04,2026-06-14,2026-09-13,13,304.79
REQ001528,220090,MILFORD REGIONAL MEDICAL CENTER,MILFORD,MA,Laboratory Technician,Laboratory,Travel Contract,Evening,11,3,8,Low,Partially Filled,2026-01-16,2026-02-03,2026-05-26,16,113.28
REQ001529,220020,SAINT ANNE'S HOSPITAL,FALL RIVER,MA,Registered Nurse,General Nursing,Local Contract,Morning,12,4,8,High,Partially Filled,2025-09-20,2025-10-05,2026-04-05,26,114.09
REQ001530,220088,NEW ENGLAND BAPTIST HOSPITAL,BOSTON,MA,Travel Nurse,Travel Nursing,Per Diem,Day,13,4,9,Low,Partially Filled,2025-10-23,2025-11-22,2025-12-20,4,125.89
REQ001531,220086,BETH ISRAEL DEACONESS MEDICAL CENTER,BOSTON,MA,Registered Nurse,General Nursing,Permanent Placement,Morning,3,0,3,Medium,Open,2025-12-01,2025-12-12,2026-03-06,12,138.62
REQ001532,224043,TARAVISTA BEHAVIORAL HEALTH CENTER,DEVENS,MA,Radiologic Technologist,Radiology,Per Diem,Day,11,9,2,Medium,Partially Filled,2026-04-19,2026-05-03,2026-08-02,13,88.44
REQ001533,220073,BROWN UNIVERSITY HEALTH MORTON HOSPITAL,TAUNTON,MA,Respiratory Therapist,Respiratory Care,Travel Contract,Day,12,0,12,Medium,Open,2025-11-05,2025-12-16,2026-03-10,12,108.95
REQ001534,220176,ST VINCENT HOSPITAL,WORCESTER,MA,Laboratory Technician,Laboratory,Per Diem,Evening,6,0,6,High,Open,2025-11-08,2025-12-15,2026-06-15,26,98.27
REQ001535,220074,SOUTHCOAST HOSPITALS GROUP,FALL RIVER,MA,Respiratory Therapist,Respiratory Care,Permanent Placement,Day,10,10,0,Critical,Filled,2025-11-17,2025-12-04,2026-01-29,8,137.13
REQ001536,220100,SOUTH SHORE HOSPITAL,SOUTH WEYMOUTH,MA,Laboratory Technician,Laboratory,Local Contract,Day,11,5,6,Low,Partially Filled,2026-03-23,2026-04-23,2026-07-16,12,81.17
REQ001537,220001,UMASS MEMORIAL HEALTHALLIANCE HOSPITALS,LEOMINSTER,MA,Allied Health Professional,Allied Health,Travel Contract,Morning,6,3,3,High,Partially Filled,2025-08-09,2025-09-08,2026-03-09,26,95.97
REQ001538,220108,BETH ISRAEL DEACONESS HOSPITAL - MILTON,MILTON,MA,Physical Therapist,Rehabilitation,Permanent Placement,Evening,10,2,8,High,Partially Filled,2026-04-24,2026-06-05,2026-07-03,4,130.61
REQ001539,220071,MASSACHUSETTS GENERAL HOSPITAL,BOSTON,MA,ICU Nurse,Intensive Care Unit,Per Diem,Evening,6,1,5,Medium,Partially Filled,2026-06-16,2026-06-25,2026-12-24,26,165.11
REQ001540,220077,BAYSTATE MEDICAL CENTER,SPRINGFIELD,MA,Physician,Medical Services,Local Contract,Morning,5,3,2,Medium,Partially Filled,2026-07-07,2026-07-22,2027-01-20,26,268.84
REQ001541,220030,BAYSTATE WING HOSPITAL,PALMER,MA,Laboratory Technician,Laboratory,Per Diem,Evening,5,5,0,Low,Filled,2026-02-03,2026-02-14,2026-05-16,13,136.69
REQ001542,221300,MARTHA'S VINEYARD HOSPITAL INC,OAK BLUFFS,MA,Emergency Room Nurse,Emergency Department,Per Diem,Day,15,3,12,Low,Partially Filled,2026-07-31,2026-08-12,2026-10-07,8,118.49
REQ001543,220075,MASSACHUSETTS EYE AND EAR INFIRMARY -,BOSTON,MA,Allied Health Professional,Allied Health,Travel Contract,Night,4,4,0,Low,Filled,2025-10-03,2025-10-21,2026-02-10,16,111.8
REQ001544,223304,THE SHRINERS' HOSPITAL FOR CHILDREN - BOSTON,BOSTON,MA,Laboratory Technician,Laboratory,Per Diem,Morning,14,11,3,Medium,Partially Filled,2025-09-10,2025-10-22,2026-02-11,16,96.26
REQ001545,221303,ATHOL MEMORIAL HOSPITAL,ATHOL,MA,Physician,Medical Services,Travel Contract,Night,6,2,4,Low,Partially Filled,2026-03-04,2026-03-16,2026-09-14,26,306.43
REQ001546,220163,UMASS MEMORIAL MEDICAL CENTER/UNIVERSITY CAMPUS,WORCESTER,MA,Registered Nurse,General Nursing,Permanent Placement,Day,8,5,3,Medium,Partially Filled,2025-09-24,2025-10-31,2025-11-28,4,126.36
REQ001547,220116,TUFTS MEDICAL CENTER,BOSTON,MA,Travel Nurse,Travel Nursing,Travel Contract,Evening,3,0,3,Medium,Open,2025-09-11,2025-10-09,2025-12-04,8,164.57
REQ001548,220110,BRIGHAM AND WOMEN'S HOSPITAL,BOSTON,MA,Laboratory Technician,Laboratory,Per Diem,Night,11,8,3,Medium,Partially Filled,2025-12-01,2026-01-03,2026-01-31,4,84.65
REQ001549,220101,NEWTON-WELLESLEY HOSPITAL,NEWTON,MA,Travel Nurse,Travel Nursing,Per Diem,Morning,14,8,6,Medium,Partially Filled,2026-06-10,2026-07-11,2026-09-05,8,183.16
REQ001550,220177,NANTUCKET COTTAGE HOSPITAL,NANTUCKET,MA,Physical Therapist,Rehabilitation,Permanent Placement,Morning,10,1,9,High,Partially Filled,2025-12-26,2026-01-19,2026-03-16,8,126.84
REQ001551,220060,BETH ISRAEL DEACONESS HOSPITAL PLYMOUTH,PLYMOUTH,MA,Respiratory Therapist,Respiratory Care,Local Contract,Night,5,5,0,High,Filled,2026-05-30,2026-06-18,2026-12-17,26,125.61
REQ001552,221302,FAIRVIEW HOSPITAL,GREAT BARRINGTON,MA,Emergency Room Nurse,Emergency Department,Travel Contract,Evening,4,0,4,Medium,Open,2026-07-31,2026-08-09,2026-10-04,8,115.27
REQ001553,220060,BETH ISRAEL DEACONESS HOSPITAL PLYMOUTH,PLYMOUTH,MA,Physical Therapist,Rehabilitation,Travel Contract,Evening,2,2,0,Medium,Filled,2025-08-02,2025-08-22,2026-02-20,26,106.44
REQ001554,220036,BOSTON MEDICAL CENTER-BRIGHTON,BRIGHTON,MA,Emergency Room Nurse,Emergency Department,Permanent Placement,Morning,6,3,3,Medium,Partially Filled,2026-06-28,2026-07-12,2026-10-04,12,114.11
REQ001555,224039,WHITTIER PAVILION,HAVERHILL,MA,Emergency Room Nurse,Emergency Department,Permanent Placement,Evening,4,1,3,Critical,Partially Filled,2025-11-14,2025-12-15,2026-03-09,12,130.62
REQ001556,220135,FALMOUTH HOSPITAL,FALMOUTH,MA,Registered Nurse,General Nursing,Permanent Placement,Morning,1,0,1,Medium,Open,2026-03-10,2026-04-15,2026-06-10,8,92.73
REQ001557,220080,HOLY FAMILY HOSPITAL,METHUEN,MA,Emergency Room Nurse,Emergency Department,Permanent Placement,Day,7,0,7,High,Open,2025-12-24,2026-01-17,2026-03-14,8,124.35
REQ001558,220105,WINCHESTER HOSPITAL,WINCHESTER,MA,Travel Nurse,Travel Nursing,Permanent Placement,Evening,14,4,10,Medium,Partially Filled,2026-03-19,2026-04-07,2026-10-06,26,148.62
REQ001559,221304,NORTH ADAMS REGIONAL HOSPITAL CORPORATION,NORTH ADAMS,MA,Emergency Room Nurse,Emergency Department,Local Contract,Night,8,6,2,Medium,Partially Filled,2025-08-09,2025-08-31,2026-03-01,26,150.49
REQ001560,220176,ST VINCENT HOSPITAL,WORCESTER,MA,Physician,Medical Services,Per Diem,Evening,14,10,4,Low,Partially Filled,2026-07-20,2026-08-02,2026-10-25,12,279.7
REQ001561,220083,BETH ISRAEL DEACONESS HOSPITAL - NEEDHAM,NEEDHAM,MA,Travel Nurse,Travel Nursing,Local Contract,Evening,13,10,3,Critical,Partially Filled,2025-12-23,2026-01-15,2026-03-12,8,115.24
REQ001562,224013,ARBOUR HOSPITAL,BOSTON,MA,Allied Health Professional,Allied Health,Travel Contract,Evening,10,5,5,Medium,Partially Filled,2026-07-20,2026-08-31,2026-11-30,13,97.59
REQ001563,220171,"LAHEY HOSPITAL & MEDICAL CENTER, BURLINGTON",BURLINGTON,MA,Respiratory Therapist,Respiratory Care,Per Diem,Day,4,3,1,Medium,Partially Filled,2025-12-07,2025-12-31,2026-04-22,16,128.72
REQ001564,221302,FAIRVIEW HOSPITAL,GREAT BARRINGTON,MA,Allied Health Professional,Allied Health,Per Diem,Evening,8,3,5,Medium,Partially Filled,2025-08-24,2025-09-21,2025-12-14,12,157.03
REQ001565,224013,ARBOUR HOSPITAL,BOSTON,MA,ICU Nurse,Intensive Care Unit,Travel Contract,Night,4,3,1,Medium,Partially Filled,2025-09-22,2025-11-04,2025-12-30,8,142.45
REQ001566,220030,BAYSTATE WING HOSPITAL,PALMER,MA,ICU Nurse,Intensive Care Unit,Local Contract,Night,12,2,10,Medium,Partially Filled,2026-07-15,2026-08-26,2026-11-25,13,111.78
REQ001567,220135,FALMOUTH HOSPITAL,FALMOUTH,MA,Registered Nurse,General Nursing,Permanent Placement,Night,5,5,0,Low,Filled,2026-05-28,2026-06-30,2026-07-28,4,149.65
REQ001568,224038,"WALDEN BEHAVIORAL CARE, LLC",DEDHAM,MA,ICU Nurse,Intensive Care Unit,Travel Contract,Evening,9,3,6,High,Partially Filled,2025-09-17,2025-10-10,2026-01-30,16,142.88
REQ001569,220062,ADCARE HOSPITAL OF WORCESTER INC,WORCESTER,MA,Radiologic Technologist,Radiology,Local Contract,Morning,2,0,2,Low,Open,2025-11-19,2025-12-22,2026-03-16,12,130.75
REQ001570,220070,MELROSEWAKEFIELD HEALTHCARE,MELROSE,MA,Radiologic Technologist,Radiology,Travel Contract,Morning,12,1,11,Medium,Partially Filled,2026-05-12,2026-05-29,2026-06-26,4,139.56
REQ001571,224040,DR SOLOMON CARTER FULLER MENTAL HEALTH CENTER,BOSTON,MA,Registered Nurse,General Nursing,Per Diem,Evening,4,1,3,Low,Partially Filled,2025-10-31,2025-11-19,2026-01-14,8,116.46
REQ001572,224044,WESTBOROUGH BEHAVIORAL HEALTHCARE HOSPITAL LLC,WESTBOROUGH,MA,Emergency Room Nurse,Emergency Department,Per Diem,Morning,15,6,9,High,Partially Filled,2025-08-17,2025-08-31,2026-03-01,26,130.23
REQ001573,220065,BAYSTATE NOBLE HOSPITAL,WESTFIELD,MA,Emergency Room Nurse,Emergency Department,Travel Contract,Night,3,2,1,High,Partially Filled,2026-03-31,2026-05-01,2026-05-29,4,162.5
REQ001574,220083,BETH ISRAEL DEACONESS HOSPITAL - NEEDHAM,NEEDHAM,MA,ICU Nurse,Intensive Care Unit,Travel Contract,Evening,3,3,0,Medium,Filled,2025-10-20,2025-11-09,2025-12-07,4,161.88
REQ001575,220111,GOOD SAMARITAN MEDICAL CENTER,BROCKTON,MA,Laboratory Technician,Laboratory,Per Diem,Evening,9,9,0,Medium,Filled,2026-08-01,2026-09-12,2027-03-13,26,137.81
REQ001576,224043,TARAVISTA BEHAVIORAL HEALTH CENTER,DEVENS,MA,Physical Therapist,Rehabilitation,Per Diem,Morning,3,3,0,Medium,Filled,2025-11-19,2025-12-24,2026-03-25,13,106.99
REQ001577,224013,ARBOUR HOSPITAL,BOSTON,MA,Travel Nurse,Travel Nursing,Permanent Placement,Day,13,8,5,High,Partially Filled,2026-02-24,2026-03-21,2026-06-20,13,123.07
REQ001578,223302,BOSTON CHILDREN'S HOSPITAL,BOSTON,MA,Registered Nurse,General Nursing,Permanent Placement,Night,9,7,2,Low,Partially Filled,2025-11-26,2026-01-06,2026-02-03,4,97.59
REQ001579,224040,DR SOLOMON CARTER FULLER MENTAL HEALTH CENTER,BOSTON,MA,Emergency Room Nurse,Emergency Department,Travel Contract,Night,14,9,5,Medium,Partially Filled,2025-12-02,2025-12-12,2026-04-03,16,105.85
REQ001580,220008,STURDY MEMORIAL HOSPITAL,ATTLEBORO,MA,Laboratory Technician,Laboratory,Local Contract,Night,6,4,2,Low,Partially Filled,2025-09-17,2025-10-10,2026-01-02,12,102.34
REQ001581,220017,CARNEY HOSPITAL,BOSTON,MA,Emergency Room Nurse,Emergency Department,Travel Contract,Evening,3,3,0,High,Filled,2025-11-21,2025-12-03,2026-03-25,16,138.27
REQ001582,221300,MARTHA'S VINEYARD HOSPITAL INC,OAK BLUFFS,MA,Radiologic Technologist,Radiology,Travel Contract,Day,1,0,1,High,Open,2025-10-24,2025-11-17,2026-02-09,12,130.36
REQ001583,224018,ARBOUR HUMAN RESOURCE INSTITUTE,BROOKLINE,MA,ICU Nurse,Intensive Care Unit,Travel Contract,Day,13,10,3,High,Partially Filled,2026-01-13,2026-01-30,2026-07-31,26,138.65
REQ001584,220108,BETH ISRAEL DEACONESS HOSPITAL - MILTON,MILTON,MA,Radiologic Technologist,Radiology,Travel Contract,Night,13,10,3,Critical,Partially Filled,2026-05-03,2026-06-02,2026-06-30,4,103.9
REQ001585,220060,BETH ISRAEL DEACONESS HOSPITAL PLYMOUTH,PLYMOUTH,MA,Laboratory Technician,Laboratory,Travel Contract,Night,5,1,4,High,Partially Filled,2026-06-27,2026-07-22,2026-10-14,12,108.35
REQ001586,220020,SAINT ANNE'S HOSPITAL,FALL RIVER,MA,Physician,Medical Services,Per Diem,Day,3,1,2,Medium,Partially Filled,2026-04-09,2026-05-19,2026-06-16,4,272.82
REQ001587,224041,SOUTHCOAST BEHAVIORAL HEALTH,DARTMOUTH,MA,Respiratory Therapist,Respiratory Care,Travel Contract,Morning,10,0,10,High,Open,2026-03-28,2026-04-05,2026-05-03,4,111.45
REQ001588,224039,WHITTIER PAVILION,HAVERHILL,MA,Allied Health Professional,Allied Health,Local Contract,Evening,9,4,5,Medium,Partially Filled,2025-09-15,2025-10-15,2026-04-15,26,98.61
REQ001589,220177,NANTUCKET COTTAGE HOSPITAL,NANTUCKET,MA,Emergency Room Nurse,Emergency Department,Travel Contract,Morning,6,2,4,Medium,Partially Filled,2025-12-16,2026-01-24,2026-03-21,8,111.92
REQ001590,220001,UMASS MEMORIAL HEALTHALLIANCE HOSPITALS,LEOMINSTER,MA,Respiratory Therapist,Respiratory Care,Travel Contract,Evening,1,1,0,Medium,Filled,2025-08-22,2025-10-03,2026-04-03,26,113.71
REQ001591,224038,"WALDEN BEHAVIORAL CARE, LLC",DEDHAM,MA,Laboratory Technician,Laboratory,Local Contract,Night,13,9,4,Low,Partially Filled,2026-03-24,2026-04-22,2026-05-20,4,86.75
REQ001592,220016,BAYSTATE FRANKLIN MEDICAL CENTER,GREENFIELD,MA,ICU Nurse,Intensive Care Unit,Travel Contract,Morning,2,2,0,High,Filled,2026-02-17,2026-03-12,2026-07-02,16,123.11
REQ001593,220105,WINCHESTER HOSPITAL,WINCHESTER,MA,Emergency Room Nurse,Emergency Department,Local Contract,Evening,15,7,8,High,Partially Filled,2026-05-08,2026-06-14,2026-09-13,13,113.14
REQ001594,220105,WINCHESTER HOSPITAL,WINCHESTER,MA,ICU Nurse,Intensive Care Unit,Local Contract,Evening,3,0,3,High,Open,2026-02-21,2026-03-17,2026-05-12,8,125.66
REQ001595,220110,BRIGHAM AND WOMEN'S HOSPITAL,BOSTON,MA,Laboratory Technician,Laboratory,Travel Contract,Night,5,1,4,High,Partially Filled,2026-05-20,2026-06-15,2026-09-14,13,120.95
REQ001596,223302,BOSTON CHILDREN'S HOSPITAL,BOSTON,MA,Allied Health Professional,Allied Health,Per Diem,Day,2,1,1,Medium,Partially Filled,2026-04-28,2026-06-01,2026-07-27,8,92.85
REQ001597,220090,MILFORD REGIONAL MEDICAL CENTER,MILFORD,MA,Physician,Medical Services,Per Diem,Morning,6,6,0,High,Filled,2026-06-20,2026-07-21,2026-09-15,8,242.96
REQ001598,220002,MOUNT AUBURN HOSPITAL,CAMBRIDGE,MA,Travel Nurse,Travel Nursing,Per Diem,Night,9,2,7,Critical,Partially Filled,2026-07-12,2026-08-11,2026-11-03,12,178.8
REQ001599,224013,ARBOUR HOSPITAL,BOSTON,MA,ICU Nurse,Intensive Care Unit,Per Diem,Day,7,4,3,High,Partially Filled,2026-03-29,2026-04-29,2026-07-22,12,156.15
REQ001600,220010,MERRIMACK HEALTH LAWRENCE HOSPITAL,LAWRENCE,MA,Travel Nurse,Travel Nursing,Per Diem,Night,3,2,1,Medium,Partially Filled,2026-05-12,2026-06-20,2026-10-10,16,173.22
REQ001601,220077,BAYSTATE MEDICAL CENTER,SPRINGFIELD,MA,Allied Health Professional,Allied Health,Per Diem,Night,11,0,11,Medium,Open,2025-08-20,2025-09-14,2026-03-15,26,105.13
REQ001602,220070,MELROSEWAKEFIELD HEALTHCARE,MELROSE,MA,Travel Nurse,Travel Nursing,Travel Contract,Evening,6,5,1,High,Partially Filled,2026-04-27,2026-05-20,2026-09-09,16,171.47
REQ001603,220083,BETH ISRAEL DEACONESS HOSPITAL - NEEDHAM,NEEDHAM,MA,ICU Nurse,Intensive Care Unit,Travel Contract,Day,9,7,2,High,Partially Filled,2025-09-18,2025-11-02,2026-02-01,13,118.9
REQ001604,220163,UMASS MEMORIAL MEDICAL CENTER/UNIVERSITY CAMPUS,WORCESTER,MA,ICU Nurse,Intensive Care Unit,Permanent Placement,Morning,4,1,3,Critical,Partially Filled,2026-06-20,2026-07-09,2026-10-08,13,107.74
REQ001605,220177,NANTUCKET COTTAGE HOSPITAL,NANTUCKET,MA,Registered Nurse,General Nursing,Permanent Placement,Morning,13,8,5,Critical,Partially Filled,2025-09-09,2025-09-21,2026-01-11,16,91.67
REQ001606,224041,SOUTHCOAST BEHAVIORAL HEALTH,DARTMOUTH,MA,Respiratory Therapist,Respiratory Care,Local Contract,Day,1,0,1,Critical,Open,2026-05-10,2026-06-19,2026-07-17,4,87.06
REQ001607,220083,BETH ISRAEL DEACONESS HOSPITAL - NEEDHAM,NEEDHAM,MA,Allied Health Professional,Allied Health,Local Contract,Evening,3,0,3,Medium,Open,2026-03-01,2026-03-15,2026-07-05,16,134.58
REQ001608,220100,SOUTH SHORE HOSPITAL,SOUTH WEYMOUTH,MA,Physician,Medical Services,Travel Contract,Night,12,6,6,Medium,Partially Filled,2025-12-24,2026-02-07,2026-03-07,4,282.68
REQ001609,224007,MCLEAN HOSPITAL CORPORATION,BELMONT,MA,Emergency Room Nurse,Emergency Department,Travel Contract,Morning,10,1,9,Medium,Partially Filled,2025-08-30,2025-09-10,2025-12-03,12,120.46
REQ001610,224040,DR SOLOMON CARTER FULLER MENTAL HEALTH CENTER,BOSTON,MA,Respiratory Therapist,Respiratory Care,Local Contract,Evening,14,0,14,Medium,Open,2026-04-29,2026-06-05,2026-08-28,12,142.05
REQ001611,220119,BRIGHAM AND WOMEN FAULKNER HOSPITAL,JAMAICA PLAIN,MA,Travel Nurse,Travel Nursing,Local Contract,Evening,3,0,3,Medium,Open,2026-06-07,2026-07-22,2026-11-11,16,138.64
REQ001612,220030,BAYSTATE WING HOSPITAL,PALMER,MA,ICU Nurse,Intensive Care Unit,Per Diem,Night,12,11,1,Medium,Partially Filled,2025-12-09,2025-12-18,2026-06-18,26,133.51
REQ001613,221303,ATHOL MEMORIAL HOSPITAL,ATHOL,MA,Allied Health Professional,Allied Health,Permanent Placement,Evening,4,3,1,Medium,Partially Filled,2026-06-19,2026-06-27,2026-09-19,12,145.35
REQ001614,221303,ATHOL MEMORIAL HOSPITAL,ATHOL,MA,Laboratory Technician,Laboratory,Permanent Placement,Day,12,2,10,Critical,Partially Filled,2026-07-22,2026-08-04,2026-09-01,4,134.07
REQ001615,220077,BAYSTATE MEDICAL CENTER,SPRINGFIELD,MA,Laboratory Technician,Laboratory,Travel Contract,Evening,7,1,6,Medium,Partially Filled,2025-11-13,2025-12-13,2026-03-14,13,99.89
REQ001616,221300,MARTHA'S VINEYARD HOSPITAL INC,OAK BLUFFS,MA,Travel Nurse,Travel Nursing,Per Diem,Day,5,2,3,High,Partially Filled,2025-09-21,2025-10-09,2025-12-04,8,150.64
REQ001617,220011,CAMBRIDGE HEALTH ALLIANCE,CAMBRIDGE,MA,Respiratory Therapist,Respiratory Care,Permanent Placement,Night,11,7,4,High,Partially Filled,2026-05-20,2026-06-02,2026-09-01,13,153.87
REQ001618,223300,FRANCISCAN CHILDREN'S HOSPITAL & REHAB CENTER,BRIGHTON,MA,Physician,Medical Services,Travel Contract,Evening,5,4,1,High,Partially Filled,2025-08-21,2025-09-04,2025-10-30,8,263.98
REQ001619,220084,EMERSON HOSPITAL -,W CONCORD,MA,Radiologic Technologist,Radiology,Permanent Placement,Day,15,4,11,Medium,Partially Filled,2026-07-08,2026-08-19,2027-02-17,26,127.16
REQ001620,224038,"WALDEN BEHAVIORAL CARE, LLC",DEDHAM,MA,ICU Nurse,Intensive Care Unit,Travel Contract,Day,6,3,3,Medium,Partially Filled,2025-08-28,2025-09-10,2026-03-11,26,174.52
REQ001621,220049,UMASS MEMORIAL HEALTHCARE-MARLBOROUGH HOSPITAL,MARLBOROUGH,MA,ICU Nurse,Intensive Care Unit,Permanent Placement,Morning,3,0,3,High,Open,2025-12-27,2026-01-21,2026-05-13,16,116.59
REQ001622,22010F,VA BOSTON HEALTHCARE SYSTEM - JAMAICA PLAIN,JAMAICA PLAIN,MA,Physical Therapist,Rehabilitation,Per Diem,Evening,10,6,4,Low,Partially Filled,2026-06-16,2026-07-19,2026-11-08,16,128.55
REQ001623,220036,BOSTON MEDICAL CENTER-BRIGHTON,BRIGHTON,MA,Laboratory Technician,Laboratory,Local Contract,Night,11,9,2,Medium,Partially Filled,2026-02-04,2026-03-20,2026-06-19,13,75.21
REQ001624,224013,ARBOUR HOSPITAL,BOSTON,MA,Laboratory Technician,Laboratory,Local Contract,Night,13,13,0,High,Filled,2026-01-06,2026-02-18,2026-06-10,16,75.58
REQ001625,224028,DR JOHN C CORRIGAN MENTAL HEALTH CENTER,FALL RIVER,MA,Physician,Medical Services,Travel Contract,Evening,10,8,2,High,Partially Filled,2025-10-12,2025-11-15,2026-02-14,13,241.61
REQ001626,220116,TUFTS MEDICAL CENTER,BOSTON,MA,Radiologic Technologist,Radiology,Permanent Placement,Day,2,1,1,High,Partially Filled,2025-10-19,2025-11-20,2026-05-21,26,94.17
REQ001627,220015,"COOLEY DICKINSON HOSPITAL INC,THE",NORTHAMPTON,MA,Physician,Medical Services,Per Diem,Morning,10,3,7,High,Partially Filled,2026-05-15,2026-06-05,2026-09-25,16,302.9
REQ001628,220176,ST VINCENT HOSPITAL,WORCESTER,MA,Emergency Room Nurse,Emergency Department,Per Diem,Day,14,13,1,High,Partially Filled,2026-07-03,2026-08-14,2026-09-11,4,167.2
REQ001629,220086,BETH ISRAEL DEACONESS MEDICAL CENTER,BOSTON,MA,Emergency Room Nurse,Emergency Department,Travel Contract,Night,7,5,2,Medium,Partially Filled,2026-07-22,2026-09-03,2026-12-24,16,153.42
REQ001630,224001,TAUNTON STATE HOSPITAL,TAUNTON,MA,Emergency Room Nurse,Emergency Department,Permanent Placement,Evening,13,8,5,Medium,Partially Filled,2026-03-11,2026-04-04,2026-05-02,4,144.12
REQ001631,220015,"COOLEY DICKINSON HOSPITAL INC,THE",NORTHAMPTON,MA,Registered Nurse,General Nursing,Local Contract,Night,2,2,0,High,Filled,2026-05-15,2026-06-21,2026-09-20,13,106.96
REQ001632,220071,MASSACHUSETTS GENERAL HOSPITAL,BOSTON,MA,ICU Nurse,Intensive Care Unit,Local Contract,Morning,7,2,5,High,Partially Filled,2025-12-07,2025-12-26,2026-03-20,12,124.03
REQ001633,221303,ATHOL MEMORIAL HOSPITAL,ATHOL,MA,Registered Nurse,General Nursing,Permanent Placement,Evening,1,0,1,Critical,Open,2025-10-24,2025-11-30,2026-01-25,8,112.25
REQ001634,220077,BAYSTATE MEDICAL CENTER,SPRINGFIELD,MA,ICU Nurse,Intensive Care Unit,Local Contract,Morning,2,0,2,High,Open,2026-02-15,2026-03-26,2026-05-21,8,162.63
REQ001635,224018,ARBOUR HUMAN RESOURCE INSTITUTE,BROOKLINE,MA,Registered Nurse,General Nursing,Travel Contract,Morning,1,1,0,High,Filled,2025-09-03,2025-10-04,2026-01-24,16,90.12
REQ001636,221300,MARTHA'S VINEYARD HOSPITAL INC,OAK BLUFFS,MA,Registered Nurse,General Nursing,Local Contract,Evening,14,10,4,High,Partially Filled,2026-03-21,2026-04-23,2026-06-18,8,128.89
REQ001637,220016,BAYSTATE FRANKLIN MEDICAL CENTER,GREENFIELD,MA,Allied Health Professional,Allied Health,Permanent Placement,Evening,1,1,0,High,Filled,2025-11-21,2025-12-15,2026-03-09,12,117.35
REQ001638,220077,BAYSTATE MEDICAL CENTER,SPRINGFIELD,MA,Radiologic Technologist,Radiology,Local Contract,Morning,11,2,9,Low,Partially Filled,2025-10-11,2025-11-12,2026-02-11,13,137.91
REQ001639,220052,SIGNATURE HEALTHCARE BROCKTON HOSPITAL,BROCKTON,MA,Radiologic Technologist,Radiology,Travel Contract,Morning,10,9,1,Low,Partially Filled,2026-02-13,2026-02-23,2026-04-20,8,147.56
REQ001640,224043,TARAVISTA BEHAVIORAL HEALTH CENTER,DEVENS,MA,Physician,Medical Services,Local Contract,Day,4,3,1,Critical,Partially Filled,2025-09-04,2025-09-23,2025-11-18,8,306.79
REQ001641,220063,LOWELL GENERAL HOSPITAL,LOWELL,MA,Allied Health Professional,Allied Health,Travel Contract,Evening,15,12,3,Medium,Partially Filled,2025-10-27,2025-11-15,2026-02-07,12,95.54
REQ001642,220029,ANNA JAQUES HOSPITAL,NEWBURYPORT,MA,Travel Nurse,Travel Nursing,Travel Contract,Evening,10,2,8,Medium,Partially Filled,2025-10-24,2025-11-06,2025-12-04,4,167.52
REQ001643,220084,EMERSON HOSPITAL -,W CONCORD,MA,Laboratory Technician,Laboratory,Per Diem,Evening,8,7,1,Medium,Partially Filled,2026-07-09,2026-08-05,2026-09-30,8,83.28
REQ001644,220030,BAYSTATE WING HOSPITAL,PALMER,MA,Laboratory Technician,Laboratory,Local Contract,Morning,10,0,10,Low,Open,2025-12-30,2026-01-25,2026-04-19,12,128.49
REQ001645,220024,HOLYOKE MEDICAL CENTER,HOLYOKE,MA,Laboratory Technician,Laboratory,Travel Contract,Night,5,2,3,Medium,Partially Filled,2025-08-23,2025-09-05,2025-12-05,13,115.74
REQ001646,220083,BETH ISRAEL DEACONESS HOSPITAL - NEEDHAM,NEEDHAM,MA,Respiratory Therapist,Respiratory Care,Permanent Placement,Evening,15,4,11,High,Partially Filled,2026-03-29,2026-05-09,2026-06-06,4,96.92
REQ001647,220011,CAMBRIDGE HEALTH ALLIANCE,CAMBRIDGE,MA,ICU Nurse,Intensive Care Unit,Local Contract,Day,2,1,1,High,Partially Filled,2025-08-08,2025-08-25,2026-02-23,26,123.28
REQ001648,220098,NASHOBA VALLEY MEDICAL CENTER,AYER,MA,Emergency Room Nurse,Emergency Department,Permanent Placement,Night,12,7,5,High,Partially Filled,2026-05-21,2026-07-01,2026-09-23,12,160.66
REQ001649,224040,DR SOLOMON CARTER FULLER MENTAL HEALTH CENTER,BOSTON,MA,Laboratory Technician,Laboratory,Permanent Placement,Day,3,2,1,Medium,Partially Filled,2025-12-03,2025-12-17,2026-04-08,16,108.07
REQ001650,220035,NORTH SHORE MEDICAL CENTER -,SALEM,MA,Registered Nurse,General Nursing,Permanent Placement,Evening,12,10,2,High,Partially Filled,2026-04-10,2026-05-24,2026-09-13,16,154.61
REQ001651,22009F,NORTHAMPTON VA MEDICAL CENTER,LEEDS,MA,Radiologic Technologist,Radiology,Local Contract,Evening,14,7,7,Medium,Partially Filled,2026-07-25,2026-08-04,2026-11-03,13,138.53
REQ001652,220029,ANNA JAQUES HOSPITAL,NEWBURYPORT,MA,Allied Health Professional,Allied Health,Local Contract,Night,3,0,3,Medium,Open,2025-08-02,2025-09-02,2025-12-23,16,114.45
REQ001653,220119,BRIGHAM AND WOMEN FAULKNER HOSPITAL,JAMAICA PLAIN,MA,ICU Nurse,Intensive Care Unit,Permanent Placement,Day,13,5,8,High,Partially Filled,2026-02-18,2026-03-20,2026-04-17,4,133.35
REQ001654,224022,BOURNEWOOD HOSPITAL,BROOKLINE,MA,ICU Nurse,Intensive Care Unit,Per Diem,Evening,10,2,8,Critical,Partially Filled,2026-04-25,2026-05-13,2026-06-10,4,157.85
REQ001655,221303,ATHOL MEMORIAL HOSPITAL,ATHOL,MA,Laboratory Technician,Laboratory,Permanent Placement,Morning,5,1,4,High,Partially Filled,2026-05-30,2026-07-10,2027-01-08,26,128.77
REQ001656,220119,BRIGHAM AND WOMEN FAULKNER HOSPITAL,JAMAICA PLAIN,MA,Emergency Room Nurse,Emergency Department,Permanent Placement,Morning,10,3,7,Medium,Partially Filled,2025-08-20,2025-09-17,2025-10-15,4,120.43
REQ001657,223302,BOSTON CHILDREN'S HOSPITAL,BOSTON,MA,Physician,Medical Services,Travel Contract,Day,10,8,2,Medium,Partially Filled,2026-06-07,2026-07-05,2027-01-03,26,271.63
REQ001658,224001,TAUNTON STATE HOSPITAL,TAUNTON,MA,Laboratory Technician,Laboratory,Travel Contract,Morning,11,7,4,Critical,Partially Filled,2026-03-23,2026-04-01,2026-09-30,26,84.47
REQ001659,224001,TAUNTON STATE HOSPITAL,TAUNTON,MA,Respiratory Therapist,Respiratory Care,Local Contract,Day,4,4,0,Critical,Filled,2026-03-18,2026-04-18,2026-07-18,13,116.64
REQ001660,220175,METROWEST MEDICAL CENTER,FRAMINGHAM,MA,ICU Nurse,Intensive Care Unit,Permanent Placement,Evening,11,10,1,High,Partially Filled,2026-06-11,2026-06-22,2026-12-21,26,139.47
REQ001661,224001,TAUNTON STATE HOSPITAL,TAUNTON,MA,Emergency Room Nurse,Emergency Department,Local Contract,Night,9,7,2,Medium,Partially Filled,2026-06-16,2026-07-29,2026-10-28,13,140.38
REQ001662,220100,SOUTH SHORE HOSPITAL,SOUTH WEYMOUTH,MA,Registered Nurse,General Nursing,Travel Contract,Evening,11,8,3,High,Partially Filled,2026-06-26,2026-08-06,2026-10-29,12,132.76
REQ001663,220084,EMERSON HOSPITAL -,W CONCORD,MA,Allied Health Professional,Allied Health,Permanent Placement,Evening,11,5,6,High,Partially Filled,2025-08-27,2025-09-20,2025-10-18,4,113.23
REQ001664,22009F,NORTHAMPTON VA MEDICAL CENTER,LEEDS,MA,Physical Therapist,Rehabilitation,Per Diem,Night,2,0,2,High,Open,2025-08-20,2025-08-28,2026-02-26,26,115.98
REQ001665,220010,MERRIMACK HEALTH LAWRENCE HOSPITAL,LAWRENCE,MA,Physician,Medical Services,Permanent Placement,Night,7,7,0,Medium,Filled,2025-12-07,2025-12-25,2026-04-16,16,297.85
REQ001666,224038,"WALDEN BEHAVIORAL CARE, LLC",DEDHAM,MA,Physician,Medical Services,Permanent Placement,Night,3,2,1,High,Partially Filled,2025-11-04,2025-11-26,2026-05-27,26,253.62
REQ001667,220001,UMASS MEMORIAL HEALTHALLIANCE HOSPITALS,LEOMINSTER,MA,ICU Nurse,Intensive Care Unit,Per Diem,Night,5,0,5,Medium,Open,2026-01-22,2026-02-23,2026-04-20,8,128.65
REQ001668,220020,SAINT ANNE'S HOSPITAL,FALL RIVER,MA,Emergency Room Nurse,Emergency Department,Permanent Placement,Night,10,2,8,High,Partially Filled,2026-01-23,2026-02-23,2026-04-20,8,115.56
REQ001669,220008,STURDY MEMORIAL HOSPITAL,ATTLEBORO,MA,Physical Therapist,Rehabilitation,Travel Contract,Evening,4,4,0,Medium,Filled,2026-07-18,2026-08-17,2026-09-14,4,93.8
REQ001670,220105,WINCHESTER HOSPITAL,WINCHESTER,MA,Radiologic Technologist,Radiology,Per Diem,Day,14,8,6,High,Partially Filled,2026-04-23,2026-05-16,2026-08-15,13,134.92
REQ001671,220080,HOLY FAMILY HOSPITAL,METHUEN,MA,Physician,Medical Services,Travel Contract,Day,5,5,0,Critical,Filled,2025-11-23,2025-11-30,2026-01-25,8,247.92
REQ001672,220020,SAINT ANNE'S HOSPITAL,FALL RIVER,MA,Physical Therapist,Rehabilitation,Per Diem,Night,4,4,0,Medium,Filled,2026-04-05,2026-04-22,2026-05-20,4,94.64
REQ001673,220066,MERCY MEDICAL CTR,SPRINGFIELD,MA,Travel Nurse,Travel Nursing,Permanent Placement,Day,6,2,4,Medium,Partially Filled,2026-02-18,2026-03-16,2026-04-13,4,137.94
REQ001674,220083,BETH ISRAEL DEACONESS HOSPITAL - NEEDHAM,NEEDHAM,MA,Travel Nurse,Travel Nursing,Permanent Placement,Evening,15,6,9,High,Partially Filled,2025-10-28,2025-11-27,2026-03-19,16,181.54
REQ001675,220108,BETH ISRAEL DEACONESS HOSPITAL - MILTON,MILTON,MA,Travel Nurse,Travel Nursing,Per Diem,Night,1,0,1,High,Open,2026-03-07,2026-04-11,2026-07-04,12,160.03
REQ001676,220083,BETH ISRAEL DEACONESS HOSPITAL - NEEDHAM,NEEDHAM,MA,Physician,Medical Services,Permanent Placement,Day,3,3,0,High,Filled,2025-09-14,2025-09-23,2025-12-16,12,276.66
REQ001677,220116,TUFTS MEDICAL CENTER,BOSTON,MA,Registered Nurse,General Nursing,Per Diem,Night,1,1,0,Medium,Filled,2026-06-06,2026-06-21,2026-09-20,13,121.0
REQ001678,220116,TUFTS MEDICAL CENTER,BOSTON,MA,Allied Health Professional,Allied Health,Permanent Placement,Evening,15,10,5,Low,Partially Filled,2026-02-22,2026-03-11,2026-05-06,8,112.71
REQ001679,220049,UMASS MEMORIAL HEALTHCARE-MARLBOROUGH HOSPITAL,MARLBOROUGH,MA,Laboratory Technician,Laboratory,Per Diem,Night,8,4,4,Medium,Partially Filled,2026-03-01,2026-04-05,2026-07-26,16,117.43
REQ001680,220074,SOUTHCOAST HOSPITALS GROUP,FALL RIVER,MA,Allied Health Professional,Allied Health,Permanent Placement,Morning,11,5,6,High,Partially Filled,2026-07-09,2026-08-02,2026-11-22,16,112.21
REQ001681,224038,"WALDEN BEHAVIORAL CARE, LLC",DEDHAM,MA,Physician,Medical Services,Travel Contract,Day,5,4,1,High,Partially Filled,2025-10-31,2025-12-09,2026-02-03,8,269.97
REQ001682,220075,MASSACHUSETTS EYE AND EAR INFIRMARY -,BOSTON,MA,Registered Nurse,General Nursing,Per Diem,Morning,1,0,1,High,Open,2025-10-09,2025-10-16,2025-11-13,4,126.04
REQ001683,224040,DR SOLOMON CARTER FULLER MENTAL HEALTH CENTER,BOSTON,MA,ICU Nurse,Intensive Care Unit,Per Diem,Morning,15,3,12,Low,Partially Filled,2025-11-30,2025-12-15,2026-06-15,26,105.39
REQ001684,220071,MASSACHUSETTS GENERAL HOSPITAL,BOSTON,MA,Radiologic Technologist,Radiology,Permanent Placement,Night,11,10,1,High,Partially Filled,2025-08-18,2025-09-27,2025-11-22,8,101.87
REQ001685,220080,HOLY FAMILY HOSPITAL,METHUEN,MA,Laboratory Technician,Laboratory,Permanent Placement,Night,10,9,1,Medium,Partially Filled,2026-04-26,2026-05-27,2026-08-26,13,127.52
REQ001686,224028,DR JOHN C CORRIGAN MENTAL HEALTH CENTER,FALL RIVER,MA,Respiratory Therapist,Respiratory Care,Permanent Placement,Night,5,5,0,High,Filled,2026-03-18,2026-04-22,2026-10-21,26,94.08
REQ001687,220074,SOUTHCOAST HOSPITALS GROUP,FALL RIVER,MA,Emergency Room Nurse,Emergency Department,Local Contract,Night,2,2,0,High,Filled,2026-02-05,2026-03-02,2026-04-27,8,156.54
REQ001688,220083,BETH ISRAEL DEACONESS HOSPITAL - NEEDHAM,NEEDHAM,MA,Emergency Room Nurse,Emergency Department,Local Contract,Day,4,4,0,High,Filled,2025-11-06,2025-11-17,2026-01-12,8,143.68
REQ001689,220077,BAYSTATE MEDICAL CENTER,SPRINGFIELD,MA,Respiratory Therapist,Respiratory Care,Per Diem,Evening,4,3,1,Medium,Partially Filled,2025-08-05,2025-08-17,2025-12-07,16,135.23
REQ001690,220033,NORTHEAST HOSPITAL CORPORATION,BEVERLY,MA,Allied Health Professional,Allied Health,Permanent Placement,Day,13,7,6,High,Partially Filled,2025-08-13,2025-09-23,2025-11-18,8,102.39
REQ001691,220011,CAMBRIDGE HEALTH ALLIANCE,CAMBRIDGE,MA,Allied Health Professional,Allied Health,Per Diem,Morning,5,5,0,Medium,Filled,2026-04-03,2026-05-09,2026-08-01,12,116.52
REQ001692,220001,UMASS MEMORIAL HEALTHALLIANCE HOSPITALS,LEOMINSTER,MA,Registered Nurse,General Nursing,Permanent Placement,Evening,2,2,0,High,Filled,2026-01-14,2026-01-30,2026-05-22,16,123.77
REQ001693,220083,BETH ISRAEL DEACONESS HOSPITAL - NEEDHAM,NEEDHAM,MA,Respiratory Therapist,Respiratory Care,Travel Contract,Evening,12,7,5,Medium,Partially Filled,2025-08-28,2025-10-09,2025-12-04,8,117.0
REQ001694,220015,"COOLEY DICKINSON HOSPITAL INC,THE",NORTHAMPTON,MA,Travel Nurse,Travel Nursing,Local Contract,Day,11,9,2,Medium,Partially Filled,2026-03-15,2026-04-04,2026-07-25,16,127.08
REQ001695,220001,UMASS MEMORIAL HEALTHALLIANCE HOSPITALS,LEOMINSTER,MA,Physical Therapist,Rehabilitation,Travel Contract,Evening,7,2,5,High,Partially Filled,2026-06-11,2026-07-01,2026-12-30,26,138.01
REQ001696,220049,UMASS MEMORIAL HEALTHCARE-MARLBOROUGH HOSPITAL,MARLBOROUGH,MA,ICU Nurse,Intensive Care Unit,Local Contract,Night,9,8,1,High,Partially Filled,2026-06-24,2026-07-20,2026-09-14,8,127.76
REQ001697,220066,MERCY MEDICAL CTR,SPRINGFIELD,MA,Travel Nurse,Travel Nursing,Per Diem,Morning,6,4,2,Medium,Partially Filled,2026-05-23,2026-07-03,2026-08-28,8,149.24
REQ001698,220105,WINCHESTER HOSPITAL,WINCHESTER,MA,Radiologic Technologist,Radiology,Per Diem,Night,13,6,7,Critical,Partially Filled,2026-04-10,2026-05-01,2026-06-26,8,121.97
REQ001699,223300,FRANCISCAN CHILDREN'S HOSPITAL & REHAB CENTER,BRIGHTON,MA,Physician,Medical Services,Travel Contract,Night,12,11,1,High,Partially Filled,2026-05-23,2026-06-30,2026-10-20,16,282.25
REQ001700,220049,UMASS MEMORIAL HEALTHCARE-MARLBOROUGH HOSPITAL,MARLBOROUGH,MA,Radiologic Technologist,Radiology,Travel Contract,Night,3,3,0,Low,Filled,2025-08-02,2025-08-20,2025-12-10,16,99.25
REQ001701,22010F,VA BOSTON HEALTHCARE SYSTEM - JAMAICA PLAIN,JAMAICA PLAIN,MA,Radiologic Technologist,Radiology,Permanent Placement,Morning,2,0,2,Medium,Open,2026-04-27,2026-06-04,2026-12-03,26,148.59
REQ001702,220176,ST VINCENT HOSPITAL,WORCESTER,MA,Travel Nurse,Travel Nursing,Travel Contract,Night,13,10,3,High,Partially Filled,2025-10-06,2025-10-22,2025-11-19,4,142.8
REQ001703,220016,BAYSTATE FRANKLIN MEDICAL CENTER,GREENFIELD,MA,Laboratory Technician,Laboratory,Per Diem,Evening,15,1,14,High,Partially Filled,2025-11-05,2025-11-23,2025-12-21,4,133.78
REQ001704,220033,NORTHEAST HOSPITAL CORPORATION,BEVERLY,MA,Laboratory Technician,Laboratory,Local Contract,Morning,8,5,3,High,Partially Filled,2026-04-15,2026-05-24,2026-09-13,16,93.02
REQ001705,220084,EMERSON HOSPITAL -,W CONCORD,MA,Laboratory Technician,Laboratory,Per Diem,Morning,4,0,4,Medium,Open,2026-02-18,2026-02-28,2026-03-28,4,95.15
REQ001706,22001F,BEDFORD VA MEDICAL CENTER,BEDFORD,MA,Physical Therapist,Rehabilitation,Per Diem,Night,8,1,7,Critical,Partially Filled,2026-05-21,2026-06-17,2026-07-15,4,153.04
REQ001707,220001,UMASS MEMORIAL HEALTHALLIANCE HOSPITALS,LEOMINSTER,MA,ICU Nurse,Intensive Care Unit,Per Diem,Day,10,2,8,Low,Partially Filled,2025-08-12,2025-08-28,2026-02-26,26,118.92
REQ001708,220095,HEYWOOD HOSPITAL -,GARDNER,MA,Laboratory Technician,Laboratory,Travel Contract,Evening,14,3,11,Critical,Partially Filled,2025-11-07,2025-11-17,2026-03-09,16,73.79
REQ001709,220163,UMASS MEMORIAL MEDICAL CENTER/UNIVERSITY CAMPUS,WORCESTER,MA,Radiologic Technologist,Radiology,Travel Contract,Night,3,3,0,High,Filled,2025-09-17,2025-11-01,2025-11-29,4,90.09
REQ001710,220119,BRIGHAM AND WOMEN FAULKNER HOSPITAL,JAMAICA PLAIN,MA,ICU Nurse,Intensive Care Unit,Travel Contract,Day,8,2,6,High,Partially Filled,2026-07-18,2026-08-23,2026-11-22,13,157.22
REQ001711,220046,BERKSHIRE MEDICAL CENTER,PITTSFIELD,MA,ICU Nurse,Intensive Care Unit,Local Contract,Day,2,0,2,Medium,Open,2025-09-27,2025-10-28,2026-01-27,13,155.52
REQ001712,220035,NORTH SHORE MEDICAL CENTER -,SALEM,MA,Emergency Room Nurse,Emergency Department,Local Contract,Night,15,7,8,Low,Partially Filled,2026-01-23,2026-03-04,2026-06-03,13,140.03
REQ001713,220101,NEWTON-WELLESLEY HOSPITAL,NEWTON,MA,Respiratory Therapist,Respiratory Care,Permanent Placement,Morning,1,0,1,High,Open,2026-01-20,2026-02-09,2026-06-01,16,92.25
REQ001714,220080,HOLY FAMILY HOSPITAL,METHUEN,MA,Emergency Room Nurse,Emergency Department,Local Contract,Morning,1,1,0,High,Filled,2025-09-21,2025-10-03,2025-12-26,12,140.35
REQ001715,221300,MARTHA'S VINEYARD HOSPITAL INC,OAK BLUFFS,MA,Emergency Room Nurse,Emergency Department,Travel Contract,Night,7,2,5,High,Partially Filled,2025-10-16,2025-11-30,2026-02-22,12,125.67
REQ001716,224007,MCLEAN HOSPITAL CORPORATION,BELMONT,MA,Respiratory Therapist,Respiratory Care,Per Diem,Night,12,10,2,High,Partially Filled,2025-09-03,2025-09-10,2025-11-05,8,125.84
REQ001717,224013,ARBOUR HOSPITAL,BOSTON,MA,ICU Nurse,Intensive Care Unit,Local Contract,Evening,3,2,1,Critical,Partially Filled,2025-11-26,2026-01-01,2026-01-29,4,143.48
REQ001718,224001,TAUNTON STATE HOSPITAL,TAUNTON,MA,Allied Health Professional,Allied Health,Per Diem,Day,4,0,4,High,Open,2026-02-15,2026-03-13,2026-05-08,8,144.5
REQ001719,224018,ARBOUR HUMAN RESOURCE INSTITUTE,BROOKLINE,MA,Emergency Room Nurse,Emergency Department,Local Contract,Evening,2,1,1,Medium,Partially Filled,2026-04-04,2026-04-14,2026-07-14,13,134.64
REQ001720,220077,BAYSTATE MEDICAL CENTER,SPRINGFIELD,MA,Emergency Room Nurse,Emergency Department,Travel Contract,Evening,12,11,1,Medium,Partially Filled,2026-06-03,2026-06-13,2026-09-12,13,141.36
REQ001721,220177,NANTUCKET COTTAGE HOSPITAL,NANTUCKET,MA,Travel Nurse,Travel Nursing,Per Diem,Morning,9,1,8,Medium,Partially Filled,2025-10-06,2025-10-21,2026-01-13,12,175.48
REQ001722,224023,WESTWOOD PEMBROKE HEALTH SYSTEMS,WESTWOOD,MA,Registered Nurse,General Nursing,Travel Contract,Day,4,0,4,High,Open,2025-11-22,2025-12-17,2026-01-14,4,148.56
REQ001723,220002,MOUNT AUBURN HOSPITAL,CAMBRIDGE,MA,Radiologic Technologist,Radiology,Travel Contract,Morning,7,4,3,Medium,Partially Filled,2026-05-16,2026-06-20,2026-09-12,12,129.39
REQ001724,224007,MCLEAN HOSPITAL CORPORATION,BELMONT,MA,Allied Health Professional,Allied Health,Permanent Placement,Day,4,2,2,Medium,Partially Filled,2025-12-24,2026-01-27,2026-03-24,8,146.71
REQ001725,220033,NORTHEAST HOSPITAL CORPORATION,BEVERLY,MA,Respiratory Therapist,Respiratory Care,Travel Contract,Day,9,0,9,Low,Open,2025-08-02,2025-08-16,2025-09-13,4,86.87
REQ001726,220177,NANTUCKET COTTAGE HOSPITAL,NANTUCKET,MA,Laboratory Technician,Laboratory,Travel Contract,Evening,7,4,3,Medium,Partially Filled,2025-11-26,2025-12-09,2026-03-10,13,104.14
REQ001727,224001,TAUNTON STATE HOSPITAL,TAUNTON,MA,Registered Nurse,General Nursing,Permanent Placement,Day,11,5,6,Medium,Partially Filled,2026-04-22,2026-05-05,2026-11-03,26,87.13
REQ001728,220083,BETH ISRAEL DEACONESS HOSPITAL - NEEDHAM,NEEDHAM,MA,Allied Health Professional,Allied Health,Travel Contract,Evening,2,0,2,Medium,Open,2026-07-27,2026-08-06,2026-11-05,13,107.26
REQ001729,220033,NORTHEAST HOSPITAL CORPORATION,BEVERLY,MA,Travel Nurse,Travel Nursing,Per Diem,Morning,14,13,1,Critical,Partially Filled,2026-01-18,2026-01-30,2026-02-27,4,181.77
REQ001730,220052,SIGNATURE HEALTHCARE BROCKTON HOSPITAL,BROCKTON,MA,Physician,Medical Services,Local Contract,Day,2,2,0,Low,Filled,2025-11-11,2025-12-13,2026-02-07,8,270.46
REQ001731,224007,MCLEAN HOSPITAL CORPORATION,BELMONT,MA,Laboratory Technician,Laboratory,Per Diem,Evening,7,6,1,Low,Partially Filled,2026-04-28,2026-05-27,2026-08-26,13,76.43
REQ001732,220062,ADCARE HOSPITAL OF WORCESTER INC,WORCESTER,MA,Allied Health Professional,Allied Health,Permanent Placement,Morning,7,2,5,High,Partially Filled,2025-11-10,2025-11-29,2026-03-21,16,152.27
REQ001733,220101,NEWTON-WELLESLEY HOSPITAL,NEWTON,MA,Emergency Room Nurse,Emergency Department,Local Contract,Night,2,2,0,High,Filled,2025-09-10,2025-10-09,2026-01-29,16,133.25
REQ001734,224021,ARBOUR-FULLER HOSPITAL,SOUTH ATTLEBORO,MA,Registered Nurse,General Nursing,Per Diem,Morning,7,1,6,High,Partially Filled,2025-12-15,2026-01-16,2026-04-17,13,86.75
REQ001735,220065,BAYSTATE NOBLE HOSPITAL,WESTFIELD,MA,ICU Nurse,Intensive Care Unit,Travel Contract,Morning,8,7,1,Low,Partially Filled,2025-08-26,2025-09-30,2026-01-20,16,157.43
REQ001736,223300,FRANCISCAN CHILDREN'S HOSPITAL & REHAB CENTER,BRIGHTON,MA,Physical Therapist,Rehabilitation,Per Diem,Day,2,2,0,Medium,Filled,2025-11-29,2026-01-09,2026-05-01,16,138.74
REQ001737,220065,BAYSTATE NOBLE HOSPITAL,WESTFIELD,MA,Allied Health Professional,Allied Health,Travel Contract,Morning,10,9,1,High,Partially Filled,2025-10-28,2025-11-06,2026-01-29,12,131.86
REQ001738,220100,SOUTH SHORE HOSPITAL,SOUTH WEYMOUTH,MA,Respiratory Therapist,Respiratory Care,Travel Contract,Night,11,3,8,Medium,Partially Filled,2026-06-07,2026-07-17,2026-10-16,13,115.73
REQ001739,220086,BETH ISRAEL DEACONESS MEDICAL CENTER,BOSTON,MA,Respiratory Therapist,Respiratory Care,Travel Contract,Evening,12,4,8,Critical,Partially Filled,2026-02-12,2026-03-29,2026-07-19,16,151.88
REQ001740,224022,BOURNEWOOD HOSPITAL,BROOKLINE,MA,Travel Nurse,Travel Nursing,Per Diem,Night,8,7,1,Medium,Partially Filled,2026-04-06,2026-05-01,2026-05-29,4,127.19
REQ001741,221300,MARTHA'S VINEYARD HOSPITAL INC,OAK BLUFFS,MA,Respiratory Therapist,Respiratory Care,Per Diem,Day,12,8,4,Critical,Partially Filled,2025-11-02,2025-11-22,2026-05-23,26,116.22
REQ001742,220029,ANNA JAQUES HOSPITAL,NEWBURYPORT,MA,ICU Nurse,Intensive Care Unit,Local Contract,Day,15,13,2,Medium,Partially Filled,2026-07-31,2026-08-23,2026-10-18,8,108.57
REQ001743,22009F,NORTHAMPTON VA MEDICAL CENTER,LEEDS,MA,Laboratory Technician,Laboratory,Local Contract,Day,7,0,7,High,Open,2025-10-27,2025-11-09,2025-12-07,4,114.23
REQ001744,223300,FRANCISCAN CHILDREN'S HOSPITAL & REHAB CENTER,BRIGHTON,MA,ICU Nurse,Intensive Care Unit,Permanent Placement,Night,6,5,1,High,Partially Filled,2026-05-07,2026-05-19,2026-07-14,8,110.85
REQ001745,221304,NORTH ADAMS REGIONAL HOSPITAL CORPORATION,NORTH ADAMS,MA,Registered Nurse,General Nursing,Travel Contract,Day,10,4,6,Critical,Partially Filled,2026-05-03,2026-06-11,2026-12-10,26,149.97
REQ001746,223300,FRANCISCAN CHILDREN'S HOSPITAL & REHAB CENTER,BRIGHTON,MA,Physician,Medical Services,Permanent Placement,Morning,13,1,12,Medium,Partially Filled,2026-05-01,2026-05-16,2026-07-11,8,291.62
REQ001747,224040,DR SOLOMON CARTER FULLER MENTAL HEALTH CENTER,BOSTON,MA,Physical Therapist,Rehabilitation,Local Contract,Day,8,0,8,High,Open,2026-03-14,2026-04-22,2026-07-15,12,110.17
REQ001748,221303,ATHOL MEMORIAL HOSPITAL,ATHOL,MA,Respiratory Therapist,Respiratory Care,Local Contract,Night,11,1,10,Medium,Partially Filled,2026-03-31,2026-04-27,2026-07-27,13,90.96
REQ001749,22010F,VA BOSTON HEALTHCARE SYSTEM - JAMAICA PLAIN,JAMAICA PLAIN,MA,Respiratory Therapist,Respiratory Care,Per Diem,Night,9,7,2,High,Partially Filled,2025-09-16,2025-09-28,2025-11-23,8,114.64
REQ001750,224041,SOUTHCOAST BEHAVIORAL HEALTH,DARTMOUTH,MA,Emergency Room Nurse,Emergency Department,Travel Contract,Morning,11,7,4,Low,Partially Filled,2026-03-26,2026-04-27,2026-08-17,16,124.82
REQ001751,220086,BETH ISRAEL DEACONESS MEDICAL CENTER,BOSTON,MA,Physician,Medical Services,Permanent Placement,Day,2,1,1,Medium,Partially Filled,2025-09-15,2025-10-29,2026-01-28,13,278.63
REQ001752,221302,FAIRVIEW HOSPITAL,GREAT BARRINGTON,MA,Emergency Room Nurse,Emergency Department,Per Diem,Evening,15,7,8,Medium,Partially Filled,2026-04-07,2026-05-02,2026-10-31,26,154.53
REQ001753,22009F,NORTHAMPTON VA MEDICAL CENTER,LEEDS,MA,Physical Therapist,Rehabilitation,Travel Contract,Evening,5,5,0,High,Filled,2026-07-04,2026-08-05,2026-09-30,8,111.81
REQ001754,224038,"WALDEN BEHAVIORAL CARE, LLC",DEDHAM,MA,Respiratory Therapist,Respiratory Care,Permanent Placement,Day,12,4,8,Medium,Partially Filled,2026-02-13,2026-03-26,2026-05-21,8,120.82
REQ001755,224022,BOURNEWOOD HOSPITAL,BROOKLINE,MA,ICU Nurse,Intensive Care Unit,Travel Contract,Evening,9,5,4,Medium,Partially Filled,2026-03-16,2026-03-23,2026-05-18,8,173.69
REQ001756,220070,MELROSEWAKEFIELD HEALTHCARE,MELROSE,MA,Physical Therapist,Rehabilitation,Local Contract,Day,9,8,1,Medium,Partially Filled,2025-12-03,2026-01-05,2026-03-30,12,132.17
REQ001757,224028,DR JOHN C CORRIGAN MENTAL HEALTH CENTER,FALL RIVER,MA,Physician,Medical Services,Local Contract,Day,12,8,4,High,Partially Filled,2026-05-01,2026-06-02,2026-09-22,16,249.62
REQ001758,223300,FRANCISCAN CHILDREN'S HOSPITAL & REHAB CENTER,BRIGHTON,MA,Respiratory Therapist,Respiratory Care,Permanent Placement,Day,8,1,7,High,Partially Filled,2026-04-03,2026-04-19,2026-08-09,16,89.44
REQ001759,224045,HOSPITAL FOR BEHAVIORAL MEDICINE,WORCESTER,MA,ICU Nurse,Intensive Care Unit,Per Diem,Night,15,7,8,Critical,Partially Filled,2025-11-18,2025-12-02,2026-03-24,16,166.12
REQ001760,220177,NANTUCKET COTTAGE HOSPITAL,NANTUCKET,MA,ICU Nurse,Intensive Care Unit,Travel Contract,Morning,12,6,6,Medium,Partially Filled,2025-11-28,2025-12-18,2026-03-19,13,122.4
REQ001761,220135,FALMOUTH HOSPITAL,FALMOUTH,MA,Allied Health Professional,Allied Health,Travel Contract,Night,7,5,2,Medium,Partially Filled,2026-05-12,2026-06-20,2026-07-18,4,156.93
REQ001762,224045,HOSPITAL FOR BEHAVIORAL MEDICINE,WORCESTER,MA,Radiologic Technologist,Radiology,Permanent Placement,Morning,10,1,9,High,Partially Filled,2025-10-14,2025-11-06,2025-12-04,4,143.11
REQ001763,220024,HOLYOKE MEDICAL CENTER,HOLYOKE,MA,Physician,Medical Services,Permanent Placement,Evening,7,1,6,High,Partially Filled,2025-08-15,2025-09-27,2025-12-27,13,305.2
REQ001764,220065,BAYSTATE NOBLE HOSPITAL,WESTFIELD,MA,Laboratory Technician,Laboratory,Travel Contract,Day,9,9,0,High,Filled,2025-10-04,2025-10-27,2026-02-16,16,100.32
REQ001765,223304,THE SHRINERS' HOSPITAL FOR CHILDREN - BOSTON,BOSTON,MA,Emergency Room Nurse,Emergency Department,Permanent Placement,Day,8,4,4,High,Partially Filled,2025-09-19,2025-10-13,2025-11-10,4,158.78
REQ001766,224044,WESTBOROUGH BEHAVIORAL HEALTHCARE HOSPITAL LLC,WESTBOROUGH,MA,Emergency Room Nurse,Emergency Department,Local Contract,Evening,9,6,3,High,Partially Filled,2026-02-18,2026-03-21,2026-06-13,12,138.47
REQ001767,220171,"LAHEY HOSPITAL & MEDICAL CENTER, BURLINGTON",BURLINGTON,MA,Laboratory Technician,Laboratory,Per Diem,Morning,12,1,11,High,Partially Filled,2026-02-12,2026-03-27,2026-06-19,12,136.52
REQ001768,220016,BAYSTATE FRANKLIN MEDICAL CENTER,GREENFIELD,MA,ICU Nurse,Intensive Care Unit,Local Contract,Day,10,10,0,High,Filled,2025-10-03,2025-10-18,2026-04-18,26,159.67
REQ001769,220066,MERCY MEDICAL CTR,SPRINGFIELD,MA,Travel Nurse,Travel Nursing,Travel Contract,Day,1,1,0,Medium,Filled,2026-07-23,2026-08-23,2027-02-21,26,144.57
REQ001770,220077,BAYSTATE MEDICAL CENTER,SPRINGFIELD,MA,Travel Nurse,Travel Nursing,Local Contract,Evening,13,6,7,Medium,Partially Filled,2026-06-02,2026-07-13,2026-11-02,16,143.76
REQ001771,220105,WINCHESTER HOSPITAL,WINCHESTER,MA,Emergency Room Nurse,Emergency Department,Per Diem,Day,5,2,3,Medium,Partially Filled,2025-09-21,2025-10-30,2026-02-19,16,100.54
REQ001772,224018,ARBOUR HUMAN RESOURCE INSTITUTE,BROOKLINE,MA,Physical Therapist,Rehabilitation,Per Diem,Morning,13,2,11,Medium,Partially Filled,2026-07-02,2026-08-14,2026-11-06,12,112.53
REQ001773,220175,METROWEST MEDICAL CENTER,FRAMINGHAM,MA,Respiratory Therapist,Respiratory Care,Permanent Placement,Evening,14,8,6,Medium,Partially Filled,2026-07-16,2026-08-09,2027-02-07,26,88.5
REQ001774,220101,NEWTON-WELLESLEY HOSPITAL,NEWTON,MA,Physician,Medical Services,Per Diem,Evening,6,3,3,High,Partially Filled,2025-10-22,2025-10-29,2026-01-21,12,263.79
REQ001775,224018,ARBOUR HUMAN RESOURCE INSTITUTE,BROOKLINE,MA,Physical Therapist,Rehabilitation,Travel Contract,Evening,4,1,3,Medium,Partially Filled,2026-03-19,2026-04-14,2026-07-07,12,151.99
REQ001776,220010,MERRIMACK HEALTH LAWRENCE HOSPITAL,LAWRENCE,MA,Physician,Medical Services,Local Contract,Evening,14,10,4,Medium,Partially Filled,2026-02-24,2026-03-27,2026-05-22,8,260.24
REQ001777,220083,BETH ISRAEL DEACONESS HOSPITAL - NEEDHAM,NEEDHAM,MA,Respiratory Therapist,Respiratory Care,Local Contract,Day,10,5,5,Low,Partially Filled,2026-06-20,2026-07-18,2026-11-07,16,150.23
REQ001778,220088,NEW ENGLAND BAPTIST HOSPITAL,BOSTON,MA,Emergency Room Nurse,Emergency Department,Local Contract,Evening,3,2,1,Medium,Partially Filled,2025-11-04,2025-11-18,2026-01-13,8,161.69
REQ001779,220126,NORWOOD HOSPITAL,NORWOOD,MA,Physician,Medical Services,Permanent Placement,Day,10,1,9,Medium,Partially Filled,2026-02-22,2026-03-09,2026-06-01,12,252.38
REQ001780,220108,BETH ISRAEL DEACONESS HOSPITAL - MILTON,MILTON,MA,ICU Nurse,Intensive Care Unit,Permanent Placement,Day,9,8,1,Low,Partially Filled,2026-02-07,2026-03-18,2026-06-10,12,168.31
REQ001781,224043,TARAVISTA BEHAVIORAL HEALTH CENTER,DEVENS,MA,Registered Nurse,General Nursing,Permanent Placement,Evening,9,6,3,Critical,Partially Filled,2025-09-25,2025-11-01,2026-02-21,16,93.95
REQ001782,22001F,BEDFORD VA MEDICAL CENTER,BEDFORD,MA,Emergency Room Nurse,Emergency Department,Per Diem,Evening,8,0,8,Medium,Open,2026-05-23,2026-07-07,2026-09-29,12,150.28
REQ001783,223300,FRANCISCAN CHILDREN'S HOSPITAL & REHAB CENTER,BRIGHTON,MA,Emergency Room Nurse,Emergency Department,Local Contract,Day,3,0,3,Medium,Open,2026-06-23,2026-07-27,2026-08-24,4,117.59
REQ001784,220020,SAINT ANNE'S HOSPITAL,FALL RIVER,MA,Allied Health Professional,Allied Health,Permanent Placement,Day,12,9,3,Medium,Partially Filled,2025-11-25,2025-12-29,2026-03-23,12,114.52
REQ001785,224039,WHITTIER PAVILION,HAVERHILL,MA,Emergency Room Nurse,Emergency Department,Local Contract,Day,3,2,1,High,Partially Filled,2026-02-05,2026-02-28,2026-06-20,16,148.63
REQ001786,224040,DR SOLOMON CARTER FULLER MENTAL HEALTH CENTER,BOSTON,MA,Laboratory Technician,Laboratory,Per Diem,Day,13,12,1,Low,Partially Filled,2026-01-14,2026-02-06,2026-05-01,12,134.12
REQ001787,220135,FALMOUTH HOSPITAL,FALMOUTH,MA,Physician,Medical Services,Per Diem,Night,11,7,4,High,Partially Filled,2026-07-01,2026-07-31,2026-10-23,12,299.19
REQ001788,220030,BAYSTATE WING HOSPITAL,PALMER,MA,ICU Nurse,Intensive Care Unit,Per Diem,Evening,15,14,1,High,Partially Filled,2025-10-11,2025-10-30,2025-12-25,8,148.46
REQ001789,22001F,BEDFORD VA MEDICAL CENTER,BEDFORD,MA,Radiologic Technologist,Radiology,Local Contract,Evening,4,2,2,Medium,Partially Filled,2026-03-13,2026-04-14,2026-06-09,8,95.41
REQ001790,220116,TUFTS MEDICAL CENTER,BOSTON,MA,Laboratory Technician,Laboratory,Per Diem,Day,15,15,0,High,Filled,2026-02-11,2026-02-28,2026-03-28,4,72.25
REQ001791,220065,BAYSTATE NOBLE HOSPITAL,WESTFIELD,MA,Physical Therapist,Rehabilitation,Local Contract,Day,5,2,3,Medium,Partially Filled,2026-02-15,2026-03-09,2026-04-06,4,161.6
REQ001792,224040,DR SOLOMON CARTER FULLER MENTAL HEALTH CENTER,BOSTON,MA,Allied Health Professional,Allied Health,Local Contract,Morning,5,4,1,High,Partially Filled,2026-05-07,2026-06-15,2026-08-10,8,151.68
REQ001793,220029,ANNA JAQUES HOSPITAL,NEWBURYPORT,MA,Registered Nurse,General Nursing,Permanent Placement,Evening,2,2,0,Medium,Filled,2026-07-25,2026-08-07,2026-11-27,16,105.06
REQ001794,220065,BAYSTATE NOBLE HOSPITAL,WESTFIELD,MA,Respiratory Therapist,Respiratory Care,Per Diem,Morning,5,2,3,Medium,Partially Filled,2026-01-24,2026-02-11,2026-05-06,12,88.74
REQ001795,224043,TARAVISTA BEHAVIORAL HEALTH CENTER,DEVENS,MA,Travel Nurse,Travel Nursing,Local Contract,Evening,2,1,1,High,Partially Filled,2026-05-01,2026-05-31,2026-11-29,26,153.67
REQ001796,220029,ANNA JAQUES HOSPITAL,NEWBURYPORT,MA,Allied Health Professional,Allied Health,Per Diem,Evening,3,3,0,High,Filled,2025-12-02,2026-01-16,2026-02-13,4,129.75
REQ001797,220088,NEW ENGLAND BAPTIST HOSPITAL,BOSTON,MA,Physical Therapist,Rehabilitation,Per Diem,Morning,15,1,14,Medium,Partially Filled,2026-04-28,2026-06-06,2026-08-01,8,141.22
REQ001798,220020,SAINT ANNE'S HOSPITAL,FALL RIVER,MA,ICU Nurse,Intensive Care Unit,Permanent Placement,Night,3,2,1,Low,Partially Filled,2025-12-19,2026-01-23,2026-07-24,26,111.27
REQ001799,22010F,VA BOSTON HEALTHCARE SYSTEM - JAMAICA PLAIN,JAMAICA PLAIN,MA,Laboratory Technician,Laboratory,Local Contract,Night,5,1,4,High,Partially Filled,2026-02-12,2026-03-07,2026-05-02,8,79.39
REQ001800,220084,EMERSON HOSPITAL -,W CONCORD,MA,Travel Nurse,Travel Nursing,Permanent Placement,Day,2,2,0,Medium,Filled,2026-05-18,2026-05-31,2026-07-26,8,172.18
REQ001801,220019,UMASS MEMORIAL HEALTH - HARRINGTON HOSPITAL,SOUTHBRIDGE,MA,Travel Nurse,Travel Nursing,Local Contract,Night,15,1,14,Medium,Partially Filled,2025-10-28,2025-12-07,2026-03-29,16,118.13
REQ001802,220060,BETH ISRAEL DEACONESS HOSPITAL PLYMOUTH,PLYMOUTH,MA,Registered Nurse,General Nursing,Travel Contract,Day,15,0,15,High,Open,2025-11-03,2025-11-24,2026-01-19,8,112.02
REQ001803,220101,NEWTON-WELLESLEY HOSPITAL,NEWTON,MA,Respiratory Therapist,Respiratory Care,Permanent Placement,Evening,9,9,0,Medium,Filled,2025-09-28,2025-10-07,2025-11-04,4,123.34
REQ001804,220024,HOLYOKE MEDICAL CENTER,HOLYOKE,MA,Travel Nurse,Travel Nursing,Local Contract,Morning,5,0,5,Critical,Open,2026-02-07,2026-03-10,2026-04-07,4,160.49
REQ001805,220105,WINCHESTER HOSPITAL,WINCHESTER,MA,ICU Nurse,Intensive Care Unit,Per Diem,Evening,13,7,6,High,Partially Filled,2026-05-29,2026-07-07,2026-08-04,4,158.65
REQ001806,223304,THE SHRINERS' HOSPITAL FOR CHILDREN - BOSTON,BOSTON,MA,Emergency Room Nurse,Emergency Department,Travel Contract,Day,7,5,2,Low,Partially Filled,2025-11-08,2025-12-05,2026-02-27,12,151.33
REQ001807,224013,ARBOUR HOSPITAL,BOSTON,MA,Radiologic Technologist,Radiology,Per Diem,Morning,6,6,0,Critical,Filled,2026-02-23,2026-03-13,2026-04-10,4,123.18
REQ001808,221304,NORTH ADAMS REGIONAL HOSPITAL CORPORATION,NORTH ADAMS,MA,ICU Nurse,Intensive Care Unit,Permanent Placement,Evening,1,1,0,Medium,Filled,2026-01-17,2026-01-25,2026-07-26,26,111.44
REQ001809,220029,ANNA JAQUES HOSPITAL,NEWBURYPORT,MA,Respiratory Therapist,Respiratory Care,Local Contract,Morning,12,1,11,Low,Partially Filled,2026-02-06,2026-03-04,2026-04-01,4,116.29
REQ001810,221300,MARTHA'S VINEYARD HOSPITAL INC,OAK BLUFFS,MA,ICU Nurse,Intensive Care Unit,Permanent Placement,Day,13,9,4,Medium,Partially Filled,2026-02-21,2026-04-06,2026-06-29,12,106.05
REQ001811,220116,TUFTS MEDICAL CENTER,BOSTON,MA,Travel Nurse,Travel Nursing,Local Contract,Evening,4,2,2,Medium,Partially Filled,2026-03-09,2026-04-11,2026-08-01,16,154.72
REQ001812,224044,WESTBOROUGH BEHAVIORAL HEALTHCARE HOSPITAL LLC,WESTBOROUGH,MA,Respiratory Therapist,Respiratory Care,Local Contract,Evening,8,0,8,High,Open,2025-10-21,2025-11-21,2026-03-13,16,121.4
REQ001813,224039,WHITTIER PAVILION,HAVERHILL,MA,Physical Therapist,Rehabilitation,Permanent Placement,Day,11,10,1,Medium,Partially Filled,2025-09-30,2025-11-06,2026-02-26,16,117.97
REQ001814,220163,UMASS MEMORIAL MEDICAL CENTER/UNIVERSITY CAMPUS,WORCESTER,MA,Respiratory Therapist,Respiratory Care,Permanent Placement,Evening,14,1,13,Low,Partially Filled,2025-11-01,2025-12-01,2026-03-02,13,126.63
REQ001815,223302,BOSTON CHILDREN'S HOSPITAL,BOSTON,MA,Registered Nurse,General Nursing,Permanent Placement,Night,15,11,4,Medium,Partially Filled,2025-09-14,2025-09-29,2025-12-29,13,106.19
REQ001816,22001F,BEDFORD VA MEDICAL CENTER,BEDFORD,MA,Laboratory Technician,Laboratory,Travel Contract,Evening,15,4,11,Medium,Partially Filled,2025-08-03,2025-09-15,2025-12-08,12,103.73
REQ001817,220086,BETH ISRAEL DEACONESS MEDICAL CENTER,BOSTON,MA,Radiologic Technologist,Radiology,Local Contract,Evening,12,1,11,Medium,Partially Filled,2026-04-07,2026-05-13,2026-08-05,12,124.15
REQ001818,220030,BAYSTATE WING HOSPITAL,PALMER,MA,ICU Nurse,Intensive Care Unit,Permanent Placement,Night,5,0,5,Medium,Open,2026-05-05,2026-06-16,2026-08-11,8,117.39
REQ001819,220036,BOSTON MEDICAL CENTER-BRIGHTON,BRIGHTON,MA,Physical Therapist,Rehabilitation,Permanent Placement,Day,10,1,9,High,Partially Filled,2026-04-02,2026-04-30,2026-08-20,16,153.71
REQ001820,223300,FRANCISCAN CHILDREN'S HOSPITAL & REHAB CENTER,BRIGHTON,MA,Allied Health Professional,Allied Health,Per Diem,Morning,14,8,6,Medium,Partially Filled,2025-12-15,2025-12-30,2026-01-27,4,148.34
REQ001821,221303,ATHOL MEMORIAL HOSPITAL,ATHOL,MA,Allied Health Professional,Allied Health,Local Contract,Morning,1,0,1,Medium,Open,2026-03-11,2026-04-19,2026-06-14,8,90.0
REQ001822,220001,UMASS MEMORIAL HEALTHALLIANCE HOSPITALS,LEOMINSTER,MA,Registered Nurse,General Nursing,Per Diem,Evening,7,3,4,Medium,Partially Filled,2025-08-26,2025-09-06,2026-03-07,26,88.7
REQ001823,220110,BRIGHAM AND WOMEN'S HOSPITAL,BOSTON,MA,Travel Nurse,Travel Nursing,Per Diem,Morning,3,1,2,Low,Partially Filled,2025-10-09,2025-11-02,2026-02-01,13,121.23
REQ001824,220176,ST VINCENT HOSPITAL,WORCESTER,MA,Laboratory Technician,Laboratory,Permanent Placement,Night,5,5,0,Low,Filled,2025-11-02,2025-11-19,2026-05-20,26,137.56
REQ001825,220030,BAYSTATE WING HOSPITAL,PALMER,MA,Respiratory Therapist,Respiratory Care,Travel Contract,Morning,8,1,7,Critical,Partially Filled,2026-05-05,2026-06-04,2026-07-02,4,129.9
REQ001826,220077,BAYSTATE MEDICAL CENTER,SPRINGFIELD,MA,ICU Nurse,Intensive Care Unit,Permanent Placement,Day,1,0,1,Critical,Open,2025-09-29,2025-11-11,2026-02-03,12,150.99
REQ001827,220063,LOWELL GENERAL HOSPITAL,LOWELL,MA,Emergency Room Nurse,Emergency Department,Per Diem,Night,15,1,14,Critical,Partially Filled,2026-03-07,2026-03-19,2026-09-17,26,160.35
REQ001828,221304,NORTH ADAMS REGIONAL HOSPITAL CORPORATION,NORTH ADAMS,MA,Registered Nurse,General Nursing,Permanent Placement,Day,1,0,1,High,Open,2026-05-19,2026-06-03,2026-07-29,8,126.56
REQ001829,220029,ANNA JAQUES HOSPITAL,NEWBURYPORT,MA,Registered Nurse,General Nursing,Travel Contract,Morning,14,10,4,High,Partially Filled,2026-04-05,2026-04-28,2026-10-27,26,107.91
REQ001830,220024,HOLYOKE MEDICAL CENTER,HOLYOKE,MA,Travel Nurse,Travel Nursing,Permanent Placement,Night,9,7,2,High,Partially Filled,2026-06-27,2026-07-13,2026-11-02,16,143.85
REQ001831,223302,BOSTON CHILDREN'S HOSPITAL,BOSTON,MA,Physical Therapist,Rehabilitation,Permanent Placement,Day,13,1,12,Critical,Partially Filled,2025-12-10,2026-01-03,2026-04-04,13,147.51
REQ001832,220074,SOUTHCOAST HOSPITALS GROUP,FALL RIVER,MA,Emergency Room Nurse,Emergency Department,Travel Contract,Night,13,8,5,Critical,Partially Filled,2026-03-31,2026-04-19,2026-07-12,12,150.77
REQ001833,220030,BAYSTATE WING HOSPITAL,PALMER,MA,Registered Nurse,General Nursing,Permanent Placement,Night,3,2,1,High,Partially Filled,2025-12-11,2026-01-08,2026-02-05,4,89.81
REQ001834,220024,HOLYOKE MEDICAL CENTER,HOLYOKE,MA,Travel Nurse,Travel Nursing,Per Diem,Night,9,3,6,Medium,Partially Filled,2026-02-01,2026-03-08,2026-05-31,12,119.23
REQ001835,220111,GOOD SAMARITAN MEDICAL CENTER,BROCKTON,MA,Laboratory Technician,Laboratory,Local Contract,Night,7,7,0,Critical,Filled,2026-03-11,2026-03-20,2026-09-18,26,137.75
REQ001836,224045,HOSPITAL FOR BEHAVIORAL MEDICINE,WORCESTER,MA,Laboratory Technician,Laboratory,Per Diem,Night,5,1,4,Medium,Partially Filled,2026-04-15,2026-05-04,2026-08-24,16,136.7
REQ001837,224023,WESTWOOD PEMBROKE HEALTH SYSTEMS,WESTWOOD,MA,Physician,Medical Services,Per Diem,Day,1,1,0,Medium,Filled,2026-02-24,2026-03-11,2026-07-01,16,271.1
REQ001838,220095,HEYWOOD HOSPITAL -,GARDNER,MA,Registered Nurse,General Nursing,Per Diem,Day,10,5,5,Medium,Partially Filled,2026-02-18,2026-03-20,2026-06-19,13,112.79
REQ001839,220017,CARNEY HOSPITAL,BOSTON,MA,Physical Therapist,Rehabilitation,Per Diem,Day,1,1,0,Low,Filled,2025-11-02,2025-11-09,2026-03-01,16,136.03
REQ001840,220171,"LAHEY HOSPITAL & MEDICAL CENTER, BURLINGTON",BURLINGTON,MA,Registered Nurse,General Nursing,Travel Contract,Day,15,7,8,Critical,Partially Filled,2026-07-08,2026-08-22,2026-09-19,4,117.39
REQ001841,224041,SOUTHCOAST BEHAVIORAL HEALTH,DARTMOUTH,MA,Respiratory Therapist,Respiratory Care,Per Diem,Morning,1,0,1,High,Open,2025-09-18,2025-11-02,2026-05-03,26,116.16
REQ001842,220090,MILFORD REGIONAL MEDICAL CENTER,MILFORD,MA,Registered Nurse,General Nursing,Permanent Placement,Morning,11,0,11,Critical,Open,2026-07-18,2026-08-05,2026-09-30,8,107.06
REQ001843,220111,GOOD SAMARITAN MEDICAL CENTER,BROCKTON,MA,ICU Nurse,Intensive Care Unit,Local Contract,Night,15,2,13,Medium,Partially Filled,2026-07-16,2026-08-03,2026-08-31,4,126.96
REQ001844,220019,UMASS MEMORIAL HEALTH - HARRINGTON HOSPITAL,SOUTHBRIDGE,MA,Allied Health Professional,Allied Health,Travel Contract,Day,14,6,8,Medium,Partially Filled,2025-08-31,2025-09-07,2025-11-02,8,113.61
REQ001845,220011,CAMBRIDGE HEALTH ALLIANCE,CAMBRIDGE,MA,Allied Health Professional,Allied Health,Travel Contract,Evening,8,5,3,Medium,Partially Filled,2026-07-02,2026-08-15,2026-11-07,12,156.91
REQ001846,220100,SOUTH SHORE HOSPITAL,SOUTH WEYMOUTH,MA,ICU Nurse,Intensive Care Unit,Travel Contract,Morning,8,8,0,High,Filled,2026-03-15,2026-04-03,2026-05-29,8,146.29
REQ001847,220066,MERCY MEDICAL CTR,SPRINGFIELD,MA,Registered Nurse,General Nursing,Per Diem,Night,1,1,0,Critical,Filled,2025-11-27,2025-12-08,2026-01-05,4,139.1
REQ001848,220029,ANNA JAQUES HOSPITAL,NEWBURYPORT,MA,Travel Nurse,Travel Nursing,Per Diem,Night,1,1,0,Critical,Filled,2026-07-20,2026-09-02,2026-09-30,4,176.48
REQ001849,220088,NEW ENGLAND BAPTIST HOSPITAL,BOSTON,MA,Registered Nurse,General Nursing,Per Diem,Day,2,2,0,Critical,Filled,2026-04-17,2026-05-12,2026-06-09,4,154.33
REQ001850,220071,MASSACHUSETTS GENERAL HOSPITAL,BOSTON,MA,Physical Therapist,Rehabilitation,Local Contract,Morning,6,2,4,High,Partially Filled,2026-06-12,2026-06-30,2026-10-20,16,115.83
REQ001851,221303,ATHOL MEMORIAL HOSPITAL,ATHOL,MA,Allied Health Professional,Allied Health,Permanent Placement,Day,1,1,0,High,Filled,2026-02-15,2026-02-26,2026-03-26,4,117.84
REQ001852,220088,NEW ENGLAND BAPTIST HOSPITAL,BOSTON,MA,Laboratory Technician,Laboratory,Permanent Placement,Morning,7,7,0,Low,Filled,2025-08-31,2025-09-11,2026-01-01,16,116.68
REQ001853,220084,EMERSON HOSPITAL -,W CONCORD,MA,Radiologic Technologist,Radiology,Local Contract,Night,11,2,9,High,Partially Filled,2026-04-14,2026-05-08,2026-11-06,26,102.23
REQ001854,220049,UMASS MEMORIAL HEALTHCARE-MARLBOROUGH HOSPITAL,MARLBOROUGH,MA,Allied Health Professional,Allied Health,Permanent Placement,Evening,7,7,0,High,Filled,2025-11-24,2025-12-02,2025-12-30,4,149.26
REQ001855,220075,MASSACHUSETTS EYE AND EAR INFIRMARY -,BOSTON,MA,Allied Health Professional,Allied Health,Travel Contract,Day,11,5,6,Medium,Partially Filled,2025-08-05,2025-08-25,2025-10-20,8,158.98
REQ001856,220063,LOWELL GENERAL HOSPITAL,LOWELL,MA,Physician,Medical Services,Permanent Placement,Morning,5,0,5,Medium,Open,2025-10-06,2025-11-07,2026-01-02,8,244.28
REQ001857,220011,CAMBRIDGE HEALTH ALLIANCE,CAMBRIDGE,MA,Physical Therapist,Rehabilitation,Per Diem,Morning,13,3,10,High,Partially Filled,2026-07-26,2026-08-11,2026-10-06,8,96.88
REQ001858,224021,ARBOUR-FULLER HOSPITAL,SOUTH ATTLEBORO,MA,Physical Therapist,Rehabilitation,Local Contract,Day,1,1,0,High,Filled,2025-08-21,2025-09-23,2026-03-24,26,159.14
REQ001859,220116,TUFTS MEDICAL CENTER,BOSTON,MA,Respiratory Therapist,Respiratory Care,Travel Contract,Day,1,0,1,Medium,Open,2026-04-19,2026-05-12,2026-07-07,8,116.09
REQ001860,220031,BOSTON MEDICAL CENTER,BOSTON,MA,Physical Therapist,Rehabilitation,Per Diem,Evening,6,3,3,Medium,Partially Filled,2025-08-04,2025-08-29,2026-02-27,26,131.59
REQ001861,220011,CAMBRIDGE HEALTH ALLIANCE,CAMBRIDGE,MA,ICU Nurse,Intensive Care Unit,Per Diem,Night,10,6,4,Medium,Partially Filled,2025-10-27,2025-12-10,2026-06-10,26,121.17
REQ001862,220084,EMERSON HOSPITAL -,W CONCORD,MA,Respiratory Therapist,Respiratory Care,Permanent Placement,Morning,15,4,11,Medium,Partially Filled,2026-07-10,2026-07-28,2026-08-25,4,98.06
REQ001863,220135,FALMOUTH HOSPITAL,FALMOUTH,MA,Radiologic Technologist,Radiology,Travel Contract,Evening,10,2,8,Medium,Partially Filled,2026-03-26,2026-04-03,2026-10-02,26,138.08
REQ001864,220119,BRIGHAM AND WOMEN FAULKNER HOSPITAL,JAMAICA PLAIN,MA,Travel Nurse,Travel Nursing,Permanent Placement,Night,3,1,2,Low,Partially Filled,2026-08-01,2026-09-12,2026-10-10,4,170.67
REQ001865,220110,BRIGHAM AND WOMEN'S HOSPITAL,BOSTON,MA,ICU Nurse,Intensive Care Unit,Permanent Placement,Day,9,9,0,High,Filled,2026-01-28,2026-03-09,2026-04-06,4,144.59
REQ001866,220101,NEWTON-WELLESLEY HOSPITAL,NEWTON,MA,ICU Nurse,Intensive Care Unit,Per Diem,Morning,4,4,0,High,Filled,2025-09-27,2025-11-05,2026-02-04,13,110.71
REQ001867,220163,UMASS MEMORIAL MEDICAL CENTER/UNIVERSITY CAMPUS,WORCESTER,MA,Allied Health Professional,Allied Health,Travel Contract,Evening,8,2,6,High,Partially Filled,2026-05-19,2026-06-24,2026-12-23,26,93.11
REQ001868,220016,BAYSTATE FRANKLIN MEDICAL CENTER,GREENFIELD,MA,Allied Health Professional,Allied Health,Local Contract,Day,13,12,1,Medium,Partially Filled,2025-11-30,2026-01-06,2026-04-28,16,116.28
REQ001869,224022,BOURNEWOOD HOSPITAL,BROOKLINE,MA,Laboratory Technician,Laboratory,Per Diem,Morning,13,8,5,Critical,Partially Filled,2026-05-25,2026-07-01,2026-08-26,8,89.77
REQ001870,220016,BAYSTATE FRANKLIN MEDICAL CENTER,GREENFIELD,MA,ICU Nurse,Intensive Care Unit,Permanent Placement,Night,12,12,0,Low,Filled,2026-04-21,2026-05-06,2026-07-01,8,117.43
REQ001871,220015,"COOLEY DICKINSON HOSPITAL INC,THE",NORTHAMPTON,MA,Physical Therapist,Rehabilitation,Local Contract,Night,11,3,8,Low,Partially Filled,2025-12-29,2026-02-08,2026-04-05,8,98.21
REQ001872,220095,HEYWOOD HOSPITAL -,GARDNER,MA,Radiologic Technologist,Radiology,Travel Contract,Evening,3,0,3,Critical,Open,2025-12-21,2026-01-10,2026-07-11,26,148.96
REQ001873,220001,UMASS MEMORIAL HEALTHALLIANCE HOSPITALS,LEOMINSTER,MA,Physical Therapist,Rehabilitation,Travel Contract,Night,1,0,1,Low,Open,2026-07-30,2026-08-18,2027-02-16,26,106.55
REQ001874,220016,BAYSTATE FRANKLIN MEDICAL CENTER,GREENFIELD,MA,Physician,Medical Services,Local Contract,Evening,14,2,12,Medium,Partially Filled,2026-08-01,2026-08-17,2026-10-12,8,299.53
REQ001875,223302,BOSTON CHILDREN'S HOSPITAL,BOSTON,MA,ICU Nurse,Intensive Care Unit,Local Contract,Day,4,0,4,Medium,Open,2025-12-03,2026-01-02,2026-07-03,26,167.04
REQ001876,220177,NANTUCKET COTTAGE HOSPITAL,NANTUCKET,MA,Physician,Medical Services,Per Diem,Night,11,0,11,Critical,Open,2026-02-19,2026-03-10,2026-04-07,4,270.8
REQ001877,22009F,NORTHAMPTON VA MEDICAL CENTER,LEEDS,MA,Allied Health Professional,Allied Health,Local Contract,Night,10,8,2,High,Partially Filled,2026-02-20,2026-04-05,2026-05-03,4,137.87
REQ001878,224032,WORCESTER RECOVERY CENTER AND HOSPITAL,WORCESTER,MA,Emergency Room Nurse,Emergency Department,Travel Contract,Evening,11,10,1,Medium,Partially Filled,2026-06-03,2026-06-15,2026-09-14,13,160.56
REQ001879,221303,ATHOL MEMORIAL HOSPITAL,ATHOL,MA,Emergency Room Nurse,Emergency Department,Per Diem,Night,2,0,2,High,Open,2026-05-26,2026-07-05,2026-08-30,8,151.93
REQ001880,220095,HEYWOOD HOSPITAL -,GARDNER,MA,ICU Nurse,Intensive Care Unit,Travel Contract,Night,3,1,2,Critical,Partially Filled,2026-06-14,2026-07-15,2026-10-14,13,134.39
REQ001881,220029,ANNA JAQUES HOSPITAL,NEWBURYPORT,MA,Laboratory Technician,Laboratory,Permanent Placement,Evening,9,5,4,Medium,Partially Filled,2025-08-29,2025-09-28,2025-12-28,13,120.72
REQ001882,221303,ATHOL MEMORIAL HOSPITAL,ATHOL,MA,Respiratory Therapist,Respiratory Care,Permanent Placement,Morning,2,2,0,Medium,Filled,2025-11-28,2025-12-30,2026-02-24,8,106.22
REQ001883,220080,HOLY FAMILY HOSPITAL,METHUEN,MA,Physician,Medical Services,Local Contract,Morning,7,6,1,High,Partially Filled,2026-01-01,2026-01-10,2026-04-11,13,253.2
REQ001884,224028,DR JOHN C CORRIGAN MENTAL HEALTH CENTER,FALL RIVER,MA,Physical Therapist,Rehabilitation,Permanent Placement,Night,5,5,0,Medium,Filled,2026-03-02,2026-03-31,2026-04-28,4,101.06
REQ001885,220110,BRIGHAM AND WOMEN'S HOSPITAL,BOSTON,MA,Respiratory Therapist,Respiratory Care,Local Contract,Morning,2,1,1,Medium,Partially Filled,2025-10-08,2025-11-11,2025-12-09,4,113.77
REQ001886,220031,BOSTON MEDICAL CENTER,BOSTON,MA,Allied Health Professional,Allied Health,Local Contract,Day,6,2,4,High,Partially Filled,2026-07-02,2026-08-13,2027-02-11,26,149.51
REQ001887,224039,WHITTIER PAVILION,HAVERHILL,MA,Registered Nurse,General Nursing,Travel Contract,Evening,11,9,2,Medium,Partially Filled,2026-05-01,2026-06-08,2026-09-28,16,101.81
REQ001888,220171,"LAHEY HOSPITAL & MEDICAL CENTER, BURLINGTON",BURLINGTON,MA,ICU Nurse,Intensive Care Unit,Per Diem,Night,11,6,5,Medium,Partially Filled,2026-07-03,2026-08-17,2026-12-07,16,128.72
REQ001889,220084,EMERSON HOSPITAL -,W CONCORD,MA,Emergency Room Nurse,Emergency Department,Travel Contract,Morning,15,11,4,Medium,Partially Filled,2025-12-23,2026-01-28,2026-03-25,8,115.74
REQ001890,223300,FRANCISCAN CHILDREN'S HOSPITAL & REHAB CENTER,BRIGHTON,MA,Travel Nurse,Travel Nursing,Per Diem,Evening,2,2,0,Medium,Filled,2025-08-18,2025-09-09,2025-10-07,4,141.17
REQ001891,220111,GOOD SAMARITAN MEDICAL CENTER,BROCKTON,MA,Allied Health Professional,Allied Health,Per Diem,Evening,10,10,0,Medium,Filled,2026-03-28,2026-04-28,2026-10-27,26,121.75
REQ001892,220163,UMASS MEMORIAL MEDICAL CENTER/UNIVERSITY CAMPUS,WORCESTER,MA,Physician,Medical Services,Permanent Placement,Morning,6,1,5,High,Partially Filled,2026-06-22,2026-07-20,2026-09-14,8,309.38
REQ001893,220111,GOOD SAMARITAN MEDICAL CENTER,BROCKTON,MA,Respiratory Therapist,Respiratory Care,Permanent Placement,Night,7,1,6,Critical,Partially Filled,2026-02-14,2026-03-31,2026-07-21,16,93.85
REQ001894,220073,BROWN UNIVERSITY HEALTH MORTON HOSPITAL,TAUNTON,MA,Allied Health Professional,Allied Health,Per Diem,Morning,9,0,9,Medium,Open,2025-12-25,2026-01-24,2026-02-21,4,147.03
REQ001895,220011,CAMBRIDGE HEALTH ALLIANCE,CAMBRIDGE,MA,Respiratory Therapist,Respiratory Care,Permanent Placement,Evening,13,5,8,Medium,Partially Filled,2026-06-02,2026-06-18,2026-09-10,12,116.27
REQ001896,220060,BETH ISRAEL DEACONESS HOSPITAL PLYMOUTH,PLYMOUTH,MA,Travel Nurse,Travel Nursing,Per Diem,Day,3,1,2,Medium,Partially Filled,2025-08-07,2025-09-12,2025-12-05,12,141.94
REQ001897,220080,HOLY FAMILY HOSPITAL,METHUEN,MA,Registered Nurse,General Nursing,Local Contract,Night,9,9,0,High,Filled,2026-07-08,2026-07-31,2027-01-29,26,96.02
REQ001898,220098,NASHOBA VALLEY MEDICAL CENTER,AYER,MA,ICU Nurse,Intensive Care Unit,Permanent Placement,Evening,4,0,4,Medium,Open,2026-01-02,2026-01-29,2026-04-23,12,158.92
REQ001899,224028,DR JOHN C CORRIGAN MENTAL HEALTH CENTER,FALL RIVER,MA,ICU Nurse,Intensive Care Unit,Permanent Placement,Morning,9,1,8,Critical,Partially Filled,2026-07-15,2026-07-23,2026-08-20,4,114.95
REQ001900,220086,BETH ISRAEL DEACONESS MEDICAL CENTER,BOSTON,MA,ICU Nurse,Intensive Care Unit,Per Diem,Morning,2,2,0,Medium,Filled,2026-02-05,2026-03-19,2026-06-18,13,130.39
REQ001901,220095,HEYWOOD HOSPITAL -,GARDNER,MA,Emergency Room Nurse,Emergency Department,Permanent Placement,Day,5,2,3,Medium,Partially Filled,2026-03-10,2026-04-18,2026-07-18,13,113.58
REQ001902,220119,BRIGHAM AND WOMEN FAULKNER HOSPITAL,JAMAICA PLAIN,MA,Registered Nurse,General Nursing,Local Contract,Night,13,5,8,Critical,Partially Filled,2026-07-21,2026-08-30,2026-11-29,13,117.4
REQ001903,223302,BOSTON CHILDREN'S HOSPITAL,BOSTON,MA,Physical Therapist,Rehabilitation,Local Contract,Night,6,3,3,Medium,Partially Filled,2026-03-09,2026-04-10,2026-10-09,26,99.8
REQ001904,220077,BAYSTATE MEDICAL CENTER,SPRINGFIELD,MA,Registered Nurse,General Nursing,Travel Contract,Day,14,7,7,Critical,Partially Filled,2026-06-19,2026-07-18,2026-09-12,8,110.72
REQ001905,224032,WORCESTER RECOVERY CENTER AND HOSPITAL,WORCESTER,MA,Laboratory Technician,Laboratory,Permanent Placement,Night,1,0,1,High,Open,2026-07-04,2026-07-13,2026-08-10,4,72.6
REQ001906,220011,CAMBRIDGE HEALTH ALLIANCE,CAMBRIDGE,MA,Allied Health Professional,Allied Health,Per Diem,Night,7,0,7,Critical,Open,2026-03-26,2026-04-14,2026-05-12,4,138.46
REQ001907,220086,BETH ISRAEL DEACONESS MEDICAL CENTER,BOSTON,MA,Travel Nurse,Travel Nursing,Permanent Placement,Night,12,1,11,Critical,Partially Filled,2026-02-20,2026-04-01,2026-09-30,26,128.89
REQ001908,220012,CAPE COD HOSPITAL,HYANNIS,MA,Respiratory Therapist,Respiratory Care,Permanent Placement,Night,12,2,10,Critical,Partially Filled,2026-06-15,2026-07-14,2026-10-06,12,86.88
REQ001909,220105,WINCHESTER HOSPITAL,WINCHESTER,MA,Emergency Room Nurse,Emergency Department,Per Diem,Morning,6,1,5,High,Partially Filled,2026-05-22,2026-06-29,2026-08-24,8,160.19
REQ001910,220015,"COOLEY DICKINSON HOSPITAL INC,THE",NORTHAMPTON,MA,Travel Nurse,Travel Nursing,Permanent Placement,Night,11,11,0,High,Filled,2025-10-15,2025-11-01,2025-12-27,8,128.31
REQ001911,220176,ST VINCENT HOSPITAL,WORCESTER,MA,Physical Therapist,Rehabilitation,Permanent Placement,Night,5,2,3,High,Partially Filled,2026-06-08,2026-06-26,2026-07-24,4,107.79
REQ001912,224040,DR SOLOMON CARTER FULLER MENTAL HEALTH CENTER,BOSTON,MA,Respiratory Therapist,Respiratory Care,Permanent Placement,Evening,6,0,6,Low,Open,2026-03-07,2026-03-19,2026-07-09,16,88.43
REQ001913,22009F,NORTHAMPTON VA MEDICAL CENTER,LEEDS,MA,Registered Nurse,General Nursing,Travel Contract,Night,10,7,3,High,Partially Filled,2026-04-19,2026-05-07,2026-08-06,13,98.99
REQ001914,224021,ARBOUR-FULLER HOSPITAL,SOUTH ATTLEBORO,MA,ICU Nurse,Intensive Care Unit,Travel Contract,Morning,3,3,0,High,Filled,2025-08-08,2025-09-15,2025-10-13,4,171.65
REQ001915,223304,THE SHRINERS' HOSPITAL FOR CHILDREN - BOSTON,BOSTON,MA,Travel Nurse,Travel Nursing,Permanent Placement,Evening,3,0,3,Critical,Open,2026-05-13,2026-06-24,2026-12-23,26,168.34
REQ001916,224043,TARAVISTA BEHAVIORAL HEALTH CENTER,DEVENS,MA,Physician,Medical Services,Per Diem,Night,6,3,3,Medium,Partially Filled,2026-02-23,2026-04-01,2026-05-27,8,308.58
REQ001917,220015,"COOLEY DICKINSON HOSPITAL INC,THE",NORTHAMPTON,MA,Emergency Room Nurse,Emergency Department,Travel Contract,Morning,9,0,9,Medium,Open,2025-10-12,2025-10-29,2026-04-29,26,110.78
REQ001918,220116,TUFTS MEDICAL CENTER,BOSTON,MA,Physical Therapist,Rehabilitation,Permanent Placement,Day,12,5,7,Medium,Partially Filled,2025-10-18,2025-11-05,2025-12-31,8,149.47
REQ001919,224044,WESTBOROUGH BEHAVIORAL HEALTHCARE HOSPITAL LLC,WESTBOROUGH,MA,Allied Health Professional,Allied Health,Local Contract,Evening,1,1,0,High,Filled,2025-11-17,2025-12-17,2026-06-17,26,107.12
REQ001920,220105,WINCHESTER HOSPITAL,WINCHESTER,MA,ICU Nurse,Intensive Care Unit,Per Diem,Day,7,7,0,High,Filled,2026-04-30,2026-05-10,2026-08-02,12,105.44
REQ001921,220063,LOWELL GENERAL HOSPITAL,LOWELL,MA,Travel Nurse,Travel Nursing,Per Diem,Night,11,8,3,Low,Partially Filled,2026-05-14,2026-06-09,2026-07-07,4,161.2
REQ001922,224028,DR JOHN C CORRIGAN MENTAL HEALTH CENTER,FALL RIVER,MA,Respiratory Therapist,Respiratory Care,Permanent Placement,Night,1,1,0,High,Filled,2025-10-29,2025-11-30,2026-05-31,26,135.41
REQ001923,220066,MERCY MEDICAL CTR,SPRINGFIELD,MA,Respiratory Therapist,Respiratory Care,Travel Contract,Morning,5,3,2,Medium,Partially Filled,2025-09-02,2025-09-29,2026-03-30,26,124.81
REQ001924,220073,BROWN UNIVERSITY HEALTH MORTON HOSPITAL,TAUNTON,MA,ICU Nurse,Intensive Care Unit,Travel Contract,Day,12,4,8,High,Partially Filled,2026-02-05,2026-02-17,2026-05-19,13,169.28
REQ001925,220071,MASSACHUSETTS GENERAL HOSPITAL,BOSTON,MA,Allied Health Professional,Allied Health,Travel Contract,Evening,10,10,0,High,Filled,2026-03-08,2026-04-01,2026-04-29,4,104.81
REQ001926,221300,MARTHA'S VINEYARD HOSPITAL INC,OAK BLUFFS,MA,Radiologic Technologist,Radiology,Travel Contract,Evening,13,2,11,High,Partially Filled,2026-05-08,2026-06-15,2026-09-07,12,138.78
REQ001927,224013,ARBOUR HOSPITAL,BOSTON,MA,Physician,Medical Services,Travel Contract,Evening,11,0,11,Low,Open,2025-10-26,2025-11-29,2026-01-24,8,291.03
REQ001928,220046,BERKSHIRE MEDICAL CENTER,PITTSFIELD,MA,Emergency Room Nurse,Emergency Department,Permanent Placement,Evening,10,3,7,Medium,Partially Filled,2026-01-05,2026-01-16,2026-03-13,8,139.66
REQ001929,22009F,NORTHAMPTON VA MEDICAL CENTER,LEEDS,MA,Respiratory Therapist,Respiratory Care,Travel Contract,Night,8,3,5,Medium,Partially Filled,2025-08-19,2025-10-01,2026-01-21,16,147.52
REQ001930,224040,DR SOLOMON CARTER FULLER MENTAL HEALTH CENTER,BOSTON,MA,ICU Nurse,Intensive Care Unit,Travel Contract,Evening,8,6,2,Critical,Partially Filled,2026-06-05,2026-06-23,2026-08-18,8,153.68
REQ001931,220008,STURDY MEMORIAL HOSPITAL,ATTLEBORO,MA,Laboratory Technician,Laboratory,Per Diem,Night,9,6,3,High,Partially Filled,2026-06-15,2026-07-22,2027-01-20,26,133.52
REQ001932,224023,WESTWOOD PEMBROKE HEALTH SYSTEMS,WESTWOOD,MA,Physical Therapist,Rehabilitation,Travel Contract,Evening,2,2,0,Medium,Filled,2026-07-24,2026-08-19,2026-10-14,8,105.19
REQ001933,220074,SOUTHCOAST HOSPITALS GROUP,FALL RIVER,MA,Physical Therapist,Rehabilitation,Local Contract,Day,4,0,4,Medium,Open,2026-06-23,2026-07-21,2026-09-15,8,133.03
REQ001934,220070,MELROSEWAKEFIELD HEALTHCARE,MELROSE,MA,Registered Nurse,General Nursing,Permanent Placement,Morning,5,2,3,Medium,Partially Filled,2026-01-26,2026-03-05,2026-06-04,13,134.77
REQ001935,220062,ADCARE HOSPITAL OF WORCESTER INC,WORCESTER,MA,Emergency Room Nurse,Emergency Department,Per Diem,Evening,7,4,3,Medium,Partially Filled,2026-03-04,2026-04-15,2026-07-15,13,120.84
REQ001936,220035,NORTH SHORE MEDICAL CENTER -,SALEM,MA,Physical Therapist,Rehabilitation,Permanent Placement,Morning,7,3,4,Medium,Partially Filled,2026-03-19,2026-04-14,2026-05-12,4,161.34
REQ001937,220135,FALMOUTH HOSPITAL,FALMOUTH,MA,Allied Health Professional,Allied Health,Per Diem,Night,4,2,2,Medium,Partially Filled,2025-08-17,2025-08-25,2025-11-24,13,92.63
REQ001938,220090,MILFORD REGIONAL MEDICAL CENTER,MILFORD,MA,Physician,Medical Services,Permanent Placement,Day,3,3,0,Medium,Filled,2026-05-17,2026-06-20,2026-10-10,16,284.45
REQ001939,224032,WORCESTER RECOVERY CENTER AND HOSPITAL,WORCESTER,MA,Allied Health Professional,Allied Health,Per Diem,Night,7,3,4,Low,Partially Filled,2025-10-10,2025-11-22,2026-05-23,26,115.97
REQ001940,220033,NORTHEAST HOSPITAL CORPORATION,BEVERLY,MA,Registered Nurse,General Nursing,Local Contract,Evening,2,0,2,Medium,Open,2025-10-31,2025-11-30,2026-02-22,12,99.45
REQ001941,224045,HOSPITAL FOR BEHAVIORAL MEDICINE,WORCESTER,MA,Travel Nurse,Travel Nursing,Per Diem,Evening,5,4,1,Medium,Partially Filled,2025-09-10,2025-10-07,2026-01-27,16,134.72
REQ001942,220101,NEWTON-WELLESLEY HOSPITAL,NEWTON,MA,Travel Nurse,Travel Nursing,Per Diem,Night,14,14,0,Medium,Filled,2025-12-31,2026-01-28,2026-04-22,12,133.02
REQ001943,220030,BAYSTATE WING HOSPITAL,PALMER,MA,Physician,Medical Services,Local Contract,Night,10,9,1,High,Partially Filled,2026-06-10,2026-06-24,2026-09-23,13,306.13
REQ001944,223300,FRANCISCAN CHILDREN'S HOSPITAL & REHAB CENTER,BRIGHTON,MA,Physician,Medical Services,Per Diem,Evening,4,4,0,Medium,Filled,2026-05-24,2026-06-28,2026-09-20,12,276.81
REQ001945,220116,TUFTS MEDICAL CENTER,BOSTON,MA,Emergency Room Nurse,Emergency Department,Permanent Placement,Night,10,5,5,High,Partially Filled,2025-10-14,2025-11-04,2025-12-02,4,133.39
REQ001946,220015,"COOLEY DICKINSON HOSPITAL INC,THE",NORTHAMPTON,MA,Physical Therapist,Rehabilitation,Per Diem,Day,13,8,5,Medium,Partially Filled,2026-07-09,2026-08-19,2027-02-17,26,99.25
REQ001947,220029,ANNA JAQUES HOSPITAL,NEWBURYPORT,MA,Physical Therapist,Rehabilitation,Travel Contract,Evening,12,2,10,High,Partially Filled,2026-03-17,2026-04-01,2026-04-29,4,125.53
REQ001948,224045,HOSPITAL FOR BEHAVIORAL MEDICINE,WORCESTER,MA,Laboratory Technician,Laboratory,Permanent Placement,Morning,11,11,0,Medium,Filled,2026-01-26,2026-02-14,2026-05-09,12,124.02
REQ001949,223302,BOSTON CHILDREN'S HOSPITAL,BOSTON,MA,Emergency Room Nurse,Emergency Department,Per Diem,Evening,1,1,0,High,Filled,2025-08-20,2025-09-11,2025-10-09,4,126.71
REQ001950,220065,BAYSTATE NOBLE HOSPITAL,WESTFIELD,MA,Emergency Room Nurse,Emergency Department,Local Contract,Morning,1,0,1,Medium,Open,2026-06-09,2026-06-30,2026-10-20,16,154.51
REQ001951,220017,CARNEY HOSPITAL,BOSTON,MA,Radiologic Technologist,Radiology,Permanent Placement,Night,9,9,0,Medium,Filled,2026-01-18,2026-02-19,2026-05-14,12,105.62
REQ001952,220126,NORWOOD HOSPITAL,NORWOOD,MA,Registered Nurse,General Nursing,Travel Contract,Morning,15,6,9,High,Partially Filled,2026-05-12,2026-06-15,2026-07-13,4,123.68
REQ001953,224031,CAPE COD & ISLANDS COMMUNITY MENTAL HEALTH CENTER,POCASSET,MA,Physician,Medical Services,Travel Contract,Day,7,3,4,Medium,Partially Filled,2026-07-23,2026-08-19,2026-11-18,13,277.94
REQ001954,220010,MERRIMACK HEALTH LAWRENCE HOSPITAL,LAWRENCE,MA,Registered Nurse,General Nursing,Local Contract,Night,4,3,1,Low,Partially Filled,2025-11-13,2025-12-08,2026-02-02,8,102.41
REQ001955,220171,"LAHEY HOSPITAL & MEDICAL CENTER, BURLINGTON",BURLINGTON,MA,Radiologic Technologist,Radiology,Travel Contract,Day,7,3,4,Medium,Partially Filled,2025-12-28,2026-01-15,2026-04-09,12,128.43
REQ001956,220049,UMASS MEMORIAL HEALTHCARE-MARLBOROUGH HOSPITAL,MARLBOROUGH,MA,Respiratory Therapist,Respiratory Care,Travel Contract,Morning,14,0,14,High,Open,2026-04-16,2026-05-18,2026-09-07,16,147.8
REQ001957,220019,UMASS MEMORIAL HEALTH - HARRINGTON HOSPITAL,SOUTHBRIDGE,MA,Physician,Medical Services,Permanent Placement,Evening,3,0,3,High,Open,2026-02-12,2026-03-28,2026-04-25,4,244.51
REQ001958,223300,FRANCISCAN CHILDREN'S HOSPITAL & REHAB CENTER,BRIGHTON,MA,Travel Nurse,Travel Nursing,Travel Contract,Night,14,5,9,Medium,Partially Filled,2025-08-20,2025-09-15,2025-11-10,8,170.58
REQ001959,220066,MERCY MEDICAL CTR,SPRINGFIELD,MA,Registered Nurse,General Nursing,Permanent Placement,Evening,10,4,6,Medium,Partially Filled,2025-10-23,2025-11-09,2026-03-01,16,116.39
REQ001960,220071,MASSACHUSETTS GENERAL HOSPITAL,BOSTON,MA,Emergency Room Nurse,Emergency Department,Local Contract,Day,9,2,7,Medium,Partially Filled,2025-11-10,2025-11-29,2026-01-24,8,109.41
REQ001961,220002,MOUNT AUBURN HOSPITAL,CAMBRIDGE,MA,Physical Therapist,Rehabilitation,Local Contract,Day,15,0,15,Medium,Open,2025-09-25,2025-10-15,2025-12-10,8,109.75
REQ001962,220033,NORTHEAST HOSPITAL CORPORATION,BEVERLY,MA,Radiologic Technologist,Radiology,Permanent Placement,Morning,15,13,2,Critical,Partially Filled,2025-09-04,2025-09-18,2026-03-19,26,82.75
REQ001963,220088,NEW ENGLAND BAPTIST HOSPITAL,BOSTON,MA,Emergency Room Nurse,Emergency Department,Local Contract,Morning,4,0,4,High,Open,2026-04-02,2026-05-01,2026-07-24,12,114.74
REQ001964,22001F,BEDFORD VA MEDICAL CENTER,BEDFORD,MA,Emergency Room Nurse,Emergency Department,Permanent Placement,Night,13,4,9,Medium,Partially Filled,2025-11-27,2026-01-10,2026-05-02,16,115.17
REQ001965,223302,BOSTON CHILDREN'S HOSPITAL,BOSTON,MA,Registered Nurse,General Nursing,Travel Contract,Day,8,1,7,Medium,Partially Filled,2025-10-05,2025-11-15,2026-02-07,12,96.41
REQ001966,220119,BRIGHAM AND WOMEN FAULKNER HOSPITAL,JAMAICA PLAIN,MA,Emergency Room Nurse,Emergency Department,Permanent Placement,Morning,1,1,0,High,Filled,2025-12-28,2026-01-07,2026-04-01,12,138.25
REQ001967,220083,BETH ISRAEL DEACONESS HOSPITAL - NEEDHAM,NEEDHAM,MA,Radiologic Technologist,Radiology,Permanent Placement,Day,14,4,10,High,Partially Filled,2026-06-25,2026-08-02,2026-10-25,12,140.27
REQ001968,220011,CAMBRIDGE HEALTH ALLIANCE,CAMBRIDGE,MA,Physician,Medical Services,Local Contract,Evening,11,8,3,Medium,Partially Filled,2025-08-26,2025-09-26,2025-12-19,12,287.43
REQ001969,224023,WESTWOOD PEMBROKE HEALTH SYSTEMS,WESTWOOD,MA,Emergency Room Nurse,Emergency Department,Per Diem,Day,3,1,2,High,Partially Filled,2026-01-21,2026-03-01,2026-03-29,4,140.95
REQ001970,220071,MASSACHUSETTS GENERAL HOSPITAL,BOSTON,MA,Respiratory Therapist,Respiratory Care,Local Contract,Night,12,4,8,Medium,Partially Filled,2026-02-18,2026-03-31,2026-06-23,12,128.9
REQ001971,220035,NORTH SHORE MEDICAL CENTER -,SALEM,MA,Physical Therapist,Rehabilitation,Travel Contract,Day,3,0,3,Medium,Open,2025-09-09,2025-09-27,2025-10-25,4,124.05
REQ001972,220074,SOUTHCOAST HOSPITALS GROUP,FALL RIVER,MA,Registered Nurse,General Nursing,Travel Contract,Day,9,6,3,Medium,Partially Filled,2025-11-29,2025-12-28,2026-06-28,26,88.46
REQ001973,220052,SIGNATURE HEALTHCARE BROCKTON HOSPITAL,BROCKTON,MA,Physician,Medical Services,Local Contract,Morning,15,7,8,Medium,Partially Filled,2026-07-22,2026-07-31,2027-01-29,26,308.01
REQ001974,224044,WESTBOROUGH BEHAVIORAL HEALTHCARE HOSPITAL LLC,WESTBOROUGH,MA,Physician,Medical Services,Travel Contract,Evening,10,5,5,Medium,Partially Filled,2026-07-22,2026-08-20,2026-10-15,8,252.29
REQ001975,220100,SOUTH SHORE HOSPITAL,SOUTH WEYMOUTH,MA,Respiratory Therapist,Respiratory Care,Local Contract,Night,9,7,2,Low,Partially Filled,2025-12-09,2025-12-31,2026-02-25,8,145.0
REQ001976,224022,BOURNEWOOD HOSPITAL,BROOKLINE,MA,Emergency Room Nurse,Emergency Department,Per Diem,Evening,7,5,2,High,Partially Filled,2025-09-27,2025-10-28,2025-12-23,8,113.47
REQ001977,224031,CAPE COD & ISLANDS COMMUNITY MENTAL HEALTH CENTER,POCASSET,MA,Registered Nurse,General Nursing,Per Diem,Morning,4,2,2,Medium,Partially Filled,2026-07-21,2026-08-31,2026-10-26,8,148.34
REQ001978,224013,ARBOUR HOSPITAL,BOSTON,MA,Physician,Medical Services,Per Diem,Day,9,9,0,Medium,Filled,2026-04-15,2026-05-25,2026-08-24,13,241.46
REQ001979,220110,BRIGHAM AND WOMEN'S HOSPITAL,BOSTON,MA,Registered Nurse,General Nursing,Travel Contract,Morning,11,5,6,Medium,Partially Filled,2026-02-08,2026-03-11,2026-07-01,16,132.73
REQ001980,220100,SOUTH SHORE HOSPITAL,SOUTH WEYMOUTH,MA,Physician,Medical Services,Local Contract,Morning,7,3,4,Medium,Partially Filled,2026-06-16,2026-07-04,2026-10-03,13,258.76
REQ001981,220035,NORTH SHORE MEDICAL CENTER -,SALEM,MA,Radiologic Technologist,Radiology,Local Contract,Day,3,2,1,Medium,Partially Filled,2026-03-31,2026-04-27,2026-06-22,8,144.01
REQ001982,224007,MCLEAN HOSPITAL CORPORATION,BELMONT,MA,Laboratory Technician,Laboratory,Per Diem,Night,3,0,3,Medium,Open,2025-09-12,2025-09-28,2026-01-18,16,88.01
REQ001983,220030,BAYSTATE WING HOSPITAL,PALMER,MA,Allied Health Professional,Allied Health,Per Diem,Evening,3,2,1,Medium,Partially Filled,2026-02-27,2026-03-19,2026-04-16,4,107.11
REQ001984,224022,BOURNEWOOD HOSPITAL,BROOKLINE,MA,Respiratory Therapist,Respiratory Care,Travel Contract,Evening,13,2,11,Medium,Partially Filled,2025-10-28,2025-11-22,2026-05-23,26,108.47
REQ001985,223300,FRANCISCAN CHILDREN'S HOSPITAL & REHAB CENTER,BRIGHTON,MA,Physical Therapist,Rehabilitation,Per Diem,Day,11,8,3,Medium,Partially Filled,2026-04-21,2026-04-29,2026-10-28,26,142.67
REQ001986,224028,DR JOHN C CORRIGAN MENTAL HEALTH CENTER,FALL RIVER,MA,Laboratory Technician,Laboratory,Local Contract,Night,10,8,2,Low,Partially Filled,2025-08-21,2025-08-30,2025-11-22,12,112.97
REQ001987,220073,BROWN UNIVERSITY HEALTH MORTON HOSPITAL,TAUNTON,MA,Emergency Room Nurse,Emergency Department,Per Diem,Day,6,5,1,High,Partially Filled,2025-09-18,2025-10-06,2025-11-03,4,137.68
REQ001988,220101,NEWTON-WELLESLEY HOSPITAL,NEWTON,MA,Laboratory Technician,Laboratory,Travel Contract,Day,7,4,3,High,Partially Filled,2026-03-02,2026-04-12,2026-07-12,13,75.68
REQ001989,221300,MARTHA'S VINEYARD HOSPITAL INC,OAK BLUFFS,MA,Physician,Medical Services,Per Diem,Night,7,4,3,High,Partially Filled,2026-05-12,2026-06-22,2026-07-20,4,287.16
REQ001990,221303,ATHOL MEMORIAL HOSPITAL,ATHOL,MA,Respiratory Therapist,Respiratory Care,Permanent Placement,Evening,15,15,0,Medium,Filled,2025-10-30,2025-12-12,2026-04-03,16,106.96
REQ001991,221300,MARTHA'S VINEYARD HOSPITAL INC,OAK BLUFFS,MA,Respiratory Therapist,Respiratory Care,Per Diem,Day,14,6,8,High,Partially Filled,2026-06-23,2026-07-25,2026-10-17,12,135.7
REQ001992,220015,"COOLEY DICKINSON HOSPITAL INC,THE",NORTHAMPTON,MA,Physician,Medical Services,Permanent Placement,Night,10,2,8,Medium,Partially Filled,2026-07-04,2026-07-22,2026-08-19,4,253.53
REQ001993,224013,ARBOUR HOSPITAL,BOSTON,MA,Physician,Medical Services,Per Diem,Night,5,1,4,High,Partially Filled,2026-07-20,2026-07-31,2026-08-28,4,247.89
REQ001994,220052,SIGNATURE HEALTHCARE BROCKTON HOSPITAL,BROCKTON,MA,Laboratory Technician,Laboratory,Local Contract,Evening,8,7,1,High,Partially Filled,2026-05-18,2026-06-01,2026-06-29,4,109.58
REQ001995,224038,"WALDEN BEHAVIORAL CARE, LLC",DEDHAM,MA,Physician,Medical Services,Local Contract,Day,11,2,9,High,Partially Filled,2026-05-22,2026-07-01,2026-07-29,4,241.39
REQ001996,224028,DR JOHN C CORRIGAN MENTAL HEALTH CENTER,FALL RIVER,MA,Respiratory Therapist,Respiratory Care,Local Contract,Day,12,11,1,Low,Partially Filled,2026-03-05,2026-04-07,2026-05-05,4,109.35
REQ001997,220012,CAPE COD HOSPITAL,HYANNIS,MA,Emergency Room Nurse,Emergency Department,Local Contract,Day,9,6,3,Low,Partially Filled,2026-05-04,2026-06-01,2026-07-27,8,144.23
REQ001998,221300,MARTHA'S VINEYARD HOSPITAL INC,OAK BLUFFS,MA,Emergency Room Nurse,Emergency Department,Travel Contract,Morning,15,7,8,High,Partially Filled,2025-12-17,2026-01-08,2026-04-30,16,111.33
REQ001999,220098,NASHOBA VALLEY MEDICAL CENTER,AYER,MA,Physical Therapist,Rehabilitation,Permanent Placement,Evening,1,0,1,Medium,Open,2025-10-27,2025-12-09,2026-03-31,16,122.25
REQ002000,22009F,NORTHAMPTON VA MEDICAL CENTER,LEEDS,MA,Respiratory Therapist,Respiratory Care,Local Contract,Evening,14,8,6,High,Partially Filled,2025-12-03,2025-12-24,2026-02-18,8,146.79
